"","numéro","n_spp","n_WE","n_WNE","n_HE","n_HNE","n_Med","n_edible","n_woody","dom_group","Concatenation","country","latitude","longitude","farm type","Intervention_reclass","exp_type","has_WNE","has_WE","has_HE"
"1","1",2,2,0,0,0,0,2,2,"WE","WE","Kenya","3°50'00,000S","39°45'00,000E","experimental site","Alley cropping","Edible only",FALSE,TRUE,FALSE
"2","1.1",2,2,0,0,0,0,2,2,"WE","WE","Kenya","3°50'00,000S","39°45'00,000E","experimental site","Alley cropping","Edible only",FALSE,TRUE,FALSE
"3","1.2",2,2,0,0,0,0,2,2,"WE","WE","Kenya","3°50'00,000S","39°45'00,000E","experimental site","Alley cropping","Edible only",FALSE,TRUE,FALSE
"4","1.3",2,2,0,0,0,0,2,2,"WE","WE","Kenya","3°50'00,000S","39°45'00,000E","experimental site","Alley cropping","Edible only",FALSE,TRUE,FALSE
"5","1.4",2,2,0,0,0,0,2,2,"WE","WE","Kenya","3°50'00,000S","39°45'00,000E","experimental site","Alley cropping","Edible only",FALSE,TRUE,FALSE
"6","1.5",2,2,0,0,0,0,2,2,"WE","WE","Kenya","3°50'00,000S","39°45'00,000E","experimental site","Alley cropping","Edible only",FALSE,TRUE,FALSE
"7","1.6",2,2,0,0,0,0,2,2,"WE","WE","Kenya","3°50'00,000S","39°45'00,000E","experimental site","Alley cropping","Edible only",FALSE,TRUE,FALSE
"8","1.7",2,2,0,0,0,0,2,2,"WE","WE","Kenya","3°50'00,000S","39°45'00,000E","experimental site","Alley cropping","Edible only",FALSE,TRUE,FALSE
"9","100",2,0,1,1,0,0,1,1,"HE","WNE, HE","Sudan","12°00'00,000N","30°00'00,000E","working farm","Alley cropping","WNE + HE",TRUE,FALSE,TRUE
"10","1000",2,1,0,1,0,0,2,1,"HE","HE, WE","USA","47°13'12,960N","119°57'52,260W","working farm","Alley cropping","Edible only",FALSE,TRUE,TRUE
"11","1001",2,1,0,0,1,0,1,1,"WE","HNE, WE","USA","47°13'12,960N","119°57'52,260W","working farm","Alley cropping","Edible only",FALSE,TRUE,FALSE
"12","1002",2,1,0,0,1,0,1,1,"WE","HNE, WE","USA","47°13'12,960N","119°57'52,260W","working farm","Alley cropping","Edible only",FALSE,TRUE,FALSE
"13","1003",2,1,0,0,1,0,1,1,"WE","HNE, WE","USA","47°13'12,960N","119°57'52,260W","working farm","Alley cropping","Edible only",FALSE,TRUE,FALSE
"14","1004",2,1,0,0,1,0,1,1,"WE","HNE, WE","USA","47°13'12,960N","119°57'52,260W","working farm","Alley cropping","Edible only",FALSE,TRUE,FALSE
"15","1005",2,1,0,0,1,0,1,1,"WE","HNE, WE","USA","47°13'12,960N","119°57'52,260W","working farm","Alley cropping","Edible only",FALSE,TRUE,FALSE
"16","1006",2,1,0,0,1,0,1,1,"WE","HNE, WE","USA","47°13'12,960N","119°57'52,260W","working farm","Alley cropping","Edible only",FALSE,TRUE,FALSE
"17","1007",2,2,0,0,0,0,2,2,"WE","WE","France",NA,NA,"working farm","Alley cropping","Edible only",FALSE,TRUE,FALSE
"18","1008",2,2,0,0,0,0,2,2,"WE","WE","France",NA,NA,"working farm","Alley cropping","Edible only",FALSE,TRUE,FALSE
"19","1009",2,2,0,0,0,0,2,2,"WE","WE","France",NA,NA,"working farm","Alley cropping","Edible only",FALSE,TRUE,FALSE
"20","1010",2,2,0,0,0,0,2,2,"WE","WE","France",NA,NA,"working farm","Alley cropping","Edible only",FALSE,TRUE,FALSE
"21","1011",2,1,1,0,0,1,1,2,"WE","WNE, WE","Brazil","20°54'37,320S","47°06'43,800W","experimental site","Alley cropping","WNE + WE",TRUE,TRUE,FALSE
"22","1012",2,2,0,0,0,1,2,2,"WE","WE","Brazil","20°54'37,320S","47°06'43,800W","experimental site","Alley cropping","Edible only",FALSE,TRUE,FALSE
"23","1013",2,1,1,0,0,1,1,2,"WE","WNE, WE","Brazil","20°54'37,320S","47°06'43,800W","experimental site","Alley cropping","WNE + WE",TRUE,TRUE,FALSE
"24","1014",2,2,0,0,0,1,2,2,"WE","WE","Brazil","20°54'37,320S","47°06'43,800W","experimental site","Alley cropping","Edible only",FALSE,TRUE,FALSE
"25","1015",2,1,1,0,0,1,1,2,"WE","WNE, WE","Brazil","20°54'37,320S","47°06'43,800W","experimental site","Alley cropping","WNE + WE",TRUE,TRUE,FALSE
"26","1016",2,2,0,0,0,1,2,2,"WE","WE","Brazil","20°54'37,320S","47°06'43,800W","experimental site","Alley cropping","Edible only",FALSE,TRUE,FALSE
"27","1017",2,1,1,0,0,1,1,2,"WE","WNE, WE","Brazil","20°54'37,320S","47°06'43,800W","experimental site","Alley cropping","WNE + WE",TRUE,TRUE,FALSE
"28","1018",2,2,0,0,0,1,2,2,"WE","WE","Brazil","20°54'37,320S","47°06'43,800W","experimental site","Alley cropping","Edible only",FALSE,TRUE,FALSE
"29","1019",16,5,11,0,0,3,5,16,"WNE","WNE, WE","Ghana","6°02'00,000N","0°27'00,000W","working farm","Multi-strata systems","WNE + WE",TRUE,TRUE,FALSE
"30","102",2,0,1,1,0,0,1,1,"HE","WNE, HE","Sudan","12°00'00,000N","30°00'00,000E","working farm","Alley cropping","WNE + HE",TRUE,FALSE,TRUE
"31","1020",16,5,11,0,0,3,5,16,"WNE","WNE, WE","Ghana","6°57'00,000N","2°35'00,000W","working farm","Multi-strata systems","WNE + WE",TRUE,TRUE,FALSE
"32","1021",5,3,1,1,0,1,4,4,"WE","WNE, HE, WE","Costa Rica","9.9676","-83.0869","working farm","Multi-strata systems","Multi-type",TRUE,TRUE,TRUE
"33","1022",5,3,1,1,0,1,4,4,"WE","WNE, HE, WE","Costa Rica","9.9676","-83.0869","working farm","Multi-strata systems","Multi-type",TRUE,TRUE,TRUE
"34","1023",5,3,1,1,0,1,4,4,"WE","WNE, HE, WE","Costa Rica","9.9676","-83.0869","working farm","Multi-strata systems","Multi-type",TRUE,TRUE,TRUE
"35","1024",5,3,1,1,0,1,4,4,"WE","WNE, HE, WE","Costa Rica","9.9676","-83.0869","working farm","Multi-strata systems","Multi-type",TRUE,TRUE,TRUE
"36","1025",3,1,0,0,2,1,1,1,"WE","HNE, HE, WE","China",NA,NA,"working farm","Alley cropping","Edible only",FALSE,TRUE,TRUE
"37","1026",3,1,0,1,1,0,2,1,"HE","HNE, HE, WE","China",NA,NA,"working farm","Alley cropping","Edible only",FALSE,TRUE,TRUE
"38","1027",3,1,0,1,1,1,2,1,"HE","HE, WE","China",NA,NA,"working farm","Alley cropping","Edible only",FALSE,TRUE,TRUE
"39","1028",2,0,1,1,0,0,1,1,"HE","WNE, HE","Canada","43°32'49,000N","80°12'44,000W","experimental site","Alley cropping","WNE + HE",TRUE,FALSE,TRUE
"40","1029",2,0,1,1,0,0,1,1,"HE","WNE, HE","Canada","43°32'49,000N","80°12'44,000W","experimental site","Alley cropping","WNE + HE",TRUE,FALSE,TRUE
"41","103",2,1,0,1,0,0,2,1,"HE","HE, WE","India","26°45'00,000N","72°03'00,000E","working farm","Alley cropping","Edible only",FALSE,TRUE,TRUE
"42","1030",2,2,0,0,0,0,2,2,"WE","WE","France","43°43'02,840N","3°51'35,950E","working farm","Alley cropping","Edible only",FALSE,TRUE,FALSE
"43","1031",2,2,0,0,0,0,2,2,"WE","WE","France","43°43'02,840N","3°51'35,950E","working farm","Alley cropping","Edible only",FALSE,TRUE,FALSE
"44","1032",2,2,0,0,0,0,2,2,"WE","WE","France","43°43'02,840N","3°51'35,950E","working farm","Alley cropping","Edible only",FALSE,TRUE,FALSE
"45","1033",2,2,0,0,0,0,2,2,"WE","WE","France","43°43'02,840N","3°51'35,950E","working farm","Alley cropping","Edible only",FALSE,TRUE,FALSE
"46","1034",2,1,0,1,0,0,2,1,"HE","HE, WE","India","30°51'00,000N","76°11'00,000E","experimental site","Alley cropping","Edible only",FALSE,TRUE,TRUE
"47","1035",2,1,0,1,0,0,2,1,"HE","HE, WE","India","30°51'00,000N","76°11'00,000E","experimental site","Alley cropping","Edible only",FALSE,TRUE,TRUE
"48","1036",2,1,0,1,0,0,2,1,"HE","HE, WE","India","30°51'00,000N","76°11'00,000E","experimental site","Alley cropping","Edible only",FALSE,TRUE,TRUE
"49","1037",2,1,0,1,0,0,2,1,"HE","HE, WE","India","30°51'00,000N","76°11'00,000E","experimental site","Alley cropping","Edible only",FALSE,TRUE,TRUE
"50","1038",2,1,0,1,0,0,2,1,"HE","HE, WE","India","30°51'00,000N","76°11'00,000E","experimental site","Alley cropping","Edible only",FALSE,TRUE,TRUE
"51","1039",2,1,0,1,0,0,2,1,"HE","HE, WE","India","30°51'00,000N","76°11'00,000E","experimental site","Alley cropping","Edible only",FALSE,TRUE,TRUE
"52","104",2,1,0,1,0,0,2,1,"HE","HE, WE","India","26°45'00,000N","72°03'00,000E","working farm","Alley cropping","Edible only",FALSE,TRUE,TRUE
"53","1040",2,1,0,1,0,0,2,1,"HE","HE, WE","India","30°51'00,000N","76°11'00,000E","experimental site","Alley cropping","Edible only",FALSE,TRUE,TRUE
"54","1041",2,1,0,1,0,1,2,1,"HE","HE, WE","India",NA,NA,"working farm","Alley cropping","Edible only",FALSE,TRUE,TRUE
"55","1042",2,1,0,1,0,1,2,1,"HE","HE, WE","India",NA,NA,"working farm","Alley cropping","Edible only",FALSE,TRUE,TRUE
"56","1043",2,1,0,1,0,1,2,1,"HE","HE, WE","India",NA,NA,"working farm","Alley cropping","Edible only",FALSE,TRUE,TRUE
"57","1044",2,1,0,1,0,1,2,1,"HE","HE, WE","India",NA,NA,"working farm","Alley cropping","Edible only",FALSE,TRUE,TRUE
"58","1045",2,2,0,0,0,1,2,2,"WE","WE","India",NA,NA,"working farm","Alley cropping","Edible only",FALSE,TRUE,FALSE
"59","1046",3,2,0,1,0,1,3,2,"WE","HE, WE","India",NA,NA,"working farm","Alley cropping","Edible only",FALSE,TRUE,TRUE
"60","1047",3,1,0,2,0,1,3,1,"HE","HE, WE","India",NA,NA,"working farm","Alley cropping","Edible only",FALSE,TRUE,TRUE
"61","1048",3,1,0,2,0,1,3,1,"HE","HE, WE","India",NA,NA,"working farm","Alley cropping","Edible only",FALSE,TRUE,TRUE
"62","1049",2,0,1,1,0,0,1,1,"HE","WNE, HE","Costa Rica","9°53'44,000N","83°40'07,000W","experimental site","Alley cropping","WNE + HE",TRUE,FALSE,TRUE
"63","1050",2,0,1,1,0,0,1,1,"HE","WNE, HE","Costa Rica","9°53'44,000N","83°40'07,000W","experimental site","Alley cropping","WNE + HE",TRUE,FALSE,TRUE
"64","1053",2,0,1,1,0,0,1,1,"HE","WNE, HE","Costa Rica","9°53'44,000N","83°40'07,000W","experimental site","Alley cropping","WNE + HE",TRUE,FALSE,TRUE
"65","1054",2,0,1,1,0,0,1,1,"HE","WNE, HE","Costa Rica","9°53'44,000N","83°40'07,000W","experimental site","Alley cropping","WNE + HE",TRUE,FALSE,TRUE
"66","1057",3,0,1,1,1,0,1,1,"HE","HNE, WNE, HE","Costa Rica","9°53'44,000N","83°40'07,000W","experimental site","Alley cropping","WNE + HE",TRUE,FALSE,TRUE
"67","1058",3,0,1,1,1,0,1,1,"HE","HNE, WNE, HE","Costa Rica","9°53'44,000N","83°40'07,000W","experimental site","Alley cropping","WNE + HE",TRUE,FALSE,TRUE
"68","1059",3,0,1,1,1,0,1,1,"HE","HNE, WNE, HE","Costa Rica","9°53'44,000N","83°40'07,000W","experimental site","Alley cropping","WNE + HE",TRUE,FALSE,TRUE
"69","106",2,1,0,1,0,0,2,1,"HE","HE, WE","India","26°45'00,000N","72°03'00,000E","working farm","Alley cropping","Edible only",FALSE,TRUE,TRUE
"70","1060",3,0,1,1,1,0,1,1,"HE","HNE, WNE, HE","Costa Rica","9°53'44,000N","83°40'07,000W","experimental site","Alley cropping","WNE + HE",TRUE,FALSE,TRUE
"71","1061",2,0,1,1,0,0,1,1,"HE","WNE, HE","Costa Rica","9°53'44,000N","83°40'07,000W","experimental site","Alley cropping","WNE + HE",TRUE,FALSE,TRUE
"72","1062",2,0,1,1,0,0,1,1,"HE","WNE, HE","Costa Rica","9°53'44,000N","83°40'07,000W","experimental site","Alley cropping","WNE + HE",TRUE,FALSE,TRUE
"73","1065",3,0,1,1,1,0,1,1,"HE","HNE, WNE, HE","Costa Rica","9°53'44,000N","83°40'07,000W","experimental site","Alley cropping","WNE + HE",TRUE,FALSE,TRUE
"74","1066",3,0,1,1,1,0,1,1,"HE","HNE, WNE, HE","Costa Rica","9°53'44,000N","83°40'07,000W","experimental site","Alley cropping","WNE + HE",TRUE,FALSE,TRUE
"75","1067",3,0,1,1,1,0,1,1,"HE","HNE, WNE, HE","Costa Rica","9°53'44,000N","83°40'07,000W","experimental site","Alley cropping","WNE + HE",TRUE,FALSE,TRUE
"76","1068",3,0,1,1,1,0,1,1,"HE","HNE, WNE, HE","Costa Rica","9°53'44,000N","83°40'07,000W","experimental site","Alley cropping","WNE + HE",TRUE,FALSE,TRUE
"77","1069",2,0,1,1,0,0,1,1,"HE","WNE, HE","Costa Rica","9°53'44,000N","83°40'07,000W","experimental site","Alley cropping","WNE + HE",TRUE,FALSE,TRUE
"78","107",2,1,0,1,0,0,2,1,"HE","HE, WE","India","26°45'00,000N","72°03'00,000E","working farm","Alley cropping","Edible only",FALSE,TRUE,TRUE
"79","1070",2,0,1,1,0,0,1,1,"HE","WNE, HE","Costa Rica","9°53'44,000N","83°40'07,000W","experimental site","Alley cropping","WNE + HE",TRUE,FALSE,TRUE
"80","1073",2,1,1,0,0,1,1,2,"WE","WNE, WE","Togo","7°32'30,000N","1°15'00,000E","working farm","shaded","WNE + WE",TRUE,TRUE,FALSE
"81","1074",2,2,0,0,0,1,2,2,"WE","WE","Brazil","22°58'00,000S","51°29'00,000W","experimental site","Alley cropping","Edible only",FALSE,TRUE,FALSE
"82","1075",2,1,0,0,1,1,1,1,"WE","HNE, WE","Brazil","22°58'00,000S","51°29'00,000W","experimental site","Alley cropping","Edible only",FALSE,TRUE,FALSE
"83","1076",2,1,0,0,1,1,1,1,"WE","HNE, WE","Brazil","22°58'00,000S","51°29'00,000W","experimental site","Alley cropping","Edible only",FALSE,TRUE,FALSE
"84","1077",2,1,0,0,1,2,1,1,"WE","HE, WE","Brazil","22°58'00,000S","51°29'00,000W","experimental site","Alley cropping","Edible only",FALSE,TRUE,TRUE
"85","1078",2,1,0,0,1,1,1,1,"WE","HNE, WE","Brazil","22°58'00,000S","51°29'00,000W","experimental site","Alley cropping","Edible only",FALSE,TRUE,FALSE
"86","1079",2,1,0,1,0,1,2,1,"HE","HE, WE","Brazil","22°58'00,000S","51°29'00,000W","experimental site","Alley cropping","Edible only",FALSE,TRUE,TRUE
"87","1080",2,1,0,1,0,1,2,1,"HE","HE, WE","Brazil","22°58'00,000S","51°29'00,000W","experimental site","Alley cropping","Edible only",FALSE,TRUE,TRUE
"88","1081",2,0,1,1,0,0,1,1,"HE","WNE, HE","Bangladesh",NA,NA,"experimental site","Alley cropping","WNE + HE",TRUE,FALSE,TRUE
"89","1082",2,0,1,1,0,0,1,1,"HE","WNE, HE","Bangladesh",NA,NA,"experimental site","Alley cropping","WNE + HE",TRUE,FALSE,TRUE
"90","1083",2,0,1,1,0,0,1,1,"HE","WNE, HE","Bangladesh",NA,NA,"experimental site","Alley cropping","WNE + HE",TRUE,FALSE,TRUE
"91","1084",3,1,0,2,0,0,3,1,"HE","HE, WE","Kenya","3°50'00,000S","39°45'00,000E","experimental site","Alley cropping","Edible only",FALSE,TRUE,TRUE
"92","1085",3,1,0,2,0,0,3,1,"HE","HE, WE","Kenya","3°50'00,000S","39°45'00,000E","experimental site","Alley cropping","Edible only",FALSE,TRUE,TRUE
"93","1086",3,1,0,2,0,0,3,1,"HE","HE, WE","Kenya","3°50'00,000S","39°45'00,000E","experimental site","Alley cropping","Edible only",FALSE,TRUE,TRUE
"94","1087",3,1,0,2,0,0,3,1,"HE","HE, WE","Kenya","3°50'00,000S","39°45'00,000E","experimental site","Alley cropping","Edible only",FALSE,TRUE,TRUE
"95","1088",3,1,0,2,0,0,3,1,"HE","HE, WE","Kenya","3°50'00,000S","39°45'00,000E","experimental site","Alley cropping","Edible only",FALSE,TRUE,TRUE
"96","1089",3,1,0,2,0,0,3,1,"HE","HE, WE","Kenya","3°50'00,000S","39°45'00,000E","experimental site","Alley cropping","Edible only",FALSE,TRUE,TRUE
"97","109",2,0,1,1,0,0,1,1,"HE","WNE, HE","India","26°45'00,000N","72°03'00,000E","working farm","Alley cropping","WNE + HE",TRUE,FALSE,TRUE
"98","1090",3,1,0,2,0,0,3,1,"HE","HE, WE","Kenya","3°50'00,000S","39°45'00,000E","experimental site","Alley cropping","Edible only",FALSE,TRUE,TRUE
"99","1091",3,1,0,2,0,0,3,1,"HE","HE, WE","Kenya","3°50'00,000S","39°45'00,000E","experimental site","Alley cropping","Edible only",FALSE,TRUE,TRUE
"100","1092",3,1,0,2,0,0,3,1,"HE","HE, WE","Kenya","3°50'00,000S","39°45'00,000E","experimental site","Alley cropping","Edible only",FALSE,TRUE,TRUE
"101","1093",3,1,0,2,0,0,3,1,"HE","HE, WE","Kenya","3°50'00,000S","39°45'00,000E","experimental site","Alley cropping","Edible only",FALSE,TRUE,TRUE
"102","1094",3,1,0,2,0,0,3,1,"HE","HE, WE","Kenya","3°50'00,000S","39°45'00,000E","experimental site","Alley cropping","Edible only",FALSE,TRUE,TRUE
"103","1095",3,1,0,2,0,0,3,1,"HE","HE, WE","Kenya","3°50'00,000S","39°45'00,000E","experimental site","Alley cropping","Edible only",FALSE,TRUE,TRUE
"104","1097",3,2,0,1,0,0,3,2,"WE","HE, WE","India","18°00'00,000N","78°00'00,000E","experimental site","Alley cropping","Edible only",FALSE,TRUE,TRUE
"105","1099",3,2,0,1,0,0,3,2,"WE","HE, WE","India","18°00'00,000N","78°00'00,000E","experimental site","Alley cropping","Edible only",FALSE,TRUE,TRUE
"106","110",2,0,1,1,0,0,1,1,"HE","WNE, HE","India","26°45'00,000N","72°03'00,000E","working farm","Alley cropping","WNE + HE",TRUE,FALSE,TRUE
"107","1101",3,2,0,1,0,0,3,2,"WE","HE, WE","India","18°00'00,000N","78°00'00,000E","experimental site","Alley cropping","Edible only",FALSE,TRUE,TRUE
"108","1103",3,2,0,1,0,0,3,2,"WE","HE, WE","India","18°00'00,000N","78°00'00,000E","experimental site","Alley cropping","Edible only",FALSE,TRUE,TRUE
"109","1104",2,2,0,0,0,1,2,2,"WE","WE","India","18°00'00,000N","78°00'00,000E","experimental site","Alley cropping","Edible only",FALSE,TRUE,FALSE
"110","1105",2,2,0,0,0,1,2,2,"WE","WE","India","18°00'00,000N","78°00'00,000E","experimental site","Alley cropping","Edible only",FALSE,TRUE,FALSE
"111","1106",2,2,0,0,0,1,2,2,"WE","WE","India","18°00'00,000N","78°00'00,000E","experimental site","Alley cropping","Edible only",FALSE,TRUE,FALSE
"112","1107",2,2,0,0,0,1,2,2,"WE","WE","India","18°00'00,000N","78°00'00,000E","experimental site","Alley cropping","Edible only",FALSE,TRUE,FALSE
"113","1108",2,2,0,0,0,1,2,2,"WE","WE","India","18°00'00,000N","78°00'00,000E","experimental site","Alley cropping","Edible only",FALSE,TRUE,FALSE
"114","1109",2,2,0,0,0,1,2,2,"WE","WE","India","18°00'00,000N","78°00'00,000E","experimental site","Alley cropping","Edible only",FALSE,TRUE,FALSE
"115","1110",2,2,0,0,0,1,2,2,"WE","WE","India","18°00'00,000N","78°00'00,000E","experimental site","Alley cropping","Edible only",FALSE,TRUE,FALSE
"116","1111",2,2,0,0,0,1,2,2,"WE","WE","India","18°00'00,000N","78°00'00,000E","experimental site","Alley cropping","Edible only",FALSE,TRUE,FALSE
"117","1113",3,2,0,1,0,0,3,2,"WE","HE, WE","India","18°00'00,000N","78°00'00,000E","experimental site","Alley cropping","Edible only",FALSE,TRUE,TRUE
"118","1115",3,2,0,1,0,0,3,2,"WE","HE, WE","India","18°00'00,000N","78°00'00,000E","experimental site","Alley cropping","Edible only",FALSE,TRUE,TRUE
"119","1117",3,2,0,1,0,0,3,2,"WE","HE, WE","India","18°00'00,000N","78°00'00,000E","experimental site","Alley cropping","Edible only",FALSE,TRUE,TRUE
"120","1119",3,2,0,1,0,0,3,2,"WE","HE, WE","India","18°00'00,000N","78°00'00,000E","experimental site","Alley cropping","Edible only",FALSE,TRUE,TRUE
"121","112",2,0,1,1,0,0,1,1,"HE","WNE, HE","India","26°45'00,000N","72°03'00,000E","working farm","Alley cropping","WNE + HE",TRUE,FALSE,TRUE
"122","1120",2,1,0,1,0,0,2,1,"HE","HE, WE","India","18°00'00,000N","78°00'00,000E","experimental site","Alley cropping","Edible only",FALSE,TRUE,TRUE
"123","1121",2,1,0,1,0,0,2,1,"HE","HE, WE","India","18°00'00,000N","78°00'00,000E","experimental site","Alley cropping","Edible only",FALSE,TRUE,TRUE
"124","1122",2,1,0,1,0,0,2,1,"HE","HE, WE","India","18°00'00,000N","78°00'00,000E","experimental site","Alley cropping","Edible only",FALSE,TRUE,TRUE
"125","1123",2,1,0,1,0,0,2,1,"HE","HE, WE","India","18°00'00,000N","78°00'00,000E","experimental site","Alley cropping","Edible only",FALSE,TRUE,TRUE
"126","1124",2,1,0,1,0,0,2,1,"HE","HE, WE","India","18°00'00,000N","78°00'00,000E","experimental site","Alley cropping","Edible only",FALSE,TRUE,TRUE
"127","1125",2,1,0,1,0,0,2,1,"HE","HE, WE","India","18°00'00,000N","78°00'00,000E","experimental site","Alley cropping","Edible only",FALSE,TRUE,TRUE
"128","1126",2,1,0,1,0,0,2,1,"HE","HE, WE","India","18°00'00,000N","78°00'00,000E","experimental site","Alley cropping","Edible only",FALSE,TRUE,TRUE
"129","1127",2,1,0,1,0,0,2,1,"HE","HE, WE","India","18°00'00,000N","78°00'00,000E","experimental site","Alley cropping","Edible only",FALSE,TRUE,TRUE
"130","1128",2,1,0,1,0,0,2,1,"HE","HE, WE","India","18°00'00,000N","78°00'00,000E","experimental site","Alley cropping","Edible only",FALSE,TRUE,TRUE
"131","113",2,0,1,1,0,0,1,1,"HE","WNE, HE","India","26°45'00,000N","72°03'00,000E","working farm","Alley cropping","WNE + HE",TRUE,FALSE,TRUE
"132","1130",2,1,0,1,0,0,2,1,"HE","HE, WE","India","18°00'00,000N","78°00'00,000E","experimental site","Alley cropping","Edible only",FALSE,TRUE,TRUE
"133","1131",2,1,0,1,0,0,2,1,"HE","HE, WE","India","18°00'00,000N","78°00'00,000E","experimental site","Alley cropping","Edible only",FALSE,TRUE,TRUE
"134","1132",2,1,0,1,0,0,2,1,"HE","HE, WE","India","18°00'00,000N","78°00'00,000E","experimental site","Alley cropping","Edible only",FALSE,TRUE,TRUE
"135","1133",2,1,0,1,0,0,2,1,"HE","HE, WE","India","18°00'00,000N","78°00'00,000E","experimental site","Alley cropping","Edible only",FALSE,TRUE,TRUE
"136","1134",2,1,0,1,0,0,2,1,"HE","HE, WE","India","18°00'00,000N","78°00'00,000E","experimental site","Alley cropping","Edible only",FALSE,TRUE,TRUE
"137","1135",2,1,0,1,0,0,2,1,"HE","HE, WE","India","18°00'00,000N","78°00'00,000E","experimental site","Alley cropping","Edible only",FALSE,TRUE,TRUE
"138","1142",3,1,0,2,0,0,3,1,"HE","HE, WE","Sierra Leone",NA,NA,"experimental site","Alley cropping","Edible only",FALSE,TRUE,TRUE
"139","1143",3,1,0,2,0,0,3,1,"HE","HE, WE","Sierra Leone",NA,NA,"experimental site","Alley cropping","Edible only",FALSE,TRUE,TRUE
"140","1144",3,1,0,2,0,0,3,1,"HE","HE, WE","Sierra Leone",NA,NA,"experimental site","Alley cropping","Edible only",FALSE,TRUE,TRUE
"141","1145",3,1,0,2,0,0,3,1,"HE","HE, WE","Sierra Leone",NA,NA,"experimental site","Alley cropping","Edible only",FALSE,TRUE,TRUE
"142","1146",3,1,0,2,0,0,3,1,"HE","HE, WE","Sierra Leone",NA,NA,"experimental site","Alley cropping","Edible only",FALSE,TRUE,TRUE
"143","1147",3,1,0,2,0,0,3,1,"HE","HE, WE","Sierra Leone",NA,NA,"experimental site","Alley cropping","Edible only",FALSE,TRUE,TRUE
"144","1148",3,1,0,2,0,0,3,1,"HE","HE, WE","Sierra Leone",NA,NA,"experimental site","Alley cropping","Edible only",FALSE,TRUE,TRUE
"145","1149",3,1,0,2,0,0,3,1,"HE","HE, WE","Sierra Leone",NA,NA,"experimental site","Alley cropping","Edible only",FALSE,TRUE,TRUE
"146","115",2,0,1,1,0,0,1,1,"HE","WNE, HE","India","26°45'00,000N","72°03'00,000E","working farm","Alley cropping","WNE + HE",TRUE,FALSE,TRUE
"147","1150",3,1,0,2,0,0,3,1,"HE","HE, WE","Sierra Leone",NA,NA,"experimental site","Alley cropping","Edible only",FALSE,TRUE,TRUE
"148","1151",3,1,0,2,0,0,3,1,"HE","HE, WE","Sierra Leone",NA,NA,"experimental site","Alley cropping","Edible only",FALSE,TRUE,TRUE
"149","1152",3,1,0,2,0,0,3,1,"HE","HE, WE","Sierra Leone",NA,NA,"experimental site","Alley cropping","Edible only",FALSE,TRUE,TRUE
"150","1153",3,1,0,2,0,0,3,1,"HE","HE, WE","Sierra Leone",NA,NA,"experimental site","Alley cropping","Edible only",FALSE,TRUE,TRUE
"151","116",2,0,1,1,0,0,1,1,"HE","WNE, HE","India","26°45'00,000N","72°03'00,000E","working farm","Alley cropping","WNE + HE",TRUE,FALSE,TRUE
"152","1163",2,0,1,1,0,0,1,1,"HE","WNE, HE","Tanzania","6°50'00,000S","37°38'00,000E","experimental site","Alley cropping","WNE + HE",TRUE,FALSE,TRUE
"153","1164",2,0,1,1,0,0,1,1,"HE","WNE, HE","Tanzania","6°50'00,000S","37°38'00,000E","experimental site","Alley cropping","WNE + HE",TRUE,FALSE,TRUE
"154","1165",2,0,1,1,0,0,1,1,"HE","WNE, HE","Tanzania","6°50'00,000S","37°38'00,000E","experimental site","Alley cropping","WNE + HE",TRUE,FALSE,TRUE
"155","1166",2,0,1,1,0,0,1,1,"HE","WNE, HE","Tanzania","6°50'00,000S","37°38'00,000E","experimental site","Alley cropping","WNE + HE",TRUE,FALSE,TRUE
"156","1167",2,0,1,1,0,0,1,1,"HE","WNE, HE","Tanzania","6°50'00,000S","37°38'00,000E","experimental site","Alley cropping","WNE + HE",TRUE,FALSE,TRUE
"157","1168",2,0,1,1,0,0,1,1,"HE","WNE, HE","Tanzania","6°50'00,000S","37°38'00,000E","experimental site","Alley cropping","WNE + HE",TRUE,FALSE,TRUE
"158","1169",2,0,1,1,0,0,1,1,"HE","WNE, HE","Tanzania","6°50'00,000S","37°38'00,000E","experimental site","Alley cropping","WNE + HE",TRUE,FALSE,TRUE
"159","1170",2,0,1,1,0,0,1,1,"HE","WNE, HE","Tanzania","6°50'00,000S","37°38'00,000E","experimental site","Alley cropping","WNE + HE",TRUE,FALSE,TRUE
"160","1171",2,0,1,1,0,0,1,1,"HE","WNE, HE","Tanzania","6°50'00,000S","37°38'00,000E","experimental site","Alley cropping","WNE + HE",TRUE,FALSE,TRUE
"161","1172",2,0,1,1,0,0,1,1,"HE","WNE, HE","India",NA,NA,"working farm","Parkland","WNE + HE",TRUE,FALSE,TRUE
"162","1175",2,0,1,1,0,0,1,1,"HE","WNE, HE","Ivory Coast","6°17'00,000N","5°13'00,000W","experimental site","Alley cropping","WNE + HE",TRUE,FALSE,TRUE
"163","1178",2,0,1,1,0,0,1,1,"HE","WNE, HE","Ivory Coast","6°17'00,000N","5°13'00,000W","experimental site","Alley cropping","WNE + HE",TRUE,FALSE,TRUE
"164","118",2,0,1,1,0,0,1,1,"HE","WNE, HE","India","26°45'00,000N","72°03'00,000E","working farm","Alley cropping","WNE + HE",TRUE,FALSE,TRUE
"165","1181",2,0,1,1,0,0,1,1,"HE","WNE, HE","Ivory Coast","6°17'00,000N","5°13'00,000W","experimental site","Alley cropping","WNE + HE",TRUE,FALSE,TRUE
"166","1184",2,0,1,1,0,0,1,1,"HE","WNE, HE","Ivory Coast","6°17'00,000N","5°13'00,000W","experimental site","Alley cropping","WNE + HE",TRUE,FALSE,TRUE
"167","1185",2,1,1,0,0,0,1,2,"WE","WNE, WE","Nigeria",NA,NA,"experimental site","Alley cropping","WNE + WE",TRUE,TRUE,FALSE
"168","1186",2,2,0,0,0,0,2,2,"WE","WE","Nigeria",NA,NA,"experimental site","Alley cropping","Edible only",FALSE,TRUE,FALSE
"169","1187",2,1,1,0,0,0,1,2,"WE","WNE, WE","Nigeria",NA,NA,"experimental site","Alley cropping","WNE + WE",TRUE,TRUE,FALSE
"170","1188",2,0,1,1,0,0,1,1,"HE","WNE, HE","Kenya","1°33'00,000S","37°08'00,000E","experimental site","Alley cropping","WNE + HE",TRUE,FALSE,TRUE
"171","1189",2,0,1,1,0,0,1,1,"HE","WNE, HE","Kenya","1°33'00,000S","37°08'00,000E","experimental site","Alley cropping","WNE + HE",TRUE,FALSE,TRUE
"172","119",2,0,1,1,0,0,1,1,"HE","WNE, HE","India","26°45'00,000N","72°03'00,000E","working farm","Alley cropping","WNE + HE",TRUE,FALSE,TRUE
"173","1190",2,0,1,1,0,0,1,1,"HE","WNE, HE","Kenya","1°33'00,000S","37°08'00,000E","experimental site","Alley cropping","WNE + HE",TRUE,FALSE,TRUE
"174","1191",2,0,1,1,0,0,1,1,"HE","WNE, HE","Kenya","1°33'00,000S","37°08'00,000E","experimental site","Alley cropping","WNE + HE",TRUE,FALSE,TRUE
"175","1196",4,1,2,1,0,0,2,3,"WNE","WNE, HE, WE","Benin","7°12'30,000N","2°30'00,000E","working farm","Fallows","Multi-type",TRUE,TRUE,TRUE
"176","1197",4,1,2,1,0,0,2,3,"WNE","WNE, HE, WE","Benin","7°12'30,000N","2°30'00,000E","working farm","Fallows","Multi-type",TRUE,TRUE,TRUE
"177","1198",4,1,2,1,0,0,2,3,"WNE","WNE, HE, WE","Benin","7°12'30,000N","2°30'00,000E","working farm","Fallows","Multi-type",TRUE,TRUE,TRUE
"178","1199",4,1,2,1,0,0,2,3,"WNE","WNE, HE, WE","Benin","7°12'30,000N","2°30'00,000E","working farm","Fallows","Multi-type",TRUE,TRUE,TRUE
"179","12",3,1,0,2,0,0,3,1,"HE","HE, WE","India","17°20'00,000N","78°36'00,000E","experimental site","Alley cropping","Edible only",FALSE,TRUE,TRUE
"180","1202",2,1,1,0,0,0,1,2,"WE","WNE, WE","Sri Lanka","8°02'00,000N","80°00'00,000E","experimental site","Alley cropping","WNE + WE",TRUE,TRUE,FALSE
"181","1203",2,1,0,1,0,0,2,1,"HE","HE, WE","Sri Lanka","8°02'00,000N","80°00'00,000E","experimental site","Alley cropping","Edible only",FALSE,TRUE,TRUE
"182","1204",2,2,0,0,0,0,2,2,"WE","WE","Sri Lanka","8°02'00,000N","80°00'00,000E","experimental site","Alley cropping","Edible only",FALSE,TRUE,FALSE
"183","1205",2,1,1,0,0,0,1,2,"WE","WNE, WE","Sri Lanka","8°02'00,000N","80°00'00,000E","experimental site","Alley cropping","WNE + WE",TRUE,TRUE,FALSE
"184","1206",2,1,0,1,0,0,2,1,"HE","HE, WE","Italy","42°43'00,000N","12°02'00,000E","experimental site","Alley cropping","Edible only",FALSE,TRUE,TRUE
"185","1207",2,1,0,1,0,0,2,1,"HE","HE, WE","Italy","42°43'00,000N","12°02'00,000E","experimental site","Alley cropping","Edible only",FALSE,TRUE,TRUE
"186","1208",2,0,1,1,0,1,1,1,"HE","WNE, HE","India","13°31'00,000N","76°13'00,000E","experimental site","Alley cropping","WNE + HE",TRUE,FALSE,TRUE
"187","1209",2,0,1,1,0,1,1,1,"HE","WNE, HE","India","13°31'00,000N","76°13'00,000E","experimental site","Alley cropping","WNE + HE",TRUE,FALSE,TRUE
"188","121",2,0,1,1,0,0,1,1,"HE","WNE, HE","Sudan","13°16'00,000N","30°12'00,000E","working farm","Alley cropping","WNE + HE",TRUE,FALSE,TRUE
"189","1210",2,0,1,1,0,1,1,1,"HE","WNE, HE","India","13°31'00,000N","76°13'00,000E","experimental site","Alley cropping","WNE + HE",TRUE,FALSE,TRUE
"190","1211",2,0,1,1,0,1,1,1,"HE","WNE, HE","India","13°31'00,000N","76°13'00,000E","experimental site","Alley cropping","WNE + HE",TRUE,FALSE,TRUE
"191","1212",2,0,1,1,0,1,1,1,"HE","WNE, HE","India","13°31'00,000N","76°13'00,000E","experimental site","Alley cropping","WNE + HE",TRUE,FALSE,TRUE
"192","1213",2,0,1,1,0,1,1,1,"HE","WNE, HE","India","13°31'00,000N","76°13'00,000E","experimental site","Alley cropping","WNE + HE",TRUE,FALSE,TRUE
"193","1214",2,0,1,1,0,1,1,1,"HE","WNE, HE","India","13°31'00,000N","76°13'00,000E","experimental site","Alley cropping","WNE + HE",TRUE,FALSE,TRUE
"194","1215",2,0,1,1,0,1,1,1,"HE","WNE, HE","India","13°31'00,000N","76°13'00,000E","experimental site","Alley cropping","WNE + HE",TRUE,FALSE,TRUE
"195","1216",3,1,0,2,0,0,3,1,"HE","HE, WE","Nigeria","7°30'00,000N","3°54'00,000E","experimental site","Alley cropping","Edible only",FALSE,TRUE,TRUE
"196","1217",3,1,0,2,0,0,3,1,"HE","HE, WE","Nigeria","7°30'00,000N","3°54'00,000E","experimental site","Alley cropping","Edible only",FALSE,TRUE,TRUE
"197","1218",3,1,1,1,0,1,2,2,"HE","WNE, HE, WE","India","13°31'00,000N","76°13'00,000E","experimental site","Alley cropping","Multi-type",TRUE,TRUE,TRUE
"198","1219",3,1,1,1,0,1,2,2,"HE","WNE, HE, WE","India","13°31'00,000N","76°13'00,000E","experimental site","Alley cropping","Multi-type",TRUE,TRUE,TRUE
"199","1220",3,1,1,1,0,2,2,2,"HE","HE, WE","India","13°31'00,000N","76°13'00,000E","experimental site","Alley cropping","Edible only",FALSE,TRUE,TRUE
"200","1221",3,1,1,1,0,1,2,2,"HE","WNE, HE, WE","India","13°31'00,000N","76°13'00,000E","experimental site","Alley cropping","Multi-type",TRUE,TRUE,TRUE
"201","1222",3,1,1,1,0,1,2,2,"HE","WNE, HE, WE","India","13°31'00,000N","76°13'00,000E","experimental site","Alley cropping","Multi-type",TRUE,TRUE,TRUE
"202","1223",3,1,1,1,0,2,2,2,"HE","HE, WE","India","13°31'00,000N","76°13'00,000E","experimental site","Alley cropping","Edible only",FALSE,TRUE,TRUE
"203","1224",2,0,1,1,0,0,1,1,"HE","WNE, HE","India","17°27'00,000N","78°28'00,000E","experimental site","Alley cropping","WNE + HE",TRUE,FALSE,TRUE
"204","1225",2,0,1,1,0,0,1,1,"HE","WNE, HE","India","17°27'00,000N","78°28'00,000E","experimental site","Alley cropping","WNE + HE",TRUE,FALSE,TRUE
"205","1226",2,0,1,1,0,0,1,1,"HE","WNE, HE","India","17°27'00,000N","78°28'00,000E","experimental site","Alley cropping","WNE + HE",TRUE,FALSE,TRUE
"206","1227",2,0,1,1,0,0,1,1,"HE","WNE, HE","India","17°27'00,000N","78°28'00,000E","experimental site","Alley cropping","WNE + HE",TRUE,FALSE,TRUE
"207","1228",2,0,1,1,0,0,1,1,"HE","WNE, HE","India","17°27'00,000N","78°28'00,000E","experimental site","Alley cropping","WNE + HE",TRUE,FALSE,TRUE
"208","1229",2,0,1,1,0,0,1,1,"HE","WNE, HE","India","17°27'00,000N","78°28'00,000E","experimental site","Alley cropping","WNE + HE",TRUE,FALSE,TRUE
"209","123",2,0,1,1,0,0,1,1,"HE","WNE, HE","Sudan","13°16'00,000N","30°12'00,000E","working farm","Alley cropping","WNE + HE",TRUE,FALSE,TRUE
"210","1232",3,1,1,1,0,0,2,2,"HE","WNE, HE, WE","Cameroon","3°51'00,000N","11°27'00,000E","experimental site","Alley cropping","Multi-type",TRUE,TRUE,TRUE
"211","1233",3,1,1,1,0,0,2,2,"HE","WNE, HE, WE","Cameroon","3°51'00,000N","11°27'00,000E","experimental site","Alley cropping","Multi-type",TRUE,TRUE,TRUE
"212","1234",3,2,0,1,0,0,3,2,"WE","HE, WE","Cameroon","3°51'00,000N","11°27'00,000E","experimental site","Alley cropping","Edible only",FALSE,TRUE,TRUE
"213","1235",2,1,0,1,0,0,2,1,"HE","HE, WE","Ghana",NA,NA,"experimental site","Alley cropping","Edible only",FALSE,TRUE,TRUE
"214","1236",2,0,1,1,0,0,1,1,"HE","WNE, HE","Ghana",NA,NA,"experimental site","Alley cropping","WNE + HE",TRUE,FALSE,TRUE
"215","1237",2,0,1,1,0,0,1,1,"HE","WNE, HE","Kenya","3°43'00,000N","34°51'00,000E","experimental site","Alley cropping","WNE + HE",TRUE,FALSE,TRUE
"216","1238",2,0,1,1,0,0,1,1,"HE","WNE, HE","Kenya","3°43'00,000N","34°51'00,000E","experimental site","Alley cropping","WNE + HE",TRUE,FALSE,TRUE
"217","1241",2,0,1,1,0,0,1,1,"HE","WNE, HE","Kenya","3°43'00,000N","34°51'00,000E","experimental site","Alley cropping","WNE + HE",TRUE,FALSE,TRUE
"218","1242",2,0,1,1,0,0,1,1,"HE","WNE, HE","Kenya","3°43'00,000N","34°51'00,000E","experimental site","Alley cropping","WNE + HE",TRUE,FALSE,TRUE
"219","1245",2,0,1,1,0,0,1,1,"HE","WNE, HE","Kenya","3°43'00,000N","34°51'00,000E","experimental site","Alley cropping","WNE + HE",TRUE,FALSE,TRUE
"220","1246",2,0,1,1,0,0,1,1,"HE","WNE, HE","Kenya","3°43'00,000N","34°51'00,000E","experimental site","Alley cropping","WNE + HE",TRUE,FALSE,TRUE
"221","1249",2,0,1,1,0,0,1,1,"HE","WNE, HE","Kenya","3°43'00,000N","34°51'00,000E","experimental site","Alley cropping","WNE + HE",TRUE,FALSE,TRUE
"222","125",2,0,1,1,0,0,1,1,"HE","WNE, HE","Sudan","13°16'00,000N","30°12'00,000E","working farm","Alley cropping","WNE + HE",TRUE,FALSE,TRUE
"223","1250",2,0,1,1,0,0,1,1,"HE","WNE, HE","Kenya","3°43'00,000N","34°51'00,000E","experimental site","Alley cropping","WNE + HE",TRUE,FALSE,TRUE
"224","1253",5,3,1,0,1,0,3,4,"WE","HNE, WNE, WE","Brazil",NA,NA,"experimental site","Multi-strata systems","WNE + WE",TRUE,TRUE,FALSE
"225","1254",5,3,1,0,1,0,3,4,"WE","HNE, WNE, WE","Brazil",NA,NA,"experimental site","Multi-strata systems","WNE + WE",TRUE,TRUE,FALSE
"226","1255",5,3,1,0,1,0,3,4,"WE","HNE, WNE, WE","Brazil",NA,NA,"experimental site","Multi-strata systems","WNE + WE",TRUE,TRUE,FALSE
"227","1256",2,1,1,0,0,0,1,2,"WE","WNE, WE","India","10°40'00,000N","78°24'00,000E","experimental site","Alley cropping","WNE + WE",TRUE,TRUE,FALSE
"228","1257",2,1,1,0,0,0,1,2,"WE","WNE, WE","India","10°40'00,000N","78°24'00,000E","experimental site","Alley cropping","WNE + WE",TRUE,TRUE,FALSE
"229","1258",2,1,1,0,0,0,1,2,"WE","WNE, WE","India","10°40'00,000N","78°24'00,000E","experimental site","Alley cropping","WNE + WE",TRUE,TRUE,FALSE
"230","1259",2,1,1,0,0,0,1,2,"WE","WNE, WE","India","10°40'00,000N","78°24'00,000E","experimental site","Alley cropping","WNE + WE",TRUE,TRUE,FALSE
"231","126",2,0,1,1,0,0,1,1,"HE","WNE, HE","Sudan","13°16'00,000N","30°12'00,000E","working farm","Alley cropping","WNE + HE",TRUE,FALSE,TRUE
"232","1260",2,2,0,0,0,0,2,2,"WE","WE","India","10°40'00,000N","78°24'00,000E","experimental site","Alley cropping","Edible only",FALSE,TRUE,FALSE
"233","1261",2,2,0,0,0,0,2,2,"WE","WE","India","10°40'00,000N","78°24'00,000E","experimental site","Alley cropping","Edible only",FALSE,TRUE,FALSE
"234","1268",3,0,1,2,0,0,2,1,"HE","WNE, HE","Philippines","8°02'00,000N","124°54'00,000E","experimental site","Alley cropping","WNE + HE",TRUE,FALSE,TRUE
"235","1269",3,0,1,2,0,0,2,1,"HE","WNE, HE","Philippines","8°02'00,000N","124°54'00,000E","experimental site","Alley cropping","WNE + HE",TRUE,FALSE,TRUE
"236","1270",3,0,1,2,0,0,2,1,"HE","WNE, HE","Philippines","8°02'00,000N","124°54'00,000E","experimental site","Alley cropping","WNE + HE",TRUE,FALSE,TRUE
"237","1271",3,0,1,2,0,0,2,1,"HE","WNE, HE","Philippines","8°02'00,000N","124°54'00,000E","experimental site","Alley cropping","WNE + HE",TRUE,FALSE,TRUE
"238","1276",2,0,1,1,0,0,1,1,"HE","WNE, HE","Philippines","8°02'00,000N","124°54'00,000E","experimental site","Alley cropping","WNE + HE",TRUE,FALSE,TRUE
"239","1277",2,0,1,1,0,0,1,1,"HE","WNE, HE","Philippines","8°02'00,000N","124°54'00,000E","experimental site","Alley cropping","WNE + HE",TRUE,FALSE,TRUE
"240","1278",2,0,1,1,0,0,1,1,"HE","WNE, HE","Philippines","8°02'00,000N","124°54'00,000E","experimental site","Alley cropping","WNE + HE",TRUE,FALSE,TRUE
"241","1279",2,0,1,1,0,0,1,1,"HE","WNE, HE","Philippines","8°02'00,000N","124°54'00,000E","experimental site","Alley cropping","WNE + HE",TRUE,FALSE,TRUE
"242","1280",2,0,1,1,0,0,1,1,"HE","WNE, HE","Philippines","8°02'00,000N","124°54'00,000E","experimental site","Alley cropping","WNE + HE",TRUE,FALSE,TRUE
"243","1281",2,0,1,1,0,0,1,1,"HE","WNE, HE","Philippines","8°02'00,000N","124°54'00,000E","experimental site","Alley cropping","WNE + HE",TRUE,FALSE,TRUE
"244","1282",2,0,1,1,0,0,1,1,"HE","WNE, HE","Philippines","8°02'00,000N","124°54'00,000E","experimental site","Alley cropping","WNE + HE",TRUE,FALSE,TRUE
"245","1283",2,0,1,1,0,0,1,1,"HE","WNE, HE","Philippines","8°02'00,000N","124°54'00,000E","experimental site","Alley cropping","WNE + HE",TRUE,FALSE,TRUE
"246","1284",2,0,1,1,0,0,1,1,"HE","WNE, HE","Philippines","8°02'00,000N","124°54'00,000E","experimental site","Alley cropping","WNE + HE",TRUE,FALSE,TRUE
"247","1285",2,0,1,1,0,0,1,1,"HE","WNE, HE","Philippines","8°02'00,000N","124°54'00,000E","experimental site","Alley cropping","WNE + HE",TRUE,FALSE,TRUE
"248","1286",2,0,1,1,0,0,1,1,"HE","WNE, HE","Philippines","8°02'00,000N","124°54'00,000E","experimental site","Alley cropping","WNE + HE",TRUE,FALSE,TRUE
"249","1287",2,0,1,1,0,0,1,1,"HE","WNE, HE","Philippines","8°02'00,000N","124°54'00,000E","experimental site","Alley cropping","WNE + HE",TRUE,FALSE,TRUE
"250","1288",2,0,1,1,0,0,1,1,"HE","WNE, HE","Philippines","8°02'00,000N","124°54'00,000E","experimental site","Alley cropping","WNE + HE",TRUE,FALSE,TRUE
"251","1289",2,0,1,1,0,0,1,1,"HE","WNE, HE","Philippines","8°02'00,000N","124°54'00,000E","experimental site","Alley cropping","WNE + HE",TRUE,FALSE,TRUE
"252","129",6,2,3,0,1,1,2,5,"WNE","HNE, WNE, WE","China","27°04'23,000N","102°41'26,500E","working farm","Hedgerows","WNE + WE",TRUE,TRUE,FALSE
"253","1290",2,0,1,1,0,0,1,1,"HE","WNE, HE","Philippines","8°02'00,000N","124°54'00,000E","experimental site","Alley cropping","WNE + HE",TRUE,FALSE,TRUE
"254","1291",2,0,1,1,0,0,1,1,"HE","WNE, HE","Philippines","8°02'00,000N","124°54'00,000E","experimental site","Alley cropping","WNE + HE",TRUE,FALSE,TRUE
"255","1292",2,0,1,1,0,0,1,1,"HE","WNE, HE","Philippines","8°02'00,000N","124°54'00,000E","experimental site","Alley cropping","WNE + HE",TRUE,FALSE,TRUE
"256","1293",2,0,1,1,0,0,1,1,"HE","WNE, HE","Philippines","8°02'00,000N","124°54'00,000E","experimental site","Alley cropping","WNE + HE",TRUE,FALSE,TRUE
"257","1294",2,0,1,1,0,0,1,1,"HE","WNE, HE","Philippines","8°02'00,000N","124°54'00,000E","experimental site","Alley cropping","WNE + HE",TRUE,FALSE,TRUE
"258","1295",2,0,1,1,0,0,1,1,"HE","WNE, HE","Philippines","8°02'00,000N","124°54'00,000E","experimental site","Alley cropping","WNE + HE",TRUE,FALSE,TRUE
"259","1296",2,0,1,1,0,0,1,1,"HE","WNE, HE","Philippines","8°02'00,000N","124°54'00,000E","experimental site","Alley cropping","WNE + HE",TRUE,FALSE,TRUE
"260","1297",2,0,1,1,0,0,1,1,"HE","WNE, HE","Philippines","8°02'00,000N","124°54'00,000E","experimental site","Alley cropping","WNE + HE",TRUE,FALSE,TRUE
"261","1298",2,0,1,1,0,0,1,1,"HE","WNE, HE","Philippines","8°02'00,000N","124°54'00,000E","experimental site","Alley cropping","WNE + HE",TRUE,FALSE,TRUE
"262","1299",2,0,1,1,0,0,1,1,"HE","WNE, HE","Philippines","8°02'00,000N","124°54'00,000E","experimental site","Alley cropping","WNE + HE",TRUE,FALSE,TRUE
"263","130",3,0,1,2,0,0,2,1,"HE","WNE, HE","Kenya","1°32′30,000S","37°07'30,000E","working farm","Hedgerows","WNE + HE",TRUE,FALSE,TRUE
"264","1300",2,0,1,1,0,0,1,1,"HE","WNE, HE","Philippines","8°02'00,000N","124°54'00,000E","experimental site","Alley cropping","WNE + HE",TRUE,FALSE,TRUE
"265","1301",2,0,1,1,0,0,1,1,"HE","WNE, HE","Philippines","8°02'00,000N","124°54'00,000E","experimental site","Alley cropping","WNE + HE",TRUE,FALSE,TRUE
"266","1302",2,0,1,1,0,0,1,1,"HE","WNE, HE","Philippines","8°02'00,000N","124°54'00,000E","experimental site","Alley cropping","WNE + HE",TRUE,FALSE,TRUE
"267","1303",2,0,1,1,0,0,1,1,"HE","WNE, HE","Philippines","8°02'00,000N","124°54'00,000E","experimental site","Alley cropping","WNE + HE",TRUE,FALSE,TRUE
"268","1304",2,0,1,1,0,0,1,1,"HE","WNE, HE","Philippines","8°02'00,000N","124°54'00,000E","experimental site","Alley cropping","WNE + HE",TRUE,FALSE,TRUE
"269","1305",2,0,1,1,0,0,1,1,"HE","WNE, HE","Philippines","8°02'00,000N","124°54'00,000E","experimental site","Alley cropping","WNE + HE",TRUE,FALSE,TRUE
"270","1306",2,0,1,1,0,0,1,1,"HE","WNE, HE","Philippines","8°02'00,000N","124°54'00,000E","experimental site","Alley cropping","WNE + HE",TRUE,FALSE,TRUE
"271","1307",2,0,1,1,0,0,1,1,"HE","WNE, HE","Philippines","8°02'00,000N","124°54'00,000E","experimental site","Alley cropping","WNE + HE",TRUE,FALSE,TRUE
"272","1308",2,0,1,1,0,0,1,1,"HE","WNE, HE","Philippines","8°02'00,000N","124°54'00,000E","experimental site","Alley cropping","WNE + HE",TRUE,FALSE,TRUE
"273","1309",2,0,1,1,0,0,1,1,"HE","WNE, HE","Philippines","8°02'00,000N","124°54'00,000E","experimental site","Alley cropping","WNE + HE",TRUE,FALSE,TRUE
"274","131",3,0,1,2,0,0,2,1,"HE","WNE, HE","Kenya","1°32′30,000S","37°07'30,000E","working farm","Hedgerows","WNE + HE",TRUE,FALSE,TRUE
"275","1310",2,0,1,1,0,0,1,1,"HE","WNE, HE","Philippines","8°02'00,000N","124°54'00,000E","experimental site","Alley cropping","WNE + HE",TRUE,FALSE,TRUE
"276","1311",2,0,1,1,0,0,1,1,"HE","WNE, HE","Philippines","8°02'00,000N","124°54'00,000E","experimental site","Alley cropping","WNE + HE",TRUE,FALSE,TRUE
"277","1312",3,0,1,2,0,0,2,1,"HE","WNE, HE","Costa Rica","9°53'00,000N","83°43'00,000W","experimental site","Alley cropping","WNE + HE",TRUE,FALSE,TRUE
"278","1314",3,0,1,2,0,0,2,1,"HE","WNE, HE","Costa Rica","9°53'00,000N","83°43'00,000W","experimental site","Alley cropping","WNE + HE",TRUE,FALSE,TRUE
"279","1315",3,0,1,2,0,0,2,1,"HE","WNE, HE","Costa Rica","9°53'00,000N","83°43'00,000W","experimental site","Alley cropping","WNE + HE",TRUE,FALSE,TRUE
"280","1317",3,0,1,2,0,0,2,1,"HE","WNE, HE","Costa Rica","9°53'00,000N","83°43'00,000W","experimental site","Alley cropping","WNE + HE",TRUE,FALSE,TRUE
"281","1318",3,1,2,0,0,1,1,3,"WNE","WNE, WE","Costa Rica",NA,NA,"working farm","Alley cropping","WNE + WE",TRUE,TRUE,FALSE
"282","1319",4,0,4,0,0,1,0,4,"WNE","WNE, WE","Brazil","3°08'00,000S","59°52'00,000W","experimental site","Multi-strata systems","WNE + WE",TRUE,TRUE,FALSE
"283","132",3,0,1,2,0,0,2,1,"HE","WNE, HE","Kenya","1°32′30,000S","37°07'30,000E","working farm","Hedgerows","WNE + HE",TRUE,FALSE,TRUE
"284","1320",5,3,1,0,1,0,3,4,"WE","HNE, WNE, WE","Brazil","3°08'00,000S","59°52'00,000W","experimental site","Multi-strata systems","WNE + WE",TRUE,TRUE,FALSE
"285","1321",4,0,4,0,0,1,0,4,"WNE","WNE, WE","Brazil","3°08'00,000S","59°52'00,000W","experimental site","Multi-strata systems","WNE + WE",TRUE,TRUE,FALSE
"286","1322",5,3,1,0,1,0,3,4,"WE","HNE, WNE, WE","Brazil","3°08'00,000S","59°52'00,000W","experimental site","Multi-strata systems","WNE + WE",TRUE,TRUE,FALSE
"287","1323",4,0,4,0,0,1,0,4,"WNE","WNE, WE","Brazil","3°08'00,000S","59°52'00,000W","experimental site","Multi-strata systems","WNE + WE",TRUE,TRUE,FALSE
"288","1324",5,3,1,0,1,0,3,4,"WE","HNE, WNE, WE","Brazil","3°08'00,000S","59°52'00,000W","experimental site","Multi-strata systems","WNE + WE",TRUE,TRUE,FALSE
"289","1325",5,3,1,0,1,0,3,4,"WE","HNE, WNE, WE","Brazil","3°08'00,000S","59°52'00,000W","experimental site","Multi-strata systems","WNE + WE",TRUE,TRUE,FALSE
"290","1326",5,3,1,0,1,0,3,4,"WE","HNE, WNE, WE","Brazil","3°08'00,000S","59°52'00,000W","experimental site","Multi-strata systems","WNE + WE",TRUE,TRUE,FALSE
"291","1327",3,1,0,2,0,0,3,1,"HE","HE, WE","Nigeria","7°30'00,000N","3°54'00,000E","experimental site","Alley cropping","Edible only",FALSE,TRUE,TRUE
"292","1328",3,0,1,2,0,0,2,1,"HE","WNE, HE","Nigeria","7°30'00,000N","3°54'00,000E","experimental site","Alley cropping","WNE + HE",TRUE,FALSE,TRUE
"293","1329",2,2,0,0,0,0,2,2,"WE","WE","USA",NA,NA,"experimental site","Alley cropping","Edible only",FALSE,TRUE,FALSE
"294","133",3,0,1,2,0,0,2,1,"HE","WNE, HE","Kenya","1°32′30,000S","37°07'30,000E","working farm","Hedgerows","WNE + HE",TRUE,FALSE,TRUE
"295","1330",2,2,0,0,0,0,2,2,"WE","WE","USA",NA,NA,"experimental site","Alley cropping","Edible only",FALSE,TRUE,FALSE
"296","1331",2,2,0,0,0,0,2,2,"WE","WE","USA",NA,NA,"experimental site","Alley cropping","Edible only",FALSE,TRUE,FALSE
"297","1332",2,2,0,0,0,0,2,2,"WE","WE","USA",NA,NA,"experimental site","Alley cropping","Edible only",FALSE,TRUE,FALSE
"298","1333",2,2,0,0,0,0,2,2,"WE","WE","USA",NA,NA,"experimental site","Alley cropping","Edible only",FALSE,TRUE,FALSE
"299","1334",2,2,0,0,0,0,2,2,"WE","WE","USA",NA,NA,"experimental site","Alley cropping","Edible only",FALSE,TRUE,FALSE
"300","1335",2,2,0,0,0,0,2,2,"WE","WE","USA",NA,NA,"experimental site","Alley cropping","Edible only",FALSE,TRUE,FALSE
"301","1336",2,2,0,0,0,0,2,2,"WE","WE","USA",NA,NA,"experimental site","Alley cropping","Edible only",FALSE,TRUE,FALSE
"302","1337",2,2,0,0,0,0,2,2,"WE","WE","USA",NA,NA,"experimental site","Alley cropping","Edible only",FALSE,TRUE,FALSE
"303","1338",2,1,0,1,0,1,2,1,"HE","HE, WE","Sri Lanka",NA,NA,"experimental site","Hedgerows","Edible only",FALSE,TRUE,TRUE
"304","1339",2,1,1,0,0,1,1,2,"WE","WNE, WE","Sri Lanka",NA,NA,"experimental site","Hedgerows","WNE + WE",TRUE,TRUE,FALSE
"305","134",3,0,1,2,0,0,2,1,"HE","WNE, HE","Kenya","1°32′30,000S","37°07'30,000E","working farm","Hedgerows","WNE + HE",TRUE,FALSE,TRUE
"306","1340",2,1,1,0,0,1,1,2,"WE","WNE, WE","Sri Lanka",NA,NA,"experimental site","Hedgerows","WNE + WE",TRUE,TRUE,FALSE
"307","1341",2,1,1,0,0,1,1,2,"WE","WNE, WE","Sri Lanka",NA,NA,"experimental site","Hedgerows","WNE + WE",TRUE,TRUE,FALSE
"308","1342",2,1,1,0,0,1,1,2,"WE","WNE, WE","Sri Lanka",NA,NA,"experimental site","Hedgerows","WNE + WE",TRUE,TRUE,FALSE
"309","1343",2,1,0,0,1,1,1,1,"WE","HNE, WE","Sri Lanka",NA,NA,"experimental site","Hedgerows","Edible only",FALSE,TRUE,FALSE
"310","1344",2,1,0,1,0,1,2,1,"HE","HE, WE","Sri Lanka",NA,NA,"experimental site","Hedgerows","Edible only",FALSE,TRUE,TRUE
"311","1345",2,1,1,0,0,1,1,2,"WE","WNE, WE","Sri Lanka",NA,NA,"experimental site","Hedgerows","WNE + WE",TRUE,TRUE,FALSE
"312","1346",2,1,1,0,0,1,1,2,"WE","WNE, WE","Sri Lanka",NA,NA,"experimental site","Hedgerows","WNE + WE",TRUE,TRUE,FALSE
"313","1347",2,1,1,0,0,1,1,2,"WE","WNE, WE","Sri Lanka",NA,NA,"experimental site","Hedgerows","WNE + WE",TRUE,TRUE,FALSE
"314","1348",2,1,1,0,0,1,1,2,"WE","WNE, WE","Sri Lanka",NA,NA,"experimental site","Hedgerows","WNE + WE",TRUE,TRUE,FALSE
"315","1349",2,1,0,0,1,1,1,1,"WE","HNE, WE","Sri Lanka",NA,NA,"experimental site","Hedgerows","Edible only",FALSE,TRUE,FALSE
"316","135",3,0,1,2,0,0,2,1,"HE","WNE, HE","Kenya","1°32′30,000S","37°07'30,000E","working farm","Hedgerows","WNE + HE",TRUE,FALSE,TRUE
"317","1350",2,1,0,1,0,1,2,1,"HE","HE, WE","Sri Lanka",NA,NA,"experimental site","Alley cropping","Edible only",FALSE,TRUE,TRUE
"318","1351",2,1,1,0,0,1,1,2,"WE","WNE, WE","Sri Lanka",NA,NA,"experimental site","Alley cropping","WNE + WE",TRUE,TRUE,FALSE
"319","1352",2,1,1,0,0,1,1,2,"WE","WNE, WE","Sri Lanka",NA,NA,"experimental site","Alley cropping","WNE + WE",TRUE,TRUE,FALSE
"320","1353",2,1,1,0,0,1,1,2,"WE","WNE, WE","Sri Lanka",NA,NA,"experimental site","Alley cropping","WNE + WE",TRUE,TRUE,FALSE
"321","1354",2,1,1,0,0,1,1,2,"WE","WNE, WE","Sri Lanka",NA,NA,"experimental site","Alley cropping","WNE + WE",TRUE,TRUE,FALSE
"322","1355",2,1,0,0,1,1,1,1,"WE","HNE, WE","Sri Lanka",NA,NA,"experimental site","Alley cropping","Edible only",FALSE,TRUE,FALSE
"323","1356",2,1,0,1,0,1,2,1,"HE","HE, WE","Sri Lanka",NA,NA,"experimental site","Alley cropping","Edible only",FALSE,TRUE,TRUE
"324","1357",2,1,1,0,0,1,1,2,"WE","WNE, WE","Sri Lanka",NA,NA,"experimental site","Alley cropping","WNE + WE",TRUE,TRUE,FALSE
"325","1358",2,1,1,0,0,1,1,2,"WE","WNE, WE","Sri Lanka",NA,NA,"experimental site","Alley cropping","WNE + WE",TRUE,TRUE,FALSE
"326","1359",2,1,1,0,0,1,1,2,"WE","WNE, WE","Sri Lanka",NA,NA,"experimental site","Alley cropping","WNE + WE",TRUE,TRUE,FALSE
"327","136",4,3,1,0,0,0,3,4,"WE","WNE, WE","Brazil","2°30'36,000S","60°01'29,000W","experimental site","Other/unknown","WNE + WE",TRUE,TRUE,FALSE
"328","1360",2,1,1,0,0,1,1,2,"WE","WNE, WE","Sri Lanka",NA,NA,"experimental site","Alley cropping","WNE + WE",TRUE,TRUE,FALSE
"329","1361",2,1,0,0,1,1,1,1,"WE","HNE, WE","Sri Lanka",NA,NA,"experimental site","Alley cropping","Edible only",FALSE,TRUE,FALSE
"330","1362",2,2,0,0,0,0,2,2,"WE","WE","Nigeria","7°43'00,000N","30°09'00,000E","experimental site","Alley cropping","Edible only",FALSE,TRUE,FALSE
"331","1363",2,1,1,0,0,0,1,2,"WE","WNE, WE","Nigeria","7°43'00,000N","30°09'00,000E","experimental site","Alley cropping","WNE + WE",TRUE,TRUE,FALSE
"332","1364",2,1,1,0,0,0,1,2,"WE","WNE, WE","Nigeria","7°43'00,000N","30°09'00,000E","experimental site","Alley cropping","WNE + WE",TRUE,TRUE,FALSE
"333","1365",2,2,0,0,0,0,2,2,"WE","WE","Nigeria","7°43'00,000N","30°09'00,000E","experimental site","Alley cropping","Edible only",FALSE,TRUE,FALSE
"334","1366",2,1,1,0,0,0,1,2,"WE","WNE, WE","Nigeria","7°43'00,000N","30°09'00,000E","experimental site","Alley cropping","WNE + WE",TRUE,TRUE,FALSE
"335","1367",2,1,1,0,0,0,1,2,"WE","WNE, WE","Nigeria","7°43'00,000N","30°09'00,000E","experimental site","Alley cropping","WNE + WE",TRUE,TRUE,FALSE
"336","1368",2,2,0,0,0,0,2,2,"WE","WE","Nigeria","7°43'00,000N","30°09'00,000E","experimental site","Alley cropping","Edible only",FALSE,TRUE,FALSE
"337","1369",2,1,1,0,0,0,1,2,"WE","WNE, WE","Nigeria","7°43'00,000N","30°09'00,000E","experimental site","Alley cropping","WNE + WE",TRUE,TRUE,FALSE
"338","137",4,3,1,0,0,0,3,4,"WE","WNE, WE","Brazil","2°30'36,000S","60°01'29,000W","experimental site","Other/unknown","WNE + WE",TRUE,TRUE,FALSE
"339","1370",2,1,1,0,0,0,1,2,"WE","WNE, WE","Nigeria","7°43'00,000N","30°09'00,000E","experimental site","Alley cropping","WNE + WE",TRUE,TRUE,FALSE
"340","1371",2,2,0,0,0,0,2,2,"WE","WE","Nigeria","7°43'00,000N","30°09'00,000E","experimental site","Alley cropping","Edible only",FALSE,TRUE,FALSE
"341","1372",2,1,1,0,0,0,1,2,"WE","WNE, WE","Nigeria","7°43'00,000N","30°09'00,000E","experimental site","Alley cropping","WNE + WE",TRUE,TRUE,FALSE
"342","1373",2,1,1,0,0,0,1,2,"WE","WNE, WE","Nigeria","7°43'00,000N","30°09'00,000E","experimental site","Alley cropping","WNE + WE",TRUE,TRUE,FALSE
"343","1374",3,0,1,2,0,0,2,1,"HE","WNE, HE","China","27°38'00,000N","110°16'00,000E","experimental site","Alley cropping","WNE + HE",TRUE,FALSE,TRUE
"344","1375",3,0,1,2,0,0,2,1,"HE","WNE, HE","China","27°38'00,000N","110°16'00,000E","experimental site","Alley cropping","WNE + HE",TRUE,FALSE,TRUE
"345","1376",11,5,1,3,2,5,8,6,"WE","WNE, HE, WE","Nicaragua",NA,NA,"Large areas","Multi-strata systems","Multi-type",TRUE,TRUE,TRUE
"346","1376",11,5,1,3,2,5,8,6,"WE","WNE, HE, WE","United States Virgin Islands","17°45'00,000N","64°45'00,000W","experimental site","Alley cropping","Multi-type",TRUE,TRUE,TRUE
"347","1376_1",7,5,1,1,0,2,6,6,"WE","WNE, HE, WE","Nicaragua",NA,NA,"Large areas","Multi-strata systems","Multi-type",TRUE,TRUE,TRUE
"348","1377",8,4,0,2,2,4,6,4,"WE","HE, WE","United States Virgin Islands","17°45'00,000N","64°45'00,000W","experimental site","Alley cropping","Edible only",FALSE,TRUE,TRUE
"349","1378",2,0,1,1,0,0,1,1,"HE","WNE, HE","Sri Lanka","6°45'00,000N","80°15'00,000E","experimental site","Alley cropping","WNE + HE",TRUE,FALSE,TRUE
"350","1379",2,0,1,1,0,0,1,1,"HE","WNE, HE","Sri Lanka","6°45'00,000N","80°15'00,000E","experimental site","Alley cropping","WNE + HE",TRUE,FALSE,TRUE
"351","138",2,1,0,1,0,0,2,1,"HE","HE, WE","Kenya","0°34'00,000N","35°18'00,000E","experimental site","Alley cropping","Edible only",FALSE,TRUE,TRUE
"352","1380",2,0,1,1,0,0,1,1,"HE","WNE, HE","Sri Lanka","6°45'00,000N","80°15'00,000E","experimental site","Alley cropping","WNE + HE",TRUE,FALSE,TRUE
"353","1381",2,0,1,1,0,0,1,1,"HE","WNE, HE","Sri Lanka","6°45'00,000N","80°15'00,000E","experimental site","Alley cropping","WNE + HE",TRUE,FALSE,TRUE
"354","1382",2,0,1,1,0,0,1,1,"HE","WNE, HE","Sri Lanka","6°45'00,000N","80°15'00,000E","experimental site","Alley cropping","WNE + HE",TRUE,FALSE,TRUE
"355","1383",2,0,1,1,0,0,1,1,"HE","WNE, HE","Sri Lanka","6°45'00,000N","80°15'00,000E","experimental site","Alley cropping","WNE + HE",TRUE,FALSE,TRUE
"356","1386",2,1,0,0,1,1,1,1,"WE","HNE, WE","India","19°15'00,000N","78°00'00,000E","working farm","Alley cropping","Edible only",FALSE,TRUE,FALSE
"357","1387",2,1,0,0,1,2,1,1,"WE","HE, WE","India","19°15'00,000N","78°00'00,000E","working farm","Alley cropping","Edible only",FALSE,TRUE,TRUE
"358","1388",2,1,0,1,0,1,2,1,"HE","HE, WE","India","19°15'00,000N","78°00'00,000E","working farm","Alley cropping","Edible only",FALSE,TRUE,TRUE
"359","1389",2,1,0,1,0,1,2,1,"HE","HE, WE","India","19°15'00,000N","78°00'00,000E","working farm","Alley cropping","Edible only",FALSE,TRUE,TRUE
"360","139",2,1,0,1,0,0,2,1,"HE","HE, WE","Kenya","0°34'00,000N","35°18'00,000E","experimental site","Alley cropping","Edible only",FALSE,TRUE,TRUE
"361","1390",2,1,0,1,0,1,2,1,"HE","HE, WE","India","19°15'00,000N","78°00'00,000E","working farm","Alley cropping","Edible only",FALSE,TRUE,TRUE
"362","1391",2,1,0,1,0,1,2,1,"HE","HE, WE","Sri Lanka",NA,NA,"working farm","Hedgerows","Edible only",FALSE,TRUE,TRUE
"363","1392",2,1,1,0,0,1,1,2,"WE","WNE, WE","Sri Lanka",NA,NA,"working farm","Hedgerows","WNE + WE",TRUE,TRUE,FALSE
"364","1393",2,1,1,0,0,1,1,2,"WE","WNE, WE","Sri Lanka",NA,NA,"working farm","Hedgerows","WNE + WE",TRUE,TRUE,FALSE
"365","1394",2,1,1,0,0,1,1,2,"WE","WNE, WE","Sri Lanka",NA,NA,"working farm","Hedgerows","WNE + WE",TRUE,TRUE,FALSE
"366","1395",2,1,1,0,0,1,1,2,"WE","WNE, WE","Sri Lanka",NA,NA,"working farm","Hedgerows","WNE + WE",TRUE,TRUE,FALSE
"367","1396",2,1,0,0,1,1,1,1,"WE","HNE, WE","Sri Lanka",NA,NA,"working farm","Hedgerows","Edible only",FALSE,TRUE,FALSE
"368","1397",2,1,0,1,0,1,2,1,"HE","HE, WE","Sri Lanka",NA,NA,"working farm","Hedgerows","Edible only",FALSE,TRUE,TRUE
"369","1398",2,1,1,0,0,1,1,2,"WE","WNE, WE","Sri Lanka",NA,NA,"working farm","Hedgerows","WNE + WE",TRUE,TRUE,FALSE
"370","1399",2,1,1,0,0,1,1,2,"WE","WNE, WE","Sri Lanka",NA,NA,"working farm","Hedgerows","WNE + WE",TRUE,TRUE,FALSE
"371","14",3,1,0,2,0,0,3,1,"HE","HE, WE","India","17°20'00,000N","78°36'00,000E","experimental site","Alley cropping","Edible only",FALSE,TRUE,TRUE
"372","140",2,1,0,1,0,0,2,1,"HE","HE, WE","Kenya","0°34'00,000N","35°18'00,000E","experimental site","Alley cropping","Edible only",FALSE,TRUE,TRUE
"373","1400",2,1,1,0,0,1,1,2,"WE","WNE, WE","Sri Lanka",NA,NA,"working farm","Hedgerows","WNE + WE",TRUE,TRUE,FALSE
"374","1401",2,1,1,0,0,1,1,2,"WE","WNE, WE","Sri Lanka",NA,NA,"working farm","Hedgerows","WNE + WE",TRUE,TRUE,FALSE
"375","1402",2,1,0,0,1,1,1,1,"WE","HNE, WE","Sri Lanka",NA,NA,"working farm","Hedgerows","Edible only",FALSE,TRUE,FALSE
"376","1403",2,1,0,1,0,1,2,1,"HE","HE, WE","Sri Lanka",NA,NA,"working farm","Hedgerows","Edible only",FALSE,TRUE,TRUE
"377","1404",2,1,1,0,0,1,1,2,"WE","WNE, WE","Sri Lanka",NA,NA,"working farm","Hedgerows","WNE + WE",TRUE,TRUE,FALSE
"378","1405",2,1,1,0,0,1,1,2,"WE","WNE, WE","Sri Lanka",NA,NA,"working farm","Hedgerows","WNE + WE",TRUE,TRUE,FALSE
"379","1406",2,1,1,0,0,1,1,2,"WE","WNE, WE","Sri Lanka",NA,NA,"working farm","Hedgerows","WNE + WE",TRUE,TRUE,FALSE
"380","1407",2,1,1,0,0,1,1,2,"WE","WNE, WE","Sri Lanka",NA,NA,"working farm","Hedgerows","WNE + WE",TRUE,TRUE,FALSE
"381","1408",2,1,0,0,1,1,1,1,"WE","HNE, WE","Sri Lanka",NA,NA,"working farm","Hedgerows","Edible only",FALSE,TRUE,FALSE
"382","1409",2,1,0,1,0,1,2,1,"HE","HE, WE","Sri Lanka",NA,NA,"working farm","Hedgerows","Edible only",FALSE,TRUE,TRUE
"383","141",2,1,0,1,0,0,2,1,"HE","HE, WE","Kenya","0°34'00,000N","35°18'00,000E","experimental site","Alley cropping","Edible only",FALSE,TRUE,TRUE
"384","1410",2,1,1,0,0,1,1,2,"WE","WNE, WE","Sri Lanka",NA,NA,"working farm","Hedgerows","WNE + WE",TRUE,TRUE,FALSE
"385","1411",2,1,1,0,0,1,1,2,"WE","WNE, WE","Sri Lanka",NA,NA,"working farm","Hedgerows","WNE + WE",TRUE,TRUE,FALSE
"386","1412",2,1,1,0,0,1,1,2,"WE","WNE, WE","Sri Lanka",NA,NA,"working farm","Hedgerows","WNE + WE",TRUE,TRUE,FALSE
"387","1413",2,1,1,0,0,1,1,2,"WE","WNE, WE","Sri Lanka",NA,NA,"working farm","Hedgerows","WNE + WE",TRUE,TRUE,FALSE
"388","1414",2,1,0,0,1,1,1,1,"WE","HNE, WE","Sri Lanka",NA,NA,"working farm","Hedgerows","Edible only",FALSE,TRUE,FALSE
"389","1415",2,1,0,1,0,1,2,1,"HE","HE, WE","Sri Lanka",NA,NA,"working farm","Hedgerows","Edible only",FALSE,TRUE,TRUE
"390","1416",2,1,1,0,0,1,1,2,"WE","WNE, WE","Sri Lanka",NA,NA,"working farm","Hedgerows","WNE + WE",TRUE,TRUE,FALSE
"391","1417",2,1,1,0,0,1,1,2,"WE","WNE, WE","Sri Lanka",NA,NA,"working farm","Hedgerows","WNE + WE",TRUE,TRUE,FALSE
"392","1418",2,1,1,0,0,1,1,2,"WE","WNE, WE","Sri Lanka",NA,NA,"working farm","Hedgerows","WNE + WE",TRUE,TRUE,FALSE
"393","1419",2,1,1,0,0,1,1,2,"WE","WNE, WE","Sri Lanka",NA,NA,"working farm","Hedgerows","WNE + WE",TRUE,TRUE,FALSE
"394","142",2,1,0,1,0,0,2,1,"HE","HE, WE","Kenya","0°34'00,000N","35°18'00,000E","experimental site","Alley cropping","Edible only",FALSE,TRUE,TRUE
"395","1420",2,1,0,0,1,1,1,1,"WE","HNE, WE","Sri Lanka",NA,NA,"working farm","Hedgerows","Edible only",FALSE,TRUE,FALSE
"396","1421",2,1,0,1,0,1,2,1,"HE","HE, WE","Sri Lanka",NA,NA,"working farm","Hedgerows","Edible only",FALSE,TRUE,TRUE
"397","1422",2,1,1,0,0,1,1,2,"WE","WNE, WE","Sri Lanka",NA,NA,"working farm","Hedgerows","WNE + WE",TRUE,TRUE,FALSE
"398","1423",2,1,1,0,0,1,1,2,"WE","WNE, WE","Sri Lanka",NA,NA,"working farm","Hedgerows","WNE + WE",TRUE,TRUE,FALSE
"399","1424",2,1,1,0,0,1,1,2,"WE","WNE, WE","Sri Lanka",NA,NA,"working farm","Hedgerows","WNE + WE",TRUE,TRUE,FALSE
"400","1425",2,1,1,0,0,1,1,2,"WE","WNE, WE","Sri Lanka",NA,NA,"working farm","Hedgerows","WNE + WE",TRUE,TRUE,FALSE
"401","1426",2,1,0,0,1,1,1,1,"WE","HNE, WE","Sri Lanka",NA,NA,"working farm","Hedgerows","Edible only",FALSE,TRUE,FALSE
"402","1427",4,1,3,0,0,1,1,4,"WNE","WNE, WE","Indonesia","5°02'02,040S","104°26'28,950E","working farm","Multi-strata systems","WNE + WE",TRUE,TRUE,FALSE
"403","1428",4,1,3,0,0,1,1,4,"WNE","WNE, WE","Indonesia","5°02'02,040S","104°26'28,950E","working farm","Multi-strata systems","WNE + WE",TRUE,TRUE,FALSE
"404","1429",3,1,2,0,0,1,1,3,"WNE","WNE, WE","Indonesia","5°02'02,040S","104°26'28,950E","working farm","Multi-strata systems","WNE + WE",TRUE,TRUE,FALSE
"405","143",2,1,0,1,0,0,2,1,"HE","HE, WE","Kenya","0°34'00,000N","35°18'00,000E","experimental site","Alley cropping","Edible only",FALSE,TRUE,TRUE
"406","1430",3,1,2,0,0,1,1,3,"WNE","WNE, WE","Indonesia","5°02'02,040S","104°26'28,950E","working farm","Multi-strata systems","WNE + WE",TRUE,TRUE,FALSE
"407","1431",3,1,1,1,0,0,2,2,"HE","WNE, HE, WE","Malawi","15°30'00,000S","35°15'00,000E","experimental site","Alley cropping","Multi-type",TRUE,TRUE,TRUE
"408","1438",2,2,0,0,0,1,2,2,"WE","WE","Brazil","23°23'00,000S","50°11'00,000W","experimental site","Alley cropping","Edible only",FALSE,TRUE,FALSE
"409","1439",3,0,1,2,0,0,2,1,"HE","WNE, HE","Costa Rica","9°53'44,000N","83°40'07,000W","experimental site","Alley cropping","WNE + HE",TRUE,FALSE,TRUE
"410","144",4,1,3,0,0,0,1,4,"WNE","WNE, WE","USA","42,873300°N","85,260400°W","experimental site","Hedgerows","WNE + WE",TRUE,TRUE,FALSE
"411","1440",4,0,1,3,0,0,3,1,"HE","WNE, HE","Canada","43°16'00,000N","89°26'00,000W","experimental site","Alley cropping","WNE + HE",TRUE,FALSE,TRUE
"412","1441",3,1,1,1,0,0,2,2,"HE","WNE, HE, WE","Malawi","15°30'00,000S","35°15'00,000E","experimental site","Alley cropping","Multi-type",TRUE,TRUE,TRUE
"413","1448",3,1,0,2,0,1,3,1,"HE","HE, WE","Nigeria","7°24'00,000N","3°51'00,000E","experimental site","Alley cropping","Edible only",FALSE,TRUE,TRUE
"414","1449",3,1,0,2,0,1,3,1,"HE","HE, WE","Nigeria","7°24'00,000N","3°51'00,000E","experimental site","Alley cropping","Edible only",FALSE,TRUE,TRUE
"415","145",4,1,1,2,0,0,3,2,"HE","WNE, HE, WE","Cameroon","3°51'00,000N","11°27'00,000E","experimental site","Fallows","Multi-type",TRUE,TRUE,TRUE
"416","1450",3,1,0,2,0,1,3,1,"HE","HE, WE","Nigeria","7°24'00,000N","3°51'00,000E","experimental site","Alley cropping","Edible only",FALSE,TRUE,TRUE
"417","1451",2,2,0,0,0,1,2,2,"WE","WE","Nigeria","7°24'00,000N","3°51'00,000E","experimental site","Alley cropping","Edible only",FALSE,TRUE,FALSE
"418","1452",2,2,0,0,0,1,2,2,"WE","WE","Nigeria","7°24'00,000N","3°51'00,000E","experimental site","Alley cropping","Edible only",FALSE,TRUE,FALSE
"419","1453",2,1,0,1,0,1,2,1,"HE","HE, WE","Nigeria","7°24'00,000N","3°51'00,000E","experimental site","Alley cropping","Edible only",FALSE,TRUE,TRUE
"420","1454",2,1,0,1,0,1,2,1,"HE","HE, WE","Nigeria","7°24'00,000N","3°51'00,000E","experimental site","Alley cropping","Edible only",FALSE,TRUE,TRUE
"421","1455",2,1,0,0,1,0,1,1,"WE","HNE, WE","USA","30°47'00,000N","87°13'00,000W","experimental site","Alley cropping","Edible only",FALSE,TRUE,FALSE
"422","1456",2,1,0,0,1,0,1,1,"WE","HNE, WE","USA","30°47'00,000N","87°13'00,000W","experimental site","Alley cropping","Edible only",FALSE,TRUE,FALSE
"423","1457",2,1,1,0,0,1,1,2,"WE","WNE, WE","Ghana","6°12'00,000N","2°29'00,000W","working farm","Multi-strata systems","WNE + WE",TRUE,TRUE,FALSE
"424","1458",2,1,1,0,0,1,1,2,"WE","WNE, WE","Ghana","6°12'00,000N","2°29'00,000W","working farm","Multi-strata systems","WNE + WE",TRUE,TRUE,FALSE
"425","1459",2,1,1,0,0,1,1,2,"WE","WNE, WE","Ghana","6°12'00,000N","2°29'00,000W","working farm","Multi-strata systems","WNE + WE",TRUE,TRUE,FALSE
"426","146",4,2,0,2,0,0,4,2,"HE","HE, WE","Cameroon","3°51'00,000N","11°27'00,000E","experimental site","Fallows","Edible only",FALSE,TRUE,TRUE
"427","1462",2,1,0,0,1,1,1,1,"WE","HNE, WE","India","19°15'00,000N","78°00'00,000E","working farm","Alley cropping","Edible only",FALSE,TRUE,FALSE
"428","1463",2,1,0,0,1,2,1,1,"WE","HE, WE","India","19°15'00,000N","78°00'00,000E","working farm","Alley cropping","Edible only",FALSE,TRUE,TRUE
"429","1464",2,1,0,1,0,1,2,1,"HE","HE, WE","India","19°15'00,000N","78°00'00,000E","working farm","Alley cropping","Edible only",FALSE,TRUE,TRUE
"430","1465",2,1,0,1,0,1,2,1,"HE","HE, WE","India","19°15'00,000N","78°00'00,000E","working farm","Alley cropping","Edible only",FALSE,TRUE,TRUE
"431","1466",2,1,0,1,0,1,2,1,"HE","HE, WE","India","19°15'00,000N","78°00'00,000E","working farm","Alley cropping","Edible only",FALSE,TRUE,TRUE
"432","1467",2,0,1,1,0,0,1,1,"HE","WNE, HE","Brazil","22°42'30,000S","47°38'00,000W","experimental site","Alley cropping","WNE + HE",TRUE,FALSE,TRUE
"433","1468",2,0,1,1,0,0,1,1,"HE","WNE, HE","Brazil","22°42'30,000S","47°38'00,000W","experimental site","Alley cropping","WNE + HE",TRUE,FALSE,TRUE
"434","1469",2,0,1,1,0,0,1,1,"HE","WNE, HE","Brazil","22°42'30,000S","47°38'00,000W","experimental site","Alley cropping","WNE + HE",TRUE,FALSE,TRUE
"435","147",4,1,1,2,0,0,3,2,"HE","WNE, HE, WE","Cameroon","3°51'00,000N","11°27'00,000E","experimental site","Fallows","Multi-type",TRUE,TRUE,TRUE
"436","1470",3,0,1,2,0,0,2,1,"HE","WNE, HE","Uganda","0°21'00,000N","32°46'00,000E","experimental site","Alley cropping","WNE + HE",TRUE,FALSE,TRUE
"437","1471",3,0,1,2,0,0,2,1,"HE","WNE, HE","Uganda","0°21'00,000N","32°46'00,000E","experimental site","Alley cropping","WNE + HE",TRUE,FALSE,TRUE
"438","1472",3,0,1,2,0,0,2,1,"HE","WNE, HE","Uganda","0°21'00,000N","32°46'00,000E","experimental site","Alley cropping","WNE + HE",TRUE,FALSE,TRUE
"439","1473",3,0,1,2,0,0,2,1,"HE","WNE, HE","Uganda","0°21'00,000N","32°46'00,000E","experimental site","Alley cropping","WNE + HE",TRUE,FALSE,TRUE
"440","1474",3,0,1,2,0,0,2,1,"HE","WNE, HE","Uganda","0°21'00,000N","32°46'00,000E","experimental site","Alley cropping","WNE + HE",TRUE,FALSE,TRUE
"441","1475",3,0,1,2,0,0,2,1,"HE","WNE, HE","Uganda","0°21'00,000N","32°46'00,000E","experimental site","Alley cropping","WNE + HE",TRUE,FALSE,TRUE
"442","1476",3,0,1,2,0,0,2,1,"HE","WNE, HE","Uganda","0°21'00,000N","32°46'00,000E","experimental site","Alley cropping","WNE + HE",TRUE,FALSE,TRUE
"443","1477",3,0,1,2,0,0,2,1,"HE","WNE, HE","Uganda","0°21'00,000N","32°46'00,000E","experimental site","Alley cropping","WNE + HE",TRUE,FALSE,TRUE
"444","1478",3,0,1,2,0,1,2,1,"HE","HE, WE","Uganda","0°21'00,000N","32°46'00,000E","experimental site","Alley cropping","Edible only",FALSE,TRUE,TRUE
"445","1479",3,0,1,2,0,1,2,1,"HE","HE, WE","Uganda","0°21'00,000N","32°46'00,000E","experimental site","Alley cropping","Edible only",FALSE,TRUE,TRUE
"446","1480",3,0,1,2,0,1,2,1,"HE","HE, WE","Uganda","0°21'00,000N","32°46'00,000E","experimental site","Alley cropping","Edible only",FALSE,TRUE,TRUE
"447","1481",3,0,1,2,0,1,2,1,"HE","HE, WE","Uganda","0°21'00,000N","32°46'00,000E","experimental site","Alley cropping","Edible only",FALSE,TRUE,TRUE
"448","1482",3,0,1,2,0,0,2,1,"HE","WNE, HE","Uganda","0°21'00,000N","32°46'00,000E","experimental site","Alley cropping","WNE + HE",TRUE,FALSE,TRUE
"449","1483",3,0,1,2,0,0,2,1,"HE","WNE, HE","Uganda","0°21'00,000N","32°46'00,000E","experimental site","Alley cropping","WNE + HE",TRUE,FALSE,TRUE
"450","1484",3,0,1,2,0,0,2,1,"HE","WNE, HE","Uganda","0°21'00,000N","32°46'00,000E","experimental site","Alley cropping","WNE + HE",TRUE,FALSE,TRUE
"451","1485",3,0,1,2,0,0,2,1,"HE","WNE, HE","Uganda","0°21'00,000N","32°46'00,000E","experimental site","Alley cropping","WNE + HE",TRUE,FALSE,TRUE
"452","1486",3,0,1,2,0,0,2,1,"HE","WNE, HE","Uganda","0°21'00,000N","32°46'00,000E","experimental site","Alley cropping","WNE + HE",TRUE,FALSE,TRUE
"453","1487",3,0,1,2,0,0,2,1,"HE","WNE, HE","Uganda","0°21'00,000N","32°46'00,000E","experimental site","Alley cropping","WNE + HE",TRUE,FALSE,TRUE
"454","1488",3,0,1,2,0,0,2,1,"HE","WNE, HE","Uganda","0°21'00,000N","32°46'00,000E","experimental site","Alley cropping","WNE + HE",TRUE,FALSE,TRUE
"455","1489",3,0,1,2,0,0,2,1,"HE","WNE, HE","Uganda","0°21'00,000N","32°46'00,000E","experimental site","Alley cropping","WNE + HE",TRUE,FALSE,TRUE
"456","149",3,1,0,0,2,0,1,1,"WE","HNE, WE","Brazil","5°16'00,000S","59°50'00,000W","experimental site","Alley cropping","Edible only",FALSE,TRUE,FALSE
"457","1490",2,1,0,1,0,0,2,1,"HE","HE, WE","Canada","43°32'00,000N","80°12'00,000W","experimental site","Alley cropping","Edible only",FALSE,TRUE,TRUE
"458","1491",2,0,1,1,0,0,1,1,"HE","WNE, HE","Brazil","20°08'21,000S","44°53'17,000W","experimental site","Alley cropping","WNE + HE",TRUE,FALSE,TRUE
"459","1492",2,0,1,1,0,0,1,1,"HE","WNE, HE","Brazil","20°08'21,000S","44°53'17,000W","experimental site","Alley cropping","WNE + HE",TRUE,FALSE,TRUE
"460","1495",2,1,0,1,0,0,2,1,"HE","HE, WE","USA","37°50'00,000N","93°50'00,000W","experimental site","Alley cropping","Edible only",FALSE,TRUE,TRUE
"461","1496",2,1,0,1,0,0,2,1,"HE","HE, WE","USA","37°50'00,000N","93°50'00,000W","experimental site","Alley cropping","Edible only",FALSE,TRUE,TRUE
"462","1497",2,1,1,0,0,1,1,2,"WE","WNE, WE","India","22°58'00,000N","88°31'00,000E","experimental site","Other/unknown","WNE + WE",TRUE,TRUE,FALSE
"463","1498",2,1,1,0,0,1,1,2,"WE","WNE, WE","India","22°58'00,000N","88°31'00,000E","experimental site","Alley cropping","WNE + WE",TRUE,TRUE,FALSE
"464","1499",2,1,1,0,0,1,1,2,"WE","WNE, WE","India","22°58'00,000N","88°31'00,000E","experimental site","Alley cropping","WNE + WE",TRUE,TRUE,FALSE
"465","15",3,1,0,2,0,0,3,1,"HE","HE, WE","India","17°20'00,000N","78°36'00,000E","experimental site","Alley cropping","Edible only",FALSE,TRUE,TRUE
"466","150",4,1,1,0,2,0,1,2,"WE","HNE, WNE, WE","Brazil","5°16'00,000S","59°50'00,000W","experimental site","Alley cropping","WNE + WE",TRUE,TRUE,FALSE
"467","1500",2,1,1,0,0,1,1,2,"WE","WNE, WE","India","22°58'00,000N","88°31'00,000E","experimental site","Alley cropping","WNE + WE",TRUE,TRUE,FALSE
"468","1501",2,1,1,0,0,1,1,2,"WE","WNE, WE","India","22°58'00,000N","88°31'00,000E","experimental site","Alley cropping","WNE + WE",TRUE,TRUE,FALSE
"469","1502",2,1,1,0,0,1,1,2,"WE","WNE, WE","India","22°58'00,000N","88°31'00,000E","experimental site","Alley cropping","WNE + WE",TRUE,TRUE,FALSE
"470","1503",2,1,1,0,0,1,1,2,"WE","WNE, WE","India","22°58'00,000N","88°31'00,000E","experimental site","Alley cropping","WNE + WE",TRUE,TRUE,FALSE
"471","1504",6,2,3,1,0,1,3,5,"WNE","WNE, HE, WE","Colombia","1°56'00,000N","75°57'30,000W","working farm","Alley cropping","Multi-type",TRUE,TRUE,TRUE
"472","1505",6,2,3,1,0,1,3,5,"WNE","WNE, HE, WE","Colombia","2°02'00,000N","75°58'00,000W","working farm","Alley cropping","Multi-type",TRUE,TRUE,TRUE
"473","1506",2,1,1,0,0,1,1,2,"WE","WNE, WE","Indonesia","1,501400°S","120,035500°E","working farm","Multi-strata systems","WNE + WE",TRUE,TRUE,FALSE
"474","1507",2,1,0,1,0,0,2,1,"HE","HE, WE","USA","37°50'00,000N","93°50'00,000W","experimental site","Alley cropping","Edible only",FALSE,TRUE,TRUE
"475","1508",2,1,0,1,0,0,2,1,"HE","HE, WE","USA","37°50'00,000N","93°50'00,000W","experimental site","Alley cropping","Edible only",FALSE,TRUE,TRUE
"476","1509",2,1,1,0,0,0,1,2,"WE","WNE, WE","USA","37°37'00,000N","87°02'00,000W","experimental site","Alley cropping","WNE + WE",TRUE,TRUE,FALSE
"477","1512",2,1,1,0,0,1,1,2,"WE","WE","Tanzania","5°00'30,000S","38°40'00,000E","experimental site","Alley cropping","Edible only",FALSE,TRUE,FALSE
"478","1513",2,1,1,0,0,1,1,2,"WE","WE","Tanzania","5°00'30,000S","38°40'00,000E","experimental site","Alley cropping","Edible only",FALSE,TRUE,FALSE
"479","1514",3,1,1,1,0,1,2,2,"HE","HE, WE","Tanzania","5°00'30,000S","38°40'00,000E","experimental site","Alley cropping","Edible only",FALSE,TRUE,TRUE
"480","1515",3,1,1,1,0,1,2,2,"HE","HE, WE","Tanzania","5°00'30,000S","38°40'00,000E","experimental site","Alley cropping","Edible only",FALSE,TRUE,TRUE
"481","1516",3,1,1,1,0,1,2,2,"HE","HE, WE","Tanzania","5°00'30,000S","38°40'00,000E","experimental site","Alley cropping","Edible only",FALSE,TRUE,TRUE
"482","1517",2,1,1,0,0,0,1,2,"WE","WNE, WE","Tanzania","5°00'30,000S","38°40'00,000E","experimental site","Alley cropping","WNE + WE",TRUE,TRUE,FALSE
"483","1518",2,1,1,0,0,0,1,2,"WE","WNE, WE","Tanzania","5°00'30,000S","38°40'00,000E","experimental site","Alley cropping","WNE + WE",TRUE,TRUE,FALSE
"484","1519",3,1,1,1,0,0,2,2,"HE","WNE, HE, WE","Tanzania","5°00'30,000S","38°40'00,000E","experimental site","Alley cropping","Multi-type",TRUE,TRUE,TRUE
"485","152",3,1,1,0,1,0,1,2,"WE","HNE, WNE, WE","Brazil","5°16'00,000S","59°50'00,000W","experimental site","Alley cropping","WNE + WE",TRUE,TRUE,FALSE
"486","1520",3,1,1,1,0,0,2,2,"HE","WNE, HE, WE","Tanzania","5°00'30,000S","38°40'00,000E","experimental site","Alley cropping","Multi-type",TRUE,TRUE,TRUE
"487","1521",3,1,1,1,0,0,2,2,"HE","WNE, HE, WE","Tanzania","5°00'30,000S","38°40'00,000E","experimental site","Alley cropping","Multi-type",TRUE,TRUE,TRUE
"488","1523",2,1,0,1,0,0,2,1,"HE","HE, WE","China","34°19'38,500N","107°37'58,000E","experimental site","Alley cropping","Edible only",FALSE,TRUE,TRUE
"489","1525",2,1,0,1,0,0,2,1,"HE","HE, WE","China","34°19'38,500N","107°37'58,000E","experimental site","Alley cropping","Edible only",FALSE,TRUE,TRUE
"490","1526",3,0,1,2,0,0,2,1,"HE","WNE, HE","India","17°41'19,000N","82°52'05,000E","working farm","Alley cropping","WNE + HE",TRUE,FALSE,TRUE
"491","1527",3,0,1,2,0,0,2,1,"HE","WNE, HE","India","17°41'19,000N","82°52'05,000E","working farm","Alley cropping","WNE + HE",TRUE,FALSE,TRUE
"492","1529",3,0,1,2,0,0,2,1,"HE","WNE, HE","India","17°41'19,000N","82°52'05,000E","working farm","Alley cropping","WNE + HE",TRUE,FALSE,TRUE
"493","153",2,1,0,0,1,0,1,1,"WE","HNE, WE","Brazil","5°16'00,000S","59°50'00,000W","experimental site","Alley cropping","Edible only",FALSE,TRUE,FALSE
"494","1530",3,0,1,2,0,0,2,1,"HE","WNE, HE","India","17°41'19,000N","82°52'05,000E","working farm","Alley cropping","WNE + HE",TRUE,FALSE,TRUE
"495","1532",3,0,1,2,0,0,2,1,"HE","WNE, HE","India","17°41'19,000N","82°52'05,000E","working farm","Alley cropping","WNE + HE",TRUE,FALSE,TRUE
"496","1533",3,0,1,2,0,0,2,1,"HE","WNE, HE","India","17°41'19,000N","82°52'05,000E","working farm","Alley cropping","WNE + HE",TRUE,FALSE,TRUE
"497","1535",3,0,1,2,0,0,2,1,"HE","WNE, HE","India","17°41'19,000N","82°52'05,000E","working farm","Alley cropping","WNE + HE",TRUE,FALSE,TRUE
"498","1536",3,0,1,2,0,0,2,1,"HE","WNE, HE","India","17°41'19,000N","82°52'05,000E","working farm","Alley cropping","WNE + HE",TRUE,FALSE,TRUE
"499","1538",3,0,1,2,0,0,2,1,"HE","WNE, HE","India","17°41'19,000N","82°52'05,000E","working farm","Alley cropping","WNE + HE",TRUE,FALSE,TRUE
"500","1539",3,0,1,2,0,0,2,1,"HE","WNE, HE","India","17°41'19,000N","82°52'05,000E","working farm","Alley cropping","WNE + HE",TRUE,FALSE,TRUE
"501","1541",4,0,1,2,1,0,2,1,"HE","HNE, WNE, HE","India","11.8084","92.6470","experimental site","Other/unknown","WNE + HE",TRUE,FALSE,TRUE
"502","1542",4,0,1,2,1,0,2,1,"HE","HNE, WNE, HE","India","11.8084","92.6470","experimental site","Other/unknown","WNE + HE",TRUE,FALSE,TRUE
"503","1543",4,0,1,2,1,0,2,1,"HE","HNE, WNE, HE","India","11.8084","92.6470","experimental site","Other/unknown","WNE + HE",TRUE,FALSE,TRUE
"504","1544",3,0,1,2,0,0,2,1,"HE","WNE, HE","India","11.8084","92.6470","experimental site","Other/unknown","WNE + HE",TRUE,FALSE,TRUE
"505","1545",3,0,1,2,0,0,2,1,"HE","WNE, HE","India","11.8084","92.6470","experimental site","Other/unknown","WNE + HE",TRUE,FALSE,TRUE
"506","1546",3,0,1,2,0,0,2,1,"HE","WNE, HE","India","11.8084","92.6470","experimental site","Other/unknown","WNE + HE",TRUE,FALSE,TRUE
"507","1547",3,0,1,2,0,0,2,1,"HE","WNE, HE","India","11.8084","92.6470","experimental site","Other/unknown","WNE + HE",TRUE,FALSE,TRUE
"508","1548",3,0,1,2,0,0,2,1,"HE","WNE, HE","India","11.8084","92.6470","experimental site","Other/unknown","WNE + HE",TRUE,FALSE,TRUE
"509","1549",3,0,1,2,0,0,2,1,"HE","WNE, HE","India","11.8084","92.6470","experimental site","Other/unknown","WNE + HE",TRUE,FALSE,TRUE
"510","155",3,1,0,0,2,0,1,1,"WE","HNE, WE","Brazil","5°16'00,000S","59°50'00,000W","experimental site","Alley cropping","Edible only",FALSE,TRUE,FALSE
"511","1552",2,1,1,0,0,1,1,2,"WE","WNE, WE","Argentina",NA,NA,"working farm","Alley cropping","WNE + WE",TRUE,TRUE,FALSE
"512","1553",2,1,1,0,0,1,1,2,"WE","WNE, WE","Argentina",NA,NA,"working farm","Alley cropping","WNE + WE",TRUE,TRUE,FALSE
"513","1554",2,1,1,0,0,1,1,2,"WE","WNE, WE","Argentina",NA,NA,"working farm","Alley cropping","WNE + WE",TRUE,TRUE,FALSE
"514","1555",2,1,1,0,0,1,1,2,"WE","WNE, WE","Argentina",NA,NA,"working farm","Alley cropping","WNE + WE",TRUE,TRUE,FALSE
"515","1556",2,2,0,0,0,1,2,2,"WE","WE","Costa Rica","10°02'16,000N","84°08'17,000W","experimental site","Alley cropping","Edible only",FALSE,TRUE,FALSE
"516","1557",5,1,1,2,1,0,3,2,"HE","HNE, WNE, HE, WE","India","26°19'86,000N","89°23'53,000E","working farm","Multi-strata systems","Multi-type",TRUE,TRUE,TRUE
"517","1558",5,1,1,2,1,0,3,2,"HE","HNE, WNE, HE, WE","India","26°19'86,000N","89°23'53,000E","working farm","Multi-strata systems","Multi-type",TRUE,TRUE,TRUE
"518","1559",5,1,1,2,1,0,3,2,"HE","HNE, WNE, HE, WE","India","26°19'86,000N","89°23'53,000E","working farm","Multi-strata systems","Multi-type",TRUE,TRUE,TRUE
"519","156",4,1,1,0,2,0,1,2,"WE","HNE, WNE, WE","Brazil","5°16'00,000S","59°50'00,000W","experimental site","Alley cropping","WNE + WE",TRUE,TRUE,FALSE
"520","1560",2,1,0,1,0,1,2,1,"HE","HE, WE","Costa Rica","9°39'00,000N","82°48'00,000W","working farm","Multi-strata systems","Edible only",FALSE,TRUE,TRUE
"521","1561",3,0,1,2,0,0,2,1,"HE","WNE, HE","Kenya",NA,NA,"working farm","Alley cropping","WNE + HE",TRUE,FALSE,TRUE
"522","1563",3,0,1,2,0,0,2,1,"HE","WNE, HE","Kenya",NA,NA,"working farm","Alley cropping","WNE + HE",TRUE,FALSE,TRUE
"523","1565",3,1,2,0,0,1,1,3,"WNE","WNE, WE","Nicaragua","11°53'50,000N","86°08'55,000W","experimental site","Alley cropping","WNE + WE",TRUE,TRUE,FALSE
"524","1566",3,1,2,0,0,1,1,3,"WNE","WNE, WE","Nicaragua","11°53'50,000N","86°08'55,000W","experimental site","Alley cropping","WNE + WE",TRUE,TRUE,FALSE
"525","1567",3,1,2,0,0,2,1,3,"WNE","WNE, WE","Nicaragua","11°53'50,000N","86°08'55,000W","experimental site","Alley cropping","WNE + WE",TRUE,TRUE,FALSE
"526","1568",3,1,2,0,0,2,1,3,"WNE","WNE, WE","Nicaragua","11°53'50,000N","86°08'55,000W","experimental site","Alley cropping","WNE + WE",TRUE,TRUE,FALSE
"527","1569",2,0,1,1,0,0,1,1,"HE","WNE, HE","India","17°41'19,000N","82°52'05,000E","working farm","Alley cropping","WNE + HE",TRUE,FALSE,TRUE
"528","1570",2,0,1,1,0,0,1,1,"HE","WNE, HE","India","17°41'19,000N","82°52'05,000E","working farm","Alley cropping","WNE + HE",TRUE,FALSE,TRUE
"529","1571",2,1,0,1,0,0,2,1,"HE","HE, WE","India","17°41'19,000N","82°52'05,000E","working farm","Alley cropping","Edible only",FALSE,TRUE,TRUE
"530","1572",2,1,0,1,0,0,2,1,"HE","HE, WE","India","17°41'19,000N","82°52'05,000E","working farm","Alley cropping","Edible only",FALSE,TRUE,TRUE
"531","1573",2,0,1,1,0,2,1,1,"HE","HE, WE","India","25°39'00,000N","84°40'00,000E","experimental site","Alley cropping","Edible only",FALSE,TRUE,TRUE
"532","1574",2,0,1,1,0,2,1,1,"HE","HE, WE","India","25°39'00,000N","84°40'00,000E","experimental site","Alley cropping","Edible only",FALSE,TRUE,TRUE
"533","1575",2,0,1,1,0,1,1,1,"HE","HE, WE","India","25°39'00,000N","84°40'00,000E","experimental site","Alley cropping","Edible only",FALSE,TRUE,TRUE
"534","1576",2,0,1,1,0,1,1,1,"HE","HE, WE","India","25°39'00,000N","84°40'00,000E","experimental site","Alley cropping","Edible only",FALSE,TRUE,TRUE
"535","1577",2,0,1,1,0,1,1,1,"HE","HE, WE","India","25°39'00,000N","84°40'00,000E","experimental site","Alley cropping","Edible only",FALSE,TRUE,TRUE
"536","1578",2,0,1,1,0,1,1,1,"HE","HE, WE","India","25°39'00,000N","84°40'00,000E","experimental site","Alley cropping","Edible only",FALSE,TRUE,TRUE
"537","1579",3,1,0,2,0,1,3,1,"HE","HE, WE","China","31°04'00,000N","110°41'00,000E","experimental site","Alley cropping","Edible only",FALSE,TRUE,TRUE
"538","158",3,1,1,0,1,0,1,2,"WE","HNE, WNE, WE","Brazil","5°16'00,000S","59°50'00,000W","experimental site","Alley cropping","WNE + WE",TRUE,TRUE,FALSE
"539","1580",3,1,0,2,0,1,3,1,"HE","HE, WE","China","31°04'00,000N","110°41'00,000E","experimental site","Alley cropping","Edible only",FALSE,TRUE,TRUE
"540","1581",3,1,0,2,0,1,3,1,"HE","HE, WE","China","31°04'00,000N","110°41'00,000E","experimental site","Alley cropping","Edible only",FALSE,TRUE,TRUE
"541","1582",2,1,0,1,0,1,2,1,"HE","HE, WE","China","31°04'00,000N","110°41'00,000E","experimental site","Alley cropping","Edible only",FALSE,TRUE,TRUE
"542","1583",2,1,0,1,0,1,2,1,"HE","HE, WE","China","31°04'00,000N","110°41'00,000E","experimental site","Alley cropping","Edible only",FALSE,TRUE,TRUE
"543","1584",2,1,0,1,0,1,2,1,"HE","HE, WE","China","31°04'00,000N","110°41'00,000E","experimental site","Alley cropping","Edible only",FALSE,TRUE,TRUE
"544","1585",2,1,0,0,1,1,1,1,"WE","HNE, WE","China","31°04'00,000N","110°41'00,000E","experimental site","Alley cropping","Edible only",FALSE,TRUE,FALSE
"545","1586",2,1,0,0,1,1,1,1,"WE","HNE, WE","China","31°04'00,000N","110°41'00,000E","experimental site","Alley cropping","Edible only",FALSE,TRUE,FALSE
"546","1587",2,1,0,0,1,1,1,1,"WE","HNE, WE","China","31°04'00,000N","110°41'00,000E","experimental site","Alley cropping","Edible only",FALSE,TRUE,FALSE
"547","1588",2,1,0,1,0,0,2,1,"HE","HE, WE","China","36°07'00,000N","110°47'00,000E","experimental site","Alley cropping","Edible only",FALSE,TRUE,TRUE
"548","1589",2,1,0,1,0,0,2,1,"HE","HE, WE","China","36°07'00,000N","110°47'00,000E","experimental site","Alley cropping","Edible only",FALSE,TRUE,TRUE
"549","159",2,1,0,0,1,0,1,1,"WE","HNE, WE","Brazil","5°16'00,000S","59°50'00,000W","experimental site","Alley cropping","Edible only",FALSE,TRUE,FALSE
"550","1590",2,0,1,1,0,0,1,1,"HE","WNE, HE","China","28°15'00,000N","116°55'00,000E","experimental site","Alley cropping","WNE + HE",TRUE,FALSE,TRUE
"551","1591",2,0,1,1,0,0,1,1,"HE","WNE, HE","China","28°15'00,000N","116°55'00,000E","experimental site","Alley cropping","WNE + HE",TRUE,FALSE,TRUE
"552","1592",2,0,1,1,0,0,1,1,"HE","WNE, HE","China","28°15'00,000N","116°55'00,000E","experimental site","Alley cropping","WNE + HE",TRUE,FALSE,TRUE
"553","1593",2,0,1,1,0,0,1,1,"HE","WNE, HE","China","28°15'00,000N","116°55'00,000E","experimental site","Alley cropping","WNE + HE",TRUE,FALSE,TRUE
"554","1594",2,1,1,0,0,0,1,2,"WE","WNE, WE","China","29°06'33,000N","117°55'24,000E","experimental site","Alley cropping","WNE + WE",TRUE,TRUE,FALSE
"555","1595",2,1,1,0,0,0,1,2,"WE","WNE, WE","China","29°06'33,000N","117°55'24,000E","experimental site","Alley cropping","WNE + WE",TRUE,TRUE,FALSE
"556","1596",2,1,1,0,0,0,1,2,"WE","WNE, WE","China","29°06'33,000N","117°55'24,000E","experimental site","Alley cropping","WNE + WE",TRUE,TRUE,FALSE
"557","1597",2,1,1,0,0,0,1,2,"WE","WNE, WE","China","29°06'33,000N","117°55'24,000E","experimental site","Alley cropping","WNE + WE",TRUE,TRUE,FALSE
"558","1598",2,1,1,0,0,0,1,2,"WE","WNE, WE","China","29°06'33,000N","117°55'24,000E","experimental site","Alley cropping","WNE + WE",TRUE,TRUE,FALSE
"559","1599",2,1,1,0,0,0,1,2,"WE","WNE, WE","China","29°06'33,000N","117°55'24,000E","experimental site","Alley cropping","WNE + WE",TRUE,TRUE,FALSE
"560","16",3,1,0,2,0,0,3,1,"HE","HE, WE","India","17°20'00,000N","78°36'00,000E","experimental site","Alley cropping","Edible only",FALSE,TRUE,TRUE
"561","160",2,1,1,0,0,1,1,2,"WE","WNE, WE","Ecuador","1°19'36,000S","80°43'36,000W","working farm","Other/unknown","WNE + WE",TRUE,TRUE,FALSE
"562","1606",4,1,3,0,0,0,1,4,"WNE","WNE, WE","China","29°06'33,000N","117°55'24,000E","experimental site","Alley cropping","WNE + WE",TRUE,TRUE,FALSE
"563","1607",4,1,3,0,0,0,1,4,"WNE","WNE, WE","China","29°06'33,000N","117°55'24,000E","experimental site","Alley cropping","WNE + WE",TRUE,TRUE,FALSE
"564","1608",4,1,3,0,0,0,1,4,"WNE","WNE, WE","China","29°06'33,000N","117°55'24,000E","experimental site","Alley cropping","WNE + WE",TRUE,TRUE,FALSE
"565","1608_1",3,1,0,2,0,0,3,1,"HE","HE, WE","China","38°06'00,000N","116°40'00,000E","experimental site","Alley cropping","Edible only",FALSE,TRUE,TRUE
"566","1609",4,1,3,0,0,0,1,4,"WNE","WNE, WE","China","29°06'33,000N","117°55'24,000E","experimental site","Alley cropping","WNE + WE",TRUE,TRUE,FALSE
"567","161",2,1,1,0,0,1,1,2,"WE","WNE, WE","Ecuador","1°19'36,000S","80°43'36,000W","working farm","Multi-strata systems","WNE + WE",TRUE,TRUE,FALSE
"568","1616",2,0,1,1,0,0,1,1,"HE","WNE, HE","India","22°33'30,000N","79°47'30,000E","experimental site","Alley cropping","WNE + HE",TRUE,FALSE,TRUE
"569","162",3,1,2,0,0,1,1,3,"WNE","WNE, WE","Indonesia","1°30'00,000S","120°02'00,000E","working farm","Other/unknown","WNE + WE",TRUE,TRUE,FALSE
"570","1620",2,0,2,0,0,1,0,2,"WNE","WNE, WE","India","22°33'30,000N","79°47'30,000E","experimental site","Alley cropping","WNE + WE",TRUE,TRUE,FALSE
"571","1621",5,2,3,0,0,1,2,5,"WNE","WNE, WE","Ghana","6°32'00,000N","1°12'00,000W","experimental site","Multi-strata systems","WNE + WE",TRUE,TRUE,FALSE
"572","1622",4,2,2,0,0,1,2,4,"WE","WNE, WE","Ghana","7°14'00,000N","1°12'30,000W","experimental site","Alley cropping","WNE + WE",TRUE,TRUE,FALSE
"573","1623",2,1,1,0,0,1,1,2,"WE","WNE, WE","Rwanda",NA,NA,"working farm","Parkland","WNE + WE",TRUE,TRUE,FALSE
"574","1624",2,1,1,0,0,1,1,2,"WE","WNE, WE","Rwanda",NA,NA,"working farm","Parkland","WNE + WE",TRUE,TRUE,FALSE
"575","1625",2,1,1,0,0,1,1,2,"WE","WNE, WE","Rwanda",NA,NA,"working farm","Parkland","WNE + WE",TRUE,TRUE,FALSE
"576","1626",2,1,1,0,0,1,1,2,"WE","WNE, WE","Rwanda",NA,NA,"working farm","Parkland","WNE + WE",TRUE,TRUE,FALSE
"577","1627",2,1,1,0,0,1,1,2,"WE","WNE, WE","Rwanda",NA,NA,"working farm","Parkland","WNE + WE",TRUE,TRUE,FALSE
"578","1628",2,1,1,0,0,1,1,2,"WE","WNE, WE","Rwanda",NA,NA,"working farm","Parkland","WNE + WE",TRUE,TRUE,FALSE
"579","1629",2,1,1,0,0,1,1,2,"WE","WNE, WE","Rwanda",NA,NA,"working farm","Parkland","WNE + WE",TRUE,TRUE,FALSE
"580","163",9,0,1,6,2,0,6,1,"HE","HNE, WNE, HE","USA","33°57'00,000N","83°19'00,000W","experimental site","Alley cropping","WNE + HE",TRUE,FALSE,TRUE
"581","1630",2,1,1,0,0,1,1,2,"WE","WNE, WE","Rwanda",NA,NA,"working farm","Parkland","WNE + WE",TRUE,TRUE,FALSE
"582","1630_1",2,1,0,1,0,0,2,1,"HE","HE, WE","India","20°27'00,000N","85°40'00,000E",NA,"Alley cropping","Edible only",FALSE,TRUE,TRUE
"583","1630_2",2,1,0,1,0,0,2,1,"HE","HE, WE","India","20°27'00,000N","85°40'00,000E",NA,"Alley cropping","Edible only",FALSE,TRUE,TRUE
"584","1630_3",2,1,0,1,0,0,2,1,"HE","HE, WE","India","20°27'00,000N","85°40'00,000E",NA,"Alley cropping","Edible only",FALSE,TRUE,TRUE
"585","1631",2,2,0,0,0,1,2,2,"WE","WE","Rwanda",NA,NA,"working farm","Parkland","Edible only",FALSE,TRUE,FALSE
"586","1632",2,1,1,0,0,1,1,2,"WE","WNE, WE","Rwanda",NA,NA,"working farm","Parkland","WNE + WE",TRUE,TRUE,FALSE
"587","1633",2,1,1,0,0,1,1,2,"WE","WNE, WE","Rwanda",NA,NA,"working farm","Parkland","WNE + WE",TRUE,TRUE,FALSE
"588","164",9,0,1,6,2,0,6,1,"HE","HNE, WNE, HE","USA","33°57'00,000N","83°19'00,000W","experimental site","Alley cropping","WNE + HE",TRUE,FALSE,TRUE
"589","1640",2,1,0,1,0,0,2,1,"HE","HE, WE","China","36°07'00,000N","110°47'00,000E","experimental site","Alley cropping","Edible only",FALSE,TRUE,TRUE
"590","1641",2,1,0,1,0,0,2,1,"HE","HE, WE","China","36°07'00,000N","110°47'00,000E","experimental site","Alley cropping","Edible only",FALSE,TRUE,TRUE
"591","1644",3,0,1,2,0,0,2,1,"HE","WNE, HE","Panama","8°54'21,000N","78°20'01,000W","experimental site","Alley cropping","WNE + HE",TRUE,FALSE,TRUE
"592","1645",2,1,1,0,0,0,1,2,"WE","WNE, WE","Panama","8°54'21,000N","78°20'01,000W","experimental site","Alley cropping","WNE + WE",TRUE,TRUE,FALSE
"593","1646",2,1,1,0,0,0,1,2,"WE","WNE, WE","Panama","8°54'21,000N","78°20'01,000W","experimental site","Alley cropping","WNE + WE",TRUE,TRUE,FALSE
"594","1647",3,0,1,2,0,0,2,1,"HE","WNE, HE","Panama","8°54'21,000N","78°20'01,000W","experimental site","Alley cropping","WNE + HE",TRUE,FALSE,TRUE
"595","1648",2,1,1,0,0,0,1,2,"WE","WNE, WE","Panama","8°54'21,000N","78°20'01,000W","experimental site","Alley cropping","WNE + WE",TRUE,TRUE,FALSE
"596","1649",2,1,1,0,0,0,1,2,"WE","WNE, WE","Panama","8°54'21,000N","78°20'01,000W","experimental site","Alley cropping","WNE + WE",TRUE,TRUE,FALSE
"597","165",9,0,1,6,2,0,6,1,"HE","HNE, WNE, HE","USA","33°57'00,000N","83°19'00,000W","experimental site","Alley cropping","WNE + HE",TRUE,FALSE,TRUE
"598","1650",3,0,1,2,0,0,2,1,"HE","WNE, HE","Panama","8°54'21,000N","78°20'01,000W","experimental site","Alley cropping","WNE + HE",TRUE,FALSE,TRUE
"599","1651",2,1,1,0,0,0,1,2,"WE","WNE, WE","Panama","8°54'21,000N","78°20'01,000W","experimental site","Alley cropping","WNE + WE",TRUE,TRUE,FALSE
"600","1652",2,1,1,0,0,0,1,2,"WE","WNE, WE","Panama","8°54'21,000N","78°20'01,000W","experimental site","Alley cropping","WNE + WE",TRUE,TRUE,FALSE
"601","1653",3,0,1,2,0,0,2,1,"HE","WNE, HE","Panama","8°54'21,000N","78°20'01,000W","experimental site","Alley cropping","WNE + HE",TRUE,FALSE,TRUE
"602","1654",2,1,1,0,0,0,1,2,"WE","WNE, WE","Panama","8°54'21,000N","78°20'01,000W","experimental site","Alley cropping","WNE + WE",TRUE,TRUE,FALSE
"603","1655",2,1,1,0,0,0,1,2,"WE","WNE, WE","Panama","8°54'21,000N","78°20'01,000W","experimental site","Alley cropping","WNE + WE",TRUE,TRUE,FALSE
"604","1656",3,0,1,2,0,0,2,1,"HE","WNE, HE","Panama","8°54'21,000N","78°20'01,000W","experimental site","Alley cropping","WNE + HE",TRUE,FALSE,TRUE
"605","1657",2,1,1,0,0,0,1,2,"WE","WNE, WE","Panama","8°54'21,000N","78°20'01,000W","experimental site","Alley cropping","WNE + WE",TRUE,TRUE,FALSE
"606","1658",2,1,1,0,0,0,1,2,"WE","WNE, WE","Panama","8°54'21,000N","78°20'01,000W","experimental site","Alley cropping","WNE + WE",TRUE,TRUE,FALSE
"607","1659",3,0,1,2,0,0,2,1,"HE","WNE, HE","Panama","8°54'21,000N","78°20'01,000W","experimental site","Alley cropping","WNE + HE",TRUE,FALSE,TRUE
"608","166",9,0,1,6,2,0,6,1,"HE","HNE, WNE, HE","USA","33°57'00,000N","83°19'00,000W","experimental site","Alley cropping","WNE + HE",TRUE,FALSE,TRUE
"609","1660",2,1,1,0,0,0,1,2,"WE","WNE, WE","Panama","8°54'21,000N","78°20'01,000W","experimental site","Alley cropping","WNE + WE",TRUE,TRUE,FALSE
"610","1661",2,1,1,0,0,0,1,2,"WE","WNE, WE","Panama","8°54'21,000N","78°20'01,000W","experimental site","Alley cropping","WNE + WE",TRUE,TRUE,FALSE
"611","1662",3,0,1,2,0,0,2,1,"HE","WNE, HE","Panama","8°54'21,000N","78°20'01,000W","experimental site","Alley cropping","WNE + HE",TRUE,FALSE,TRUE
"612","1663",2,1,1,0,0,0,1,2,"WE","WNE, WE","Panama","8°54'21,000N","78°20'01,000W","experimental site","Alley cropping","WNE + WE",TRUE,TRUE,FALSE
"613","1664",2,1,1,0,0,0,1,2,"WE","WNE, WE","Panama","8°54'21,000N","78°20'01,000W","experimental site","Alley cropping","WNE + WE",TRUE,TRUE,FALSE
"614","1665",3,0,1,2,0,0,2,1,"HE","WNE, HE","Panama","8°54'21,000N","78°20'01,000W","experimental site","Alley cropping","WNE + HE",TRUE,FALSE,TRUE
"615","1666",2,1,1,0,0,0,1,2,"WE","WNE, WE","Panama","8°54'21,000N","78°20'01,000W","experimental site","Alley cropping","WNE + WE",TRUE,TRUE,FALSE
"616","1667",2,1,1,0,0,0,1,2,"WE","WNE, WE","Panama","8°54'21,000N","78°20'01,000W","experimental site","Alley cropping","WNE + WE",TRUE,TRUE,FALSE
"617","1668",3,0,1,2,0,0,2,1,"HE","WNE, HE","Panama","8°54'21,000N","78°20'01,000W","experimental site","Alley cropping","WNE + HE",TRUE,FALSE,TRUE
"618","1669",2,1,1,0,0,0,1,2,"WE","WNE, WE","Panama","8°54'21,000N","78°20'01,000W","experimental site","Alley cropping","WNE + WE",TRUE,TRUE,FALSE
"619","167",9,0,1,6,2,0,6,1,"HE","HNE, WNE, HE","USA","33°57'00,000N","83°19'00,000W","experimental site","Alley cropping","WNE + HE",TRUE,FALSE,TRUE
"620","1670",2,1,1,0,0,0,1,2,"WE","WNE, WE","Panama","8°54'21,000N","78°20'01,000W","experimental site","Alley cropping","WNE + WE",TRUE,TRUE,FALSE
"621","1671",3,0,1,2,0,0,2,1,"HE","WNE, HE","Panama","8°54'21,000N","78°20'01,000W","experimental site","Alley cropping","WNE + HE",TRUE,FALSE,TRUE
"622","1672",2,1,1,0,0,0,1,2,"WE","WNE, WE","Panama","8°54'21,000N","78°20'01,000W","experimental site","Alley cropping","WNE + WE",TRUE,TRUE,FALSE
"623","1673",2,1,1,0,0,0,1,2,"WE","WNE, WE","Panama","8°54'21,000N","78°20'01,000W","experimental site","Alley cropping","WNE + WE",TRUE,TRUE,FALSE
"624","1674",3,0,1,2,0,0,2,1,"HE","WNE, HE","Panama","8°54'21,000N","78°20'01,000W","experimental site","Alley cropping","WNE + HE",TRUE,FALSE,TRUE
"625","1675",2,1,1,0,0,0,1,2,"WE","WNE, WE","Panama","8°54'21,000N","78°20'01,000W","experimental site","Alley cropping","WNE + WE",TRUE,TRUE,FALSE
"626","1676",2,1,1,0,0,0,1,2,"WE","WNE, WE","Panama","8°54'21,000N","78°20'01,000W","experimental site","Alley cropping","WNE + WE",TRUE,TRUE,FALSE
"627","1677",3,0,1,2,0,0,2,1,"HE","WNE, HE","Panama","8°54'21,000N","78°20'01,000W","experimental site","Alley cropping","WNE + HE",TRUE,FALSE,TRUE
"628","1678",2,1,1,0,0,0,1,2,"WE","WNE, WE","Panama","8°54'21,000N","78°20'01,000W","experimental site","Alley cropping","WNE + WE",TRUE,TRUE,FALSE
"629","1679",2,1,1,0,0,0,1,2,"WE","WNE, WE","Panama","8°54'21,000N","78°20'01,000W","experimental site","Alley cropping","WNE + WE",TRUE,TRUE,FALSE
"630","168",9,0,1,6,2,0,6,1,"HE","HNE, WNE, HE","USA","33°57'00,000N","83°19'00,000W","experimental site","Alley cropping","WNE + HE",TRUE,FALSE,TRUE
"631","1680",3,0,1,2,0,0,2,1,"HE","WNE, HE","Panama","8°54'21,000N","78°20'01,000W","experimental site","Alley cropping","WNE + HE",TRUE,FALSE,TRUE
"632","1681",2,1,1,0,0,0,1,2,"WE","WNE, WE","Panama","8°54'21,000N","78°20'01,000W","experimental site","Alley cropping","WNE + WE",TRUE,TRUE,FALSE
"633","1682",2,1,1,0,0,0,1,2,"WE","WNE, WE","Panama","8°54'21,000N","78°20'01,000W","experimental site","Alley cropping","WNE + WE",TRUE,TRUE,FALSE
"634","1683",3,0,1,2,0,0,2,1,"HE","WNE, HE","Panama","8°54'21,000N","78°20'01,000W","experimental site","Alley cropping","WNE + HE",TRUE,FALSE,TRUE
"635","1684",2,1,1,0,0,0,1,2,"WE","WNE, WE","Panama","8°54'21,000N","78°20'01,000W","experimental site","Alley cropping","WNE + WE",TRUE,TRUE,FALSE
"636","1685",2,1,1,0,0,0,1,2,"WE","WNE, WE","Panama","8°54'21,000N","78°20'01,000W","experimental site","Alley cropping","WNE + WE",TRUE,TRUE,FALSE
"637","1686",3,0,1,2,0,0,2,1,"HE","WNE, HE","Panama","8°54'21,000N","78°20'01,000W","experimental site","Alley cropping","WNE + HE",TRUE,FALSE,TRUE
"638","1687",2,1,1,0,0,0,1,2,"WE","WNE, WE","Panama","8°54'21,000N","78°20'01,000W","experimental site","Alley cropping","WNE + WE",TRUE,TRUE,FALSE
"639","1688",2,1,1,0,0,0,1,2,"WE","WNE, WE","Panama","8°54'21,000N","78°20'01,000W","experimental site","Alley cropping","WNE + WE",TRUE,TRUE,FALSE
"640","1689",3,0,1,2,0,0,2,1,"HE","WNE, HE","Panama","8°54'21,000N","78°20'01,000W","experimental site","Alley cropping","WNE + HE",TRUE,FALSE,TRUE
"641","169",9,0,1,6,2,0,6,1,"HE","HNE, WNE, HE","USA","33°57'00,000N","83°19'00,000W","experimental site","Alley cropping","WNE + HE",TRUE,FALSE,TRUE
"642","1690",2,1,1,0,0,0,1,2,"WE","WNE, WE","Panama","8°54'21,000N","78°20'01,000W","experimental site","Alley cropping","WNE + WE",TRUE,TRUE,FALSE
"643","1691",2,1,1,0,0,0,1,2,"WE","WNE, WE","Panama","8°54'21,000N","78°20'01,000W","experimental site","Alley cropping","WNE + WE",TRUE,TRUE,FALSE
"644","1692",3,0,1,2,0,0,2,1,"HE","WNE, HE","Panama","8°54'21,000N","78°20'01,000W","experimental site","Alley cropping","WNE + HE",TRUE,FALSE,TRUE
"645","1693",2,1,1,0,0,0,1,2,"WE","WNE, WE","Panama","8°54'21,000N","78°20'01,000W","experimental site","Alley cropping","WNE + WE",TRUE,TRUE,FALSE
"646","1694",2,1,1,0,0,0,1,2,"WE","WNE, WE","Panama","8°54'21,000N","78°20'01,000W","experimental site","Alley cropping","WNE + WE",TRUE,TRUE,FALSE
"647","1695",3,0,1,2,0,0,2,1,"HE","WNE, HE","Panama","8°54'21,000N","78°20'01,000W","experimental site","Alley cropping","WNE + HE",TRUE,FALSE,TRUE
"648","1696",2,1,1,0,0,0,1,2,"WE","WNE, WE","Panama","8°54'21,000N","78°20'01,000W","experimental site","Alley cropping","WNE + WE",TRUE,TRUE,FALSE
"649","1697",2,1,1,0,0,0,1,2,"WE","WNE, WE","Panama","8°54'21,000N","78°20'01,000W","experimental site","Alley cropping","WNE + WE",TRUE,TRUE,FALSE
"650","17",3,1,0,2,0,0,3,1,"HE","HE, WE","India","17°20'00,000N","78°36'00,000E","experimental site","Alley cropping","Edible only",FALSE,TRUE,TRUE
"651","170",9,0,1,6,2,0,6,1,"HE","HNE, WNE, HE","USA","33°57'00,000N","83°19'00,000W","experimental site","Alley cropping","WNE + HE",TRUE,FALSE,TRUE
"652","1700",2,1,1,0,0,0,1,2,"WE","WNE, WE","Senegal","14°45'00,000N","16°51'00,000W","working farm","Alley cropping","WNE + WE",TRUE,TRUE,FALSE
"653","1701",2,1,1,0,0,0,1,2,"WE","WNE, WE","Senegal","14°45'00,000N","16°51'00,000W","working farm","Alley cropping","WNE + WE",TRUE,TRUE,FALSE
"654","1702",2,1,1,0,0,0,1,2,"WE","WNE, WE","Senegal","14°45'00,000N","16°51'00,000W","working farm","Alley cropping","WNE + WE",TRUE,TRUE,FALSE
"655","1703",2,1,1,0,0,0,1,2,"WE","WNE, WE","Senegal","14°45'00,000N","16°51'00,000W","working farm","Alley cropping","WNE + WE",TRUE,TRUE,FALSE
"656","1704",3,1,0,2,0,1,3,1,"HE","HE, WE","China","31°04'00,000N","110°41'00,000E","experimental site","Alley cropping","Edible only",FALSE,TRUE,TRUE
"657","1705",3,1,0,2,0,1,3,1,"HE","HE, WE","China","31°04'00,000N","110°41'00,000E","experimental site","Alley cropping","Edible only",FALSE,TRUE,TRUE
"658","1706",3,1,0,2,0,1,3,1,"HE","HE, WE","China","31°04'00,000N","110°41'00,000E","experimental site","Alley cropping","Edible only",FALSE,TRUE,TRUE
"659","1707",2,1,0,1,0,1,2,1,"HE","HE, WE","China","31°04'00,000N","110°41'00,000E","experimental site","Alley cropping","Edible only",FALSE,TRUE,TRUE
"660","1708",2,1,0,1,0,1,2,1,"HE","HE, WE","China","31°04'00,000N","110°41'00,000E","experimental site","Alley cropping","Edible only",FALSE,TRUE,TRUE
"661","1709",2,1,0,1,0,1,2,1,"HE","HE, WE","China","31°04'00,000N","110°41'00,000E","experimental site","Alley cropping","Edible only",FALSE,TRUE,TRUE
"662","171",9,0,1,6,2,0,6,1,"HE","HNE, WNE, HE","USA","33°57'00,000N","83°19'00,000W","experimental site","Alley cropping","WNE + HE",TRUE,FALSE,TRUE
"663","1710",2,1,0,0,1,1,1,1,"WE","HNE, WE","China","31°04'00,000N","110°41'00,000E","experimental site","Alley cropping","Edible only",FALSE,TRUE,FALSE
"664","1711",2,1,0,0,1,1,1,1,"WE","HNE, WE","China","31°04'00,000N","110°41'00,000E","experimental site","Alley cropping","Edible only",FALSE,TRUE,FALSE
"665","1712",2,1,0,0,1,1,1,1,"WE","HNE, WE","China","31°04'00,000N","110°41'00,000E","experimental site","Alley cropping","Edible only",FALSE,TRUE,FALSE
"666","1713",5,1,2,1,1,2,2,3,"WNE","HNE, WNE, HE, WE","Brazil","13°09'29,400S","60°37'50,600W","experimental site","Alley cropping","Multi-type",TRUE,TRUE,TRUE
"667","1714",5,1,2,1,1,2,2,3,"WNE","HNE, WNE, HE, WE","Brazil","13°09'29,400S","60°37'50,600W","experimental site","Alley cropping","Multi-type",TRUE,TRUE,TRUE
"668","1716",3,1,1,0,1,1,1,2,"WE","HNE, WNE, WE","Brazil","13°09'29,400S","60°37'50,600W","experimental site","Alley cropping","WNE + WE",TRUE,TRUE,FALSE
"669","1717",3,1,1,0,1,1,1,2,"WE","HNE, WNE, WE","Brazil","13°09'29,400S","60°37'50,600W","experimental site","Alley cropping","WNE + WE",TRUE,TRUE,FALSE
"670","1718",3,1,1,0,1,1,1,2,"WE","HNE, WNE, WE","Brazil","13°09'29,400S","60°37'50,600W","experimental site","Alley cropping","WNE + WE",TRUE,TRUE,FALSE
"671","1719",10,3,4,1,2,0,4,7,"WNE","HNE, WNE, HE, WE","USA","38°89'00,000N","92°21'00,000W","experimental site","Hedgerows","Multi-type",TRUE,TRUE,TRUE
"672","172",9,0,1,6,2,0,6,1,"HE","HNE, WNE, HE","USA","33°57'00,000N","83°19'00,000W","experimental site","Alley cropping","WNE + HE",TRUE,FALSE,TRUE
"673","1720",10,3,4,1,2,0,4,7,"WNE","HNE, WNE, HE, WE","USA","38°89'00,000N","92°21'00,000W","experimental site","Hedgerows","Multi-type",TRUE,TRUE,TRUE
"674","1721",13,1,0,1,11,0,2,1,"HE","HNE, HE, WE","USA","38°89'00,000N","92°21'00,000W","experimental site",NA,"Edible only",FALSE,TRUE,TRUE
"675","1722",10,3,4,1,2,0,4,7,"WNE","HNE, WNE, HE, WE","USA","38°89'00,000N","92°21'00,000W","experimental site","Hedgerows","Multi-type",TRUE,TRUE,TRUE
"676","1723",10,3,4,1,2,0,4,7,"WNE","HNE, WNE, HE, WE","USA","38°89'00,000N","92°21'00,000W","experimental site","Hedgerows","Multi-type",TRUE,TRUE,TRUE
"677","1724",13,1,0,1,11,0,2,1,"HE","HNE, HE, WE","USA","38°89'00,000N","92°21'00,000W","experimental site",NA,"Edible only",FALSE,TRUE,TRUE
"678","1725",3,1,2,0,0,1,1,3,"WNE","WNE, WE","Costa Rica","9°53'00,000N","83°38'00,000W","working farm","Multi-strata systems","WNE + WE",TRUE,TRUE,FALSE
"679","1726",2,0,1,1,0,0,1,1,"HE","WNE, HE","China","31°41'00,000N","103°53'00,000E","experimental site","Alley cropping","WNE + HE",TRUE,FALSE,TRUE
"680","1727",2,0,1,1,0,0,1,1,"HE","WNE, HE","China","31°41'00,000N","103°53'00,000E","experimental site","Alley cropping","WNE + HE",TRUE,FALSE,TRUE
"681","1728",2,0,1,1,0,0,1,1,"HE","WNE, HE","China","31°41'00,000N","103°53'00,000E","experimental site","Alley cropping","WNE + HE",TRUE,FALSE,TRUE
"682","1729",2,0,1,1,0,0,1,1,"HE","WNE, HE","Brazil","25°06'19,000S","50°02'38,000W","experimental site","Alley cropping","WNE + HE",TRUE,FALSE,TRUE
"683","173",9,0,1,6,2,0,6,1,"HE","HNE, WNE, HE","USA","33°57'00,000N","83°19'00,000W","experimental site","Alley cropping","WNE + HE",TRUE,FALSE,TRUE
"684","1730",2,0,1,1,0,0,1,1,"HE","WNE, HE","Brazil","25°06'19,000S","50°02'38,000W","experimental site","Alley cropping","WNE + HE",TRUE,FALSE,TRUE
"685","1731",2,0,1,1,0,0,1,1,"HE","WNE, HE","Brazil","25°06'19,000S","50°02'38,000W","experimental site","Alley cropping","WNE + HE",TRUE,FALSE,TRUE
"686","1732",2,0,1,1,0,0,1,1,"HE","WNE, HE","Brazil","25°06'19,000S","50°02'38,000W","experimental site","Alley cropping","WNE + HE",TRUE,FALSE,TRUE
"687","1733",2,0,1,1,0,0,1,1,"HE","WNE, HE","Brazil","25°06'19,000S","50°02'38,000W","experimental site","Alley cropping","WNE + HE",TRUE,FALSE,TRUE
"688","1734",2,0,1,1,0,0,1,1,"HE","WNE, HE","Brazil","25°06'19,000S","50°02'38,000W","experimental site","Alley cropping","WNE + HE",TRUE,FALSE,TRUE
"689","1735",2,0,1,1,0,0,1,1,"HE","WNE, HE","Brazil","25°06'19,000S","50°02'38,000W","experimental site","Alley cropping","WNE + HE",TRUE,FALSE,TRUE
"690","1736",2,0,1,1,0,0,1,1,"HE","WNE, HE","Brazil","25°06'19,000S","50°02'38,000W","experimental site","Alley cropping","WNE + HE",TRUE,FALSE,TRUE
"691","1737",2,0,1,1,0,0,1,1,"HE","WNE, HE","Brazil","25°06'19,000S","50°02'38,000W","experimental site","Alley cropping","WNE + HE",TRUE,FALSE,TRUE
"692","1738",2,0,1,1,0,0,1,1,"HE","WNE, HE","Brazil","25°06'19,000S","50°02'38,000W","experimental site","Alley cropping","WNE + HE",TRUE,FALSE,TRUE
"693","1739",2,2,0,0,0,1,2,2,"WE","WE","Brazil","20°45'00,000S","41°47'00,000W","experimental site","Alley cropping","Edible only",FALSE,TRUE,FALSE
"694","174",9,0,1,6,2,0,6,1,"HE","HNE, WNE, HE","USA","33°57'00,000N","83°19'00,000W","experimental site","Alley cropping","WNE + HE",TRUE,FALSE,TRUE
"695","1740",2,2,0,0,0,1,2,2,"WE","WE","Brazil","20°45'00,000S","41°47'00,000W","experimental site","Alley cropping","Edible only",FALSE,TRUE,FALSE
"696","1741",2,1,1,0,0,1,1,2,"WE","WNE, WE","Brazil","20°45'00,000S","41°47'00,000W","experimental site","Alley cropping","WNE + WE",TRUE,TRUE,FALSE
"697","1742",2,1,1,0,0,1,1,2,"WE","WNE, WE","Brazil","20°45'00,000S","41°47'00,000W","experimental site","Alley cropping","WNE + WE",TRUE,TRUE,FALSE
"698","1743",2,1,0,1,0,1,2,1,"HE","HE, WE","Brazil","20°45'00,000S","41°47'00,000W","experimental site","Alley cropping","Edible only",FALSE,TRUE,TRUE
"699","1744",2,1,0,1,0,1,2,1,"HE","HE, WE","Brazil","20°45'00,000S","41°47'00,000W","experimental site","Alley cropping","Edible only",FALSE,TRUE,TRUE
"700","1745",2,2,0,0,0,1,2,2,"WE","WE","Brazil","20°45'00,000S","41°47'00,000W","experimental site","Alley cropping","Edible only",FALSE,TRUE,FALSE
"701","1746",2,2,0,0,0,1,2,2,"WE","WE","Brazil","20°45'00,000S","41°47'00,000W","experimental site","Alley cropping","Edible only",FALSE,TRUE,FALSE
"702","175",9,0,1,6,2,0,6,1,"HE","HNE, WNE, HE","USA","33°57'00,000N","83°19'00,000W","experimental site","Alley cropping","WNE + HE",TRUE,FALSE,TRUE
"703","1759",2,2,0,0,0,1,2,2,"WE","WE","China","31°01'00,000N","115°53'00,000E","experimental site","Alley cropping","Edible only",FALSE,TRUE,FALSE
"704","176",9,0,1,6,2,0,6,1,"HE","HNE, WNE, HE","USA","33°57'00,000N","83°19'00,000W","experimental site","Alley cropping","WNE + HE",TRUE,FALSE,TRUE
"705","1760",2,2,0,0,0,1,2,2,"WE","WE","China","31°01'00,000N","115°53'00,000E","experimental site","Alley cropping","Edible only",FALSE,TRUE,FALSE
"706","1761",3,0,2,1,0,0,1,2,"WNE","WNE, HE","Kazakhstan","42°38'00,000N","75°66'00,000E","working farm","Hedgerows","WNE + HE",TRUE,FALSE,TRUE
"707","1762",3,0,2,1,0,0,1,2,"WNE","WNE, HE","Kazakhstan","42°38'00,000N","75°66'00,000E","working farm","Hedgerows","WNE + HE",TRUE,FALSE,TRUE
"708","1763",3,0,2,1,0,0,1,2,"WNE","WNE, HE","Kazakhstan","42°38'00,000N","75°66'00,000E","working farm","Hedgerows","WNE + HE",TRUE,FALSE,TRUE
"709","1764",3,0,2,1,0,0,1,2,"WNE","WNE, HE","Kazakhstan","42°38'00,000N","75°66'00,000E","working farm","Hedgerows","WNE + HE",TRUE,FALSE,TRUE
"710","1765",3,1,2,0,0,0,1,3,"WNE","WNE, WE","Kazakhstan","42°38'00,000N","75°66'00,000E","working farm","Hedgerows","WNE + WE",TRUE,TRUE,FALSE
"711","1766",14,4,9,1,0,1,5,13,"WNE","WNE, HE, WE","Bolivia","15°27'36,600S","67°28'20,650W","experimental site","Multi-strata systems","Multi-type",TRUE,TRUE,TRUE
"712","1767",14,4,9,1,0,1,5,13,"WNE","WNE, HE, WE","Bolivia","15°27'36,600S","67°28'20,650W","experimental site","Multi-strata systems","Multi-type",TRUE,TRUE,TRUE
"713","1768",44,16,20,8,0,4,24,36,"WNE","WNE, HE, WE","Bolivia","15°27'36,600S","67°28'20,650W","experimental site","Multi-strata systems","Multi-type",TRUE,TRUE,TRUE
"714","1769",14,4,9,1,0,1,5,13,"WNE","WNE, HE, WE","Bolivia","15°27'36,600S","67°28'20,650W","experimental site","Multi-strata systems","Multi-type",TRUE,TRUE,TRUE
"715","177",9,0,1,6,2,0,6,1,"HE","HNE, WNE, HE","USA","33°57'00,000N","83°19'00,000W","experimental site","Alley cropping","WNE + HE",TRUE,FALSE,TRUE
"716","1770",14,4,9,1,0,1,5,13,"WNE","WNE, HE, WE","Bolivia","15°27'36,600S","67°28'20,650W","experimental site","Multi-strata systems","Multi-type",TRUE,TRUE,TRUE
"717","1771",44,16,20,8,0,4,24,36,"WNE","WNE, HE, WE","Bolivia","15°27'36,600S","67°28'20,650W","experimental site","Multi-strata systems","Multi-type",TRUE,TRUE,TRUE
"718","1772",14,4,9,1,0,1,5,13,"WNE","WNE, HE, WE","Bolivia","15°27'36,600S","67°28'20,650W","experimental site","Multi-strata systems","Multi-type",TRUE,TRUE,TRUE
"719","1773",14,4,9,1,0,1,5,13,"WNE","WNE, HE, WE","Bolivia","15°27'36,600S","67°28'20,650W","experimental site","Multi-strata systems","Multi-type",TRUE,TRUE,TRUE
"720","1774",44,16,20,8,0,4,24,36,"WNE","WNE, HE, WE","Bolivia","15°27'36,600S","67°28'20,650W","experimental site","Multi-strata systems","Multi-type",TRUE,TRUE,TRUE
"721","1775",2,0,1,1,0,0,1,1,"HE","WNE, HE","China","31°41'00,000N","103°53'00,000E","experimental site","Alley cropping","WNE + HE",TRUE,FALSE,TRUE
"722","1776",2,0,1,1,0,0,1,1,"HE","WNE, HE","China","31°41'00,000N","103°53'00,000E","experimental site","Alley cropping","WNE + HE",TRUE,FALSE,TRUE
"723","178",9,0,1,6,2,0,6,1,"HE","HNE, WNE, HE","USA","33°57'00,000N","83°19'00,000W","experimental site","Alley cropping","WNE + HE",TRUE,FALSE,TRUE
"724","1783",2,1,1,0,0,0,1,2,"WE","WNE, WE","Brazil","15°17'20,440S","39°03'39,440W","working farm","Alley cropping","WNE + WE",TRUE,TRUE,FALSE
"725","1784",2,1,1,0,0,0,1,2,"WE","WNE, WE","Brazil","15°17'20,440S","39°03'39,440W","working farm","Alley cropping","WNE + WE",TRUE,TRUE,FALSE
"726","1785",2,1,1,0,0,0,1,2,"WE","WNE, WE","Brazil","15°17'20,440S","39°03'39,440W","working farm","Alley cropping","WNE + WE",TRUE,TRUE,FALSE
"727","1786",2,1,1,0,0,0,1,2,"WE","WNE, WE","Brazil","15°17'20,440S","39°03'39,440W","working farm","Alley cropping","WNE + WE",TRUE,TRUE,FALSE
"728","1787",2,1,1,0,0,0,1,2,"WE","WNE, WE","Brazil","15°17'20,440S","39°03'39,440W","working farm","Alley cropping","WNE + WE",TRUE,TRUE,FALSE
"729","1788",2,1,1,0,0,0,1,2,"WE","WNE, WE","Brazil","15°17'20,440S","39°03'39,440W","working farm","Alley cropping","WNE + WE",TRUE,TRUE,FALSE
"730","1789",2,1,1,0,0,0,1,2,"WE","WNE, WE","Brazil","15°17'20,440S","39°03'39,440W","working farm","Alley cropping","WNE + WE",TRUE,TRUE,FALSE
"731","179",9,0,1,6,2,0,6,1,"HE","HNE, WNE, HE","USA","33°57'00,000N","83°19'00,000W","experimental site","Alley cropping","WNE + HE",TRUE,FALSE,TRUE
"732","1790",2,1,1,0,0,0,1,2,"WE","WNE, WE","Brazil","15°17'20,440S","39°03'39,440W","working farm","Alley cropping","WNE + WE",TRUE,TRUE,FALSE
"733","1791",2,1,1,0,0,0,1,2,"WE","WNE, WE","Brazil","15°17'20,440S","39°03'39,440W","working farm","Alley cropping","WNE + WE",TRUE,TRUE,FALSE
"734","1792",2,1,1,0,0,0,1,2,"WE","WNE, WE","Brazil","15°17'20,440S","39°03'39,440W","working farm","Alley cropping","WNE + WE",TRUE,TRUE,FALSE
"735","1793",2,1,1,0,0,0,1,2,"WE","WNE, WE","Brazil","15°17'20,440S","39°03'39,440W","working farm","Alley cropping","WNE + WE",TRUE,TRUE,FALSE
"736","1794",2,1,1,0,0,0,1,2,"WE","WNE, WE","Brazil","15°17'20,440S","39°03'39,440W","working farm","Alley cropping","WNE + WE",TRUE,TRUE,FALSE
"737","1795",2,1,1,0,0,1,1,2,"WE","WNE, WE","Brazil","15°17'20,440S","39°03'39,440W","working farm","Alley cropping","WNE + WE",TRUE,TRUE,FALSE
"738","1796",2,1,1,0,0,1,1,2,"WE","WNE, WE","Brazil","15°17'20,440S","39°03'39,440W","working farm","Alley cropping","WNE + WE",TRUE,TRUE,FALSE
"739","1797",2,1,1,0,0,1,1,2,"WE","WNE, WE","Brazil","15°17'20,440S","39°03'39,440W","working farm","Alley cropping","WNE + WE",TRUE,TRUE,FALSE
"740","1798",2,1,1,0,0,1,1,2,"WE","WNE, WE","Brazil","15°17'20,440S","39°03'39,440W","working farm","Alley cropping","WNE + WE",TRUE,TRUE,FALSE
"741","1799",2,1,1,0,0,1,1,2,"WE","WNE, WE","Brazil","15°17'20,440S","39°03'39,440W","working farm","Alley cropping","WNE + WE",TRUE,TRUE,FALSE
"742","18",3,1,0,2,0,0,3,1,"HE","HE, WE","India","17°20'00,000N","78°36'00,000E","experimental site","Alley cropping","Edible only",FALSE,TRUE,TRUE
"743","180",9,0,1,6,2,0,6,1,"HE","HNE, WNE, HE","USA","33°57'00,000N","83°19'00,000W","experimental site","Alley cropping","WNE + HE",TRUE,FALSE,TRUE
"744","1800",2,1,1,0,0,1,1,2,"WE","WNE, WE","Brazil","15°17'20,440S","39°03'39,440W","working farm","Alley cropping","WNE + WE",TRUE,TRUE,FALSE
"745","1801",2,1,1,0,0,1,1,2,"WE","WNE, WE","Brazil","15°17'20,440S","39°03'39,440W","working farm","Alley cropping","WNE + WE",TRUE,TRUE,FALSE
"746","1802",2,1,1,0,0,1,1,2,"WE","WNE, WE","Brazil","15°17'20,440S","39°03'39,440W","working farm","Alley cropping","WNE + WE",TRUE,TRUE,FALSE
"747","1803",2,1,1,0,0,1,1,2,"WE","WNE, WE","Brazil","15°17'20,440S","39°03'39,440W","working farm","Alley cropping","WNE + WE",TRUE,TRUE,FALSE
"748","1804",2,1,1,0,0,1,1,2,"WE","WNE, WE","Brazil","15°17'20,440S","39°03'39,440W","working farm","Alley cropping","WNE + WE",TRUE,TRUE,FALSE
"749","1805",2,1,1,0,0,1,1,2,"WE","WNE, WE","Brazil","15°17'20,440S","39°03'39,440W","working farm","Alley cropping","WNE + WE",TRUE,TRUE,FALSE
"750","1806",2,1,1,0,0,1,1,2,"WE","WNE, WE","Brazil","15°17'20,440S","39°03'39,440W","working farm","Alley cropping","WNE + WE",TRUE,TRUE,FALSE
"751","1807",2,1,1,0,0,1,1,2,"WE","WNE, WE","Brazil","15°17'20,440S","39°03'39,440W","working farm","Alley cropping","WNE + WE",TRUE,TRUE,FALSE
"752","1808",2,1,1,0,0,1,1,2,"WE","WNE, WE","Brazil","15°17'20,440S","39°03'39,440W","working farm","Alley cropping","WNE + WE",TRUE,TRUE,FALSE
"753","1809",2,1,1,0,0,1,1,2,"WE","WNE, WE","Brazil","15°17'20,440S","39°03'39,440W","working farm","Alley cropping","WNE + WE",TRUE,TRUE,FALSE
"754","181",2,0,1,1,0,0,1,1,"HE","WNE, HE","Sudan","13°16'00,000N","3°29'00,000E","experimental site","Alley cropping","WNE + HE",TRUE,FALSE,TRUE
"755","1810",2,1,1,0,0,1,1,2,"WE","WNE, WE","Brazil","15°17'20,440S","39°03'39,440W","working farm","Alley cropping","WNE + WE",TRUE,TRUE,FALSE
"756","1811",7,3,3,1,0,1,4,6,"WE","WNE, HE, WE","Puerto Rico",NA,NA,"working farm","Alley cropping","Multi-type",TRUE,TRUE,TRUE
"757","1812",7,3,3,1,0,1,4,6,"WE","WNE, HE, WE","Puerto Rico",NA,NA,"working farm","Alley cropping","Multi-type",TRUE,TRUE,TRUE
"758","1813",2,1,0,1,0,1,2,1,"HE","HE, WE","Egypt",NA,NA,"experimental site","Alley cropping","Edible only",FALSE,TRUE,TRUE
"759","1814",2,0,1,1,0,1,1,1,"HE","WNE, HE","Indonesia","8°01'01,615S","110°29’49,002E","experimental site","Alley cropping","WNE + HE",TRUE,FALSE,TRUE
"760","1815",2,0,1,1,0,1,1,1,"HE","WNE, HE","Indonesia","8°01'01,615S","110°29’49,002E","experimental site","Alley cropping","WNE + HE",TRUE,FALSE,TRUE
"761","1816",2,0,1,1,0,1,1,1,"HE","WNE, HE","Indonesia","8°01'01,615S","110°29’49,002E","experimental site","Alley cropping","WNE + HE",TRUE,FALSE,TRUE
"762","1817",2,0,1,1,0,1,1,1,"HE","WNE, HE","Indonesia","8°01'01,615S","110°29’49,002E","experimental site","Alley cropping","WNE + HE",TRUE,FALSE,TRUE
"763","1818",2,0,1,1,0,1,1,1,"HE","WNE, HE","Indonesia","8°01'01,615S","110°29’49,002E","experimental site","Alley cropping","WNE + HE",TRUE,FALSE,TRUE
"764","1819",2,0,1,1,0,1,1,1,"HE","WNE, HE","Indonesia","8°01'01,615S","110°29’49,002E","experimental site","Alley cropping","WNE + HE",TRUE,FALSE,TRUE
"765","182",2,0,1,1,0,0,1,1,"HE","WNE, HE","Sudan","13°16'00,000N","3°29'00,000E","experimental site","Alley cropping","WNE + HE",TRUE,FALSE,TRUE
"766","1820",2,0,1,1,0,1,1,1,"HE","WNE, HE","Indonesia","8°01'01,615S","110°29’49,002E","experimental site","Alley cropping","WNE + HE",TRUE,FALSE,TRUE
"767","1821",2,0,1,1,0,1,1,1,"HE","WNE, HE","Indonesia","8°01'01,615S","110°29’49,002E","experimental site","Alley cropping","WNE + HE",TRUE,FALSE,TRUE
"768","1822",2,1,1,0,0,0,1,2,"WE","WNE, WE","Germany","49°37'00,000N","6°32'00,000E","experimental site","Alley cropping","WNE + WE",TRUE,TRUE,FALSE
"769","1823",2,1,1,0,0,0,1,2,"WE","WNE, WE","Germany","49°37'00,000N","6°32'00,000E","experimental site","Alley cropping","WNE + WE",TRUE,TRUE,FALSE
"770","1824",2,1,1,0,0,0,1,2,"WE","WNE, WE","Germany","49°37'00,000N","6°32'00,000E","experimental site","Alley cropping","WNE + WE",TRUE,TRUE,FALSE
"771","1825",2,1,1,0,0,0,1,2,"WE","WNE, WE","Germany","49°37'00,000N","6°32'00,000E","experimental site","Alley cropping","WNE + WE",TRUE,TRUE,FALSE
"772","1826",2,1,1,0,0,0,1,2,"WE","WNE, WE","Germany","49°37'00,000N","6°32'00,000E","experimental site","Alley cropping","WNE + WE",TRUE,TRUE,FALSE
"773","1827",2,1,1,0,0,0,1,2,"WE","WNE, WE","Germany","49°37'00,000N","6°32'00,000E","experimental site","Alley cropping","WNE + WE",TRUE,TRUE,FALSE
"774","1828",2,1,1,0,0,0,1,2,"WE","WNE, WE","Germany","49°37'00,000N","6°32'00,000E","experimental site","Alley cropping","WNE + WE",TRUE,TRUE,FALSE
"775","1829",2,1,1,0,0,0,1,2,"WE","WNE, WE","Germany","49°37'00,000N","6°32'00,000E","experimental site","Alley cropping","WNE + WE",TRUE,TRUE,FALSE
"776","183",2,0,1,1,0,0,1,1,"HE","WNE, HE","Sudan","13°16'00,000N","3°29'00,000E","experimental site","Alley cropping","WNE + HE",TRUE,FALSE,TRUE
"777","1830",2,1,1,0,0,1,1,2,"WE","WNE, WE","Ghana","6°36'37,000N","0°58'10,000W","experimental site","Multi-strata systems","WNE + WE",TRUE,TRUE,FALSE
"778","1831",2,1,1,0,0,1,1,2,"WE","WNE, WE","Ghana","6°36'37,000N","0°58'10,000W","experimental site","Multi-strata systems","WNE + WE",TRUE,TRUE,FALSE
"779","1832",2,1,1,0,0,1,1,2,"WE","WNE, WE","Ghana","6°36'37,000N","0°58'10,000W","experimental site","Multi-strata systems","WNE + WE",TRUE,TRUE,FALSE
"780","1833",2,1,1,0,0,1,1,2,"WE","WNE, WE","Ghana","6°36'37,000N","0°58'10,000W","experimental site","Multi-strata systems","WNE + WE",TRUE,TRUE,FALSE
"781","1834",2,1,1,0,0,1,1,2,"WE","WNE, WE","Ghana","6°36'37,000N","0°58'10,000W","experimental site","Multi-strata systems","WNE + WE",TRUE,TRUE,FALSE
"782","1835",2,1,1,0,0,1,1,2,"WE","WNE, WE","Ghana","6°36'37,000N","0°58'10,000W","experimental site","Multi-strata systems","WNE + WE",TRUE,TRUE,FALSE
"783","1836",2,0,1,1,0,0,1,1,"HE","WNE, HE","China","31°41'00,000N","103°53'00,000E","experimental site","Alley cropping","WNE + HE",TRUE,FALSE,TRUE
"784","1837",2,0,1,1,0,0,1,1,"HE","WNE, HE","China","31°41'00,000N","103°53'00,000E","experimental site","Alley cropping","WNE + HE",TRUE,FALSE,TRUE
"785","1838",2,0,1,1,0,0,1,1,"HE","WNE, HE","China","31°41'00,000N","103°53'00,000E","experimental site","Alley cropping","WNE + HE",TRUE,FALSE,TRUE
"786","1839",2,0,1,1,0,0,1,1,"HE","WNE, HE","China","31°41'00,000N","103°53'00,000E","experimental site","Alley cropping","WNE + HE",TRUE,FALSE,TRUE
"787","184",2,0,1,1,0,0,1,1,"HE","WNE, HE","Sudan","13°16'00,000N","3°29'00,000E","experimental site","Alley cropping","WNE + HE",TRUE,FALSE,TRUE
"788","185",2,0,1,1,0,0,1,1,"HE","WNE, HE","Sudan","13°16'00,000N","3°29'00,000E","experimental site","Alley cropping","WNE + HE",TRUE,FALSE,TRUE
"789","1852",3,1,0,2,0,1,3,1,"HE","HE, WE","India","31°31'46,000N","75°55'12,000E","working farm","Alley cropping","Edible only",FALSE,TRUE,TRUE
"790","1853",3,0,1,2,0,0,2,1,"HE","WNE, HE","India","31°31'46,000N","75°55'12,000E","working farm","Alley cropping","WNE + HE",TRUE,FALSE,TRUE
"791","1854",3,0,1,2,0,0,2,1,"HE","WNE, HE","India","31°31'46,000N","75°55'12,000E","working farm","Alley cropping","WNE + HE",TRUE,FALSE,TRUE
"792","1855",2,1,1,0,0,0,1,2,"WE","WNE, WE","South Africa","33°49'27,690S","18°55'19,380E","working farm","Hedgerows","WNE + WE",TRUE,TRUE,FALSE
"793","1856",6,5,1,0,0,1,5,6,"WE","WNE, WE","Indonesia","3.53340","97.99727","working farm","Multi-strata systems","WNE + WE",TRUE,TRUE,FALSE
"794","1857",2,0,1,1,0,0,1,1,"HE","WNE, HE","India","30°48'47,220N","77°07'27,600E","experimental site","Parkland","WNE + HE",TRUE,FALSE,TRUE
"795","1858",2,0,1,1,0,0,1,1,"HE","WNE, HE","India","30°48'47,220N","77°07'27,600E","experimental site","Parkland","WNE + HE",TRUE,FALSE,TRUE
"796","1859",2,0,1,1,0,0,1,1,"HE","WNE, HE","India","30°48'47,220N","77°07'27,600E","experimental site","Parkland","WNE + HE",TRUE,FALSE,TRUE
"797","186",2,0,1,1,0,0,1,1,"HE","WNE, HE","Sudan","13°16'00,000N","3°29'00,000E","experimental site","Alley cropping","WNE + HE",TRUE,FALSE,TRUE
"798","1860",2,0,1,1,0,0,1,1,"HE","WNE, HE","India","30°48'47,220N","77°07'27,600E","experimental site","Parkland","WNE + HE",TRUE,FALSE,TRUE
"799","1861",2,0,1,1,0,0,1,1,"HE","WNE, HE","India","30°48'47,220N","77°07'27,600E","experimental site","Parkland","WNE + HE",TRUE,FALSE,TRUE
"800","1862",2,0,1,1,0,0,1,1,"HE","WNE, HE","India","30°48'47,220N","77°07'27,600E","experimental site","Parkland","WNE + HE",TRUE,FALSE,TRUE
"801","1863",2,0,1,1,0,0,1,1,"HE","WNE, HE","India","30°48'47,220N","77°07'27,600E","experimental site","Parkland","WNE + HE",TRUE,FALSE,TRUE
"802","1864",2,0,1,1,0,0,1,1,"HE","WNE, HE","India","30°48'47,220N","77°07'27,600E","experimental site","Parkland","WNE + HE",TRUE,FALSE,TRUE
"803","1865",2,0,1,1,0,0,1,1,"HE","WNE, HE","India","30°48'47,220N","77°07'27,600E","experimental site","Parkland","WNE + HE",TRUE,FALSE,TRUE
"804","1866",3,2,0,1,0,0,3,2,"WE","HE, WE","Bangladesh","24°04'00,000N","90°50'00,000E","working farm","Multi-strata systems","Edible only",FALSE,TRUE,TRUE
"805","1867",3,2,0,1,0,0,3,2,"WE","HE, WE","Bangladesh","24°04'00,000N","90°50'00,000E","working farm","Multi-strata systems","Edible only",FALSE,TRUE,TRUE
"806","1868",3,2,0,1,0,0,3,2,"WE","HE, WE","Bangladesh","24°04'00,000N","90°50'00,000E","working farm","Multi-strata systems","Edible only",FALSE,TRUE,TRUE
"807","1869",3,2,0,1,0,0,3,2,"WE","HE, WE","Bangladesh","24°04'00,000N","90°50'00,000E","working farm","Multi-strata systems","Edible only",FALSE,TRUE,TRUE
"808","187",2,1,1,0,0,1,1,2,"WE","WNE, WE","Indonesia","1°30'24,000S","120°02'11,000E","Large areas","Multi-strata systems","WNE + WE",TRUE,TRUE,FALSE
"809","1870",3,2,0,1,0,0,3,2,"WE","HE, WE","Bangladesh","24°04'00,000N","90°50'00,000E","working farm","Multi-strata systems","Edible only",FALSE,TRUE,TRUE
"810","1871",3,2,0,1,0,0,3,2,"WE","HE, WE","Bangladesh","24°04'00,000N","90°50'00,000E","working farm","Multi-strata systems","Edible only",FALSE,TRUE,TRUE
"811","1872",3,2,0,1,0,0,3,2,"WE","HE, WE","Bangladesh","24°04'00,000N","90°50'00,000E","working farm","Multi-strata systems","Edible only",FALSE,TRUE,TRUE
"812","1873",3,2,0,1,0,0,3,2,"WE","HE, WE","Bangladesh","24°04'00,000N","90°50'00,000E","working farm","Multi-strata systems","Edible only",FALSE,TRUE,TRUE
"813","1874",3,2,0,1,0,0,3,2,"WE","HE, WE","Bangladesh","24°04'00,000N","90°50'00,000E","working farm","Multi-strata systems","Edible only",FALSE,TRUE,TRUE
"814","1875",3,2,0,1,0,0,3,2,"WE","HE, WE","Bangladesh","24°04'00,000N","90°50'00,000E","working farm","Multi-strata systems","Edible only",FALSE,TRUE,TRUE
"815","1876",3,2,0,1,0,0,3,2,"WE","HE, WE","Bangladesh","24°04'00,000N","90°50'00,000E","working farm","Multi-strata systems","Edible only",FALSE,TRUE,TRUE
"816","1877",3,2,0,1,0,0,3,2,"WE","HE, WE","Bangladesh","24°04'00,000N","90°50'00,000E","working farm","Multi-strata systems","Edible only",FALSE,TRUE,TRUE
"817","1878",3,2,0,1,0,1,3,2,"WE","HE, WE","Bangladesh","24°04'00,000N","90°50'00,000E","working farm","Multi-strata systems","Edible only",FALSE,TRUE,TRUE
"818","1879",3,2,0,1,0,1,3,2,"WE","HE, WE","Bangladesh","24°04'00,000N","90°50'00,000E","working farm","Multi-strata systems","Edible only",FALSE,TRUE,TRUE
"819","188",2,1,1,0,0,1,1,2,"WE","WNE, WE","Indonesia","1°30'24,000S","120°02'11,000E","Large areas","Multi-strata systems","WNE + WE",TRUE,TRUE,FALSE
"820","1880",3,2,0,1,0,1,3,2,"WE","HE, WE","Bangladesh","24°04'00,000N","90°50'00,000E","working farm","Multi-strata systems","Edible only",FALSE,TRUE,TRUE
"821","1881",3,2,0,1,0,1,3,2,"WE","HE, WE","Bangladesh","24°04'00,000N","90°50'00,000E","working farm","Multi-strata systems","Edible only",FALSE,TRUE,TRUE
"822","1882",3,2,0,1,0,1,3,2,"WE","HE, WE","Bangladesh","24°04'00,000N","90°50'00,000E","working farm","Multi-strata systems","Edible only",FALSE,TRUE,TRUE
"823","1883",3,2,0,1,0,1,3,2,"WE","HE, WE","Bangladesh","24°04'00,000N","90°50'00,000E","working farm","Multi-strata systems","Edible only",FALSE,TRUE,TRUE
"824","1884",3,2,0,1,0,1,3,2,"WE","HE, WE","Bangladesh","24°04'00,000N","90°50'00,000E","working farm","Multi-strata systems","Edible only",FALSE,TRUE,TRUE
"825","1885",3,2,0,1,0,1,3,2,"WE","HE, WE","Bangladesh","24°04'00,000N","90°50'00,000E","working farm","Multi-strata systems","Edible only",FALSE,TRUE,TRUE
"826","1886",3,2,0,1,0,1,3,2,"WE","HE, WE","Bangladesh","24°04'00,000N","90°50'00,000E","working farm","Multi-strata systems","Edible only",FALSE,TRUE,TRUE
"827","1887",3,2,0,1,0,1,3,2,"WE","HE, WE","Bangladesh","24°04'00,000N","90°50'00,000E","working farm","Multi-strata systems","Edible only",FALSE,TRUE,TRUE
"828","1888",3,2,0,1,0,1,3,2,"WE","HE, WE","Bangladesh","24°04'00,000N","90°50'00,000E","working farm","Multi-strata systems","Edible only",FALSE,TRUE,TRUE
"829","1889",3,2,0,1,0,1,3,2,"WE","HE, WE","Bangladesh","24°04'00,000N","90°50'00,000E","working farm","Multi-strata systems","Edible only",FALSE,TRUE,TRUE
"830","189",2,1,1,0,0,1,1,2,"WE","WNE, WE","Indonesia","1°30'24,000S","120°02'11,000E","Large areas","Multi-strata systems","WNE + WE",TRUE,TRUE,FALSE
"831","1890",3,2,0,1,0,1,3,2,"WE","HE, WE","Bangladesh","24°04'00,000N","90°50'00,000E","working farm","Multi-strata systems","Edible only",FALSE,TRUE,TRUE
"832","1891",3,2,0,1,0,1,3,2,"WE","HE, WE","Bangladesh","24°04'00,000N","90°50'00,000E","working farm","Multi-strata systems","Edible only",FALSE,TRUE,TRUE
"833","1892",3,2,0,1,0,1,3,2,"WE","HE, WE","Bangladesh","24°04'00,000N","90°50'00,000E","working farm","Multi-strata systems","Edible only",FALSE,TRUE,TRUE
"834","1893",3,2,0,1,0,1,3,2,"WE","HE, WE","Bangladesh","24°04'00,000N","90°50'00,000E","working farm","Multi-strata systems","Edible only",FALSE,TRUE,TRUE
"835","1894",3,2,0,1,0,1,3,2,"WE","HE, WE","Bangladesh","24°04'00,000N","90°50'00,000E","working farm","Multi-strata systems","Edible only",FALSE,TRUE,TRUE
"836","1895",3,2,0,1,0,1,3,2,"WE","HE, WE","Bangladesh","24°04'00,000N","90°50'00,000E","working farm","Multi-strata systems","Edible only",FALSE,TRUE,TRUE
"837","1896",3,2,0,1,0,1,3,2,"WE","HE, WE","Bangladesh","24°04'00,000N","90°50'00,000E","working farm","Multi-strata systems","Edible only",FALSE,TRUE,TRUE
"838","1897",3,2,0,1,0,1,3,2,"WE","HE, WE","Bangladesh","24°04'00,000N","90°50'00,000E","working farm","Multi-strata systems","Edible only",FALSE,TRUE,TRUE
"839","1898",3,2,0,1,0,1,3,2,"WE","HE, WE","Bangladesh","24°04'00,000N","90°50'00,000E","working farm","Multi-strata systems","Edible only",FALSE,TRUE,TRUE
"840","1899",3,2,0,1,0,1,3,2,"WE","HE, WE","Bangladesh","24°04'00,000N","90°50'00,000E","working farm","Multi-strata systems","Edible only",FALSE,TRUE,TRUE
"841","19",3,1,0,2,0,0,3,1,"HE","HE, WE","India","17°20'00,000N","78°36'00,000E","experimental site","Alley cropping","Edible only",FALSE,TRUE,TRUE
"842","190",3,1,1,1,0,1,2,2,"HE","WNE, HE, WE","Indonesia","1°30'24,000S","120°02'11,000E","Large areas","Other/unknown","Multi-type",TRUE,TRUE,TRUE
"843","1900",3,2,0,1,0,1,3,2,"WE","HE, WE","Bangladesh","24°04'00,000N","90°50'00,000E","working farm","Multi-strata systems","Edible only",FALSE,TRUE,TRUE
"844","1901",3,2,0,1,0,1,3,2,"WE","HE, WE","Bangladesh","24°04'00,000N","90°50'00,000E","working farm","Multi-strata systems","Edible only",FALSE,TRUE,TRUE
"845","1902",2,2,0,0,0,0,2,2,"WE","WE","Chile","35°12'00,000S","71°06'00,000W","experimental site","Alley cropping","Edible only",FALSE,TRUE,FALSE
"846","1903",2,2,0,0,0,0,2,2,"WE","WE","Chile","35°12'00,000S","71°06'00,000W","experimental site","Alley cropping","Edible only",FALSE,TRUE,FALSE
"847","1904",3,2,1,0,0,0,2,3,"WE","WNE, WE","Chile","35°12'00,000S","71°06'00,000W","experimental site","Alley cropping","WNE + WE",TRUE,TRUE,FALSE
"848","1905",3,2,1,0,0,0,2,3,"WE","WNE, WE","Chile","35°12'00,000S","71°06'00,000W","experimental site","Alley cropping","WNE + WE",TRUE,TRUE,FALSE
"849","1906",3,3,0,0,0,0,3,3,"WE","WE","Chile","35°12'00,000S","71°06'00,000W","experimental site","Alley cropping","Edible only",FALSE,TRUE,FALSE
"850","1907",3,3,0,0,0,0,3,3,"WE","WE","Chile","35°12'00,000S","71°06'00,000W","experimental site","Alley cropping","Edible only",FALSE,TRUE,FALSE
"851","1908",3,2,0,0,1,0,2,2,"WE","HNE, WE","Chile","35°12'00,000S","71°06'00,000W","experimental site","Alley cropping","Edible only",FALSE,TRUE,FALSE
"852","1909",3,2,0,0,1,0,2,2,"WE","HNE, WE","Chile","35°12'00,000S","71°06'00,000W","experimental site","Alley cropping","Edible only",FALSE,TRUE,FALSE
"853","191",3,1,1,1,0,1,2,2,"HE","WNE, HE, WE","Indonesia","1°30'24,000S","120°02'11,000E","Large areas","Other/unknown","Multi-type",TRUE,TRUE,TRUE
"854","1910",3,3,0,0,0,0,3,3,"WE","WE","Chile","35°12'00,000S","71°06'00,000W","experimental site","Alley cropping","Edible only",FALSE,TRUE,FALSE
"855","1911",3,3,0,0,0,0,3,3,"WE","WE","Chile","35°12'00,000S","71°06'00,000W","experimental site","Alley cropping","Edible only",FALSE,TRUE,FALSE
"856","1912",3,0,1,2,0,0,2,1,"HE","WNE, HE","Brazil","4°00'58,000S","47°52'32,000W","working farm","Alley cropping","WNE + HE",TRUE,FALSE,TRUE
"857","1919",3,1,2,0,0,1,1,3,"WNE","WNE, WE","Nicaragua","11,897000°N","86,149000°W","experimental site","Alley cropping","WNE + WE",TRUE,TRUE,FALSE
"858","192",3,1,1,1,0,1,2,2,"HE","WNE, HE, WE","Indonesia","1°30'24,000S","120°02'11,000E","Large areas","Other/unknown","Multi-type",TRUE,TRUE,TRUE
"859","1920",3,1,2,0,0,1,1,3,"WNE","WNE, WE","Nicaragua","11,897000°N","86,149000°W","experimental site","Alley cropping","WNE + WE",TRUE,TRUE,FALSE
"860","1921",3,1,2,0,0,1,1,3,"WNE","WNE, WE","Nicaragua","11,897000°N","86,149000°W","experimental site","Alley cropping","WNE + WE",TRUE,TRUE,FALSE
"861","1922",3,1,2,0,0,1,1,3,"WNE","WNE, WE","Nicaragua","11,897000°N","86,149000°W","experimental site","Alley cropping","WNE + WE",TRUE,TRUE,FALSE
"862","1923",3,1,2,0,0,2,1,3,"WNE","WNE, WE","Nicaragua","11,897000°N","86,149000°W","experimental site","Alley cropping","WNE + WE",TRUE,TRUE,FALSE
"863","1924",3,1,2,0,0,2,1,3,"WNE","WNE, WE","Nicaragua","11,897000°N","86,149000°W","experimental site","Alley cropping","WNE + WE",TRUE,TRUE,FALSE
"864","1925",3,1,2,0,0,2,1,3,"WNE","WNE, WE","Nicaragua","11,897000°N","86,149000°W","experimental site","Alley cropping","WNE + WE",TRUE,TRUE,FALSE
"865","1926",3,1,2,0,0,2,1,3,"WNE","WNE, WE","Nicaragua","11,897000°N","86,149000°W","experimental site","Alley cropping","WNE + WE",TRUE,TRUE,FALSE
"866","1927",3,1,2,0,0,2,1,3,"WNE","WNE, WE","Nicaragua","11,897000°N","86,149000°W","experimental site","Alley cropping","WNE + WE",TRUE,TRUE,FALSE
"867","1928",3,1,2,0,0,2,1,3,"WNE","WNE, WE","Nicaragua","11,897000°N","86,149000°W","experimental site","Alley cropping","WNE + WE",TRUE,TRUE,FALSE
"868","1929",3,1,2,0,0,1,1,3,"WNE","WNE, WE","Nicaragua","11,897000°N","86,149000°W","experimental site","Alley cropping","WNE + WE",TRUE,TRUE,FALSE
"869","1930",3,1,2,0,0,1,1,3,"WNE","WNE, WE","Nicaragua","11,897000°N","86,149000°W","experimental site","Alley cropping","WNE + WE",TRUE,TRUE,FALSE
"870","1931",3,1,0,2,0,2,3,1,"HE","HE, WE","India","27°51'00,000N","72°25'00,000E","experimental site","Alley cropping","Edible only",FALSE,TRUE,TRUE
"871","1932",3,1,0,2,0,2,3,1,"HE","HE, WE","India","27°51'00,000N","72°25'00,000E","experimental site","Alley cropping","Edible only",FALSE,TRUE,TRUE
"872","1933",3,1,0,2,0,1,3,1,"HE","HE, WE","India","27°51'00,000N","72°25'00,000E","experimental site","Alley cropping","Edible only",FALSE,TRUE,TRUE
"873","1934",3,1,0,2,0,1,3,1,"HE","HE, WE","India","27°51'00,000N","72°25'00,000E","experimental site","Alley cropping","Edible only",FALSE,TRUE,TRUE
"874","1935",3,1,0,0,2,1,1,1,"WE","HNE, HE, WE","China","39°10'00,000N","116°03'00,000E","working farm","Alley cropping","Edible only",FALSE,TRUE,TRUE
"875","1936",3,1,0,0,2,1,1,1,"WE","HNE, HE, WE","China","39°10'00,000N","116°03'00,000E","working farm","Alley cropping","Edible only",FALSE,TRUE,TRUE
"876","1937",3,1,0,0,2,2,1,1,"WE","HE, WE","China","39°10'00,000N","116°03'00,000E","working farm","Alley cropping","Edible only",FALSE,TRUE,TRUE
"877","1941",2,1,0,1,0,0,2,1,"HE","HE, WE","Belgium","50°55'00,000N","4°54'00,000E","working farm","Alley cropping","Edible only",FALSE,TRUE,TRUE
"878","1965",2,2,0,0,0,1,2,2,"WE","WE","China",NA,NA,"working farm","Alley cropping","Edible only",FALSE,TRUE,FALSE
"879","1966",2,2,0,0,0,1,2,2,"WE","WE","China",NA,NA,"working farm","Alley cropping","Edible only",FALSE,TRUE,FALSE
"880","1967",2,2,0,0,0,1,2,2,"WE","WE","China",NA,NA,"working farm","Alley cropping","Edible only",FALSE,TRUE,FALSE
"881","1968",2,0,1,1,0,0,1,1,"HE","WNE, HE","India","25°27'00,000N","78°35'00,000E","experimental site","Alley cropping","WNE + HE",TRUE,FALSE,TRUE
"882","1969",2,0,1,1,0,0,1,1,"HE","WNE, HE","India","25°27'00,000N","78°35'00,000E","experimental site","Alley cropping","WNE + HE",TRUE,FALSE,TRUE
"883","1970",2,0,1,1,0,0,1,1,"HE","WNE, HE","India","25°27'00,000N","78°35'00,000E","experimental site","Alley cropping","WNE + HE",TRUE,FALSE,TRUE
"884","1971",2,0,1,1,0,0,1,1,"HE","WNE, HE","India","25°27'00,000N","78°35'00,000E","experimental site","Alley cropping","WNE + HE",TRUE,FALSE,TRUE
"885","1972",2,0,1,1,0,0,1,1,"HE","WNE, HE","India","25°27'00,000N","78°35'00,000E","experimental site","Alley cropping","WNE + HE",TRUE,FALSE,TRUE
"886","1973",2,0,1,1,0,0,1,1,"HE","WNE, HE","India","25°27'00,000N","78°35'00,000E","experimental site","Alley cropping","WNE + HE",TRUE,FALSE,TRUE
"887","1974",2,0,1,1,0,0,1,1,"HE","WNE, HE","India","25°27'00,000N","78°35'00,000E","experimental site","Alley cropping","WNE + HE",TRUE,FALSE,TRUE
"888","1975",2,0,1,1,0,0,1,1,"HE","WNE, HE","India","25°27'00,000N","78°35'00,000E","experimental site","Alley cropping","WNE + HE",TRUE,FALSE,TRUE
"889","1976",2,0,1,1,0,0,1,1,"HE","WNE, HE","India","25°27'00,000N","78°35'00,000E","experimental site","Alley cropping","WNE + HE",TRUE,FALSE,TRUE
"890","1977",2,0,1,1,0,0,1,1,"HE","WNE, HE","India","25°27'00,000N","78°35'00,000E","experimental site","Alley cropping","WNE + HE",TRUE,FALSE,TRUE
"891","1978",2,0,1,1,0,0,1,1,"HE","WNE, HE","India","25°27'00,000N","78°35'00,000E","experimental site","Alley cropping","WNE + HE",TRUE,FALSE,TRUE
"892","1979",2,0,1,1,0,0,1,1,"HE","WNE, HE","India","25°27'00,000N","78°35'00,000E","experimental site","Alley cropping","WNE + HE",TRUE,FALSE,TRUE
"893","1980",2,1,0,1,0,1,2,1,"HE","HE, WE","China","28°55'00,000N","111°33'00,000W","experimental site","Alley cropping","Edible only",FALSE,TRUE,TRUE
"894","1981",2,1,0,1,0,1,2,1,"HE","HE, WE","China","28°55'00,000N","111°33'00,000W","experimental site","Alley cropping","Edible only",FALSE,TRUE,TRUE
"895","1982",2,1,0,1,0,1,2,1,"HE","HE, WE","China","28°55'00,000N","111°33'00,000W","experimental site","Alley cropping","Edible only",FALSE,TRUE,TRUE
"896","1983",2,1,0,1,0,1,2,1,"HE","HE, WE","China","28°55'00,000N","111°33'00,000W","experimental site","Alley cropping","Edible only",FALSE,TRUE,TRUE
"897","1984",2,1,0,1,0,1,2,1,"HE","HE, WE","China","28°55'00,000N","111°33'00,000W","experimental site","Alley cropping","Edible only",FALSE,TRUE,TRUE
"898","1985",2,1,0,1,0,1,2,1,"HE","HE, WE","China","28°55'00,000N","111°33'00,000W","experimental site","Alley cropping","Edible only",FALSE,TRUE,TRUE
"899","1986",2,0,1,1,0,0,1,1,"HE","WNE, HE","Sri Lanka","6°45'00,000N","80°15'00,000E","experimental site","Alley cropping","WNE + HE",TRUE,FALSE,TRUE
"900","1987",2,0,1,1,0,0,1,1,"HE","WNE, HE","Sri Lanka","6°45'00,000N","80°15'00,000E","experimental site","Alley cropping","WNE + HE",TRUE,FALSE,TRUE
"901","1988",2,0,1,1,0,0,1,1,"HE","WNE, HE","Sri Lanka","6°45'00,000N","80°15'00,000E","experimental site","Alley cropping","WNE + HE",TRUE,FALSE,TRUE
"902","1989",2,0,1,1,0,0,1,1,"HE","WNE, HE","Sri Lanka","6°45'00,000N","80°15'00,000E","experimental site","Alley cropping","WNE + HE",TRUE,FALSE,TRUE
"903","1990",2,0,1,1,0,0,1,1,"HE","WNE, HE","Sri Lanka","6°45'00,000N","80°15'00,000E","experimental site","Alley cropping","WNE + HE",TRUE,FALSE,TRUE
"904","1991",2,0,1,1,0,0,1,1,"HE","WNE, HE","Sri Lanka","6°45'00,000N","80°15'00,000E","experimental site","Alley cropping","WNE + HE",TRUE,FALSE,TRUE
"905","1992",3,0,1,2,0,0,2,1,"HE","WNE, HE","France","43°43'00,000N","4°01'00,000E","experimental site","Fallows","WNE + HE",TRUE,FALSE,TRUE
"906","1994",2,2,0,0,0,1,2,2,"WE","WE","Ghana","6°00'00,000N","1°45'00,000W","experimental site","Alley cropping","Edible only",FALSE,TRUE,FALSE
"907","1995",2,2,0,0,0,1,2,2,"WE","WE","Ghana","6°00'00,000N","1°45'00,000W","experimental site","Alley cropping","Edible only",FALSE,TRUE,FALSE
"908","1996",2,2,0,0,0,1,2,2,"WE","WE","Ghana","6°00'00,000N","1°45'00,000W","experimental site","Alley cropping","Edible only",FALSE,TRUE,FALSE
"909","20",3,1,0,2,0,0,3,1,"HE","HE, WE","India","17°20'00,000N","78°36'00,000E","experimental site","Alley cropping","Edible only",FALSE,TRUE,TRUE
"910","2000",2,0,1,1,0,0,1,1,"HE","WNE, HE","Zimbabwe",NA,NA,"working farm","Alley cropping","WNE + HE",TRUE,FALSE,TRUE
"911","2001",2,0,1,1,0,0,1,1,"HE","WNE, HE","Zimbabwe",NA,NA,"working farm","Alley cropping","WNE + HE",TRUE,FALSE,TRUE
"912","2002",2,0,1,1,0,0,1,1,"HE","WNE, HE","Zimbabwe",NA,NA,"working farm","Alley cropping","WNE + HE",TRUE,FALSE,TRUE
"913","2003",3,2,0,1,0,0,3,2,"WE","HE, WE","Nigeria","4°51'00,000N","7°03'00,000E","experimental site","Alley cropping","Edible only",FALSE,TRUE,TRUE
"914","2004",3,1,1,1,0,0,2,2,"HE","WNE, HE, WE","Nigeria","4°51'00,000N","7°03'00,000E","experimental site","Alley cropping","Multi-type",TRUE,TRUE,TRUE
"915","2005",3,2,0,1,0,0,3,2,"WE","HE, WE","Nigeria","4°51'00,000N","7°03'00,000E","experimental site","Alley cropping","Edible only",FALSE,TRUE,TRUE
"916","2006",3,1,1,1,0,0,2,2,"HE","WNE, HE, WE","Nigeria","4°51'00,000N","7°03'00,000E","experimental site","Alley cropping","Multi-type",TRUE,TRUE,TRUE
"917","2007",3,2,0,1,0,0,3,2,"WE","HE, WE","Nigeria","4°51'00,000N","7°03'00,000E","experimental site","Alley cropping","Edible only",FALSE,TRUE,TRUE
"918","2008",3,1,1,1,0,0,2,2,"HE","WNE, HE, WE","Nigeria","4°51'00,000N","7°03'00,000E","experimental site","Alley cropping","Multi-type",TRUE,TRUE,TRUE
"919","2009",3,2,0,1,0,0,3,2,"WE","HE, WE","Nigeria","4°51'00,000N","7°03'00,000E","experimental site","Alley cropping","Edible only",FALSE,TRUE,TRUE
"920","2010",3,1,1,1,0,0,2,2,"HE","WNE, HE, WE","Nigeria","4°51'00,000N","7°03'00,000E","experimental site","Alley cropping","Multi-type",TRUE,TRUE,TRUE
"921","2011",2,0,1,1,0,0,1,1,"HE","WNE, HE","Brazil",NA,NA,"working farm","Alley cropping","WNE + HE",TRUE,FALSE,TRUE
"922","2012",2,0,1,1,0,0,1,1,"HE","WNE, HE","Brazil",NA,NA,"working farm","Alley cropping","WNE + HE",TRUE,FALSE,TRUE
"923","2013",2,0,1,1,0,0,1,1,"HE","WNE, HE","Brazil",NA,NA,"working farm","Alley cropping","WNE + HE",TRUE,FALSE,TRUE
"924","2014",2,0,1,1,0,0,1,1,"HE","WNE, HE","Brazil",NA,NA,"working farm","Alley cropping","WNE + HE",TRUE,FALSE,TRUE
"925","2015",2,0,1,1,0,0,1,1,"HE","WNE, HE","Brazil",NA,NA,"working farm","Alley cropping","WNE + HE",TRUE,FALSE,TRUE
"926","2016",2,0,1,1,0,0,1,1,"HE","WNE, HE","Brazil",NA,NA,"working farm","Alley cropping","WNE + HE",TRUE,FALSE,TRUE
"927","2017",2,0,1,1,0,0,1,1,"HE","WNE, HE","Brazil",NA,NA,"working farm","Alley cropping","WNE + HE",TRUE,FALSE,TRUE
"928","2018",2,0,1,1,0,0,1,1,"HE","WNE, HE","Brazil",NA,NA,"working farm","Alley cropping","WNE + HE",TRUE,FALSE,TRUE
"929","2019",2,1,0,1,0,0,2,1,"HE","HE, WE","Sri Lanka","8°02'00,000N","80°00'00,000E","experimental site","Alley cropping","Edible only",FALSE,TRUE,TRUE
"930","2020",2,1,1,0,0,0,1,2,"WE","WNE, WE","Sri Lanka","8°02'00,000N","80°00'00,000E","experimental site","Alley cropping","WNE + WE",TRUE,TRUE,FALSE
"931","2021",2,2,0,0,0,0,2,2,"WE","WE","Sri Lanka","8°02'00,000N","80°00'00,000E","experimental site","Alley cropping","Edible only",FALSE,TRUE,FALSE
"932","2022",2,2,0,0,0,0,2,2,"WE","WE","Sri Lanka","8°02'00,000N","80°00'00,000E","experimental site","Alley cropping","Edible only",FALSE,TRUE,FALSE
"933","2023",2,1,1,0,0,0,1,2,"WE","WNE, WE","Sri Lanka","8°02'00,000N","80°00'00,000E","experimental site","Alley cropping","WNE + WE",TRUE,TRUE,FALSE
"934","2024",2,1,1,0,0,0,1,2,"WE","WNE, WE","Sri Lanka","8°02'00,000N","80°00'00,000E","experimental site","Alley cropping","WNE + WE",TRUE,TRUE,FALSE
"935","2025",2,1,1,0,0,0,1,2,"WE","WNE, WE","Sri Lanka","8°02'00,000N","80°00'00,000E","experimental site","Alley cropping","WNE + WE",TRUE,TRUE,FALSE
"936","2026",2,1,1,0,0,0,1,2,"WE","WNE, WE","Sri Lanka","8°02'00,000N","80°00'00,000E","experimental site","Alley cropping","WNE + WE",TRUE,TRUE,FALSE
"937","2027",2,2,0,0,0,1,2,2,"WE","WE","Mexico","19°27'00,000N","96°57'00,000W","working farm","Alley cropping","Edible only",FALSE,TRUE,FALSE
"938","2028",2,2,0,0,0,1,2,2,"WE","WE","Mexico","19°27'00,000N","96°57'00,000W","working farm","Alley cropping","Edible only",FALSE,TRUE,FALSE
"939","2029",3,2,0,1,0,2,3,2,"WE","HE, WE","Mexico","19°27'00,000N","96°57'00,000W","working farm","Alley cropping","Edible only",FALSE,TRUE,TRUE
"940","203",2,1,0,0,1,0,1,1,"WE","HNE, WE","China","39°73'00,000N","116°33'00,000E","experimental site","Alley cropping","Edible only",FALSE,TRUE,FALSE
"941","2030",3,2,1,0,0,1,2,3,"WE","WNE, WE","Brazil",NA,NA,"working farm","Multi-strata systems","WNE + WE",TRUE,TRUE,FALSE
"942","2034",2,1,0,1,0,0,2,1,"HE","HE, WE","India","30°43'00,000N","76°51'00,000E","experimental site","Alley cropping","Edible only",FALSE,TRUE,TRUE
"943","2035",2,1,0,1,0,0,2,1,"HE","HE, WE","India","30°43'00,000N","76°51'00,000E","experimental site","Alley cropping","Edible only",FALSE,TRUE,TRUE
"944","2036",2,1,0,1,0,0,2,1,"HE","HE, WE","India","30°43'00,000N","76°51'00,000E","experimental site","Alley cropping","Edible only",FALSE,TRUE,TRUE
"945","2037",2,1,0,1,0,0,2,1,"HE","HE, WE","India","30°43'00,000N","76°51'00,000E","experimental site","Alley cropping","Edible only",FALSE,TRUE,TRUE
"946","2038",2,1,0,1,0,0,2,1,"HE","HE, WE","India","30°43'00,000N","76°51'00,000E","experimental site","Alley cropping","Edible only",FALSE,TRUE,TRUE
"947","2039",2,1,0,1,0,0,2,1,"HE","HE, WE","India","30°43'00,000N","76°51'00,000E","experimental site","Alley cropping","Edible only",FALSE,TRUE,TRUE
"948","204",2,1,0,0,1,1,1,1,"WE","HE, WE","China","39°73'00,000N","116°33'00,000E","experimental site","Alley cropping","Edible only",FALSE,TRUE,TRUE
"949","2047",3,2,0,1,0,0,3,2,"WE","HE, WE","Peru",NA,NA,"working farm","Fallows","Edible only",FALSE,TRUE,TRUE
"950","2047_2",3,1,1,1,0,0,2,2,"HE","WNE, HE, WE","Peru",NA,NA,"working farm","Fallows","Multi-type",TRUE,TRUE,TRUE
"951","2048",3,2,0,1,0,0,3,2,"WE","HE, WE","Peru",NA,NA,"working farm","Fallows","Edible only",FALSE,TRUE,TRUE
"952","2048_2",3,1,1,1,0,0,2,2,"HE","WNE, HE, WE","Peru",NA,NA,"working farm","Fallows","Multi-type",TRUE,TRUE,TRUE
"953","2049",5,2,1,1,1,0,3,3,"WE","HNE, WNE, HE, WE","Peru",NA,NA,"working farm","Fallows","Multi-type",TRUE,TRUE,TRUE
"954","205",2,1,0,1,0,0,2,1,"HE","HE, WE","China","39°73'00,000N","116°33'00,000E","experimental site","Alley cropping","Edible only",FALSE,TRUE,TRUE
"955","2050",5,2,1,1,1,0,3,3,"WE","HNE, WNE, HE, WE","Peru",NA,NA,"working farm","Fallows","Multi-type",TRUE,TRUE,TRUE
"956","2051",3,0,1,2,0,0,2,1,"HE","WNE, HE","Sierra Leone",NA,NA,"working farm","Alley cropping","WNE + HE",TRUE,FALSE,TRUE
"957","2052",3,0,1,2,0,0,2,1,"HE","WNE, HE","Sierra Leone",NA,NA,"working farm","Alley cropping","WNE + HE",TRUE,FALSE,TRUE
"958","2053",3,0,1,2,0,0,2,1,"HE","WNE, HE","Sierra Leone",NA,NA,"working farm","Alley cropping","WNE + HE",TRUE,FALSE,TRUE
"959","2054",3,0,1,2,0,0,2,1,"HE","WNE, HE","Sierra Leone",NA,NA,"working farm","Alley cropping","WNE + HE",TRUE,FALSE,TRUE
"960","2055",3,0,1,2,0,0,2,1,"HE","WNE, HE","Sierra Leone",NA,NA,"working farm","Alley cropping","WNE + HE",TRUE,FALSE,TRUE
"961","2056",3,0,1,2,0,0,2,1,"HE","WNE, HE","Sierra Leone",NA,NA,"working farm","Alley cropping","WNE + HE",TRUE,FALSE,TRUE
"962","2057",3,1,1,1,0,2,2,2,"HE","HE, WE","Brazil","22°20'00,000S","43°43'00,000W","experimental site","Alley cropping","Edible only",FALSE,TRUE,TRUE
"963","2058",3,1,1,1,0,2,2,2,"HE","HE, WE","Brazil","22°20'00,000S","43°43'00,000W","experimental site","Alley cropping","Edible only",FALSE,TRUE,TRUE
"964","2059",3,1,1,1,0,2,2,2,"HE","HE, WE","Brazil","22°20'00,000S","43°43'00,000W","experimental site","Alley cropping","Edible only",FALSE,TRUE,TRUE
"965","206",2,1,0,0,1,0,1,1,"WE","HNE, WE","China","39°73'00,000N","116°33'00,000E","experimental site","Alley cropping","Edible only",FALSE,TRUE,FALSE
"966","2060",3,1,1,1,0,2,2,2,"HE","HE, WE","Brazil","22°20'00,000S","43°43'00,000W","experimental site","Alley cropping","Edible only",FALSE,TRUE,TRUE
"967","2061",3,1,1,1,0,2,2,2,"HE","HE, WE","Brazil","22°20'00,000S","43°43'00,000W","experimental site","Alley cropping","Edible only",FALSE,TRUE,TRUE
"968","2062",3,1,1,1,0,2,2,2,"HE","HE, WE","Brazil","22°20'00,000S","43°43'00,000W","experimental site","Alley cropping","Edible only",FALSE,TRUE,TRUE
"969","2063",2,1,1,0,0,0,1,2,"WE","WNE, WE","Sri Lanka","8°02'00,000N","80°00'00,000E","experimental site","Alley cropping","WNE + WE",TRUE,TRUE,FALSE
"970","2064",2,1,0,1,0,0,2,1,"HE","HE, WE","Sri Lanka","8°02'00,000N","80°00'00,000E","experimental site","Alley cropping","Edible only",FALSE,TRUE,TRUE
"971","2065",2,2,0,0,0,0,2,2,"WE","WE","Sri Lanka","8°02'00,000N","80°00'00,000E","experimental site","Alley cropping","Edible only",FALSE,TRUE,FALSE
"972","2066",2,1,1,0,0,0,1,2,"WE","WNE, WE","Sri Lanka","8°02'00,000N","80°00'00,000E","experimental site","Alley cropping","WNE + WE",TRUE,TRUE,FALSE
"973","2067",2,1,0,1,0,1,2,1,"HE","HE, WE","China","28°55'00,000N","111°33'00,000W","experimental site","Alley cropping","Edible only",FALSE,TRUE,TRUE
"974","2068",2,1,0,1,0,1,2,1,"HE","HE, WE","China","28°55'00,000N","111°33'00,000W","experimental site","Alley cropping","Edible only",FALSE,TRUE,TRUE
"975","2069",2,1,0,1,0,1,2,1,"HE","HE, WE","China","28°55'00,000N","111°33'00,000W","experimental site","Alley cropping","Edible only",FALSE,TRUE,TRUE
"976","207",2,1,0,1,0,0,2,1,"HE","HE, WE","China","39°73'00,000N","116°33'00,000E","experimental site","Alley cropping","Edible only",FALSE,TRUE,TRUE
"977","2070",2,1,0,1,0,1,2,1,"HE","HE, WE","China","28°55'00,000N","111°33'00,000W","experimental site","Alley cropping","Edible only",FALSE,TRUE,TRUE
"978","2071",2,1,0,1,0,1,2,1,"HE","HE, WE","China","28°55'00,000N","111°33'00,000W","experimental site","Alley cropping","Edible only",FALSE,TRUE,TRUE
"979","2072",2,1,0,1,0,1,2,1,"HE","HE, WE","China","28°55'00,000N","111°33'00,000W","experimental site","Alley cropping","Edible only",FALSE,TRUE,TRUE
"980","2073",3,0,1,2,0,0,2,1,"HE","WNE, HE","India","30°54'00,000N","75°48'00,000E","experimental site","Alley cropping","WNE + HE",TRUE,FALSE,TRUE
"981","2074",3,0,1,2,0,0,2,1,"HE","WNE, HE","India","30°54'00,000N","75°48'00,000E","experimental site","Alley cropping","WNE + HE",TRUE,FALSE,TRUE
"982","2075",3,0,1,1,1,0,1,1,"HE","HNE, WNE, HE","India","30°54'00,000N","75°48'00,000E","experimental site","Alley cropping","WNE + HE",TRUE,FALSE,TRUE
"983","2076",2,0,1,1,0,0,1,1,"HE","WNE, HE","India","30°54'00,000N","75°48'00,000E","experimental site","Alley cropping","WNE + HE",TRUE,FALSE,TRUE
"984","2077",3,0,1,2,0,0,2,1,"HE","WNE, HE","India","30°54'00,000N","75°48'00,000E","experimental site","Alley cropping","WNE + HE",TRUE,FALSE,TRUE
"985","2078",3,0,1,2,0,0,2,1,"HE","WNE, HE","India","30°54'00,000N","75°48'00,000E","experimental site","Alley cropping","WNE + HE",TRUE,FALSE,TRUE
"986","2079",3,0,1,1,1,0,1,1,"HE","HNE, WNE, HE","India","30°54'00,000N","75°48'00,000E","experimental site","Alley cropping","WNE + HE",TRUE,FALSE,TRUE
"987","208",2,1,1,0,0,0,1,2,"WE","WNE, WE","Indonesia",NA,NA,"working farm","Alley cropping","WNE + WE",TRUE,TRUE,FALSE
"988","2080",2,0,1,1,0,0,1,1,"HE","WNE, HE","India","30°54'00,000N","75°48'00,000E","experimental site","Alley cropping","WNE + HE",TRUE,FALSE,TRUE
"989","2081",3,0,1,2,0,1,2,1,"HE","HE, WE","India","30°54'00,000N","75°48'00,000E","experimental site","Alley cropping","Edible only",FALSE,TRUE,TRUE
"990","2082",3,0,1,2,0,0,2,1,"HE","WNE, HE","India","30°54'00,000N","75°48'00,000E","experimental site","Alley cropping","WNE + HE",TRUE,FALSE,TRUE
"991","2083",3,0,1,1,1,0,1,1,"HE","HNE, WNE, HE","India","30°54'00,000N","75°48'00,000E","experimental site","Alley cropping","WNE + HE",TRUE,FALSE,TRUE
"992","2084",2,0,1,1,0,0,1,1,"HE","WNE, HE","India","30°54'00,000N","75°48'00,000E","experimental site","Alley cropping","WNE + HE",TRUE,FALSE,TRUE
"993","2085",3,0,1,2,0,0,2,1,"HE","WNE, HE","India","30°54'00,000N","75°48'00,000E","experimental site","Alley cropping","WNE + HE",TRUE,FALSE,TRUE
"994","2086",3,0,1,2,0,0,2,1,"HE","WNE, HE","India","30°54'00,000N","75°48'00,000E","experimental site","Alley cropping","WNE + HE",TRUE,FALSE,TRUE
"995","2087",3,0,1,1,1,0,1,1,"HE","HNE, WNE, HE","India","30°54'00,000N","75°48'00,000E","experimental site","Alley cropping","WNE + HE",TRUE,FALSE,TRUE
"996","2088",2,0,1,1,0,0,1,1,"HE","WNE, HE","India","30°54'00,000N","75°48'00,000E","experimental site","Alley cropping","WNE + HE",TRUE,FALSE,TRUE
"997","2089",3,1,1,1,0,0,2,2,"HE","WNE, HE, WE","India","26°45'00,000N","72°03'00,000E","working farm","Alley cropping","Multi-type",TRUE,TRUE,TRUE
"998","209",2,1,1,0,0,0,1,2,"WE","WNE, WE","Indonesia",NA,NA,"working farm","Alley cropping","WNE + WE",TRUE,TRUE,FALSE
"999","2090",3,0,2,1,0,0,1,2,"WNE","WNE, HE","India","26°45'00,000N","72°03'00,000E","working farm","Alley cropping","WNE + HE",TRUE,FALSE,TRUE
"1000","2091",3,0,2,1,0,1,1,2,"WNE","WNE, HE, WE","India","26°45'00,000N","72°03'00,000E","working farm","Alley cropping","Multi-type",TRUE,TRUE,TRUE
"1001","2092",3,1,1,1,0,0,2,2,"HE","WNE, HE, WE","India","26°45'00,000N","72°03'00,000E","working farm","Alley cropping","Multi-type",TRUE,TRUE,TRUE
"1002","2093",3,0,2,1,0,0,1,2,"WNE","WNE, HE","India","26°45'00,000N","72°03'00,000E","working farm","Alley cropping","WNE + HE",TRUE,FALSE,TRUE
"1003","2094",3,0,2,1,0,1,1,2,"WNE","WNE, HE, WE","India","26°45'00,000N","72°03'00,000E","working farm","Alley cropping","Multi-type",TRUE,TRUE,TRUE
"1004","2095",3,1,1,1,0,0,2,2,"HE","WNE, HE, WE","India","26°45'00,000N","72°03'00,000E","working farm","Alley cropping","Multi-type",TRUE,TRUE,TRUE
"1005","2096",3,0,2,1,0,0,1,2,"WNE","WNE, HE","India","26°45'00,000N","72°03'00,000E","working farm","Alley cropping","WNE + HE",TRUE,FALSE,TRUE
"1006","2097",3,0,2,1,0,1,1,2,"WNE","WNE, HE, WE","India","26°45'00,000N","72°03'00,000E","working farm","Alley cropping","Multi-type",TRUE,TRUE,TRUE
"1007","2098",4,1,2,1,0,0,2,3,"WNE","WNE, HE, WE","India","26°45'00,000N","72°03'00,000E","working farm","Alley cropping","Multi-type",TRUE,TRUE,TRUE
"1008","2099",4,0,3,1,0,0,1,3,"WNE","WNE, HE","India","26°45'00,000N","72°03'00,000E","working farm","Alley cropping","WNE + HE",TRUE,FALSE,TRUE
"1009","21",3,1,0,2,0,0,3,1,"HE","HE, WE","India","17°20'00,000N","78°36'00,000E","experimental site","Alley cropping","Edible only",FALSE,TRUE,TRUE
"1010","210",2,1,1,0,0,0,1,2,"WE","WNE, WE","Indonesia",NA,NA,"working farm","Alley cropping","WNE + WE",TRUE,TRUE,FALSE
"1011","2100",4,0,3,1,0,1,1,3,"WNE","WNE, HE, WE","India","26°45'00,000N","72°03'00,000E","working farm","Alley cropping","Multi-type",TRUE,TRUE,TRUE
"1012","2101",4,1,2,1,0,0,2,3,"WNE","WNE, HE, WE","India","26°45'00,000N","72°03'00,000E","working farm","Alley cropping","Multi-type",TRUE,TRUE,TRUE
"1013","2102",4,0,3,1,0,0,1,3,"WNE","WNE, HE","India","26°45'00,000N","72°03'00,000E","working farm","Alley cropping","WNE + HE",TRUE,FALSE,TRUE
"1014","2103",4,0,3,1,0,1,1,3,"WNE","WNE, HE, WE","India","26°45'00,000N","72°03'00,000E","working farm","Alley cropping","Multi-type",TRUE,TRUE,TRUE
"1015","2104",4,1,2,1,0,0,2,3,"WNE","WNE, HE, WE","India","26°45'00,000N","72°03'00,000E","working farm","Alley cropping","Multi-type",TRUE,TRUE,TRUE
"1016","2105",4,0,3,1,0,0,1,3,"WNE","WNE, HE","India","26°45'00,000N","72°03'00,000E","working farm","Alley cropping","WNE + HE",TRUE,FALSE,TRUE
"1017","2106",4,0,3,1,0,1,1,3,"WNE","WNE, HE, WE","India","26°45'00,000N","72°03'00,000E","working farm","Alley cropping","Multi-type",TRUE,TRUE,TRUE
"1018","2107",3,1,1,1,0,0,2,2,"HE","WNE, HE, WE","India","26°45'00,000N","72°03'00,000E","working farm","Alley cropping","Multi-type",TRUE,TRUE,TRUE
"1019","2108",3,0,2,1,0,0,1,2,"WNE","WNE, HE","India","26°45'00,000N","72°03'00,000E","working farm","Alley cropping","WNE + HE",TRUE,FALSE,TRUE
"1020","2109",3,0,2,1,0,1,1,2,"WNE","WNE, HE, WE","India","26°45'00,000N","72°03'00,000E","working farm","Alley cropping","Multi-type",TRUE,TRUE,TRUE
"1021","211",2,1,1,0,0,0,1,2,"WE","WNE, WE","Indonesia",NA,NA,"working farm","Alley cropping","WNE + WE",TRUE,TRUE,FALSE
"1022","2110",3,1,1,1,0,0,2,2,"HE","WNE, HE, WE","India","26°45'00,000N","72°03'00,000E","working farm","Alley cropping","Multi-type",TRUE,TRUE,TRUE
"1023","2111",3,0,2,1,0,0,1,2,"WNE","WNE, HE","India","26°45'00,000N","72°03'00,000E","working farm","Alley cropping","WNE + HE",TRUE,FALSE,TRUE
"1024","2112",3,0,2,1,0,1,1,2,"WNE","WNE, HE, WE","India","26°45'00,000N","72°03'00,000E","working farm","Alley cropping","Multi-type",TRUE,TRUE,TRUE
"1025","2113",3,1,1,1,0,0,2,2,"HE","WNE, HE, WE","India","26°45'00,000N","72°03'00,000E","working farm","Alley cropping","Multi-type",TRUE,TRUE,TRUE
"1026","2114",3,0,2,1,0,0,1,2,"WNE","WNE, HE","India","26°45'00,000N","72°03'00,000E","working farm","Alley cropping","WNE + HE",TRUE,FALSE,TRUE
"1027","2115",3,0,2,1,0,1,1,2,"WNE","WNE, HE, WE","India","26°45'00,000N","72°03'00,000E","working farm","Alley cropping","Multi-type",TRUE,TRUE,TRUE
"1028","2116",4,1,2,1,0,0,2,3,"WNE","WNE, HE, WE","India","26°45'00,000N","72°03'00,000E","working farm","Alley cropping","Multi-type",TRUE,TRUE,TRUE
"1029","2117",4,0,3,1,0,0,1,3,"WNE","WNE, HE","India","26°45'00,000N","72°03'00,000E","working farm","Alley cropping","WNE + HE",TRUE,FALSE,TRUE
"1030","2118",4,0,3,1,0,1,1,3,"WNE","WNE, HE, WE","India","26°45'00,000N","72°03'00,000E","working farm","Alley cropping","Multi-type",TRUE,TRUE,TRUE
"1031","2119",4,1,2,1,0,0,2,3,"WNE","WNE, HE, WE","India","26°45'00,000N","72°03'00,000E","working farm","Alley cropping","Multi-type",TRUE,TRUE,TRUE
"1032","212",2,1,1,0,0,0,1,2,"WE","WNE, WE","Indonesia",NA,NA,"working farm","Alley cropping","WNE + WE",TRUE,TRUE,FALSE
"1033","2120",4,0,3,1,0,0,1,3,"WNE","WNE, HE","India","26°45'00,000N","72°03'00,000E","working farm","Alley cropping","WNE + HE",TRUE,FALSE,TRUE
"1034","2121",4,0,3,1,0,1,1,3,"WNE","WNE, HE, WE","India","26°45'00,000N","72°03'00,000E","working farm","Alley cropping","Multi-type",TRUE,TRUE,TRUE
"1035","2122",4,1,2,1,0,0,2,3,"WNE","WNE, HE, WE","India","26°45'00,000N","72°03'00,000E","working farm","Alley cropping","Multi-type",TRUE,TRUE,TRUE
"1036","2123",4,0,3,1,0,0,1,3,"WNE","WNE, HE","India","26°45'00,000N","72°03'00,000E","working farm","Alley cropping","WNE + HE",TRUE,FALSE,TRUE
"1037","2124",4,0,3,1,0,1,1,3,"WNE","WNE, HE, WE","India","26°45'00,000N","72°03'00,000E","working farm","Alley cropping","Multi-type",TRUE,TRUE,TRUE
"1038","2125",3,1,1,1,0,0,2,2,"HE","WNE, HE, WE","India","26°45'00,000N","72°03'00,000E","working farm","Alley cropping","Multi-type",TRUE,TRUE,TRUE
"1039","2126",3,0,2,1,0,0,1,2,"WNE","WNE, HE","India","26°45'00,000N","72°03'00,000E","working farm","Alley cropping","WNE + HE",TRUE,FALSE,TRUE
"1040","2127",3,1,1,1,0,0,2,2,"HE","WNE, HE, WE","India","26°45'00,000N","72°03'00,000E","working farm","Alley cropping","Multi-type",TRUE,TRUE,TRUE
"1041","2128",3,0,2,1,0,0,1,2,"WNE","WNE, HE","India","26°45'00,000N","72°03'00,000E","working farm","Alley cropping","WNE + HE",TRUE,FALSE,TRUE
"1042","2129",3,1,1,1,0,0,2,2,"HE","WNE, HE, WE","India","26°45'00,000N","72°03'00,000E","working farm","Alley cropping","Multi-type",TRUE,TRUE,TRUE
"1043","213",2,1,1,0,0,0,1,2,"WE","WNE, WE","Indonesia",NA,NA,"working farm","Alley cropping","WNE + WE",TRUE,TRUE,FALSE
"1044","2130",3,0,2,1,0,0,1,2,"WNE","WNE, HE","India","26°45'00,000N","72°03'00,000E","working farm","Alley cropping","WNE + HE",TRUE,FALSE,TRUE
"1045","2131",4,1,2,1,0,0,2,3,"WNE","WNE, HE, WE","India","26°45'00,000N","72°03'00,000E","working farm","Alley cropping","Multi-type",TRUE,TRUE,TRUE
"1046","2132",4,0,3,1,0,0,1,3,"WNE","WNE, HE","India","26°45'00,000N","72°03'00,000E","working farm","Alley cropping","WNE + HE",TRUE,FALSE,TRUE
"1047","2133",4,1,2,1,0,0,2,3,"WNE","WNE, HE, WE","India","26°45'00,000N","72°03'00,000E","working farm","Alley cropping","Multi-type",TRUE,TRUE,TRUE
"1048","2134",4,0,3,1,0,0,1,3,"WNE","WNE, HE","India","26°45'00,000N","72°03'00,000E","working farm","Alley cropping","WNE + HE",TRUE,FALSE,TRUE
"1049","2135",4,1,2,1,0,0,2,3,"WNE","WNE, HE, WE","India","26°45'00,000N","72°03'00,000E","working farm","Alley cropping","Multi-type",TRUE,TRUE,TRUE
"1050","2136",4,0,3,1,0,0,1,3,"WNE","WNE, HE","India","26°45'00,000N","72°03'00,000E","working farm","Alley cropping","WNE + HE",TRUE,FALSE,TRUE
"1051","2137",2,0,1,1,0,0,1,1,"HE","WNE, HE","India","28°59'30,000N","79°27'30,000E","experimental site","Alley cropping","WNE + HE",TRUE,FALSE,TRUE
"1052","2138",2,0,1,1,0,0,1,1,"HE","WNE, HE","India","28°59'30,000N","79°27'30,000E","experimental site","Alley cropping","WNE + HE",TRUE,FALSE,TRUE
"1053","2139",2,0,1,1,0,0,1,1,"HE","WNE, HE","India","28°59'30,000N","79°27'30,000E","experimental site","Alley cropping","WNE + HE",TRUE,FALSE,TRUE
"1054","214",2,1,1,0,0,0,1,2,"WE","WNE, WE","Indonesia",NA,NA,"working farm","Alley cropping","WNE + WE",TRUE,TRUE,FALSE
"1055","2140",2,0,1,1,0,0,1,1,"HE","WNE, HE","India","28°59'30,000N","79°27'30,000E","experimental site","Alley cropping","WNE + HE",TRUE,FALSE,TRUE
"1056","2141",2,0,1,1,0,0,1,1,"HE","WNE, HE","USA",NA,NA,"experimental site","Alley cropping","WNE + HE",TRUE,FALSE,TRUE
"1057","2142",2,0,1,1,0,0,1,1,"HE","WNE, HE","USA",NA,NA,"experimental site","Alley cropping","WNE + HE",TRUE,FALSE,TRUE
"1058","2143",3,0,1,2,0,0,2,1,"HE","WNE, HE","Burundi","3°22'00,000S","34°51'00,000E","working farm","Alley cropping","WNE + HE",TRUE,FALSE,TRUE
"1059","2144",3,0,1,2,0,0,2,1,"HE","WNE, HE","Burundi","3°22'00,000S","34°51'00,000E","working farm","Alley cropping","WNE + HE",TRUE,FALSE,TRUE
"1060","2146",3,0,1,2,0,0,2,1,"HE","WNE, HE","Burundi","3°22'00,000S","34°51'00,000E","working farm","Alley cropping","WNE + HE",TRUE,FALSE,TRUE
"1061","2147",3,0,1,2,0,0,2,1,"HE","WNE, HE","Burundi","3°22'00,000S","34°51'00,000E","working farm","Alley cropping","WNE + HE",TRUE,FALSE,TRUE
"1062","2148",3,0,1,2,0,1,2,1,"HE","HE, WE","Burundi","3°22'00,000S","34°51'00,000E","working farm","Alley cropping","Edible only",FALSE,TRUE,TRUE
"1063","2149",3,0,1,2,0,0,2,1,"HE","WNE, HE","Burundi","3°22'00,000S","34°51'00,000E","working farm","Alley cropping","WNE + HE",TRUE,FALSE,TRUE
"1064","215",2,1,1,0,0,0,1,2,"WE","WNE, WE","Indonesia",NA,NA,"working farm","Alley cropping","WNE + WE",TRUE,TRUE,FALSE
"1065","2150",3,0,1,2,0,0,2,1,"HE","WNE, HE","Burundi","3°22'00,000S","34°51'00,000E","working farm","Alley cropping","WNE + HE",TRUE,FALSE,TRUE
"1066","2151",3,1,0,2,0,0,3,1,"HE","HE, WE","Burundi","3°22'00,000S","34°51'00,000E","working farm","Alley cropping","Edible only",FALSE,TRUE,TRUE
"1067","2152",2,0,1,1,0,0,1,1,"HE","WNE, HE","China","41°11'35,000N","114°51'20,000E","experimental site","Alley cropping","WNE + HE",TRUE,FALSE,TRUE
"1068","2153",2,0,1,1,0,0,1,1,"HE","WNE, HE","China","41°11'35,000N","114°51'20,000E","experimental site","Alley cropping","WNE + HE",TRUE,FALSE,TRUE
"1069","2154",2,1,0,1,0,0,2,1,"HE","HE, WE","Burkina Faso","11°30'30,000N","1°13'22,000W","working farm","Parkland","Edible only",FALSE,TRUE,TRUE
"1070","2156",3,1,0,2,0,0,3,1,"HE","HE, WE","Burkina Faso","11°30'30,000N","1°13'22,000W","working farm","Parkland","Edible only",FALSE,TRUE,TRUE
"1071","2157",3,1,0,2,0,0,3,1,"HE","HE, WE","Burkina Faso","11°30'30,000N","1°13'22,000W","working farm","Parkland","Edible only",FALSE,TRUE,TRUE
"1072","2158",2,1,0,1,0,0,2,1,"HE","HE, WE","Burkina Faso","11°30'30,000N","1°13'22,000W","working farm","Parkland","Edible only",FALSE,TRUE,TRUE
"1073","216",2,1,1,0,0,0,1,2,"WE","WNE, WE","Indonesia",NA,NA,"working farm","Alley cropping","WNE + WE",TRUE,TRUE,FALSE
"1074","2160",3,1,0,2,0,0,3,1,"HE","HE, WE","Burkina Faso","11°30'30,000N","1°13'22,000W","working farm","Parkland","Edible only",FALSE,TRUE,TRUE
"1075","2161",3,1,0,2,0,0,3,1,"HE","HE, WE","Burkina Faso","11°30'30,000N","1°13'22,000W","working farm","Parkland","Edible only",FALSE,TRUE,TRUE
"1076","2162",2,1,0,1,0,0,2,1,"HE","HE, WE","Burkina Faso","11°30'30,000N","1°13'22,000W","working farm","Parkland","Edible only",FALSE,TRUE,TRUE
"1077","2164",3,1,0,2,0,0,3,1,"HE","HE, WE","Burkina Faso","11°30'30,000N","1°13'22,000W","working farm","Parkland","Edible only",FALSE,TRUE,TRUE
"1078","2165",3,1,0,2,0,0,3,1,"HE","HE, WE","Burkina Faso","11°30'30,000N","1°13'22,000W","working farm","Parkland","Edible only",FALSE,TRUE,TRUE
"1079","2166",2,1,1,0,0,1,1,2,"WE","WNE, WE","Costa Rica","9°53'00,000N","83°38'00,000W","working farm","shaded","WNE + WE",TRUE,TRUE,FALSE
"1080","2167",2,1,0,1,0,0,2,1,"HE","HE, WE","Italy","42°40'00,000N","12°02'00,000E","experimental site","Alley cropping","Edible only",FALSE,TRUE,TRUE
"1081","2168",2,1,0,1,0,0,2,1,"HE","HE, WE","Italy","42°40'00,000N","12°02'00,000E","experimental site","Alley cropping","Edible only",FALSE,TRUE,TRUE
"1082","2169",5,3,1,0,1,0,3,4,"WE","HNE, WNE, WE","Brazil","3°08'00,000S","59°52'00,000W","experimental site","Multi-strata systems","WNE + WE",TRUE,TRUE,FALSE
"1083","217",2,1,1,0,0,0,1,2,"WE","WNE, WE","Indonesia",NA,NA,"working farm","Alley cropping","WNE + WE",TRUE,TRUE,FALSE
"1084","2170",5,3,1,0,1,0,3,4,"WE","HNE, WNE, WE","Brazil","3°08'00,000S","59°52'00,000W","experimental site","Multi-strata systems","WNE + WE",TRUE,TRUE,FALSE
"1085","2171",5,3,1,0,1,0,3,4,"WE","HNE, WNE, WE","Brazil","3°08'00,000S","59°52'00,000W","experimental site","Multi-strata systems","WNE + WE",TRUE,TRUE,FALSE
"1086","2172",5,3,1,0,1,0,3,4,"WE","HNE, WNE, WE","Brazil","3°08'00,000S","59°52'00,000W","experimental site","Multi-strata systems","WNE + WE",TRUE,TRUE,FALSE
"1087","2173",5,3,1,0,1,0,3,4,"WE","HNE, WNE, WE","Brazil","3°08'00,000S","59°52'00,000W","experimental site","Multi-strata systems","WNE + WE",TRUE,TRUE,FALSE
"1088","2174",5,3,1,0,1,0,3,4,"WE","HNE, WNE, WE","Brazil","3°08'00,000S","59°52'00,000W","experimental site","Multi-strata systems","WNE + WE",TRUE,TRUE,FALSE
"1089","2175",5,3,1,0,1,0,3,4,"WE","HNE, WNE, WE","Brazil","3°08'00,000S","59°52'00,000W","experimental site","Multi-strata systems","WNE + WE",TRUE,TRUE,FALSE
"1090","2176",5,3,1,0,1,0,3,4,"WE","HNE, WNE, WE","Brazil","3°08'00,000S","59°52'00,000W","experimental site","Multi-strata systems","WNE + WE",TRUE,TRUE,FALSE
"1091","2177",3,0,1,2,0,1,2,1,"HE","HE, WE","Kenya","1°33'00,000S","37°08'00,000E","experimental site","Alley cropping","Edible only",FALSE,TRUE,TRUE
"1092","2178",3,0,1,2,0,1,2,1,"HE","HE, WE","Kenya","1°33'00,000S","37°08'00,000E","experimental site","Alley cropping","Edible only",FALSE,TRUE,TRUE
"1093","2179",3,0,1,2,0,1,2,1,"HE","HE, WE","Kenya","1°33'00,000S","37°08'00,000E","experimental site","Alley cropping","Edible only",FALSE,TRUE,TRUE
"1094","218",2,1,1,0,0,0,1,2,"WE","WNE, WE","Indonesia",NA,NA,"working farm","Alley cropping","WNE + WE",TRUE,TRUE,FALSE
"1095","2180",3,0,1,2,0,1,2,1,"HE","HE, WE","Kenya","1°33'00,000S","37°08'00,000E","experimental site","Alley cropping","Edible only",FALSE,TRUE,TRUE
"1096","2181",3,0,1,2,0,1,2,1,"HE","HE, WE","Kenya","1°33'00,000S","37°08'00,000E","experimental site","Alley cropping","Edible only",FALSE,TRUE,TRUE
"1097","2182",3,0,1,2,0,1,2,1,"HE","HE, WE","Kenya","1°33'00,000S","37°08'00,000E","experimental site","Alley cropping","Edible only",FALSE,TRUE,TRUE
"1098","2183",3,2,0,1,0,1,3,2,"WE","HE, WE","Nigeria","7°23'00,000N","3°50'00,000E","experimental site","Alley cropping","Edible only",FALSE,TRUE,TRUE
"1099","2184",3,1,0,2,0,1,3,1,"HE","HE, WE","Nigeria","7°23'00,000N","3°50'00,000E","experimental site","Alley cropping","Edible only",FALSE,TRUE,TRUE
"1100","2185",3,1,0,2,0,2,3,1,"HE","HE, WE","Nigeria","7°23'00,000N","3°50'00,000E","experimental site","Alley cropping","Edible only",FALSE,TRUE,TRUE
"1101","2186",3,1,0,2,0,1,3,1,"HE","HE, WE","China",NA,NA,"working farm","Alley cropping","Edible only",FALSE,TRUE,TRUE
"1102","2187",3,1,0,2,0,1,3,1,"HE","HE, WE","China",NA,NA,"working farm","Alley cropping","Edible only",FALSE,TRUE,TRUE
"1103","2188",3,1,0,2,0,1,3,1,"HE","HE, WE","China",NA,NA,"working farm","Alley cropping","Edible only",FALSE,TRUE,TRUE
"1104","2189",2,1,0,1,0,0,2,1,"HE","HE, WE","India",NA,NA,"experimental site","Alley cropping","Edible only",FALSE,TRUE,TRUE
"1105","219",2,1,1,0,0,0,1,2,"WE","WNE, WE","Indonesia",NA,NA,"working farm","Alley cropping","WNE + WE",TRUE,TRUE,FALSE
"1106","2190",2,1,0,1,0,0,2,1,"HE","HE, WE","India",NA,NA,"experimental site","Alley cropping","Edible only",FALSE,TRUE,TRUE
"1107","2191",2,1,0,1,0,0,2,1,"HE","HE, WE","India",NA,NA,"experimental site","Alley cropping","Edible only",FALSE,TRUE,TRUE
"1108","2192",2,1,0,1,0,0,2,1,"HE","HE, WE","India",NA,NA,"experimental site","Alley cropping","Edible only",FALSE,TRUE,TRUE
"1109","2193",2,1,0,1,0,0,2,1,"HE","HE, WE","India",NA,NA,"experimental site","Alley cropping","Edible only",FALSE,TRUE,TRUE
"1110","2194",2,1,0,1,0,0,2,1,"HE","HE, WE","India",NA,NA,"experimental site","Alley cropping","Edible only",FALSE,TRUE,TRUE
"1111","2195",2,1,0,1,0,0,2,1,"HE","HE, WE","India",NA,NA,"experimental site","Alley cropping","Edible only",FALSE,TRUE,TRUE
"1112","2196",2,1,0,1,0,0,2,1,"HE","HE, WE","India",NA,NA,"experimental site","Alley cropping","Edible only",FALSE,TRUE,TRUE
"1113","2197",2,1,1,0,0,1,1,2,"WE","WNE, WE","Brazil","20°45'00,000S","45°52'00,000W","working farm","Alley cropping","WNE + WE",TRUE,TRUE,FALSE
"1114","2198",2,1,1,0,0,1,1,2,"WE","WNE, WE","Brazil","20°45'00,000S","45°52'00,000W","working farm","Alley cropping","WNE + WE",TRUE,TRUE,FALSE
"1115","2199",3,0,1,2,0,0,2,1,"HE","WNE, HE","India","21°12'00,000N","81°36'00,000E","experimental site","Alley cropping","WNE + HE",TRUE,FALSE,TRUE
"1116","22",3,1,0,2,0,0,3,1,"HE","HE, WE","India","17°20'00,000N","78°36'00,000E","experimental site","Alley cropping","Edible only",FALSE,TRUE,TRUE
"1117","220",11,2,9,0,0,2,2,11,"WNE","WNE, WE","Brazil",NA,NA,"working farm","Multi-strata systems","WNE + WE",TRUE,TRUE,FALSE
"1118","2200",3,0,1,2,0,0,2,1,"HE","WNE, HE","India","21°12'00,000N","81°36'00,000E","experimental site","Alley cropping","WNE + HE",TRUE,FALSE,TRUE
"1119","2201",3,0,1,2,0,0,2,1,"HE","WNE, HE","India","21°12'00,000N","81°36'00,000E","experimental site","Alley cropping","WNE + HE",TRUE,FALSE,TRUE
"1120","2202",3,0,1,2,0,0,2,1,"HE","WNE, HE","India","21°12'00,000N","81°36'00,000E","experimental site","Alley cropping","WNE + HE",TRUE,FALSE,TRUE
"1121","2203",3,0,1,2,0,0,2,1,"HE","WNE, HE","India","21°12'00,000N","81°36'00,000E","experimental site","Alley cropping","WNE + HE",TRUE,FALSE,TRUE
"1122","2204",3,0,1,2,0,0,2,1,"HE","WNE, HE","India","21°12'00,000N","81°36'00,000E","experimental site","Alley cropping","WNE + HE",TRUE,FALSE,TRUE
"1123","2205",3,0,1,2,0,0,2,1,"HE","WNE, HE","India","21°12'00,000N","81°36'00,000E","experimental site","Alley cropping","WNE + HE",TRUE,FALSE,TRUE
"1124","2206",3,0,1,2,0,0,2,1,"HE","WNE, HE","India","21°12'00,000N","81°36'00,000E","experimental site","Alley cropping","WNE + HE",TRUE,FALSE,TRUE
"1125","2207",3,0,1,2,0,1,2,1,"HE","HE, WE","Senegal","14°46'00,000N","16°51'00,000W","working farm","Alley cropping","Edible only",FALSE,TRUE,TRUE
"1126","2208",3,0,1,2,0,0,2,1,"HE","WNE, HE","Senegal","13°45'00,000N","15°47'00,000W","working farm","Alley cropping","WNE + HE",TRUE,FALSE,TRUE
"1127","2209",2,2,0,0,0,0,2,2,"WE","WE","France",NA,NA,"working farm","Alley cropping","Edible only",FALSE,TRUE,FALSE
"1128","2210",2,2,0,0,0,0,2,2,"WE","WE","France",NA,NA,"working farm","Alley cropping","Edible only",FALSE,TRUE,FALSE
"1129","2211",2,2,0,0,0,0,2,2,"WE","WE","France",NA,NA,"working farm","Alley cropping","Edible only",FALSE,TRUE,FALSE
"1130","2212",2,2,0,0,0,0,2,2,"WE","WE","France",NA,NA,"working farm","Alley cropping","Edible only",FALSE,TRUE,FALSE
"1131","2213",5,1,2,2,0,1,3,3,"HE","WNE, HE, WE","India","28°01'00,000N","73°22'00,000E","experimental site","Alley cropping","Multi-type",TRUE,TRUE,TRUE
"1132","2214",5,1,2,2,0,1,3,3,"HE","WNE, HE, WE","India","28°01'00,000N","73°22'00,000E","experimental site","Alley cropping","Multi-type",TRUE,TRUE,TRUE
"1133","2215",5,1,2,2,0,1,3,3,"HE","WNE, HE, WE","India","28°01'00,000N","73°22'00,000E","experimental site","Alley cropping","Multi-type",TRUE,TRUE,TRUE
"1134","2216",5,1,2,2,0,1,3,3,"HE","WNE, HE, WE","India","28°01'00,000N","73°22'00,000E","experimental site","Alley cropping","Multi-type",TRUE,TRUE,TRUE
"1135","2217",4,1,2,1,0,1,2,3,"WNE","WNE, HE, WE","India","28°01'00,000N","73°22'00,000E","experimental site","Alley cropping","Multi-type",TRUE,TRUE,TRUE
"1136","2218",4,1,2,1,0,1,2,3,"WNE","WNE, HE, WE","India","28°01'00,000N","73°22'00,000E","experimental site","Alley cropping","Multi-type",TRUE,TRUE,TRUE
"1137","2219",4,1,2,1,0,1,2,3,"WNE","WNE, HE, WE","India","28°01'00,000N","73°22'00,000E","experimental site","Alley cropping","Multi-type",TRUE,TRUE,TRUE
"1138","222",2,2,0,0,0,2,2,2,"WE","WE","China","30°59'00,000N","119°48'00,000E","working farm","Alley cropping","Edible only",FALSE,TRUE,FALSE
"1139","2220",4,1,2,1,0,1,2,3,"WNE","WNE, HE, WE","India","28°01'00,000N","73°22'00,000E","experimental site","Alley cropping","Multi-type",TRUE,TRUE,TRUE
"1140","2221",5,1,2,1,1,1,2,3,"WNE","HNE, WNE, HE, WE","India","28°01'00,000N","73°22'00,000E","experimental site","Alley cropping","Multi-type",TRUE,TRUE,TRUE
"1141","2222",5,1,2,1,1,1,2,3,"WNE","HNE, WNE, HE, WE","India","28°01'00,000N","73°22'00,000E","experimental site","Alley cropping","Multi-type",TRUE,TRUE,TRUE
"1142","2223",5,1,2,1,1,1,2,3,"WNE","HNE, WNE, HE, WE","India","28°01'00,000N","73°22'00,000E","experimental site","Alley cropping","Multi-type",TRUE,TRUE,TRUE
"1143","2224",5,1,2,1,1,1,2,3,"WNE","HNE, WNE, HE, WE","India","28°01'00,000N","73°22'00,000E","experimental site","Alley cropping","Multi-type",TRUE,TRUE,TRUE
"1144","2225",4,1,2,0,1,1,1,3,"WNE","HNE, WNE, WE","India","28°01'00,000N","73°22'00,000E","experimental site","Alley cropping","WNE + WE",TRUE,TRUE,FALSE
"1145","2226",4,1,2,0,1,1,1,3,"WNE","HNE, WNE, WE","India","28°01'00,000N","73°22'00,000E","experimental site","Alley cropping","WNE + WE",TRUE,TRUE,FALSE
"1146","2227",4,1,2,0,1,1,1,3,"WNE","HNE, WNE, WE","India","28°01'00,000N","73°22'00,000E","experimental site","Alley cropping","WNE + WE",TRUE,TRUE,FALSE
"1147","2228",4,1,2,0,1,1,1,3,"WNE","HNE, WNE, WE","India","28°01'00,000N","73°22'00,000E","experimental site","Alley cropping","WNE + WE",TRUE,TRUE,FALSE
"1148","2229",2,1,1,0,0,2,1,2,"WE","WE","India","8,545000°N","77,360000°E","working farm","Alley cropping","Edible only",FALSE,TRUE,FALSE
"1149","223",3,1,0,2,0,1,3,1,"HE","HE, WE","China","30°59'00,000N","119°48'00,000E","working farm","Alley cropping","Edible only",FALSE,TRUE,TRUE
"1150","2230",2,1,1,0,0,2,1,2,"WE","WE","India","8,545000°N","77,360000°E","working farm","Alley cropping","Edible only",FALSE,TRUE,FALSE
"1151","2233_1",4,1,2,1,0,0,2,3,"WNE","WNE, HE, WE","Quebec","45°22'00,000N","73°02'00,000W","working farm","Alley cropping","Multi-type",TRUE,TRUE,TRUE
"1152","2233_10",6,1,4,0,1,0,1,5,"WNE","HNE, WNE, WE","Quebec","45°33'00,000N","74°22'00,000W","working farm","Alley cropping","WNE + WE",TRUE,TRUE,FALSE
"1153","2233_11",6,1,4,0,1,0,1,5,"WNE","HNE, WNE, WE","Quebec","45°28'00,000N","74°12'00,000W","working farm","Alley cropping","WNE + WE",TRUE,TRUE,FALSE
"1154","2233_15",6,1,4,1,0,0,2,5,"WNE","WNE, HE, WE","Quebec","45°17'00,000N","74°26'00,000W","working farm","Alley cropping","Multi-type",TRUE,TRUE,TRUE
"1155","2233_2",6,1,4,1,0,0,2,5,"WNE","WNE, HE, WE","Quebec","46°08'00,000N","72°40'00,000W","working farm","Alley cropping","Multi-type",TRUE,TRUE,TRUE
"1156","2233_3",6,1,4,1,0,0,2,5,"WNE","WNE, HE, WE","Quebec","47°37'00,000N","69°44'00,000W","working farm","Alley cropping","Multi-type",TRUE,TRUE,TRUE
"1157","2233_4",6,1,4,0,1,0,1,5,"WNE","HNE, WNE, WE","Quebec","45°33'00,000N","74°22'00,000W","working farm","Alley cropping","WNE + WE",TRUE,TRUE,FALSE
"1158","2233_5",6,1,4,0,1,0,1,5,"WNE","HNE, WNE, WE","Quebec","45°28'00,000N","74°12'00,000W","working farm","Alley cropping","WNE + WE",TRUE,TRUE,FALSE
"1159","2233_6",4,1,2,1,0,0,2,3,"WNE","WNE, HE, WE","Quebec","45°22'00,000N","73°02'00,000W","working farm","Alley cropping","Multi-type",TRUE,TRUE,TRUE
"1160","2233_7",6,1,4,1,0,0,2,5,"WNE","WNE, HE, WE","Quebec","45°17'00,000N","74°26'00,000W","working farm","Alley cropping","Multi-type",TRUE,TRUE,TRUE
"1161","2233_8",6,1,4,1,0,0,2,5,"WNE","WNE, HE, WE","Quebec","46°08'00,000N","72°40'00,000W","working farm","Alley cropping","Multi-type",TRUE,TRUE,TRUE
"1162","2233_9",6,1,4,1,0,0,2,5,"WNE","WNE, HE, WE","Quebec","47°37'00,000N","69°44'00,000W","working farm","Alley cropping","Multi-type",TRUE,TRUE,TRUE
"1163","224",3,1,0,2,0,1,3,1,"HE","HE, WE","China","30°59'00,000N","119°48'00,000E","working farm","Alley cropping","Edible only",FALSE,TRUE,TRUE
"1164","225",2,2,0,0,0,2,2,2,"WE","WE","China","30°59'00,000N","119°48'00,000E","working farm","Alley cropping","Edible only",FALSE,TRUE,FALSE
"1165","226",3,1,0,2,0,1,3,1,"HE","HE, WE","China","30°59'00,000N","119°48'00,000E","working farm","Alley cropping","Edible only",FALSE,TRUE,TRUE
"1166","2261",3,0,1,2,0,0,2,1,"HE","WNE, HE","India","24°11'00,000N","78°17'00,000E","working farm","Alley cropping","WNE + HE",TRUE,FALSE,TRUE
"1167","2262",3,0,1,2,0,0,2,1,"HE","WNE, HE","India","24°11'00,000N","78°17'00,000E","working farm","Alley cropping","WNE + HE",TRUE,FALSE,TRUE
"1168","2263",2,1,0,0,1,1,1,1,"WE","HE, WE","India",NA,NA,"working farm","Alley cropping","Edible only",FALSE,TRUE,TRUE
"1169","2264",2,1,0,0,1,1,1,1,"WE","HE, WE","India",NA,NA,"working farm","Alley cropping","Edible only",FALSE,TRUE,TRUE
"1170","2265",2,1,0,0,1,0,1,1,"WE","HNE, WE","India",NA,NA,"working farm","Alley cropping","Edible only",FALSE,TRUE,FALSE
"1171","2266",2,1,0,0,1,0,1,1,"WE","HNE, WE","India",NA,NA,"working farm","Alley cropping","Edible only",FALSE,TRUE,FALSE
"1172","2267",2,1,0,0,1,1,1,1,"WE","HE, WE","India",NA,NA,"working farm","Alley cropping","Edible only",FALSE,TRUE,TRUE
"1173","2268",2,1,0,0,1,1,1,1,"WE","HE, WE","India",NA,NA,"working farm","Alley cropping","Edible only",FALSE,TRUE,TRUE
"1174","2269",2,1,0,0,1,0,1,1,"WE","HNE, WE","India",NA,NA,"working farm","Alley cropping","Edible only",FALSE,TRUE,FALSE
"1175","227",3,1,0,2,0,1,3,1,"HE","HE, WE","China","30°59'00,000N","119°48'00,000E","working farm","Alley cropping","Edible only",FALSE,TRUE,TRUE
"1176","2270",2,1,0,0,1,0,1,1,"WE","HNE, WE","India",NA,NA,"working farm","Alley cropping","Edible only",FALSE,TRUE,FALSE
"1177","2271",2,1,0,0,1,1,1,1,"WE","HE, WE","India",NA,NA,"working farm","Alley cropping","Edible only",FALSE,TRUE,TRUE
"1178","2272",2,1,0,0,1,1,1,1,"WE","HE, WE","India",NA,NA,"working farm","Alley cropping","Edible only",FALSE,TRUE,TRUE
"1179","2273",2,1,0,0,1,0,1,1,"WE","HNE, WE","India",NA,NA,"working farm","Alley cropping","Edible only",FALSE,TRUE,FALSE
"1180","2274",2,1,0,0,1,0,1,1,"WE","HNE, WE","India",NA,NA,"working farm","Alley cropping","Edible only",FALSE,TRUE,FALSE
"1181","2275",2,1,0,0,1,1,1,1,"WE","HE, WE","India",NA,NA,"working farm","Alley cropping","Edible only",FALSE,TRUE,TRUE
"1182","2276",2,1,0,0,1,1,1,1,"WE","HE, WE","India",NA,NA,"working farm","Alley cropping","Edible only",FALSE,TRUE,TRUE
"1183","2277",2,1,0,0,1,0,1,1,"WE","HNE, WE","India",NA,NA,"working farm","Alley cropping","Edible only",FALSE,TRUE,FALSE
"1184","2278",2,1,0,0,1,0,1,1,"WE","HNE, WE","India",NA,NA,"working farm","Alley cropping","Edible only",FALSE,TRUE,FALSE
"1185","2279",2,1,0,0,1,1,1,1,"WE","HE, WE","India",NA,NA,"working farm","Alley cropping","Edible only",FALSE,TRUE,TRUE
"1186","2280",2,1,0,0,1,1,1,1,"WE","HE, WE","India",NA,NA,"working farm","Alley cropping","Edible only",FALSE,TRUE,TRUE
"1187","2281",2,1,0,0,1,0,1,1,"WE","HNE, WE","India",NA,NA,"working farm","Alley cropping","Edible only",FALSE,TRUE,FALSE
"1188","2282",2,1,0,0,1,0,1,1,"WE","HNE, WE","India",NA,NA,"working farm","Alley cropping","Edible only",FALSE,TRUE,FALSE
"1189","2283",2,1,1,0,0,1,1,2,"WE","WNE, WE","India",NA,NA,"experimental site","Alley cropping","WNE + WE",TRUE,TRUE,FALSE
"1190","2284",4,1,2,1,0,1,2,3,"WNE","WNE, HE, WE","Ghana","6°13'00,000N","0°22'00,000W","working farm","Multi-strata systems","Multi-type",TRUE,TRUE,TRUE
"1191","2285",4,1,2,1,0,1,2,3,"WNE","WNE, HE, WE","Ghana","6°13'00,000N","0°22'00,000W","working farm","Multi-strata systems","Multi-type",TRUE,TRUE,TRUE
"1192","2286",4,1,2,1,0,1,2,3,"WNE","WNE, HE, WE","Ghana","6°13'00,000N","0°22'00,000W","working farm","Multi-strata systems","Multi-type",TRUE,TRUE,TRUE
"1193","2287",4,1,2,1,0,1,2,3,"WNE","WNE, HE, WE","Ghana","6°13'00,000N","0°22'00,000W","working farm","Multi-strata systems","Multi-type",TRUE,TRUE,TRUE
"1194","2288",4,1,2,1,0,1,2,3,"WNE","WNE, HE, WE","Ghana","6°13'00,000N","0°22'00,000W","working farm","Multi-strata systems","Multi-type",TRUE,TRUE,TRUE
"1195","2289",4,1,2,1,0,1,2,3,"WNE","WNE, HE, WE","Ghana","6°13'00,000N","0°22'00,000W","working farm","Multi-strata systems","Multi-type",TRUE,TRUE,TRUE
"1196","229",2,1,1,0,0,1,1,2,"WE","WNE, WE","Malaysia","2°34'36,000N","102°59'36,000E","working farm","Alley cropping","WNE + WE",TRUE,TRUE,FALSE
"1197","2290",4,1,2,1,0,1,2,3,"WNE","WNE, HE, WE","Ghana","6°13'00,000N","0°22'00,000W","working farm","Multi-strata systems","Multi-type",TRUE,TRUE,TRUE
"1198","2291",4,1,2,1,0,1,2,3,"WNE","WNE, HE, WE","Ghana","6°13'00,000N","0°22'00,000W","working farm","Multi-strata systems","Multi-type",TRUE,TRUE,TRUE
"1199","2292",4,1,2,1,0,1,2,3,"WNE","WNE, HE, WE","Ghana","6°13'00,000N","0°22'00,000W","working farm","Multi-strata systems","Multi-type",TRUE,TRUE,TRUE
"1200","2293",4,1,2,1,0,1,2,3,"WNE","WNE, HE, WE","Ghana","6°13'00,000N","0°22'00,000W","working farm","Multi-strata systems","Multi-type",TRUE,TRUE,TRUE
"1201","2294",4,1,2,1,0,1,2,3,"WNE","WNE, HE, WE","Ghana","6°13'00,000N","0°22'00,000W","working farm","Multi-strata systems","Multi-type",TRUE,TRUE,TRUE
"1202","2295",4,1,2,1,0,1,2,3,"WNE","WNE, HE, WE","Ghana","6°13'00,000N","0°22'00,000W","working farm","Multi-strata systems","Multi-type",TRUE,TRUE,TRUE
"1203","2296",4,1,2,1,0,1,2,3,"WNE","WNE, HE, WE","Ghana","6°13'00,000N","0°22'00,000W","working farm","Multi-strata systems","Multi-type",TRUE,TRUE,TRUE
"1204","2297",4,1,2,1,0,1,2,3,"WNE","WNE, HE, WE","Ghana","6°13'00,000N","0°22'00,000W","working farm","Multi-strata systems","Multi-type",TRUE,TRUE,TRUE
"1205","2298",4,1,2,1,0,1,2,3,"WNE","WNE, HE, WE","Ghana","6°13'00,000N","0°22'00,000W","working farm","Multi-strata systems","Multi-type",TRUE,TRUE,TRUE
"1206","2299",4,1,2,1,0,1,2,3,"WNE","WNE, HE, WE","Ghana","6°13'00,000N","0°22'00,000W","working farm","Multi-strata systems","Multi-type",TRUE,TRUE,TRUE
"1207","23",3,1,0,2,0,0,3,1,"HE","HE, WE","India","17°20'00,000N","78°36'00,000E","experimental site","Alley cropping","Edible only",FALSE,TRUE,TRUE
"1208","230",2,2,0,0,0,0,2,2,"WE","WE","USA","40°26'02,520N","87°01'28,200W","experimental site","Alley cropping","Edible only",FALSE,TRUE,FALSE
"1209","2300",4,1,2,1,0,1,2,3,"WNE","WNE, HE, WE","Ghana","6°13'00,000N","0°22'00,000W","working farm","Multi-strata systems","Multi-type",TRUE,TRUE,TRUE
"1210","2301",4,1,2,1,0,1,2,3,"WNE","WNE, HE, WE","Ghana","6°13'00,000N","0°22'00,000W","working farm","Multi-strata systems","Multi-type",TRUE,TRUE,TRUE
"1211","2302",4,1,2,1,0,1,2,3,"WNE","WNE, HE, WE","Ghana","6°13'00,000N","0°22'00,000W","working farm","Multi-strata systems","Multi-type",TRUE,TRUE,TRUE
"1212","2303",4,1,2,1,0,1,2,3,"WNE","WNE, HE, WE","Ghana","6°13'00,000N","0°22'00,000W","working farm","Multi-strata systems","Multi-type",TRUE,TRUE,TRUE
"1213","2304",4,1,2,1,0,1,2,3,"WNE","WNE, HE, WE","Ghana","6°13'00,000N","0°22'00,000W","working farm","Multi-strata systems","Multi-type",TRUE,TRUE,TRUE
"1214","2305",4,1,2,1,0,1,2,3,"WNE","WNE, HE, WE","Ghana","6°13'00,000N","0°22'00,000W","working farm","Multi-strata systems","Multi-type",TRUE,TRUE,TRUE
"1215","2306",4,1,2,1,0,1,2,3,"WNE","WNE, HE, WE","Ghana","6°13'00,000N","0°22'00,000W","working farm","Multi-strata systems","Multi-type",TRUE,TRUE,TRUE
"1216","2307",4,1,2,1,0,1,2,3,"WNE","WNE, HE, WE","Ghana","6°13'00,000N","0°22'00,000W","working farm","Multi-strata systems","Multi-type",TRUE,TRUE,TRUE
"1217","2308",4,1,2,1,0,1,2,3,"WNE","WNE, HE, WE","Ghana","6°13'00,000N","0°22'00,000W","working farm","Multi-strata systems","Multi-type",TRUE,TRUE,TRUE
"1218","2309",4,1,2,1,0,1,2,3,"WNE","WNE, HE, WE","Ghana","6°13'00,000N","0°22'00,000W","working farm","Multi-strata systems","Multi-type",TRUE,TRUE,TRUE
"1219","231",2,2,0,0,0,0,2,2,"WE","WE","USA","40°26'02,520N","87°01'28,200W","experimental site","Alley cropping","Edible only",FALSE,TRUE,FALSE
"1220","2310",4,1,2,1,0,1,2,3,"WNE","WNE, HE, WE","Ghana","6°13'00,000N","0°22'00,000W","working farm","Multi-strata systems","Multi-type",TRUE,TRUE,TRUE
"1221","2311",4,1,2,1,0,1,2,3,"WNE","WNE, HE, WE","Ghana","6°13'00,000N","0°22'00,000W","working farm","Multi-strata systems","Multi-type",TRUE,TRUE,TRUE
"1222","2312",4,1,2,1,0,1,2,3,"WNE","WNE, HE, WE","Ghana","6°13'00,000N","0°22'00,000W","working farm","Multi-strata systems","Multi-type",TRUE,TRUE,TRUE
"1223","2313",4,1,2,1,0,1,2,3,"WNE","WNE, HE, WE","Ghana","6°13'00,000N","0°22'00,000W","working farm","Multi-strata systems","Multi-type",TRUE,TRUE,TRUE
"1224","2314",4,1,2,1,0,1,2,3,"WNE","WNE, HE, WE","Ghana","6°13'00,000N","0°22'00,000W","working farm","Multi-strata systems","Multi-type",TRUE,TRUE,TRUE
"1225","2315",4,1,2,1,0,1,2,3,"WNE","WNE, HE, WE","Ghana","6°13'00,000N","0°22'00,000W","working farm","Multi-strata systems","Multi-type",TRUE,TRUE,TRUE
"1226","2316",4,1,2,1,0,1,2,3,"WNE","WNE, HE, WE","Ghana","6°13'00,000N","0°22'00,000W","working farm","Multi-strata systems","Multi-type",TRUE,TRUE,TRUE
"1227","2317",4,1,2,1,0,1,2,3,"WNE","WNE, HE, WE","Ghana","6°13'00,000N","0°22'00,000W","working farm","Multi-strata systems","Multi-type",TRUE,TRUE,TRUE
"1228","2318",4,1,2,1,0,1,2,3,"WNE","WNE, HE, WE","Ghana","6°13'00,000N","0°22'00,000W","working farm","Multi-strata systems","Multi-type",TRUE,TRUE,TRUE
"1229","2319",4,1,2,1,0,1,2,3,"WNE","WNE, HE, WE","Ghana","6°13'00,000N","0°22'00,000W","working farm","Multi-strata systems","Multi-type",TRUE,TRUE,TRUE
"1230","232",3,3,0,0,0,0,3,3,"WE","WE","USA","40°26'02,520N","87°01'28,200W","experimental site","Alley cropping","Edible only",FALSE,TRUE,FALSE
"1231","2320",4,1,2,1,0,1,2,3,"WNE","WNE, HE, WE","Ghana","6°13'00,000N","0°22'00,000W","working farm","Multi-strata systems","Multi-type",TRUE,TRUE,TRUE
"1232","2321",4,1,2,1,0,1,2,3,"WNE","WNE, HE, WE","Ghana","6°13'00,000N","0°22'00,000W","working farm","Multi-strata systems","Multi-type",TRUE,TRUE,TRUE
"1233","2322",4,1,2,1,0,1,2,3,"WNE","WNE, HE, WE","Ghana","6°13'00,000N","0°22'00,000W","working farm","Multi-strata systems","Multi-type",TRUE,TRUE,TRUE
"1234","2323",4,1,2,1,0,1,2,3,"WNE","WNE, HE, WE","Ghana","6°13'00,000N","0°22'00,000W","working farm","Multi-strata systems","Multi-type",TRUE,TRUE,TRUE
"1235","2324",4,1,2,1,0,1,2,3,"WNE","WNE, HE, WE","Ghana","6°13'00,000N","0°22'00,000W","working farm","Multi-strata systems","Multi-type",TRUE,TRUE,TRUE
"1236","2325",4,1,2,1,0,1,2,3,"WNE","WNE, HE, WE","Ghana","6°13'00,000N","0°22'00,000W","working farm","Multi-strata systems","Multi-type",TRUE,TRUE,TRUE
"1237","2326",4,1,2,1,0,1,2,3,"WNE","WNE, HE, WE","Ghana","6°13'00,000N","0°22'00,000W","working farm","Multi-strata systems","Multi-type",TRUE,TRUE,TRUE
"1238","2327",4,1,2,1,0,1,2,3,"WNE","WNE, HE, WE","Ghana","6°13'00,000N","0°22'00,000W","working farm","Multi-strata systems","Multi-type",TRUE,TRUE,TRUE
"1239","2328",4,1,2,1,0,1,2,3,"WNE","WNE, HE, WE","Ghana","6°13'00,000N","0°22'00,000W","working farm","Multi-strata systems","Multi-type",TRUE,TRUE,TRUE
"1240","2329",4,1,2,1,0,1,2,3,"WNE","WNE, HE, WE","Ghana","6°13'00,000N","0°22'00,000W","working farm","Multi-strata systems","Multi-type",TRUE,TRUE,TRUE
"1241","233",2,2,0,0,0,0,2,2,"WE","WE","USA","40°26'02,520N","87°01'28,200W","experimental site","Alley cropping","Edible only",FALSE,TRUE,FALSE
"1242","2330",4,1,2,1,0,1,2,3,"WNE","WNE, HE, WE","Ghana","6°13'00,000N","0°22'00,000W","working farm","Multi-strata systems","Multi-type",TRUE,TRUE,TRUE
"1243","2331",4,1,2,1,0,1,2,3,"WNE","WNE, HE, WE","Ghana","6°13'00,000N","0°22'00,000W","working farm","Multi-strata systems","Multi-type",TRUE,TRUE,TRUE
"1244","2332",4,1,2,1,0,1,2,3,"WNE","WNE, HE, WE","Ghana","6°13'00,000N","0°22'00,000W","working farm","Multi-strata systems","Multi-type",TRUE,TRUE,TRUE
"1245","2333",4,1,2,1,0,1,2,3,"WNE","WNE, HE, WE","Ghana","6°13'00,000N","0°22'00,000W","working farm","Multi-strata systems","Multi-type",TRUE,TRUE,TRUE
"1246","2334",4,1,2,1,0,1,2,3,"WNE","WNE, HE, WE","Ghana","6°13'00,000N","0°22'00,000W","working farm","Multi-strata systems","Multi-type",TRUE,TRUE,TRUE
"1247","2335",4,1,2,1,0,1,2,3,"WNE","WNE, HE, WE","Ghana","6°13'00,000N","0°22'00,000W","working farm","Multi-strata systems","Multi-type",TRUE,TRUE,TRUE
"1248","2336",4,1,2,1,0,1,2,3,"WNE","WNE, HE, WE","Ghana","6°13'00,000N","0°22'00,000W","working farm","Multi-strata systems","Multi-type",TRUE,TRUE,TRUE
"1249","2337",4,1,2,1,0,1,2,3,"WNE","WNE, HE, WE","Ghana","6°13'00,000N","0°22'00,000W","working farm","Multi-strata systems","Multi-type",TRUE,TRUE,TRUE
"1250","2338",4,1,2,1,0,1,2,3,"WNE","WNE, HE, WE","Ghana","6°13'00,000N","0°22'00,000W","working farm","Multi-strata systems","Multi-type",TRUE,TRUE,TRUE
"1251","2339",4,1,2,1,0,1,2,3,"WNE","WNE, HE, WE","Ghana","6°13'00,000N","0°22'00,000W","working farm","Multi-strata systems","Multi-type",TRUE,TRUE,TRUE
"1252","234",2,2,0,0,0,0,2,2,"WE","WE","USA","40°26'02,520N","87°01'28,200W","experimental site","Alley cropping","Edible only",FALSE,TRUE,FALSE
"1253","2340",4,1,2,1,0,1,2,3,"WNE","WNE, HE, WE","Ghana","6°13'00,000N","0°22'00,000W","working farm","Multi-strata systems","Multi-type",TRUE,TRUE,TRUE
"1254","2341",4,1,2,1,0,1,2,3,"WNE","WNE, HE, WE","Ghana","6°13'00,000N","0°22'00,000W","working farm","Multi-strata systems","Multi-type",TRUE,TRUE,TRUE
"1255","2342",4,1,2,1,0,1,2,3,"WNE","WNE, HE, WE","Ghana","6°13'00,000N","0°22'00,000W","working farm","Multi-strata systems","Multi-type",TRUE,TRUE,TRUE
"1256","2343",4,1,2,1,0,1,2,3,"WNE","WNE, HE, WE","Ghana","6°13'00,000N","0°22'00,000W","working farm","Multi-strata systems","Multi-type",TRUE,TRUE,TRUE
"1257","2344",4,1,2,1,0,1,2,3,"WNE","WNE, HE, WE","Ghana","6°13'00,000N","0°22'00,000W","working farm","Multi-strata systems","Multi-type",TRUE,TRUE,TRUE
"1258","2345",4,1,2,1,0,1,2,3,"WNE","WNE, HE, WE","Ghana","6°13'00,000N","0°22'00,000W","working farm","Multi-strata systems","Multi-type",TRUE,TRUE,TRUE
"1259","2346",4,1,2,1,0,1,2,3,"WNE","WNE, HE, WE","Ghana","6°13'00,000N","0°22'00,000W","working farm","Multi-strata systems","Multi-type",TRUE,TRUE,TRUE
"1260","2347",4,1,2,1,0,1,2,3,"WNE","WNE, HE, WE","Ghana","6°13'00,000N","0°22'00,000W","working farm","Multi-strata systems","Multi-type",TRUE,TRUE,TRUE
"1261","2348",4,1,2,1,0,1,2,3,"WNE","WNE, HE, WE","Ghana","6°13'00,000N","0°22'00,000W","working farm","Multi-strata systems","Multi-type",TRUE,TRUE,TRUE
"1262","2349",4,1,2,1,0,1,2,3,"WNE","WNE, HE, WE","Ghana","6°13'00,000N","0°22'00,000W","working farm","Multi-strata systems","Multi-type",TRUE,TRUE,TRUE
"1263","235",3,3,0,0,0,0,3,3,"WE","WE","USA","40°26'02,520N","87°01'28,200W","experimental site","Alley cropping","Edible only",FALSE,TRUE,FALSE
"1264","2350",4,1,2,1,0,1,2,3,"WNE","WNE, HE, WE","Ghana","6°13'00,000N","0°22'00,000W","working farm","Multi-strata systems","Multi-type",TRUE,TRUE,TRUE
"1265","2351",4,1,2,1,0,1,2,3,"WNE","WNE, HE, WE","Ghana","6°13'00,000N","0°22'00,000W","working farm","Multi-strata systems","Multi-type",TRUE,TRUE,TRUE
"1266","2352",4,1,2,1,0,1,2,3,"WNE","WNE, HE, WE","Ghana","6°13'00,000N","0°22'00,000W","working farm","Multi-strata systems","Multi-type",TRUE,TRUE,TRUE
"1267","2353",4,1,2,1,0,1,2,3,"WNE","WNE, HE, WE","Ghana","6°13'00,000N","0°22'00,000W","working farm","Multi-strata systems","Multi-type",TRUE,TRUE,TRUE
"1268","2354",4,1,2,1,0,1,2,3,"WNE","WNE, HE, WE","Ghana","6°13'00,000N","0°22'00,000W","working farm","Multi-strata systems","Multi-type",TRUE,TRUE,TRUE
"1269","2355",4,1,2,1,0,1,2,3,"WNE","WNE, HE, WE","Ghana","6°13'00,000N","0°22'00,000W","working farm","Multi-strata systems","Multi-type",TRUE,TRUE,TRUE
"1270","2356",4,1,2,1,0,1,2,3,"WNE","WNE, HE, WE","Ghana","6°13'00,000N","0°22'00,000W","working farm","Multi-strata systems","Multi-type",TRUE,TRUE,TRUE
"1271","2357",4,1,2,1,0,1,2,3,"WNE","WNE, HE, WE","Ghana","6°13'00,000N","0°22'00,000W","working farm","Multi-strata systems","Multi-type",TRUE,TRUE,TRUE
"1272","2358",4,1,2,1,0,1,2,3,"WNE","WNE, HE, WE","Ghana","6°13'00,000N","0°22'00,000W","working farm","Multi-strata systems","Multi-type",TRUE,TRUE,TRUE
"1273","2359",4,1,2,1,0,1,2,3,"WNE","WNE, HE, WE","Ghana","6°13'00,000N","0°22'00,000W","working farm","Multi-strata systems","Multi-type",TRUE,TRUE,TRUE
"1274","236",2,2,0,0,0,0,2,2,"WE","WE","USA","40°26'02,520N","87°01'28,200W","experimental site","Alley cropping","Edible only",FALSE,TRUE,FALSE
"1275","2360",3,1,0,1,1,0,2,1,"HE","HNE, HE, WE","China","29°17'08,500N","115°42'52,000E","experimental site","Alley cropping","Edible only",FALSE,TRUE,TRUE
"1276","2361",3,1,0,1,1,0,2,1,"HE","HNE, HE, WE","China","29°17'08,500N","115°42'52,000E","experimental site","Alley cropping","Edible only",FALSE,TRUE,TRUE
"1277","2362",4,1,0,2,1,0,3,1,"HE","HNE, HE, WE","China","29°17'08,500N","115°42'52,000E","experimental site","Alley cropping","Edible only",FALSE,TRUE,TRUE
"1278","2363",4,1,0,2,1,0,3,1,"HE","HNE, HE, WE","China","29°17'08,500N","115°42'52,000E","experimental site","Alley cropping","Edible only",FALSE,TRUE,TRUE
"1279","2364",4,1,0,2,1,0,3,1,"HE","HNE, HE, WE","China","29°17'08,500N","115°42'52,000E","experimental site","Alley cropping","Edible only",FALSE,TRUE,TRUE
"1280","2365",4,1,0,2,1,0,3,1,"HE","HNE, HE, WE","China","29°17'08,500N","115°42'52,000E","experimental site","Alley cropping","Edible only",FALSE,TRUE,TRUE
"1281","2366",4,0,2,1,1,1,1,2,"WNE","HNE, WNE, HE, WE","India","21,800000°N","76,500000°E","experimental site","Alley cropping","Multi-type",TRUE,TRUE,TRUE
"1282","2367",4,1,1,1,1,1,2,2,"HE","HNE, WNE, HE, WE","India","21,800000°N","76,500000°E","experimental site","Alley cropping","Multi-type",TRUE,TRUE,TRUE
"1283","2368",4,0,2,1,1,1,1,2,"WNE","HNE, WNE, HE, WE","India","21,800000°N","76,500000°E","experimental site","Alley cropping","Multi-type",TRUE,TRUE,TRUE
"1284","2369",4,1,1,1,1,1,2,2,"HE","HNE, WNE, HE, WE","India","21,800000°N","76,500000°E","experimental site","Alley cropping","Multi-type",TRUE,TRUE,TRUE
"1285","237",2,2,0,0,0,0,2,2,"WE","WE","USA","40°26'02,520N","87°01'28,200W","experimental site","Alley cropping","Edible only",FALSE,TRUE,FALSE
"1286","2370",3,0,2,1,0,1,1,2,"WNE","WNE, HE, WE","India","21,800000°N","76,500000°E","experimental site","Alley cropping","Multi-type",TRUE,TRUE,TRUE
"1287","2371",3,1,1,1,0,1,2,2,"HE","WNE, HE, WE","India","21,800000°N","76,500000°E","experimental site","Alley cropping","Multi-type",TRUE,TRUE,TRUE
"1288","2372",3,0,2,1,0,1,1,2,"WNE","WNE, HE, WE","India","21,800000°N","76,500000°E","experimental site","Alley cropping","Multi-type",TRUE,TRUE,TRUE
"1289","2373",3,1,1,1,0,1,2,2,"HE","WNE, HE, WE","India","21,800000°N","76,500000°E","experimental site","Alley cropping","Multi-type",TRUE,TRUE,TRUE
"1290","2374",3,0,2,1,0,1,1,2,"WNE","WNE, HE, WE","India","21,800000°N","76,500000°E","experimental site","Alley cropping","Multi-type",TRUE,TRUE,TRUE
"1291","2375",3,1,1,1,0,1,2,2,"HE","WNE, HE, WE","India","21,800000°N","76,500000°E","experimental site","Alley cropping","Multi-type",TRUE,TRUE,TRUE
"1292","2376",3,0,2,1,0,1,1,2,"WNE","WNE, HE, WE","India","21,800000°N","76,500000°E","experimental site","Alley cropping","Multi-type",TRUE,TRUE,TRUE
"1293","2377",3,1,1,1,0,1,2,2,"HE","WNE, HE, WE","India","21,800000°N","76,500000°E","experimental site","Alley cropping","Multi-type",TRUE,TRUE,TRUE
"1294","2378",4,0,2,1,1,1,1,2,"WNE","HNE, WNE, HE, WE","India","21,800000°N","76,500000°E","experimental site","Alley cropping","Multi-type",TRUE,TRUE,TRUE
"1295","2379",4,1,1,1,1,1,2,2,"HE","HNE, WNE, HE, WE","India","21,800000°N","76,500000°E","experimental site","Alley cropping","Multi-type",TRUE,TRUE,TRUE
"1296","238",3,3,0,0,0,0,3,3,"WE","WE","USA","40°26'02,520N","87°01'28,200W","experimental site","Alley cropping","Edible only",FALSE,TRUE,FALSE
"1297","2380",4,0,2,1,1,1,1,2,"WNE","HNE, WNE, HE, WE","India","21,800000°N","76,500000°E","experimental site","Alley cropping","Multi-type",TRUE,TRUE,TRUE
"1298","2381",4,1,1,1,1,1,2,2,"HE","HNE, WNE, HE, WE","India","21,800000°N","76,500000°E","experimental site","Alley cropping","Multi-type",TRUE,TRUE,TRUE
"1299","2382",3,0,2,1,0,1,1,2,"WNE","WNE, HE, WE","India","21,800000°N","76,500000°E","experimental site","Alley cropping","Multi-type",TRUE,TRUE,TRUE
"1300","2383",3,1,1,1,0,1,2,2,"HE","WNE, HE, WE","India","21,800000°N","76,500000°E","experimental site","Alley cropping","Multi-type",TRUE,TRUE,TRUE
"1301","2384",3,0,2,1,0,1,1,2,"WNE","WNE, HE, WE","India","21,800000°N","76,500000°E","experimental site","Alley cropping","Multi-type",TRUE,TRUE,TRUE
"1302","2385",3,1,1,1,0,1,2,2,"HE","WNE, HE, WE","India","21,800000°N","76,500000°E","experimental site","Alley cropping","Multi-type",TRUE,TRUE,TRUE
"1303","2386",3,0,2,1,0,1,1,2,"WNE","WNE, HE, WE","India","21,800000°N","76,500000°E","experimental site","Alley cropping","Multi-type",TRUE,TRUE,TRUE
"1304","2387",3,1,1,1,0,1,2,2,"HE","WNE, HE, WE","India","21,800000°N","76,500000°E","experimental site","Alley cropping","Multi-type",TRUE,TRUE,TRUE
"1305","2388",3,0,2,1,0,1,1,2,"WNE","WNE, HE, WE","India","21,800000°N","76,500000°E","experimental site","Alley cropping","Multi-type",TRUE,TRUE,TRUE
"1306","2389",3,1,1,1,0,1,2,2,"HE","WNE, HE, WE","India","21,800000°N","76,500000°E","experimental site","Alley cropping","Multi-type",TRUE,TRUE,TRUE
"1307","239",2,2,0,0,0,0,2,2,"WE","WE","USA","40°26'02,520N","87°01'28,200W","experimental site","Alley cropping","Edible only",FALSE,TRUE,FALSE
"1308","2390",4,0,2,1,1,1,1,2,"WNE","HNE, WNE, HE, WE","India","21,800000°N","76,500000°E","experimental site","Alley cropping","Multi-type",TRUE,TRUE,TRUE
"1309","2391",4,1,1,1,1,1,2,2,"HE","HNE, WNE, HE, WE","India","21,800000°N","76,500000°E","experimental site","Alley cropping","Multi-type",TRUE,TRUE,TRUE
"1310","2392",4,0,2,1,1,1,1,2,"WNE","HNE, WNE, HE, WE","India","21,800000°N","76,500000°E","experimental site","Alley cropping","Multi-type",TRUE,TRUE,TRUE
"1311","2393",4,1,1,1,1,1,2,2,"HE","HNE, WNE, HE, WE","India","21,800000°N","76,500000°E","experimental site","Alley cropping","Multi-type",TRUE,TRUE,TRUE
"1312","2394",3,0,2,1,0,1,1,2,"WNE","WNE, HE, WE","India","21,800000°N","76,500000°E","experimental site","Alley cropping","Multi-type",TRUE,TRUE,TRUE
"1313","2395",3,1,1,1,0,1,2,2,"HE","WNE, HE, WE","India","21,800000°N","76,500000°E","experimental site","Alley cropping","Multi-type",TRUE,TRUE,TRUE
"1314","2396",3,0,2,1,0,1,1,2,"WNE","WNE, HE, WE","India","21,800000°N","76,500000°E","experimental site","Alley cropping","Multi-type",TRUE,TRUE,TRUE
"1315","2397",3,1,1,1,0,1,2,2,"HE","WNE, HE, WE","India","21,800000°N","76,500000°E","experimental site","Alley cropping","Multi-type",TRUE,TRUE,TRUE
"1316","2398",3,0,2,1,0,1,1,2,"WNE","WNE, HE, WE","India","21,800000°N","76,500000°E","experimental site","Alley cropping","Multi-type",TRUE,TRUE,TRUE
"1317","2399",3,1,1,1,0,1,2,2,"HE","WNE, HE, WE","India","21,800000°N","76,500000°E","experimental site","Alley cropping","Multi-type",TRUE,TRUE,TRUE
"1318","24",3,1,0,2,0,0,3,1,"HE","HE, WE","India","17°20'00,000N","78°36'00,000E","experimental site","Alley cropping","Edible only",FALSE,TRUE,TRUE
"1319","240",2,2,0,0,0,0,2,2,"WE","WE","USA","40°26'02,520N","87°01'28,200W","experimental site","Alley cropping","Edible only",FALSE,TRUE,FALSE
"1320","2400",3,0,2,1,0,1,1,2,"WNE","WNE, HE, WE","India","21,800000°N","76,500000°E","experimental site","Alley cropping","Multi-type",TRUE,TRUE,TRUE
"1321","2401",3,1,1,1,0,1,2,2,"HE","WNE, HE, WE","India","21,800000°N","76,500000°E","experimental site","Alley cropping","Multi-type",TRUE,TRUE,TRUE
"1322","2408",11,4,5,1,1,1,5,9,"WNE","HNE, WNE, HE, WE","Bolivia","15°27'36,000S","67°28'19,000W","experimental site","Multi-strata systems","Multi-type",TRUE,TRUE,TRUE
"1323","2409",11,4,5,1,1,1,5,9,"WNE","HNE, WNE, HE, WE","Bolivia","15°27'36,000S","67°28'19,000W","experimental site","Multi-strata systems","Multi-type",TRUE,TRUE,TRUE
"1324","241",3,3,0,0,0,0,3,3,"WE","WE","USA","40°26'02,520N","87°01'28,200W","experimental site","Alley cropping","Edible only",FALSE,TRUE,FALSE
"1325","2410",11,4,5,1,1,1,5,9,"WNE","HNE, WNE, HE, WE","Bolivia","15°27'36,000S","67°28'19,000W","experimental site","Multi-strata systems","Multi-type",TRUE,TRUE,TRUE
"1326","2411",11,4,5,1,1,1,5,9,"WNE","HNE, WNE, HE, WE","Bolivia","15°27'36,000S","67°28'19,000W","experimental site","Multi-strata systems","Multi-type",TRUE,TRUE,TRUE
"1327","2412",11,4,5,1,1,1,5,9,"WNE","HNE, WNE, HE, WE","Bolivia","15°27'36,000S","67°28'19,000W","experimental site","Multi-strata systems","Multi-type",TRUE,TRUE,TRUE
"1328","2413",11,4,5,1,1,1,5,9,"WNE","HNE, WNE, HE, WE","Bolivia","15°27'36,000S","67°28'19,000W","experimental site","Multi-strata systems","Multi-type",TRUE,TRUE,TRUE
"1329","2414",3,2,1,0,0,0,2,3,"WE","WNE, WE","Spain","38°02'00,000N","4°18'00,000W","working farm","Alley cropping","WNE + WE",TRUE,TRUE,FALSE
"1330","2415",3,2,1,0,0,0,2,3,"WE","WNE, WE","Spain","38°02'00,000N","4°18'00,000W","working farm","Alley cropping","WNE + WE",TRUE,TRUE,FALSE
"1331","2416",3,2,1,0,0,0,2,3,"WE","WNE, WE","Spain","38°02'00,000N","4°18'00,000W","working farm","Alley cropping","WNE + WE",TRUE,TRUE,FALSE
"1332","2417",3,2,1,0,0,0,2,3,"WE","WNE, WE","Spain","38°02'00,000N","4°18'00,000W","working farm","Alley cropping","WNE + WE",TRUE,TRUE,FALSE
"1333","2418",8,2,5,1,0,1,3,7,"WNE","WNE, HE, WE","Malaysia","4°14'48,000N","101°59'08,000E","working farm","Multi-strata systems","Multi-type",TRUE,TRUE,TRUE
"1334","2419",8,2,5,1,0,1,3,7,"WNE","WNE, HE, WE","Malaysia","4°14'48,000N","101°59'08,000E","working farm","Multi-strata systems","Multi-type",TRUE,TRUE,TRUE
"1335","242",2,2,0,0,0,0,2,2,"WE","WE","USA","40°26'02,520N","87°01'28,200W","experimental site","Alley cropping","Edible only",FALSE,TRUE,FALSE
"1336","2420",8,2,5,1,0,1,3,7,"WNE","WNE, HE, WE","Malaysia","4°14'48,000N","101°59'08,000E","working farm","Multi-strata systems","Multi-type",TRUE,TRUE,TRUE
"1337","2421",8,2,5,1,0,1,3,7,"WNE","WNE, HE, WE","Malaysia","4°14'48,000N","101°59'08,000E","working farm","Multi-strata systems","Multi-type",TRUE,TRUE,TRUE
"1338","2422",8,2,5,1,0,1,3,7,"WNE","WNE, HE, WE","Malaysia","4°14'48,000N","101°59'08,000E","working farm","Multi-strata systems","Multi-type",TRUE,TRUE,TRUE
"1339","2423",9,2,5,1,1,1,3,7,"WNE","HNE, WNE, HE, WE","Malaysia","4°14'48,000N","101°59'08,000E","working farm","Multi-strata systems","Multi-type",TRUE,TRUE,TRUE
"1340","2424",9,2,5,1,1,1,3,7,"WNE","HNE, WNE, HE, WE","Malaysia","4°14'48,000N","101°59'08,000E","working farm","Multi-strata systems","Multi-type",TRUE,TRUE,TRUE
"1341","2425",9,2,5,1,1,1,3,7,"WNE","HNE, WNE, HE, WE","Malaysia","4°14'48,000N","101°59'08,000E","working farm","Multi-strata systems","Multi-type",TRUE,TRUE,TRUE
"1342","2426",8,2,5,1,0,1,3,7,"WNE","WNE, HE, WE","Malaysia","4°14'48,000N","101°59'08,000E","working farm","Multi-strata systems","Multi-type",TRUE,TRUE,TRUE
"1343","2427",8,2,5,1,0,1,3,7,"WNE","WNE, HE, WE","Malaysia","4°14'48,000N","101°59'08,000E","working farm","Multi-strata systems","Multi-type",TRUE,TRUE,TRUE
"1344","2428",8,2,5,1,0,1,3,7,"WNE","WNE, HE, WE","Malaysia","4°14'48,000N","101°59'08,000E","working farm","Multi-strata systems","Multi-type",TRUE,TRUE,TRUE
"1345","2429",8,2,5,1,0,1,3,7,"WNE","WNE, HE, WE","Malaysia","4°14'48,000N","101°59'08,000E","working farm","Multi-strata systems","Multi-type",TRUE,TRUE,TRUE
"1346","243",2,2,0,0,0,0,2,2,"WE","WE","USA","40°26'02,520N","87°01'28,200W","experimental site","Alley cropping","Edible only",FALSE,TRUE,FALSE
"1347","2430",8,2,5,1,0,1,3,7,"WNE","WNE, HE, WE","Malaysia","4°14'48,000N","101°59'08,000E","working farm","Multi-strata systems","Multi-type",TRUE,TRUE,TRUE
"1348","2431",9,2,5,1,1,1,3,7,"WNE","HNE, WNE, HE, WE","Malaysia","4°14'48,000N","101°59'08,000E","working farm","Multi-strata systems","Multi-type",TRUE,TRUE,TRUE
"1349","2432",9,2,5,1,1,1,3,7,"WNE","HNE, WNE, HE, WE","Malaysia","4°14'48,000N","101°59'08,000E","working farm","Multi-strata systems","Multi-type",TRUE,TRUE,TRUE
"1350","2433",9,2,5,1,1,1,3,7,"WNE","HNE, WNE, HE, WE","Malaysia","4°14'48,000N","101°59'08,000E","working farm","Multi-strata systems","Multi-type",TRUE,TRUE,TRUE
"1351","2434",8,1,2,2,3,0,3,3,"HE","HNE, WNE, HE, WE","USA",NA,NA,"working farm","Hedgerows","Multi-type",TRUE,TRUE,TRUE
"1352","2435",8,1,2,2,3,0,3,3,"HE","HNE, WNE, HE, WE","USA",NA,NA,"working farm","Hedgerows","Multi-type",TRUE,TRUE,TRUE
"1353","2436",11,0,7,1,3,0,1,7,"WNE","HNE, WNE, HE","Brazil","13°50'00,000S","39°10'00,000W","working farm","Multi-strata systems","WNE + HE",TRUE,FALSE,TRUE
"1354","2437",11,0,7,1,3,0,1,7,"WNE","HNE, WNE, HE","Brazil","13°50'00,000S","39°10'00,000W","working farm","Multi-strata systems","WNE + HE",TRUE,FALSE,TRUE
"1355","2438",11,0,7,1,3,0,1,7,"WNE","HNE, WNE, HE","Brazil","13°50'00,000S","39°10'00,000W","working farm","Multi-strata systems","WNE + HE",TRUE,FALSE,TRUE
"1356","2439",11,0,7,1,3,0,1,7,"WNE","HNE, WNE, HE","Brazil","13°50'00,000S","39°10'00,000W","working farm","Multi-strata systems","WNE + HE",TRUE,FALSE,TRUE
"1357","244",3,3,0,0,0,0,3,3,"WE","WE","USA","40°26'02,520N","87°01'28,200W","experimental site","Alley cropping","Edible only",FALSE,TRUE,FALSE
"1358","2440",11,0,7,1,3,0,1,7,"WNE","HNE, WNE, HE","Brazil","13°50'00,000S","39°10'00,000W","working farm","Multi-strata systems","WNE + HE",TRUE,FALSE,TRUE
"1359","2441",11,0,7,1,3,0,1,7,"WNE","HNE, WNE, HE","Brazil","13°50'00,000S","39°10'00,000W","working farm","Multi-strata systems","WNE + HE",TRUE,FALSE,TRUE
"1360","2442",2,0,1,1,0,0,1,1,"HE","WNE, HE","China","28°41'41,000N","112°56'49,000E","working farm","Alley cropping","WNE + HE",TRUE,FALSE,TRUE
"1361","2443",2,0,1,1,0,0,1,1,"HE","WNE, HE","China","28°32'39,000N","112°58'44,000E","working farm","Alley cropping","WNE + HE",TRUE,FALSE,TRUE
"1362","2444",2,1,1,0,0,1,1,2,"WE","WNE, WE","China","26°54'40,000N","113°23'33,000E","working farm","Alley cropping","WNE + WE",TRUE,TRUE,FALSE
"1363","2445",2,1,1,0,0,1,1,2,"WE","WNE, WE","China","26°52'10,000N","113°22'22,000E","working farm","Alley cropping","WNE + WE",TRUE,TRUE,FALSE
"1364","2447",2,0,1,1,0,0,1,1,"HE","WNE, HE","China","28°41'41,000N","112°56'49,000E","working farm","Alley cropping","WNE + HE",TRUE,FALSE,TRUE
"1365","2448",2,0,1,1,0,0,1,1,"HE","WNE, HE","China","28°32'39,000N","112°58'44,000E","working farm","Alley cropping","WNE + HE",TRUE,FALSE,TRUE
"1366","2449",2,1,1,0,0,1,1,2,"WE","WNE, WE","China","26°54'40,000N","113°23'33,000E","working farm","Alley cropping","WNE + WE",TRUE,TRUE,FALSE
"1367","245",2,2,0,0,0,0,2,2,"WE","WE","USA","40°26'02,520N","87°01'28,200W","experimental site","Alley cropping","Edible only",FALSE,TRUE,FALSE
"1368","2450",2,1,1,0,0,1,1,2,"WE","WNE, WE","China","26°52'10,000N","113°22'22,000E","working farm","Alley cropping","WNE + WE",TRUE,TRUE,FALSE
"1369","2452",2,0,1,1,0,0,1,1,"HE","WNE, HE","China","28°41'41,000N","112°56'49,000E","working farm","Alley cropping","WNE + HE",TRUE,FALSE,TRUE
"1370","2453",2,0,1,1,0,0,1,1,"HE","WNE, HE","China","28°32'39,000N","112°58'44,000E","working farm","Alley cropping","WNE + HE",TRUE,FALSE,TRUE
"1371","2454",2,1,1,0,0,1,1,2,"WE","WNE, WE","China","26°54'40,000N","113°23'33,000E","working farm","Alley cropping","WNE + WE",TRUE,TRUE,FALSE
"1372","2455",2,1,1,0,0,1,1,2,"WE","WNE, WE","China","26°52'10,000N","113°22'22,000E","working farm","Alley cropping","WNE + WE",TRUE,TRUE,FALSE
"1373","2457",3,1,1,1,0,1,2,2,"HE","WNE, HE, WE","Indonesia","3°58'00,000S","122°30'00,000E","working farm","Alley cropping","Multi-type",TRUE,TRUE,TRUE
"1374","2458",2,1,1,0,0,1,1,2,"WE","WNE, WE","Indonesia","3°58'00,000S","122°30'00,000E","working farm","Multi-strata systems","WNE + WE",TRUE,TRUE,FALSE
"1375","2459",2,1,1,0,0,1,1,2,"WE","WNE, WE","Indonesia","3°58'00,000S","122°30'00,000E","working farm","Multi-strata systems","WNE + WE",TRUE,TRUE,FALSE
"1376","246",2,2,0,0,0,0,2,2,"WE","WE","USA","40°26'02,520N","87°01'28,200W","experimental site","Alley cropping","Edible only",FALSE,TRUE,FALSE
"1377","2460",3,1,1,1,0,1,2,2,"HE","WNE, HE, WE","Indonesia","3°58'00,000S","122°30'00,000E","working farm","Multi-strata systems","Multi-type",TRUE,TRUE,TRUE
"1378","2461",2,1,1,0,0,1,1,2,"WE","WNE, WE","Indonesia","3°58'00,000S","122°30'00,000E","working farm","Multi-strata systems","WNE + WE",TRUE,TRUE,FALSE
"1379","2462",2,1,1,0,0,1,1,2,"WE","WNE, WE","Indonesia","3°58'00,000S","122°30'00,000E","working farm","Multi-strata systems","WNE + WE",TRUE,TRUE,FALSE
"1380","2463",3,1,1,1,0,1,2,2,"HE","WNE, HE, WE","Indonesia","3°58'00,000S","122°30'00,000E","working farm","Multi-strata systems","Multi-type",TRUE,TRUE,TRUE
"1381","2464",2,1,1,0,0,1,1,2,"WE","WNE, WE","Indonesia","3°58'00,000S","122°30'00,000E","working farm","Multi-strata systems","WNE + WE",TRUE,TRUE,FALSE
"1382","2465",2,1,1,0,0,1,1,2,"WE","WNE, WE","Indonesia","3°58'00,000S","122°30'00,000E","working farm","Multi-strata systems","WNE + WE",TRUE,TRUE,FALSE
"1383","2466",2,1,1,0,0,1,1,2,"WE","WNE, WE","South Africa","31°02'00,000S","30°10'00,000E","working farm","Alley cropping","WNE + WE",TRUE,TRUE,FALSE
"1384","2467",2,1,1,0,0,0,1,2,"WE","WNE, WE","Thailand",NA,NA,"working farm","Alley cropping","WNE + WE",TRUE,TRUE,FALSE
"1385","2468",2,1,1,0,0,0,1,2,"WE","WNE, WE","Thailand",NA,NA,"working farm","Alley cropping","WNE + WE",TRUE,TRUE,FALSE
"1386","247",3,3,0,0,0,0,3,3,"WE","WE","USA","40°26'02,520N","87°01'28,200W","experimental site","Alley cropping","Edible only",FALSE,TRUE,FALSE
"1387","2470",2,1,0,1,0,0,2,1,"HE","HE, WE","China","23°23'55,000N","103°23'43,000E","working farm","Multi-strata systems","Edible only",FALSE,TRUE,TRUE
"1388","2471",2,1,0,1,0,0,2,1,"HE","HE, WE","China","23°23'55,000N","103°23'43,000E","working farm","Multi-strata systems","Edible only",FALSE,TRUE,TRUE
"1389","2473",3,1,0,0,2,0,1,1,"WE","HNE, WE","USA","35,583889°N","85,713056°W","experimental site","Alley cropping","Edible only",FALSE,TRUE,FALSE
"1390","2474",3,1,0,0,2,0,1,1,"WE","HNE, WE","USA","35,583889°N","85,713056°W","experimental site","Alley cropping","Edible only",FALSE,TRUE,FALSE
"1391","2475",3,1,1,0,1,0,1,2,"WE","HNE, WNE, WE","India","25°19'00,000N","79°55'30,000E","experimental site","Alley cropping","WNE + WE",TRUE,TRUE,FALSE
"1392","2476",3,1,1,0,1,0,1,2,"WE","HNE, WNE, WE","India","25°19'00,000N","79°55'30,000E","experimental site","Alley cropping","WNE + WE",TRUE,TRUE,FALSE
"1393","2477",3,1,1,0,1,0,1,2,"WE","HNE, WNE, WE","India","25°19'00,000N","79°55'30,000E","experimental site","Alley cropping","WNE + WE",TRUE,TRUE,FALSE
"1394","2478",3,1,1,0,1,0,1,2,"WE","HNE, WNE, WE","India","25°19'00,000N","79°55'30,000E","experimental site","Alley cropping","WNE + WE",TRUE,TRUE,FALSE
"1395","2479",3,1,1,0,1,0,1,2,"WE","HNE, WNE, WE","India","25°19'00,000N","79°55'30,000E","experimental site","Alley cropping","WNE + WE",TRUE,TRUE,FALSE
"1396","248",2,2,0,0,0,0,2,2,"WE","WE","USA","40°26'02,520N","87°01'28,200W","experimental site","Alley cropping","Edible only",FALSE,TRUE,FALSE
"1397","2480",3,1,1,0,1,0,1,2,"WE","HNE, WNE, WE","India","25°19'00,000N","79°55'30,000E","experimental site","Alley cropping","WNE + WE",TRUE,TRUE,FALSE
"1398","2481",3,1,1,0,1,0,1,2,"WE","HNE, WNE, WE","India","25°19'00,000N","79°55'30,000E","experimental site","Alley cropping","WNE + WE",TRUE,TRUE,FALSE
"1399","2482",3,1,1,0,1,0,1,2,"WE","HNE, WNE, WE","India","25°19'00,000N","79°55'30,000E","experimental site","Alley cropping","WNE + WE",TRUE,TRUE,FALSE
"1400","2483",3,1,1,0,1,0,1,2,"WE","HNE, WNE, WE","India","25°19'00,000N","79°55'30,000E","experimental site","Alley cropping","WNE + WE",TRUE,TRUE,FALSE
"1401","2484",3,1,1,0,1,0,1,2,"WE","HNE, WNE, WE","India","25°19'00,000N","79°55'30,000E","experimental site","Alley cropping","WNE + WE",TRUE,TRUE,FALSE
"1402","2485",3,1,1,0,1,0,1,2,"WE","HNE, WNE, WE","India","25°19'00,000N","79°55'30,000E","experimental site","Alley cropping","WNE + WE",TRUE,TRUE,FALSE
"1403","2486",3,1,1,0,1,0,1,2,"WE","HNE, WNE, WE","India","25°19'00,000N","79°55'30,000E","experimental site","Alley cropping","WNE + WE",TRUE,TRUE,FALSE
"1404","2487",3,1,1,0,1,0,1,2,"WE","HNE, WNE, WE","India","25°19'00,000N","79°55'30,000E","experimental site","Alley cropping","WNE + WE",TRUE,TRUE,FALSE
"1405","2488",3,1,1,0,1,0,1,2,"WE","HNE, WNE, WE","India","25°19'00,000N","79°55'30,000E","experimental site","Alley cropping","WNE + WE",TRUE,TRUE,FALSE
"1406","2489",3,1,1,0,1,0,1,2,"WE","HNE, WNE, WE","India","25°19'00,000N","79°55'30,000E","experimental site","Alley cropping","WNE + WE",TRUE,TRUE,FALSE
"1407","249",2,2,0,0,0,0,2,2,"WE","WE","USA","40°26'02,520N","87°01'28,200W","experimental site","Alley cropping","Edible only",FALSE,TRUE,FALSE
"1408","2490",3,1,1,0,1,0,1,2,"WE","HNE, WNE, WE","India","25°19'00,000N","79°55'30,000E","experimental site","Alley cropping","WNE + WE",TRUE,TRUE,FALSE
"1409","2491",2,2,0,0,0,0,2,2,"WE","WE","Italy","39,027327°N","16,100968°E","working farm","Alley cropping","Edible only",FALSE,TRUE,FALSE
"1410","2492",2,2,0,0,0,0,2,2,"WE","WE","Italy","39,027327°N","16,100968°E","working farm","Alley cropping","Edible only",FALSE,TRUE,FALSE
"1411","2493",2,2,0,0,0,0,2,2,"WE","WE","Italy","39,027327°N","16,100968°E","working farm","Alley cropping","Edible only",FALSE,TRUE,FALSE
"1412","2494",2,2,0,0,0,0,2,2,"WE","WE","Italy","39,027327°N","16,100968°E","working farm","Alley cropping","Edible only",FALSE,TRUE,FALSE
"1413","2495",2,2,0,0,0,0,2,2,"WE","WE","Italy","39,027327°N","16,100968°E","working farm","Alley cropping","Edible only",FALSE,TRUE,FALSE
"1414","2496",2,2,0,0,0,0,2,2,"WE","WE","Italy","39,027327°N","16,100968°E","working farm","Alley cropping","Edible only",FALSE,TRUE,FALSE
"1415","2497",2,2,0,0,0,0,2,2,"WE","WE","Italy","39,027327°N","16,100968°E","working farm","Alley cropping","Edible only",FALSE,TRUE,FALSE
"1416","2498",2,2,0,0,0,0,2,2,"WE","WE","Italy","39,027327°N","16,100968°E","working farm","Alley cropping","Edible only",FALSE,TRUE,FALSE
"1417","2499",2,1,1,0,0,0,1,2,"WE","WNE, WE","Italy","39,027327°N","16,100968°E","working farm","Alley cropping","WNE + WE",TRUE,TRUE,FALSE
"1418","25",3,1,0,2,0,0,3,1,"HE","HE, WE","India","17°20'00,000N","78°36'00,000E","experimental site","Alley cropping","Edible only",FALSE,TRUE,TRUE
"1419","250",3,3,0,0,0,0,3,3,"WE","WE","USA","40°26'02,520N","87°01'28,200W","experimental site","Alley cropping","Edible only",FALSE,TRUE,FALSE
"1420","2500",2,1,1,0,0,0,1,2,"WE","WNE, WE","Italy","39,027327°N","16,100968°E","working farm","Alley cropping","WNE + WE",TRUE,TRUE,FALSE
"1421","2501",2,1,1,0,0,0,1,2,"WE","WNE, WE","Italy","39,027327°N","16,100968°E","working farm","Alley cropping","WNE + WE",TRUE,TRUE,FALSE
"1422","2503",3,0,1,2,0,0,2,1,"HE","WNE, HE","Bulgary","44,145800°N","22,819500°E","working farm","Parkland","WNE + HE",TRUE,FALSE,TRUE
"1423","2505",35,20,15,0,0,6,20,35,"WE","WNE, WE","Cameroon",NA,NA,"working farm","Multi-strata systems","WNE + WE",TRUE,TRUE,FALSE
"1424","2506",35,20,15,0,0,6,20,35,"WE","WNE, WE","Cameroon",NA,NA,"working farm","Multi-strata systems","WNE + WE",TRUE,TRUE,FALSE
"1425","2507",35,20,15,0,0,6,20,35,"WE","WNE, WE","Cameroon",NA,NA,"working farm","Multi-strata systems","WNE + WE",TRUE,TRUE,FALSE
"1426","2508",35,20,15,0,0,6,20,35,"WE","WNE, WE","Cameroon",NA,NA,"working farm","Multi-strata systems","WNE + WE",TRUE,TRUE,FALSE
"1427","2509",2,1,1,0,0,1,1,2,"WE","WNE, WE","Cameroon","4°21'00,000N","10°40'30,000E","working farm","Multi-strata systems","WNE + WE",TRUE,TRUE,FALSE
"1428","251",2,2,0,0,0,0,2,2,"WE","WE","USA","40°26'02,520N","87°01'28,200W","experimental site","Alley cropping","Edible only",FALSE,TRUE,FALSE
"1429","2510",2,1,1,0,0,1,1,2,"WE","WNE, WE","Cameroon","4°21'00,000N","10°40'30,000E","working farm","Multi-strata systems","WNE + WE",TRUE,TRUE,FALSE
"1430","2511",2,1,1,0,0,1,1,2,"WE","WNE, WE","Cameroon","4°21'00,000N","10°40'30,000E","working farm","Multi-strata systems","WNE + WE",TRUE,TRUE,FALSE
"1431","2512",2,1,1,0,0,1,1,2,"WE","WNE, WE","Cameroon","4°21'00,000N","10°40'30,000E","working farm","Multi-strata systems","WNE + WE",TRUE,TRUE,FALSE
"1432","2517",2,1,1,0,0,1,1,2,"WE","WNE, WE","Indonesia","3°58'00,000S","122°30'00,000E","working farm","Multi-strata systems","WNE + WE",TRUE,TRUE,FALSE
"1433","2518",2,2,0,0,0,1,2,2,"WE","WE","Indonesia","3°58'00,000S","122°30'00,000E","working farm","Multi-strata systems","Edible only",FALSE,TRUE,FALSE
"1434","2519",2,2,0,0,0,1,2,2,"WE","WE","Indonesia","3°58'00,000S","122°30'00,000E","working farm","Multi-strata systems","Edible only",FALSE,TRUE,FALSE
"1435","252",2,2,0,0,0,0,2,2,"WE","WE","USA","40°26'02,520N","87°01'28,200W","experimental site","Alley cropping","Edible only",FALSE,TRUE,FALSE
"1436","2520",2,2,0,0,0,1,2,2,"WE","WE","Indonesia","3°58'00,000S","122°30'00,000E","working farm","Multi-strata systems","Edible only",FALSE,TRUE,FALSE
"1437","2521",2,2,0,0,0,1,2,2,"WE","WE","Indonesia","3°58'00,000S","122°30'00,000E","working farm","Multi-strata systems","Edible only",FALSE,TRUE,FALSE
"1438","2522",2,1,1,0,0,1,1,2,"WE","WNE, WE","Indonesia","3°58'00,000S","122°30'00,000E","working farm","Multi-strata systems","WNE + WE",TRUE,TRUE,FALSE
"1439","2523",2,2,0,0,0,2,2,2,"WE","WE","Indonesia","3°58'00,000S","122°30'00,000E","working farm","Multi-strata systems","Edible only",FALSE,TRUE,FALSE
"1440","2524",2,2,0,0,0,1,2,2,"WE","WE","Indonesia","3°58'00,000S","122°30'00,000E","working farm","Multi-strata systems","Edible only",FALSE,TRUE,FALSE
"1441","2525",2,1,1,0,0,1,1,2,"WE","WNE, WE","Indonesia","3°58'00,000S","122°30'00,000E","working farm","Multi-strata systems","WNE + WE",TRUE,TRUE,FALSE
"1442","2526",2,2,0,0,0,1,2,2,"WE","WE","Indonesia","3°58'00,000S","122°30'00,000E","working farm","Alley cropping","Edible only",FALSE,TRUE,FALSE
"1443","2527",2,1,1,0,0,1,1,2,"WE","WNE, WE","Indonesia","3°58'00,000S","122°30'00,000E","working farm","Multi-strata systems","WNE + WE",TRUE,TRUE,FALSE
"1444","2528",5,2,3,0,0,1,2,5,"WNE","WNE, WE","Puerto Rico",NA,NA,"working farm","Multi-strata systems","WNE + WE",TRUE,TRUE,FALSE
"1445","2529",5,2,3,0,0,1,2,5,"WNE","WNE, WE","Puerto Rico",NA,NA,"working farm","Multi-strata systems","WNE + WE",TRUE,TRUE,FALSE
"1446","253",3,3,0,0,0,0,3,3,"WE","WE","USA","40°26'02,520N","87°01'28,200W","experimental site","Alley cropping","Edible only",FALSE,TRUE,FALSE
"1447","2530",3,1,0,2,0,0,3,1,"HE","HE, WE","Nigeria",NA,NA,"experimental site","Alley cropping","Edible only",FALSE,TRUE,TRUE
"1448","2531",3,0,1,2,0,0,2,1,"HE","WNE, HE","Nigeria",NA,NA,"experimental site","Alley cropping","WNE + HE",TRUE,FALSE,TRUE
"1449","2532",3,1,0,2,0,1,3,1,"HE","HE, WE","Nigeria",NA,NA,"experimental site","Alley cropping","Edible only",FALSE,TRUE,TRUE
"1450","2533",3,1,0,2,0,0,3,1,"HE","HE, WE","Nigeria",NA,NA,"experimental site","Alley cropping","Edible only",FALSE,TRUE,TRUE
"1451","2534",3,1,0,2,0,0,3,1,"HE","HE, WE","Nigeria",NA,NA,"experimental site","Alley cropping","Edible only",FALSE,TRUE,TRUE
"1452","2535",3,0,1,2,0,0,2,1,"HE","WNE, HE","Nigeria",NA,NA,"experimental site","Alley cropping","WNE + HE",TRUE,FALSE,TRUE
"1453","2536",3,1,0,2,0,1,3,1,"HE","HE, WE","Nigeria",NA,NA,"experimental site","Alley cropping","Edible only",FALSE,TRUE,TRUE
"1454","2537",3,1,0,2,0,0,3,1,"HE","HE, WE","Nigeria",NA,NA,"experimental site","Alley cropping","Edible only",FALSE,TRUE,TRUE
"1455","2538",3,1,0,2,0,0,3,1,"HE","HE, WE","Nigeria",NA,NA,"experimental site","Alley cropping","Edible only",FALSE,TRUE,TRUE
"1456","2539",3,0,1,2,0,0,2,1,"HE","WNE, HE","Nigeria",NA,NA,"experimental site","Alley cropping","WNE + HE",TRUE,FALSE,TRUE
"1457","254",2,2,0,0,0,0,2,2,"WE","WE","USA","40°26'02,520N","87°01'28,200W","experimental site","Alley cropping","Edible only",FALSE,TRUE,FALSE
"1458","2540",3,1,0,2,0,1,3,1,"HE","HE, WE","Nigeria",NA,NA,"experimental site","Alley cropping","Edible only",FALSE,TRUE,TRUE
"1459","2541",3,1,0,2,0,0,3,1,"HE","HE, WE","Nigeria",NA,NA,"experimental site","Alley cropping","Edible only",FALSE,TRUE,TRUE
"1460","2542",3,1,0,2,0,0,3,1,"HE","HE, WE","Nigeria",NA,NA,"experimental site","Alley cropping","Edible only",FALSE,TRUE,TRUE
"1461","2543",3,0,1,2,0,0,2,1,"HE","WNE, HE","Nigeria",NA,NA,"experimental site","Alley cropping","WNE + HE",TRUE,FALSE,TRUE
"1462","2544",3,1,0,2,0,1,3,1,"HE","HE, WE","Nigeria",NA,NA,"experimental site","Alley cropping","Edible only",FALSE,TRUE,TRUE
"1463","2545",3,1,0,2,0,0,3,1,"HE","HE, WE","Nigeria",NA,NA,"experimental site","Alley cropping","Edible only",FALSE,TRUE,TRUE
"1464","2546",2,1,1,0,0,1,1,2,"WE","WNE, WE","Costa Rica",NA,NA,"working farm","Alley cropping","WNE + WE",TRUE,TRUE,FALSE
"1465","2547",2,1,1,0,0,1,1,2,"WE","WNE, WE","Costa Rica",NA,NA,"working farm","Alley cropping","WNE + WE",TRUE,TRUE,FALSE
"1466","2548",2,1,0,1,0,1,2,1,"HE","HE, WE","India","28°03'00,000N","73°19'00,000E","experimental site","Alley cropping","Edible only",FALSE,TRUE,TRUE
"1467","2549",2,0,1,1,0,0,1,1,"HE","WNE, HE","India","28°03'00,000N","73°19'00,000E","experimental site","Alley cropping","WNE + HE",TRUE,FALSE,TRUE
"1468","255",2,2,0,0,0,0,2,2,"WE","WE","USA","40°26'02,520N","87°01'28,200W","experimental site","Alley cropping","Edible only",FALSE,TRUE,FALSE
"1469","2550",2,0,1,1,0,0,1,1,"HE","WNE, HE","India","28°03'00,000N","73°19'00,000E","experimental site","Alley cropping","WNE + HE",TRUE,FALSE,TRUE
"1470","2551",2,1,0,1,0,1,2,1,"HE","HE, WE","India","28°03'00,000N","73°19'00,000E","experimental site","Alley cropping","Edible only",FALSE,TRUE,TRUE
"1471","2552",2,0,1,1,0,0,1,1,"HE","WNE, HE","India","28°03'00,000N","73°19'00,000E","experimental site","Alley cropping","WNE + HE",TRUE,FALSE,TRUE
"1472","2553",2,0,1,1,0,0,1,1,"HE","WNE, HE","India","28°03'00,000N","73°19'00,000E","experimental site","Alley cropping","WNE + HE",TRUE,FALSE,TRUE
"1473","2554",2,1,1,0,0,1,1,2,"WE","WNE, WE","Mexico","14.93998","-92.16671","working farm","Alley cropping","WNE + WE",TRUE,TRUE,FALSE
"1474","2555",2,1,1,0,0,0,1,2,"WE","WNE, WE","Mexico","15.1451","-92.4211","working farm","Alley cropping","WNE + WE",TRUE,TRUE,FALSE
"1475","2556",2,1,1,0,0,1,1,2,"WE","WNE, WE","Mexico","14.93998","-92.16671","working farm","Alley cropping","WNE + WE",TRUE,TRUE,FALSE
"1476","2557",2,1,1,0,0,0,1,2,"WE","WNE, WE","Mexico","15.1451","-92.4211","working farm","Alley cropping","WNE + WE",TRUE,TRUE,FALSE
"1477","2558",2,1,1,0,0,1,1,2,"WE","WNE, WE","Ecuador",NA,NA,"working farm","Multi-strata systems","WNE + WE",TRUE,TRUE,FALSE
"1478","2559",2,1,1,0,0,1,1,2,"WE","WNE, WE","Ecuador",NA,NA,"working farm","Multi-strata systems","WNE + WE",TRUE,TRUE,FALSE
"1479","256",3,3,0,0,0,0,3,3,"WE","WE","USA","40°26'02,520N","87°01'28,200W","experimental site","Alley cropping","Edible only",FALSE,TRUE,FALSE
"1480","2560",2,1,1,0,0,1,1,2,"WE","WNE, WE","Ecuador",NA,NA,"working farm","Multi-strata systems","WNE + WE",TRUE,TRUE,FALSE
"1481","2561",2,1,1,0,0,1,1,2,"WE","WNE, WE","Indonesia",NA,NA,"working farm","Multi-strata systems","WNE + WE",TRUE,TRUE,FALSE
"1482","2562",2,1,1,0,0,1,1,2,"WE","WNE, WE","Indonesia",NA,NA,"working farm","Multi-strata systems","WNE + WE",TRUE,TRUE,FALSE
"1483","2563",7,0,3,4,0,0,4,3,"HE","WNE, HE","India","31°36'00,000N","77°02'30,000E","working farm","Other/unknown","WNE + HE",TRUE,FALSE,TRUE
"1484","2564",9,1,4,4,0,1,5,5,"HE","WNE, HE, WE","India","31°36'00,000N","77°02'30,000E","working farm","Multi-strata systems","Multi-type",TRUE,TRUE,TRUE
"1485","2566",4,1,0,3,0,0,4,1,"HE","HE, WE","India","31°36'00,000N","77°02'30,000E","working farm","Alley cropping","Edible only",FALSE,TRUE,TRUE
"1486","2567",4,1,0,3,0,0,4,1,"HE","HE, WE","India","31°36'00,000N","77°02'30,000E","working farm","Alley cropping","Edible only",FALSE,TRUE,TRUE
"1487","2568",9,2,2,5,0,0,7,4,"HE","WNE, HE, WE","India","31°36'00,000N","77°02'30,000E","working farm","Other/unknown","Multi-type",TRUE,TRUE,TRUE
"1488","2569",7,1,2,4,0,1,5,3,"HE","WNE, HE, WE","India","31°36'00,000N","77°02'30,000E","working farm","Other/unknown","Multi-type",TRUE,TRUE,TRUE
"1489","257",2,1,0,0,1,0,1,1,"WE","HNE, WE","China","27°14'00,000N","109°51'00,000E","experimental site","Alley cropping","Edible only",FALSE,TRUE,FALSE
"1490","2570",7,0,3,4,0,0,4,3,"HE","WNE, HE","India","31°36'00,000N","77°02'30,000E","working farm","Other/unknown","WNE + HE",TRUE,FALSE,TRUE
"1491","2571",9,1,4,4,0,1,5,5,"HE","WNE, HE, WE","India","31°36'00,000N","77°02'30,000E","working farm","Multi-strata systems","Multi-type",TRUE,TRUE,TRUE
"1492","2573",4,1,0,3,0,0,4,1,"HE","HE, WE","India","31°36'00,000N","77°02'30,000E","working farm","Alley cropping","Edible only",FALSE,TRUE,TRUE
"1493","2574",4,1,0,3,0,0,4,1,"HE","HE, WE","India","31°36'00,000N","77°02'30,000E","working farm","Alley cropping","Edible only",FALSE,TRUE,TRUE
"1494","2575",9,2,2,5,0,0,7,4,"HE","WNE, HE, WE","India","31°36'00,000N","77°02'30,000E","working farm","Other/unknown","Multi-type",TRUE,TRUE,TRUE
"1495","2576",7,1,2,4,0,1,5,3,"HE","WNE, HE, WE","India","31°36'00,000N","77°02'30,000E","working farm","Other/unknown","Multi-type",TRUE,TRUE,TRUE
"1496","2577",7,0,3,4,0,0,4,3,"HE","WNE, HE","India","31°36'00,000N","77°02'30,000E","working farm","Other/unknown","WNE + HE",TRUE,FALSE,TRUE
"1497","2578",9,1,4,4,0,1,5,5,"HE","WNE, HE, WE","India","31°36'00,000N","77°02'30,000E","working farm","Multi-strata systems","Multi-type",TRUE,TRUE,TRUE
"1498","258",2,2,0,0,0,0,2,2,"WE","WE","India","30°09'00,000N","75°85'00,000E","experimental site","Alley cropping","Edible only",FALSE,TRUE,FALSE
"1499","2580",4,1,0,3,0,0,4,1,"HE","HE, WE","India","31°36'00,000N","77°02'30,000E","working farm","Alley cropping","Edible only",FALSE,TRUE,TRUE
"1500","2581",4,1,0,3,0,0,4,1,"HE","HE, WE","India","31°36'00,000N","77°02'30,000E","working farm","Alley cropping","Edible only",FALSE,TRUE,TRUE
"1501","2582",9,2,2,5,0,0,7,4,"HE","WNE, HE, WE","India","31°36'00,000N","77°02'30,000E","working farm","Other/unknown","Multi-type",TRUE,TRUE,TRUE
"1502","2583",7,1,2,4,0,1,5,3,"HE","WNE, HE, WE","India","31°36'00,000N","77°02'30,000E","working farm","Other/unknown","Multi-type",TRUE,TRUE,TRUE
"1503","2584",7,0,3,4,0,0,4,3,"HE","WNE, HE","India","31°36'00,000N","77°02'30,000E","working farm","Other/unknown","WNE + HE",TRUE,FALSE,TRUE
"1504","2585",9,1,4,4,0,1,5,5,"HE","WNE, HE, WE","India","31°36'00,000N","77°02'30,000E","working farm","Multi-strata systems","Multi-type",TRUE,TRUE,TRUE
"1505","2587",4,1,0,3,0,0,4,1,"HE","HE, WE","India","31°36'00,000N","77°02'30,000E","working farm","Alley cropping","Edible only",FALSE,TRUE,TRUE
"1506","2588",4,1,0,3,0,0,4,1,"HE","HE, WE","India","31°36'00,000N","77°02'30,000E","working farm","Alley cropping","Edible only",FALSE,TRUE,TRUE
"1507","2589",9,2,2,5,0,0,7,4,"HE","WNE, HE, WE","India","31°36'00,000N","77°02'30,000E","working farm","Other/unknown","Multi-type",TRUE,TRUE,TRUE
"1508","259",2,2,0,0,0,1,2,2,"WE","WE","India","30°09'00,000N","75°85'00,000E","experimental site","Alley cropping","Edible only",FALSE,TRUE,FALSE
"1509","2590",7,1,2,4,0,1,5,3,"HE","WNE, HE, WE","India","31°36'00,000N","77°02'30,000E","working farm","Other/unknown","Multi-type",TRUE,TRUE,TRUE
"1510","2591",4,1,0,3,0,0,4,1,"HE","HE, WE","India","31°36'00,000N","77°02'30,000E","working farm","Alley cropping","Edible only",FALSE,TRUE,TRUE
"1511","2592",9,2,2,5,0,0,7,4,"HE","WNE, HE, WE","India","31°36'00,000N","77°02'30,000E","working farm","Other/unknown","Multi-type",TRUE,TRUE,TRUE
"1512","2593",7,1,2,4,0,1,5,3,"HE","WNE, HE, WE","India","31°36'00,000N","77°02'30,000E","working farm","Other/unknown","Multi-type",TRUE,TRUE,TRUE
"1513","2594",3,0,1,2,0,0,2,1,"HE","WNE, HE","India","30°54'00,000N","75°40'00,000E","working farm","Alley cropping","WNE + HE",TRUE,FALSE,TRUE
"1514","2595",3,0,1,2,0,0,2,1,"HE","WNE, HE","India","30°54'00,000N","75°40'00,000E","working farm","Alley cropping","WNE + HE",TRUE,FALSE,TRUE
"1515","2596",3,0,1,2,0,0,2,1,"HE","WNE, HE","India","30°54'00,000N","75°40'00,000E","working farm","Alley cropping","WNE + HE",TRUE,FALSE,TRUE
"1516","2597",3,0,1,2,0,0,2,1,"HE","WNE, HE","India","30°54'00,000N","75°40'00,000E","working farm","Alley cropping","WNE + HE",TRUE,FALSE,TRUE
"1517","2598",3,0,1,2,0,0,2,1,"HE","WNE, HE","India","30°54'00,000N","75°40'00,000E","working farm","Alley cropping","WNE + HE",TRUE,FALSE,TRUE
"1518","2599",2,2,0,0,0,1,2,2,"WE","WE","Vietnam",NA,NA,"working farm","Alley cropping","Edible only",FALSE,TRUE,FALSE
"1519","26",3,1,0,2,0,0,3,1,"HE","HE, WE","India","17°20'00,000N","78°36'00,000E","experimental site","Alley cropping","Edible only",FALSE,TRUE,TRUE
"1520","260",2,2,0,0,0,0,2,2,"WE","WE","India","30°09'00,000N","75°85'00,000E","experimental site","Alley cropping","Edible only",FALSE,TRUE,FALSE
"1521","2600",2,2,0,0,0,1,2,2,"WE","WE","Vietnam",NA,NA,"working farm","Alley cropping","Edible only",FALSE,TRUE,FALSE
"1522","2601",2,2,0,0,0,1,2,2,"WE","WE","Vietnam",NA,NA,"working farm","Alley cropping","Edible only",FALSE,TRUE,FALSE
"1523","2602",2,2,0,0,0,1,2,2,"WE","WE","Vietnam",NA,NA,"working farm","Alley cropping","Edible only",FALSE,TRUE,FALSE
"1524","2603",2,2,0,0,0,1,2,2,"WE","WE","Vietnam",NA,NA,"working farm","Alley cropping","Edible only",FALSE,TRUE,FALSE
"1525","2604",2,2,0,0,0,1,2,2,"WE","WE","Vietnam",NA,NA,"working farm","Alley cropping","Edible only",FALSE,TRUE,FALSE
"1526","2605",2,2,0,0,0,1,2,2,"WE","WE","Vietnam",NA,NA,"working farm","Alley cropping","Edible only",FALSE,TRUE,FALSE
"1527","2606",2,2,0,0,0,1,2,2,"WE","WE","Vietnam",NA,NA,"working farm","Alley cropping","Edible only",FALSE,TRUE,FALSE
"1528","2607",2,2,0,0,0,1,2,2,"WE","WE","Vietnam",NA,NA,"working farm","Alley cropping","Edible only",FALSE,TRUE,FALSE
"1529","2608",2,2,0,0,0,1,2,2,"WE","WE","Vietnam",NA,NA,"working farm","Alley cropping","Edible only",FALSE,TRUE,FALSE
"1530","2609",2,2,0,0,0,1,2,2,"WE","WE","Vietnam",NA,NA,"working farm","Alley cropping","Edible only",FALSE,TRUE,FALSE
"1531","261",2,2,0,0,0,0,2,2,"WE","WE","India","30°09'00,000N","75°85'00,000E","experimental site","Alley cropping","Edible only",FALSE,TRUE,FALSE
"1532","2610",2,2,0,0,0,1,2,2,"WE","WE","Vietnam",NA,NA,"working farm","Alley cropping","Edible only",FALSE,TRUE,FALSE
"1533","2611",2,2,0,0,0,1,2,2,"WE","WE","Vietnam",NA,NA,"working farm","Alley cropping","Edible only",FALSE,TRUE,FALSE
"1534","2612",2,2,0,0,0,1,2,2,"WE","WE","Vietnam",NA,NA,"working farm","Alley cropping","Edible only",FALSE,TRUE,FALSE
"1535","2613",2,2,0,0,0,1,2,2,"WE","WE","Vietnam",NA,NA,"working farm","Alley cropping","Edible only",FALSE,TRUE,FALSE
"1536","2614",2,2,0,0,0,1,2,2,"WE","WE","Vietnam",NA,NA,"working farm","Alley cropping","Edible only",FALSE,TRUE,FALSE
"1537","2615",2,2,0,0,0,1,2,2,"WE","WE","Vietnam",NA,NA,"working farm","Alley cropping","Edible only",FALSE,TRUE,FALSE
"1538","2616",2,2,0,0,0,1,2,2,"WE","WE","Vietnam",NA,NA,"working farm","Alley cropping","Edible only",FALSE,TRUE,FALSE
"1539","2617",2,2,0,0,0,1,2,2,"WE","WE","Vietnam",NA,NA,"working farm","Alley cropping","Edible only",FALSE,TRUE,FALSE
"1540","2618",2,2,0,0,0,1,2,2,"WE","WE","Vietnam",NA,NA,"working farm","Alley cropping","Edible only",FALSE,TRUE,FALSE
"1541","2619",2,2,0,0,0,1,2,2,"WE","WE","Vietnam",NA,NA,"working farm","Alley cropping","Edible only",FALSE,TRUE,FALSE
"1542","262",2,1,1,0,0,0,1,2,"WE","WNE, WE","India","30°09'00,000N","75°85'00,000E","experimental site","Alley cropping","WNE + WE",TRUE,TRUE,FALSE
"1543","2620",3,1,1,1,0,1,2,2,"HE","WNE, HE, WE","Costa Rica","9,910000°N","83,690000°W","working farm","shaded","Multi-type",TRUE,TRUE,TRUE
"1544","2621",3,1,1,1,0,1,2,2,"HE","WNE, HE, WE","Costa Rica","9,910000°N","83,690000°W","working farm","shaded","Multi-type",TRUE,TRUE,TRUE
"1545","2622",6,2,4,0,0,1,2,6,"WNE","WNE, WE","Costa Rica","9,910000°N","83,690000°W","working farm","Multi-strata systems","WNE + WE",TRUE,TRUE,FALSE
"1546","2623",6,2,4,0,0,2,2,6,"WNE","WNE, WE","Costa Rica","9,910000°N","83,690000°W","working farm","Multi-strata systems","WNE + WE",TRUE,TRUE,FALSE
"1547","2624",5,0,1,4,0,0,4,1,"HE","WNE, HE","Ethiopia","13.908","38.936","working farm","Alley cropping","WNE + HE",TRUE,FALSE,TRUE
"1548","2625",5,0,1,4,0,0,4,1,"HE","WNE, HE","Ethiopia","13.908","38.936","working farm","Alley cropping","WNE + HE",TRUE,FALSE,TRUE
"1549","2626",5,0,1,4,0,0,4,1,"HE","WNE, HE","Ethiopia","13.908","38.936","working farm","Alley cropping","WNE + HE",TRUE,FALSE,TRUE
"1550","2627",5,0,1,4,0,0,4,1,"HE","WNE, HE","Ethiopia","13.908","38.936","working farm","Alley cropping","WNE + HE",TRUE,FALSE,TRUE
"1551","2628",2,1,0,0,1,1,1,1,"WE","HNE, WE","Mali","11°00'00,000N","5°00'00,000W","working farm","Parkland","Edible only",FALSE,TRUE,FALSE
"1552","2629",2,1,0,0,1,0,1,1,"WE","HNE, WE","Mali","11°00'00,000N","5°00'00,000W","working farm","Parkland","Edible only",FALSE,TRUE,FALSE
"1553","263",2,2,0,0,0,2,2,2,"WE","WE","China","30°59'00,000N","119°48'00,000E","working farm","Alley cropping","Edible only",FALSE,TRUE,FALSE
"1554","2630",2,1,0,0,1,1,1,1,"WE","HNE, WE","Mali","11°00'00,000N","5°00'00,000W","working farm","Parkland","Edible only",FALSE,TRUE,FALSE
"1555","2631",2,1,0,0,1,0,1,1,"WE","HNE, WE","Mali","11°00'00,000N","5°00'00,000W","working farm","Parkland","Edible only",FALSE,TRUE,FALSE
"1556","2632",2,1,0,0,1,1,1,1,"WE","HNE, WE","Mali","11°00'00,000N","5°00'00,000W","working farm","Parkland","Edible only",FALSE,TRUE,FALSE
"1557","2633",2,1,0,0,1,0,1,1,"WE","HNE, WE","Mali","11°00'00,000N","5°00'00,000W","working farm","Parkland","Edible only",FALSE,TRUE,FALSE
"1558","2634",2,1,0,0,1,1,1,1,"WE","HNE, WE","Mali","11°00'00,000N","5°00'00,000W","working farm","Parkland","Edible only",FALSE,TRUE,FALSE
"1559","2635",2,1,0,0,1,0,1,1,"WE","HNE, WE","Mali","11°00'00,000N","5°00'00,000W","working farm","Parkland","Edible only",FALSE,TRUE,FALSE
"1560","2636",2,0,1,0,1,1,0,1,"WNE","WNE, HE","Zambia",NA,NA,"experimental site","Fallows","WNE + HE",TRUE,FALSE,TRUE
"1561","2637",2,0,1,0,1,1,0,1,"WNE","WNE, HE","Zambia",NA,NA,"experimental site","Fallows","WNE + HE",TRUE,FALSE,TRUE
"1562","2638",2,0,1,0,1,1,0,1,"WNE","WNE, HE","Zambia",NA,NA,"experimental site","Fallows","WNE + HE",TRUE,FALSE,TRUE
"1563","2639",2,0,1,0,1,1,0,1,"WNE","WNE, HE","Zambia",NA,NA,"experimental site","Fallows","WNE + HE",TRUE,FALSE,TRUE
"1564","264",3,1,0,2,0,1,3,1,"HE","HE, WE","China","30°59'00,000N","119°48'00,000E","working farm","Alley cropping","Edible only",FALSE,TRUE,TRUE
"1565","2640",2,0,1,0,1,1,0,1,"WNE","WNE, HE","Zambia",NA,NA,"experimental site","Fallows","WNE + HE",TRUE,FALSE,TRUE
"1566","2641",2,0,1,0,1,1,0,1,"WNE","WNE, HE","Zambia",NA,NA,"experimental site","Fallows","WNE + HE",TRUE,FALSE,TRUE
"1567","2642",2,1,0,1,0,0,2,1,"HE","HE, WE","Malaysia","2.81345","101.49719","working farm","Alley cropping","Edible only",FALSE,TRUE,TRUE
"1568","2643",2,1,1,0,0,0,1,2,"WE","WNE, WE","Ivory Coast",NA,NA,"working farm","Alley cropping","WNE + WE",TRUE,TRUE,FALSE
"1569","2644",2,1,1,0,0,0,1,2,"WE","WNE, WE","Ivory Coast",NA,NA,"working farm","Alley cropping","WNE + WE",TRUE,TRUE,FALSE
"1570","2645",2,1,1,0,0,0,1,2,"WE","WNE, WE","Ivory Coast",NA,NA,"working farm","Alley cropping","WNE + WE",TRUE,TRUE,FALSE
"1571","2646",2,1,1,0,0,0,1,2,"WE","WNE, WE","Ivory Coast",NA,NA,"working farm","Alley cropping","WNE + WE",TRUE,TRUE,FALSE
"1572","2647",2,1,1,0,0,0,1,2,"WE","WNE, WE","Ivory Coast",NA,NA,"working farm","Alley cropping","WNE + WE",TRUE,TRUE,FALSE
"1573","2648",2,1,1,0,0,0,1,2,"WE","WNE, WE","Ivory Coast",NA,NA,"working farm","Alley cropping","WNE + WE",TRUE,TRUE,FALSE
"1574","2649",2,1,1,0,0,0,1,2,"WE","WNE, WE","Ivory Coast",NA,NA,"working farm","Alley cropping","WNE + WE",TRUE,TRUE,FALSE
"1575","265",3,2,0,1,0,2,3,2,"WE","HE, WE","China","30°59'00,000N","119°48'00,000E","working farm","Alley cropping","Edible only",FALSE,TRUE,TRUE
"1576","2650",2,1,1,0,0,0,1,2,"WE","WNE, WE","Ivory Coast",NA,NA,"working farm","Alley cropping","WNE + WE",TRUE,TRUE,FALSE
"1577","2651",2,1,1,0,0,0,1,2,"WE","WNE, WE","Ivory Coast",NA,NA,"working farm","Alley cropping","WNE + WE",TRUE,TRUE,FALSE
"1578","2652",2,1,0,1,0,0,2,1,"HE","HE, WE","India","30°45'00,000N","76°45'00,000E","working farm","Alley cropping","Edible only",FALSE,TRUE,TRUE
"1579","2653",2,1,0,1,0,0,2,1,"HE","HE, WE","India","30°45'00,000N","76°45'00,000E","working farm","Alley cropping","Edible only",FALSE,TRUE,TRUE
"1580","2654",2,1,0,1,0,0,2,1,"HE","HE, WE","India","30°45'00,000N","76°45'00,000E","working farm","Alley cropping","Edible only",FALSE,TRUE,TRUE
"1581","2655",2,1,0,1,0,0,2,1,"HE","HE, WE","India","30°45'00,000N","76°45'00,000E","working farm","Alley cropping","Edible only",FALSE,TRUE,TRUE
"1582","2656",2,1,0,1,0,0,2,1,"HE","HE, WE","Nigeria",NA,NA,"experimental site","Alley cropping","Edible only",FALSE,TRUE,TRUE
"1583","2657",2,1,0,1,0,0,2,1,"HE","HE, WE","Nigeria",NA,NA,"experimental site","Alley cropping","Edible only",FALSE,TRUE,TRUE
"1584","2658",2,1,0,1,0,0,2,1,"HE","HE, WE","Nigeria",NA,NA,"experimental site","Alley cropping","Edible only",FALSE,TRUE,TRUE
"1585","2659",2,1,0,1,0,0,2,1,"HE","HE, WE","Nigeria",NA,NA,"experimental site","Alley cropping","Edible only",FALSE,TRUE,TRUE
"1586","266",2,2,0,0,0,2,2,2,"WE","WE","China","30°59'00,000N","119°48'00,000E","working farm","Alley cropping","Edible only",FALSE,TRUE,FALSE
"1587","2660",2,1,0,1,0,0,2,1,"HE","HE, WE","Nigeria",NA,NA,"experimental site","Alley cropping","Edible only",FALSE,TRUE,TRUE
"1588","2661",2,2,0,0,0,0,2,2,"WE","WE","Nigeria",NA,NA,"experimental site","Alley cropping","Edible only",FALSE,TRUE,FALSE
"1589","2662",2,1,0,1,0,0,2,1,"HE","HE, WE","Nigeria","7°30'00,000N","3°54'00,000E","experimental site","Alley cropping","Edible only",FALSE,TRUE,TRUE
"1590","2663",2,1,0,1,0,0,2,1,"HE","HE, WE","Nigeria","7°30'00,000N","3°54'00,000E","experimental site","Alley cropping","Edible only",FALSE,TRUE,TRUE
"1591","2664",2,1,0,1,0,0,2,1,"HE","HE, WE","Nigeria","7°30'00,000N","3°54'00,000E","experimental site","Alley cropping","Edible only",FALSE,TRUE,TRUE
"1592","2665",2,1,0,1,0,0,2,1,"HE","HE, WE","Nigeria","7°30'00,000N","3°54'00,000E","experimental site","Alley cropping","Edible only",FALSE,TRUE,TRUE
"1593","2666",2,1,0,1,0,0,2,1,"HE","HE, WE","Nigeria","7°30'00,000N","3°54'00,000E","experimental site","Alley cropping","Edible only",FALSE,TRUE,TRUE
"1594","2667",2,1,0,1,0,0,2,1,"HE","HE, WE","Nigeria","7°30'00,000N","3°54'00,000E","experimental site","Alley cropping","Edible only",FALSE,TRUE,TRUE
"1595","2668",2,1,0,1,0,0,2,1,"HE","HE, WE","Nigeria","7°30'00,000N","3°54'00,000E","experimental site","Alley cropping","Edible only",FALSE,TRUE,TRUE
"1596","2669",2,1,0,1,0,0,2,1,"HE","HE, WE","Nigeria","7°30'00,000N","3°54'00,000E","experimental site","Alley cropping","Edible only",FALSE,TRUE,TRUE
"1597","267",3,1,0,2,0,1,3,1,"HE","HE, WE","China","30°59'00,000N","119°48'00,000E","working farm","Alley cropping","Edible only",FALSE,TRUE,TRUE
"1598","2670",2,1,0,1,0,0,2,1,"HE","HE, WE","Nigeria","7°30'00,000N","3°54'00,000E","experimental site","Alley cropping","Edible only",FALSE,TRUE,TRUE
"1599","2671",2,1,0,1,0,0,2,1,"HE","HE, WE","Nigeria","7°30'00,000N","3°54'00,000E","experimental site","Alley cropping","Edible only",FALSE,TRUE,TRUE
"1600","2672",2,1,0,1,0,0,2,1,"HE","HE, WE","Nigeria","7°30'00,000N","3°54'00,000E","experimental site","Alley cropping","Edible only",FALSE,TRUE,TRUE
"1601","2673",2,1,0,1,0,0,2,1,"HE","HE, WE","Nigeria","7°30'00,000N","3°54'00,000E","experimental site","Alley cropping","Edible only",FALSE,TRUE,TRUE
"1602","2674",2,1,0,1,0,0,2,1,"HE","HE, WE","Nigeria","7°30'00,000N","3°54'00,000E","experimental site","Alley cropping","Edible only",FALSE,TRUE,TRUE
"1603","2675",2,1,0,1,0,0,2,1,"HE","HE, WE","Nigeria","7°30'00,000N","3°54'00,000E","experimental site","Alley cropping","Edible only",FALSE,TRUE,TRUE
"1604","2676",2,1,0,1,0,0,2,1,"HE","HE, WE","Nigeria","7°30'00,000N","3°54'00,000E","experimental site","Alley cropping","Edible only",FALSE,TRUE,TRUE
"1605","2677",2,1,0,1,0,0,2,1,"HE","HE, WE","Nigeria","7°30'00,000N","3°54'00,000E","experimental site","Alley cropping","Edible only",FALSE,TRUE,TRUE
"1606","2678",2,0,1,1,0,1,1,1,"HE","WNE, HE","India","30°50'00,000N","70°11'00,000E","experimental site","Alley cropping","WNE + HE",TRUE,FALSE,TRUE
"1607","2679",2,0,1,1,0,1,1,1,"HE","WNE, HE","India","30°50'00,000N","70°11'00,000E","experimental site","Alley cropping","WNE + HE",TRUE,FALSE,TRUE
"1608","268",3,2,0,1,0,2,3,2,"WE","HE, WE","China","30°59'00,000N","119°48'00,000E","working farm","Alley cropping","Edible only",FALSE,TRUE,TRUE
"1609","2680",2,0,1,1,0,1,1,1,"HE","WNE, HE","India","30°50'00,000N","70°11'00,000E","experimental site","Alley cropping","WNE + HE",TRUE,FALSE,TRUE
"1610","2681",2,0,1,1,0,0,1,1,"HE","WNE, HE","India","30°50'00,000N","70°11'00,000E","experimental site","Alley cropping","WNE + HE",TRUE,FALSE,TRUE
"1611","2682",2,0,1,1,0,0,1,1,"HE","WNE, HE","India","30°50'00,000N","70°11'00,000E","experimental site","Alley cropping","WNE + HE",TRUE,FALSE,TRUE
"1612","2683",2,0,1,1,0,0,1,1,"HE","WNE, HE","India","30°50'00,000N","70°11'00,000E","experimental site","Alley cropping","WNE + HE",TRUE,FALSE,TRUE
"1613","2684",3,1,0,2,0,0,3,1,"HE","HE, WE","USA","37°00'00,000N","94°00'00,000W","working farm","Alley cropping","Edible only",FALSE,TRUE,TRUE
"1614","2685",3,1,0,2,0,0,3,1,"HE","HE, WE","Kenya","3°56'00,000S","39°44'00,000E","experimental site","Alley cropping","Edible only",FALSE,TRUE,TRUE
"1615","2686",3,1,0,2,0,0,3,1,"HE","HE, WE","Kenya","3°56'00,000S","39°44'00,000E","experimental site","Alley cropping","Edible only",FALSE,TRUE,TRUE
"1616","2687",3,1,0,2,0,0,3,1,"HE","HE, WE","Kenya","3°56'00,000S","39°44'00,000E","experimental site","Alley cropping","Edible only",FALSE,TRUE,TRUE
"1617","2688",3,0,1,2,0,0,2,1,"HE","WNE, HE","Indonesia","1°00'00,000S","102°00'00,000E","experimental site","Alley cropping","WNE + HE",TRUE,FALSE,TRUE
"1618","269",3,0,1,2,0,0,2,1,"HE","WNE, HE","Panama","8°54'15,000N","78°19'55,000W","experimental site","Alley cropping","WNE + HE",TRUE,FALSE,TRUE
"1619","2690",3,0,1,2,0,0,2,1,"HE","WNE, HE","Indonesia","1°00'00,000S","102°00'00,000E","experimental site","Alley cropping","WNE + HE",TRUE,FALSE,TRUE
"1620","2692",3,0,1,2,0,0,2,1,"HE","WNE, HE","Indonesia","1°00'00,000S","102°00'00,000E","experimental site","Alley cropping","WNE + HE",TRUE,FALSE,TRUE
"1621","2694",3,0,1,2,0,0,2,1,"HE","WNE, HE","Indonesia","1°00'00,000S","102°00'00,000E","experimental site","Alley cropping","WNE + HE",TRUE,FALSE,TRUE
"1622","2696",3,0,1,2,0,0,2,1,"HE","WNE, HE","Indonesia","1°00'00,000S","102°00'00,000E","experimental site","Alley cropping","WNE + HE",TRUE,FALSE,TRUE
"1623","2698",3,0,1,2,0,0,2,1,"HE","WNE, HE","Indonesia","1°00'00,000S","102°00'00,000E","experimental site","Alley cropping","WNE + HE",TRUE,FALSE,TRUE
"1624","27",3,1,0,2,0,0,3,1,"HE","HE, WE","India","17°20'00,000N","78°36'00,000E","experimental site","Alley cropping","Edible only",FALSE,TRUE,TRUE
"1625","270",3,1,1,1,0,1,2,2,"HE","WNE, HE, WE","Panama","8°54'15,000N","78°19'55,000W","experimental site","Alley cropping","Multi-type",TRUE,TRUE,TRUE
"1626","2700",3,0,1,2,0,0,2,1,"HE","WNE, HE","Indonesia","1°00'00,000S","102°00'00,000E","experimental site","Alley cropping","WNE + HE",TRUE,FALSE,TRUE
"1627","2702",3,0,1,2,0,0,2,1,"HE","WNE, HE","Indonesia","1°00'00,000S","102°00'00,000E","experimental site","Alley cropping","WNE + HE",TRUE,FALSE,TRUE
"1628","2703",3,0,1,2,0,0,2,1,"HE","WNE, HE","Indonesia","1°00'00,000S","102°00'00,000E","experimental site","Alley cropping","WNE + HE",TRUE,FALSE,TRUE
"1629","2704",3,0,1,2,0,0,2,1,"HE","WNE, HE","Indonesia","1°00'00,000S","102°00'00,000E","experimental site","Alley cropping","WNE + HE",TRUE,FALSE,TRUE
"1630","2706",3,0,1,2,0,0,2,1,"HE","WNE, HE","Indonesia","1°00'00,000S","102°00'00,000E","experimental site","Alley cropping","WNE + HE",TRUE,FALSE,TRUE
"1631","2707",3,0,1,2,0,0,2,1,"HE","WNE, HE","Indonesia","1°00'00,000S","102°00'00,000E","experimental site","Alley cropping","WNE + HE",TRUE,FALSE,TRUE
"1632","2708",3,0,1,2,0,0,2,1,"HE","WNE, HE","Indonesia","1°00'00,000S","102°00'00,000E","experimental site","Alley cropping","WNE + HE",TRUE,FALSE,TRUE
"1633","271",3,0,1,2,0,0,2,1,"HE","WNE, HE","Panama","8°54'15,000N","78°19'55,000W","experimental site","Alley cropping","WNE + HE",TRUE,FALSE,TRUE
"1634","2710",3,0,1,2,0,0,2,1,"HE","WNE, HE","Indonesia","1°00'00,000S","102°00'00,000E","experimental site","Alley cropping","WNE + HE",TRUE,FALSE,TRUE
"1635","2711",3,0,1,2,0,0,2,1,"HE","WNE, HE","Indonesia","1°00'00,000S","102°00'00,000E","experimental site","Alley cropping","WNE + HE",TRUE,FALSE,TRUE
"1636","2712",3,0,1,2,0,0,2,1,"HE","WNE, HE","Ivory Coast","6°17'00,000N","5°13'00,000W","experimental site","Alley cropping","WNE + HE",TRUE,FALSE,TRUE
"1637","2713",3,0,1,2,0,0,2,1,"HE","WNE, HE","Ivory Coast","6°17'00,000N","5°13'00,000W","experimental site","Alley cropping","WNE + HE",TRUE,FALSE,TRUE
"1638","2714",4,0,2,2,0,1,2,2,"HE","WNE, HE","Costa Rica",NA,NA,"experimental site","Alley cropping","WNE + HE",TRUE,FALSE,TRUE
"1639","2716",4,0,2,2,0,1,2,2,"HE","WNE, HE","Costa Rica",NA,NA,"experimental site","Alley cropping","WNE + HE",TRUE,FALSE,TRUE
"1640","2718",3,0,2,1,0,0,1,2,"WNE","WNE, HE","Nigeria","4°43'00,000N","7°01'00,000E","experimental site","Alley cropping","WNE + HE",TRUE,FALSE,TRUE
"1641","2719",3,0,2,1,0,0,1,2,"WNE","WNE, HE","Cameroon","3°25'00,000N","11°28'00,000E","experimental site","Alley cropping","WNE + HE",TRUE,FALSE,TRUE
"1642","272",3,1,1,1,0,0,2,2,"HE","WNE, HE, WE","Panama","8°54'15,000N","78°19'55,000W","experimental site","Alley cropping","Multi-type",TRUE,TRUE,TRUE
"1643","2720",2,1,0,1,0,1,2,1,"HE","HE, WE","Kenya","1°06'00,000S","36°45'00,000E","experimental site","Alley cropping","Edible only",FALSE,TRUE,TRUE
"1644","2721",2,1,0,1,0,1,2,1,"HE","HE, WE","Kenya","1°06'00,000S","36°45'00,000E","experimental site","Alley cropping","Edible only",FALSE,TRUE,TRUE
"1645","2722",2,1,0,1,0,1,2,1,"HE","HE, WE","Kenya","1°06'00,000S","36°45'00,000E","experimental site","Alley cropping","Edible only",FALSE,TRUE,TRUE
"1646","2723",2,1,0,1,0,1,2,1,"HE","HE, WE","Kenya","1°06'00,000S","36°45'00,000E","experimental site","Alley cropping","Edible only",FALSE,TRUE,TRUE
"1647","2724",2,1,0,1,0,1,2,1,"HE","HE, WE","Kenya","1°06'00,000S","36°45'00,000E","experimental site","Alley cropping","Edible only",FALSE,TRUE,TRUE
"1648","2725",2,1,0,1,0,1,2,1,"HE","HE, WE","Kenya","1°06'00,000S","36°45'00,000E","experimental site","Alley cropping","Edible only",FALSE,TRUE,TRUE
"1649","2726",3,1,0,2,0,1,3,1,"HE","HE, WE","Kenya","1°06'00,000S","36°45'00,000E","experimental site","Alley cropping","Edible only",FALSE,TRUE,TRUE
"1650","2727",3,1,0,2,0,1,3,1,"HE","HE, WE","Kenya","1°06'00,000S","36°45'00,000E","experimental site","Alley cropping","Edible only",FALSE,TRUE,TRUE
"1651","2728",3,1,0,2,0,1,3,1,"HE","HE, WE","Kenya","1°06'00,000S","36°45'00,000E","experimental site","Alley cropping","Edible only",FALSE,TRUE,TRUE
"1652","2729",3,1,0,2,0,1,3,1,"HE","HE, WE","Kenya","1°06'00,000S","36°45'00,000E","experimental site","Alley cropping","Edible only",FALSE,TRUE,TRUE
"1653","273",3,0,1,2,0,0,2,1,"HE","WNE, HE","Panama","8°54'15,000N","78°19'55,000W","experimental site","Alley cropping","WNE + HE",TRUE,FALSE,TRUE
"1654","2730",3,1,0,2,0,1,3,1,"HE","HE, WE","Kenya","1°06'00,000S","36°45'00,000E","experimental site","Alley cropping","Edible only",FALSE,TRUE,TRUE
"1655","2731",3,1,0,2,0,1,3,1,"HE","HE, WE","Kenya","1°06'00,000S","36°45'00,000E","experimental site","Alley cropping","Edible only",FALSE,TRUE,TRUE
"1656","2732",5,1,0,4,0,1,5,1,"HE","HE, WE","Kenya","1°06'00,000S","36°45'00,000E","experimental site","Alley cropping","Edible only",FALSE,TRUE,TRUE
"1657","2733",5,1,0,4,0,1,5,1,"HE","HE, WE","Kenya","1°06'00,000S","36°45'00,000E","experimental site","Alley cropping","Edible only",FALSE,TRUE,TRUE
"1658","2734",5,1,0,4,0,1,5,1,"HE","HE, WE","Kenya","1°06'00,000S","36°45'00,000E","experimental site","Alley cropping","Edible only",FALSE,TRUE,TRUE
"1659","2735",5,1,0,4,0,1,5,1,"HE","HE, WE","Kenya","1°06'00,000S","36°45'00,000E","experimental site","Alley cropping","Edible only",FALSE,TRUE,TRUE
"1660","2736",3,1,0,2,0,1,3,1,"HE","HE, WE","Kenya","1°06'00,000S","36°45'00,000E","experimental site","Alley cropping","Edible only",FALSE,TRUE,TRUE
"1661","2737",3,1,0,2,0,1,3,1,"HE","HE, WE","Kenya","1°06'00,000S","36°45'00,000E","experimental site","Alley cropping","Edible only",FALSE,TRUE,TRUE
"1662","2738",2,1,0,1,0,1,2,1,"HE","HE, WE","Kenya","0°00'00,000N","37°35'00,000E","experimental site","Alley cropping","Edible only",FALSE,TRUE,TRUE
"1663","2739",2,1,0,1,0,1,2,1,"HE","HE, WE","Kenya","0°00'00,000N","37°35'00,000E","experimental site","Alley cropping","Edible only",FALSE,TRUE,TRUE
"1664","274",3,1,1,1,0,1,2,2,"HE","WNE, HE, WE","Panama","8°54'15,000N","78°19'55,000W","experimental site","Alley cropping","Multi-type",TRUE,TRUE,TRUE
"1665","2740",2,1,0,1,0,1,2,1,"HE","HE, WE","Kenya","0°00'00,000N","37°35'00,000E","experimental site","Alley cropping","Edible only",FALSE,TRUE,TRUE
"1666","2741",2,1,0,1,0,1,2,1,"HE","HE, WE","Kenya","0°00'00,000N","37°35'00,000E","experimental site","Alley cropping","Edible only",FALSE,TRUE,TRUE
"1667","2742",2,1,0,1,0,1,2,1,"HE","HE, WE","Kenya","0°00'00,000N","37°35'00,000E","experimental site","Alley cropping","Edible only",FALSE,TRUE,TRUE
"1668","2743",2,1,0,1,0,1,2,1,"HE","HE, WE","Kenya","0°00'00,000N","37°35'00,000E","experimental site","Alley cropping","Edible only",FALSE,TRUE,TRUE
"1669","2744",3,1,0,2,0,1,3,1,"HE","HE, WE","Kenya","0°00'00,000N","37°35'00,000E","experimental site","Alley cropping","Edible only",FALSE,TRUE,TRUE
"1670","2745",3,1,0,2,0,1,3,1,"HE","HE, WE","Kenya","0°00'00,000N","37°35'00,000E","experimental site","Alley cropping","Edible only",FALSE,TRUE,TRUE
"1671","2746",2,1,0,1,0,1,2,1,"HE","HE, WE","Kenya","0°00'00,000N","37°35'00,000E","experimental site","Alley cropping","Edible only",FALSE,TRUE,TRUE
"1672","2747",3,1,0,2,0,1,3,1,"HE","HE, WE","Kenya","0°00'00,000N","37°35'00,000E","experimental site","Alley cropping","Edible only",FALSE,TRUE,TRUE
"1673","2748",2,1,0,1,0,1,2,1,"HE","HE, WE","Kenya","0°00'00,000N","37°35'00,000E","experimental site","Alley cropping","Edible only",FALSE,TRUE,TRUE
"1674","2749",3,1,0,2,0,1,3,1,"HE","HE, WE","Kenya","0°00'00,000N","37°35'00,000E","experimental site","Alley cropping","Edible only",FALSE,TRUE,TRUE
"1675","275",3,0,1,2,0,0,2,1,"HE","WNE, HE","Panama","8°54'15,000N","78°19'55,000W","experimental site","Alley cropping","WNE + HE",TRUE,FALSE,TRUE
"1676","2750",2,1,0,1,0,1,2,1,"HE","HE, WE","Kenya","0°00'00,000N","37°35'00,000E","experimental site","Alley cropping","Edible only",FALSE,TRUE,TRUE
"1677","2751",2,1,0,1,0,1,2,1,"HE","HE, WE","Kenya","0°00'00,000N","37°35'00,000E","experimental site","Alley cropping","Edible only",FALSE,TRUE,TRUE
"1678","2752",2,1,0,1,0,1,2,1,"HE","HE, WE","Kenya","0°00'00,000N","37°35'00,000E","experimental site","Alley cropping","Edible only",FALSE,TRUE,TRUE
"1679","2753",3,1,0,2,0,1,3,1,"HE","HE, WE","Kenya","0°00'00,000N","37°35'00,000E","experimental site","Alley cropping","Edible only",FALSE,TRUE,TRUE
"1680","2754",2,1,0,1,0,1,2,1,"HE","HE, WE","Kenya","0°00'00,000N","37°35'00,000E","experimental site","Alley cropping","Edible only",FALSE,TRUE,TRUE
"1681","2755",2,1,0,1,0,1,2,1,"HE","HE, WE","Kenya","0°00'00,000N","37°35'00,000E","experimental site","Alley cropping","Edible only",FALSE,TRUE,TRUE
"1682","2756",2,1,0,1,0,1,2,1,"HE","HE, WE","Kenya","0°41'00,000S","34°47'00,000E","experimental site","Alley cropping","Edible only",FALSE,TRUE,TRUE
"1683","2757",2,1,0,1,0,1,2,1,"HE","HE, WE","Kenya","0°41'00,000S","34°47'00,000E","experimental site","Alley cropping","Edible only",FALSE,TRUE,TRUE
"1684","2758",2,1,0,1,0,1,2,1,"HE","HE, WE","Kenya","0°41'00,000S","34°47'00,000E","experimental site","Alley cropping","Edible only",FALSE,TRUE,TRUE
"1685","2759",2,1,0,1,0,1,2,1,"HE","HE, WE","Kenya","0°41'00,000S","34°47'00,000E","experimental site","Alley cropping","Edible only",FALSE,TRUE,TRUE
"1686","276",3,1,1,1,0,0,2,2,"HE","WNE, HE, WE","Panama","8°54'15,000N","78°19'55,000W","experimental site","Alley cropping","Multi-type",TRUE,TRUE,TRUE
"1687","2760",2,1,0,1,0,1,2,1,"HE","HE, WE","Kenya","0°41'00,000S","34°47'00,000E","experimental site","Alley cropping","Edible only",FALSE,TRUE,TRUE
"1688","2761",2,1,0,1,0,1,2,1,"HE","HE, WE","Kenya","0°41'00,000S","34°47'00,000E","experimental site","Alley cropping","Edible only",FALSE,TRUE,TRUE
"1689","2762",2,1,0,1,0,1,2,1,"HE","HE, WE","Kenya","0°41'00,000S","34°47'00,000E","experimental site","Alley cropping","Edible only",FALSE,TRUE,TRUE
"1690","2763",2,1,0,1,0,1,2,1,"HE","HE, WE","Kenya","0°41'00,000S","34°47'00,000E","experimental site","Alley cropping","Edible only",FALSE,TRUE,TRUE
"1691","2764",2,1,0,1,0,1,2,1,"HE","HE, WE","Kenya","0°41'00,000S","34°47'00,000E","experimental site","Alley cropping","Edible only",FALSE,TRUE,TRUE
"1692","2765",2,1,0,1,0,1,2,1,"HE","HE, WE","Kenya","0°41'00,000S","34°47'00,000E","experimental site","Alley cropping","Edible only",FALSE,TRUE,TRUE
"1693","2766",2,1,0,1,0,1,2,1,"HE","HE, WE","Kenya","0°41'00,000S","34°47'00,000E","experimental site","Alley cropping","Edible only",FALSE,TRUE,TRUE
"1694","2767",2,1,0,1,0,1,2,1,"HE","HE, WE","Kenya","0°41'00,000S","34°47'00,000E","experimental site","Alley cropping","Edible only",FALSE,TRUE,TRUE
"1695","2768",2,1,0,1,0,1,2,1,"HE","HE, WE","Kenya","0°41'00,000S","34°47'00,000E","experimental site","Alley cropping","Edible only",FALSE,TRUE,TRUE
"1696","2769",2,1,0,1,0,1,2,1,"HE","HE, WE","Kenya","0°41'00,000S","34°47'00,000E","experimental site","Alley cropping","Edible only",FALSE,TRUE,TRUE
"1697","277",3,0,1,2,0,0,2,1,"HE","WNE, HE","Panama","8°54'15,000N","78°19'55,000W","experimental site","Alley cropping","WNE + HE",TRUE,FALSE,TRUE
"1698","2770",2,1,0,1,0,1,2,1,"HE","HE, WE","Kenya","0°41'00,000S","34°47'00,000E","experimental site","Alley cropping","Edible only",FALSE,TRUE,TRUE
"1699","2771",2,1,0,1,0,1,2,1,"HE","HE, WE","Kenya","0°41'00,000S","34°47'00,000E","experimental site","Alley cropping","Edible only",FALSE,TRUE,TRUE
"1700","2772",2,1,0,1,0,1,2,1,"HE","HE, WE","Kenya","0°41'00,000S","34°47'00,000E","experimental site","Alley cropping","Edible only",FALSE,TRUE,TRUE
"1701","2773",2,1,0,1,0,1,2,1,"HE","HE, WE","Kenya","0°41'00,000S","34°47'00,000E","experimental site","Alley cropping","Edible only",FALSE,TRUE,TRUE
"1702","2774",2,1,0,1,0,1,2,1,"HE","HE, WE","Kenya","0°41'00,000S","34°47'00,000E","experimental site","Alley cropping","Edible only",FALSE,TRUE,TRUE
"1703","2775",2,1,0,1,0,1,2,1,"HE","HE, WE","Kenya","0°07'00,000S","35°16'00,000E","experimental site","Alley cropping","Edible only",FALSE,TRUE,TRUE
"1704","2776",2,1,0,1,0,1,2,1,"HE","HE, WE","Kenya","0°07'00,000S","35°16'00,000E","experimental site","Alley cropping","Edible only",FALSE,TRUE,TRUE
"1705","2777",2,1,0,1,0,1,2,1,"HE","HE, WE","Kenya","0°07'00,000S","35°16'00,000E","experimental site","Alley cropping","Edible only",FALSE,TRUE,TRUE
"1706","2778",2,1,0,1,0,1,2,1,"HE","HE, WE","Kenya","0°07'00,000S","35°16'00,000E","experimental site","Alley cropping","Edible only",FALSE,TRUE,TRUE
"1707","2779",2,1,0,1,0,1,2,1,"HE","HE, WE","Kenya","0°07'00,000S","35°16'00,000E","experimental site","Alley cropping","Edible only",FALSE,TRUE,TRUE
"1708","278",3,1,1,1,0,1,2,2,"HE","WNE, HE, WE","Panama","8°54'15,000N","78°19'55,000W","experimental site","Alley cropping","Multi-type",TRUE,TRUE,TRUE
"1709","2780",2,1,0,1,0,1,2,1,"HE","HE, WE","Kenya","0°07'00,000S","35°16'00,000E","experimental site","Alley cropping","Edible only",FALSE,TRUE,TRUE
"1710","2781",2,1,0,1,0,1,2,1,"HE","HE, WE","Kenya","0°07'00,000S","35°16'00,000E","experimental site","Alley cropping","Edible only",FALSE,TRUE,TRUE
"1711","2782",2,1,0,1,0,1,2,1,"HE","HE, WE","Kenya","0°07'00,000S","35°16'00,000E","experimental site","Alley cropping","Edible only",FALSE,TRUE,TRUE
"1712","2783",2,1,0,1,0,1,2,1,"HE","HE, WE","Kenya","0°07'00,000S","35°16'00,000E","experimental site","Alley cropping","Edible only",FALSE,TRUE,TRUE
"1713","2784",2,1,0,1,0,1,2,1,"HE","HE, WE","Kenya","0°07'00,000S","35°16'00,000E","experimental site","Alley cropping","Edible only",FALSE,TRUE,TRUE
"1714","2785",2,1,0,1,0,1,2,1,"HE","HE, WE","Kenya","0°07'00,000S","35°16'00,000E","experimental site","Alley cropping","Edible only",FALSE,TRUE,TRUE
"1715","2786",2,1,0,1,0,1,2,1,"HE","HE, WE","Kenya","0°07'00,000S","35°16'00,000E","experimental site","Alley cropping","Edible only",FALSE,TRUE,TRUE
"1716","2787",2,1,0,1,0,1,2,1,"HE","HE, WE","Kenya","0°07'00,000S","35°16'00,000E","experimental site","Alley cropping","Edible only",FALSE,TRUE,TRUE
"1717","2788",2,1,0,1,0,1,2,1,"HE","HE, WE","Kenya","0°07'00,000S","35°16'00,000E","experimental site","Alley cropping","Edible only",FALSE,TRUE,TRUE
"1718","2789",2,1,0,1,0,1,2,1,"HE","HE, WE","Kenya","0°30'00,000N","34°10'00,000E","experimental site","Alley cropping","Edible only",FALSE,TRUE,TRUE
"1719","279",3,0,1,2,0,0,2,1,"HE","WNE, HE","Panama","8°54'15,000N","78°19'55,000W","experimental site","Alley cropping","WNE + HE",TRUE,FALSE,TRUE
"1720","2790",2,1,0,1,0,1,2,1,"HE","HE, WE","Kenya","0°30'00,000N","34°10'00,000E","experimental site","Alley cropping","Edible only",FALSE,TRUE,TRUE
"1721","2791",2,1,0,1,0,1,2,1,"HE","HE, WE","Kenya","0°30'00,000N","34°10'00,000E","experimental site","Alley cropping","Edible only",FALSE,TRUE,TRUE
"1722","2792",2,1,0,1,0,1,2,1,"HE","HE, WE","Kenya","0°30'00,000N","34°10'00,000E","experimental site","Alley cropping","Edible only",FALSE,TRUE,TRUE
"1723","2793",2,1,0,1,0,1,2,1,"HE","HE, WE","Kenya","0°30'00,000N","34°10'00,000E","experimental site","Alley cropping","Edible only",FALSE,TRUE,TRUE
"1724","2794",2,1,0,1,0,1,2,1,"HE","HE, WE","Kenya","0°30'00,000N","34°10'00,000E","experimental site","Alley cropping","Edible only",FALSE,TRUE,TRUE
"1725","2795",2,1,0,1,0,1,2,1,"HE","HE, WE","Kenya","0°30'00,000N","34°10'00,000E","experimental site","Alley cropping","Edible only",FALSE,TRUE,TRUE
"1726","2796",2,1,0,1,0,1,2,1,"HE","HE, WE","Kenya","0°30'00,000N","34°10'00,000E","experimental site","Alley cropping","Edible only",FALSE,TRUE,TRUE
"1727","2797",2,1,0,1,0,1,2,1,"HE","HE, WE","Kenya","0°30'00,000N","34°10'00,000E","experimental site","Alley cropping","Edible only",FALSE,TRUE,TRUE
"1728","2798",2,1,0,1,0,1,2,1,"HE","HE, WE","Kenya","0°30'00,000N","34°10'00,000E","experimental site","Alley cropping","Edible only",FALSE,TRUE,TRUE
"1729","2799",2,2,0,0,0,1,2,2,"WE","WE","Kenya","0°30'00,000N","34°10'00,000E","experimental site","Alley cropping","Edible only",FALSE,TRUE,FALSE
"1730","28",3,1,1,1,0,1,2,2,"HE","WNE, HE, WE","Panama","9°23'00,000N","82°34'00,000W","working farm","Alley cropping","Multi-type",TRUE,TRUE,TRUE
"1731","280",3,1,1,1,0,0,2,2,"HE","WNE, HE, WE","Panama","8°54'15,000N","78°19'55,000W","experimental site","Alley cropping","Multi-type",TRUE,TRUE,TRUE
"1732","2800",3,1,0,2,0,1,3,1,"HE","HE, WE","Kenya","0°30'00,000N","34°10'00,000E","experimental site","Alley cropping","Edible only",FALSE,TRUE,TRUE
"1733","2801",2,1,0,1,0,1,2,1,"HE","HE, WE","Kenya","0°30'00,000N","34°10'00,000E","experimental site","Alley cropping","Edible only",FALSE,TRUE,TRUE
"1734","2802",2,1,0,1,0,1,2,1,"HE","HE, WE","Kenya","0°30'00,000N","34°10'00,000E","experimental site","Alley cropping","Edible only",FALSE,TRUE,TRUE
"1735","2803",2,1,0,1,0,1,2,1,"HE","HE, WE","Kenya","0°30'00,000N","34°10'00,000E","experimental site","Alley cropping","Edible only",FALSE,TRUE,TRUE
"1736","2804",2,1,0,1,0,1,2,1,"HE","HE, WE","Kenya","0°30'00,000N","34°10'00,000E","experimental site","Alley cropping","Edible only",FALSE,TRUE,TRUE
"1737","2805",2,1,0,1,0,1,2,1,"HE","HE, WE","Kenya","0°30'00,000N","34°10'00,000E","experimental site","Alley cropping","Edible only",FALSE,TRUE,TRUE
"1738","2806",2,1,0,1,0,1,2,1,"HE","HE, WE","Kenya","0°30'00,000N","34°10'00,000E","experimental site","Alley cropping","Edible only",FALSE,TRUE,TRUE
"1739","2807",2,1,0,1,0,1,2,1,"HE","HE, WE","Kenya","0°30'00,000N","34°10'00,000E","experimental site","Alley cropping","Edible only",FALSE,TRUE,TRUE
"1740","2808",2,1,0,1,0,1,2,1,"HE","HE, WE","Kenya","0°30'00,000N","34°10'00,000E","experimental site","Alley cropping","Edible only",FALSE,TRUE,TRUE
"1741","2809",2,1,0,1,0,1,2,1,"HE","HE, WE","Kenya","0°30'00,000N","34°10'00,000E","experimental site","Alley cropping","Edible only",FALSE,TRUE,TRUE
"1742","281",3,0,1,2,0,0,2,1,"HE","WNE, HE","Panama","8°54'15,000N","78°19'55,000W","experimental site","Alley cropping","WNE + HE",TRUE,FALSE,TRUE
"1743","2810",2,1,0,1,0,1,2,1,"HE","HE, WE","Kenya","0°30'00,000N","34°10'00,000E","experimental site","Alley cropping","Edible only",FALSE,TRUE,TRUE
"1744","2811",2,2,0,0,0,1,2,2,"WE","WE","Kenya","0°30'00,000N","34°10'00,000E","experimental site","Alley cropping","Edible only",FALSE,TRUE,FALSE
"1745","2812",3,1,0,2,0,1,3,1,"HE","HE, WE","Kenya","0°30'00,000N","34°10'00,000E","experimental site","Alley cropping","Edible only",FALSE,TRUE,TRUE
"1746","2813",2,1,1,0,0,1,1,2,"WE","WNE, WE","Brazil","23°23'00,000S","50°11'00,000W","experimental site","Alley cropping","WNE + WE",TRUE,TRUE,FALSE
"1747","2814",2,1,1,0,0,1,1,2,"WE","WNE, WE","Brazil","23°23'00,000S","50°11'00,000W","experimental site","Alley cropping","WNE + WE",TRUE,TRUE,FALSE
"1748","2815",2,1,1,0,0,1,1,2,"WE","WNE, WE","Brazil","23°23'00,000S","50°11'00,000W","experimental site","Alley cropping","WNE + WE",TRUE,TRUE,FALSE
"1749","2817",3,2,0,1,0,0,3,2,"WE","HE, WE","Benin","6°24'00,000N","2°20'00,000E","experimental site","Alley cropping","Edible only",FALSE,TRUE,TRUE
"1750","2818",3,2,0,1,0,0,3,2,"WE","HE, WE","Benin","6°24'00,000N","2°20'00,000E","experimental site","Alley cropping","Edible only",FALSE,TRUE,TRUE
"1751","2819",3,2,0,1,0,0,3,2,"WE","HE, WE","Benin","6°24'00,000N","2°20'00,000E","experimental site","Alley cropping","Edible only",FALSE,TRUE,TRUE
"1752","282",3,1,1,1,0,1,2,2,"HE","WNE, HE, WE","Panama","8°54'15,000N","78°19'55,000W","experimental site","Alley cropping","Multi-type",TRUE,TRUE,TRUE
"1753","2824",2,0,1,1,0,0,1,1,"HE","WNE, HE","China","35°00'00,000N","116°00'00,000E","working farm","Alley cropping","WNE + HE",TRUE,FALSE,TRUE
"1754","2825",2,0,1,1,0,1,1,1,"HE","WNE, HE","China","35°00'00,000N","116°00'00,000E","working farm","Alley cropping","WNE + HE",TRUE,FALSE,TRUE
"1755","2826",2,1,0,1,0,0,2,1,"HE","HE, WE","India",NA,NA,"experimental site","Alley cropping","Edible only",FALSE,TRUE,TRUE
"1756","2827",2,0,1,1,0,0,1,1,"HE","WNE, HE","India",NA,NA,"experimental site","Alley cropping","WNE + HE",TRUE,FALSE,TRUE
"1757","2828",2,1,0,1,0,0,2,1,"HE","HE, WE","India",NA,NA,"experimental site","Alley cropping","Edible only",FALSE,TRUE,TRUE
"1758","2829",2,0,1,1,0,0,1,1,"HE","WNE, HE","France","43°44'00,000N","3°40'00,000E","working farm","Alley cropping","WNE + HE",TRUE,FALSE,TRUE
"1759","283",3,0,1,2,0,0,2,1,"HE","WNE, HE","Panama","8°54'15,000N","78°19'55,000W","experimental site","Alley cropping","WNE + HE",TRUE,FALSE,TRUE
"1760","2831",5,1,0,4,0,1,5,1,"HE","HE, WE","India","25°40'00,000N","91°68'30,000E","experimental site","Alley cropping","Edible only",FALSE,TRUE,TRUE
"1761","2832",5,1,0,4,0,1,5,1,"HE","HE, WE","India","25°40'00,000N","91°68'30,000E","experimental site","Alley cropping","Edible only",FALSE,TRUE,TRUE
"1762","2833",5,1,0,4,0,1,5,1,"HE","HE, WE","India","25°40'00,000N","91°68'30,000E","experimental site","Alley cropping","Edible only",FALSE,TRUE,TRUE
"1763","2834",5,1,0,4,0,1,5,1,"HE","HE, WE","India","25°40'00,000N","91°68'30,000E","experimental site","Alley cropping","Edible only",FALSE,TRUE,TRUE
"1764","2835",5,1,0,4,0,1,5,1,"HE","HE, WE","India","25°40'00,000N","91°68'30,000E","experimental site","Alley cropping","Edible only",FALSE,TRUE,TRUE
"1765","2836",5,1,0,4,0,1,5,1,"HE","HE, WE","India","25°40'00,000N","91°68'30,000E","experimental site","Alley cropping","Edible only",FALSE,TRUE,TRUE
"1766","2837",5,1,0,4,0,1,5,1,"HE","HE, WE","India","25°40'00,000N","91°68'30,000E","experimental site","Alley cropping","Edible only",FALSE,TRUE,TRUE
"1767","2838",5,1,0,4,0,1,5,1,"HE","HE, WE","India","25°40'00,000N","91°68'30,000E","experimental site","Alley cropping","Edible only",FALSE,TRUE,TRUE
"1768","2839",5,1,0,4,0,1,5,1,"HE","HE, WE","India","25°40'00,000N","91°68'30,000E","experimental site","Alley cropping","Edible only",FALSE,TRUE,TRUE
"1769","284",3,1,1,1,0,0,2,2,"HE","WNE, HE, WE","Panama","8°54'15,000N","78°19'55,000W","experimental site","Alley cropping","Multi-type",TRUE,TRUE,TRUE
"1770","2840",5,1,0,4,0,1,5,1,"HE","HE, WE","India","25°40'00,000N","91°68'30,000E","experimental site","Alley cropping","Edible only",FALSE,TRUE,TRUE
"1771","2841",5,0,1,4,0,0,4,1,"HE","WNE, HE","India","25°40'00,000N","91°68'30,000E","experimental site","Alley cropping","WNE + HE",TRUE,FALSE,TRUE
"1772","2842",5,0,1,4,0,0,4,1,"HE","WNE, HE","India","25°40'00,000N","91°68'30,000E","experimental site","Alley cropping","WNE + HE",TRUE,FALSE,TRUE
"1773","2843",5,0,1,4,0,0,4,1,"HE","WNE, HE","India","25°40'00,000N","91°68'30,000E","experimental site","Alley cropping","WNE + HE",TRUE,FALSE,TRUE
"1774","2844",5,0,1,4,0,0,4,1,"HE","WNE, HE","India","25°40'00,000N","91°68'30,000E","experimental site","Alley cropping","WNE + HE",TRUE,FALSE,TRUE
"1775","2845",5,0,1,4,0,0,4,1,"HE","WNE, HE","India","25°40'00,000N","91°68'30,000E","experimental site","Alley cropping","WNE + HE",TRUE,FALSE,TRUE
"1776","2846",5,0,1,4,0,0,4,1,"HE","WNE, HE","India","25°40'00,000N","91°68'30,000E","experimental site","Alley cropping","WNE + HE",TRUE,FALSE,TRUE
"1777","2847",5,0,1,4,0,0,4,1,"HE","WNE, HE","India","25°40'00,000N","91°68'30,000E","experimental site","Alley cropping","WNE + HE",TRUE,FALSE,TRUE
"1778","2848",5,0,1,4,0,0,4,1,"HE","WNE, HE","India","25°40'00,000N","91°68'30,000E","experimental site","Alley cropping","WNE + HE",TRUE,FALSE,TRUE
"1779","2849",5,0,1,4,0,0,4,1,"HE","WNE, HE","India","25°40'00,000N","91°68'30,000E","experimental site","Alley cropping","WNE + HE",TRUE,FALSE,TRUE
"1780","285",3,0,1,2,0,0,2,1,"HE","WNE, HE","Panama","8°54'15,000N","78°19'55,000W","experimental site","Alley cropping","WNE + HE",TRUE,FALSE,TRUE
"1781","2850",5,0,1,4,0,0,4,1,"HE","WNE, HE","India","25°40'00,000N","91°68'30,000E","experimental site","Alley cropping","WNE + HE",TRUE,FALSE,TRUE
"1782","2851",5,1,0,4,0,0,5,1,"HE","HE, WE","India","25°40'00,000N","91°68'30,000E","experimental site","Alley cropping","Edible only",FALSE,TRUE,TRUE
"1783","2852",5,1,0,4,0,0,5,1,"HE","HE, WE","India","25°40'00,000N","91°68'30,000E","experimental site","Alley cropping","Edible only",FALSE,TRUE,TRUE
"1784","2853",5,1,0,4,0,0,5,1,"HE","HE, WE","India","25°40'00,000N","91°68'30,000E","experimental site","Alley cropping","Edible only",FALSE,TRUE,TRUE
"1785","2854",5,1,0,4,0,0,5,1,"HE","HE, WE","India","25°40'00,000N","91°68'30,000E","experimental site","Alley cropping","Edible only",FALSE,TRUE,TRUE
"1786","2855",5,1,0,4,0,0,5,1,"HE","HE, WE","India","25°40'00,000N","91°68'30,000E","experimental site","Alley cropping","Edible only",FALSE,TRUE,TRUE
"1787","2856",5,1,0,4,0,0,5,1,"HE","HE, WE","India","25°40'00,000N","91°68'30,000E","experimental site","Alley cropping","Edible only",FALSE,TRUE,TRUE
"1788","2857",5,1,0,4,0,0,5,1,"HE","HE, WE","India","25°40'00,000N","91°68'30,000E","experimental site","Alley cropping","Edible only",FALSE,TRUE,TRUE
"1789","2858",5,1,0,4,0,0,5,1,"HE","HE, WE","India","25°40'00,000N","91°68'30,000E","experimental site","Alley cropping","Edible only",FALSE,TRUE,TRUE
"1790","2859",5,1,0,4,0,0,5,1,"HE","HE, WE","India","25°40'00,000N","91°68'30,000E","experimental site","Alley cropping","Edible only",FALSE,TRUE,TRUE
"1791","286",3,1,1,1,0,1,2,2,"HE","WNE, HE, WE","Panama","8°54'15,000N","78°19'55,000W","experimental site","Alley cropping","Multi-type",TRUE,TRUE,TRUE
"1792","2860",5,1,0,4,0,0,5,1,"HE","HE, WE","India","25°40'00,000N","91°68'30,000E","experimental site","Alley cropping","Edible only",FALSE,TRUE,TRUE
"1793","2861",5,0,1,4,0,0,4,1,"HE","WNE, HE","India","25°40'00,000N","91°68'30,000E","experimental site","Alley cropping","WNE + HE",TRUE,FALSE,TRUE
"1794","2862",5,0,1,4,0,0,4,1,"HE","WNE, HE","India","25°40'00,000N","91°68'30,000E","experimental site","Alley cropping","WNE + HE",TRUE,FALSE,TRUE
"1795","2863",5,0,1,4,0,0,4,1,"HE","WNE, HE","India","25°40'00,000N","91°68'30,000E","experimental site","Alley cropping","WNE + HE",TRUE,FALSE,TRUE
"1796","2864",5,0,1,4,0,0,4,1,"HE","WNE, HE","India","25°40'00,000N","91°68'30,000E","experimental site","Alley cropping","WNE + HE",TRUE,FALSE,TRUE
"1797","2865",5,0,1,4,0,0,4,1,"HE","WNE, HE","India","25°40'00,000N","91°68'30,000E","experimental site","Alley cropping","WNE + HE",TRUE,FALSE,TRUE
"1798","2866",5,0,1,4,0,0,4,1,"HE","WNE, HE","India","25°40'00,000N","91°68'30,000E","experimental site","Alley cropping","WNE + HE",TRUE,FALSE,TRUE
"1799","2867",5,0,1,4,0,0,4,1,"HE","WNE, HE","India","25°40'00,000N","91°68'30,000E","experimental site","Alley cropping","WNE + HE",TRUE,FALSE,TRUE
"1800","2868",5,0,1,4,0,0,4,1,"HE","WNE, HE","India","25°40'00,000N","91°68'30,000E","experimental site","Alley cropping","WNE + HE",TRUE,FALSE,TRUE
"1801","2869",5,0,1,4,0,0,4,1,"HE","WNE, HE","India","25°40'00,000N","91°68'30,000E","experimental site","Alley cropping","WNE + HE",TRUE,FALSE,TRUE
"1802","287",3,0,1,2,0,0,2,1,"HE","WNE, HE","Panama","8°54'15,000N","78°19'55,000W","experimental site","Alley cropping","WNE + HE",TRUE,FALSE,TRUE
"1803","2870",5,0,1,4,0,0,4,1,"HE","WNE, HE","India","25°40'00,000N","91°68'30,000E","experimental site","Alley cropping","WNE + HE",TRUE,FALSE,TRUE
"1804","2871",3,1,0,2,0,0,3,1,"HE","HE, WE","Nigeria","7°30'00,000N","3°54'00,000E","experimental site","Alley cropping","Edible only",FALSE,TRUE,TRUE
"1805","2872",3,1,0,2,0,0,3,1,"HE","HE, WE","Nigeria","7°30'00,000N","3°54'00,000E","experimental site","Alley cropping","Edible only",FALSE,TRUE,TRUE
"1806","2873",2,0,1,1,0,0,1,1,"HE","WNE, HE","Philippines","8°02'00,000N","124°54'00,000E","experimental site","Alley cropping","WNE + HE",TRUE,FALSE,TRUE
"1807","2874",2,0,1,1,0,0,1,1,"HE","WNE, HE","Philippines","8°02'00,000N","124°54'00,000E","experimental site","Alley cropping","WNE + HE",TRUE,FALSE,TRUE
"1808","2875",3,0,1,2,0,0,2,1,"HE","WNE, HE","Philippines","14.24535","121.50754","experimental site","Hedgerows","WNE + HE",TRUE,FALSE,TRUE
"1809","2876",3,0,1,2,0,0,2,1,"HE","WNE, HE","Philippines","14.24535","121.50754","experimental site","Hedgerows","WNE + HE",TRUE,FALSE,TRUE
"1810","2877",3,0,1,2,0,0,2,1,"HE","WNE, HE","Philippines","14.24535","121.50754","experimental site","Hedgerows","WNE + HE",TRUE,FALSE,TRUE
"1811","2878",3,0,1,2,0,0,2,1,"HE","WNE, HE","Philippines","14.24535","121.50754","experimental site","Hedgerows","WNE + HE",TRUE,FALSE,TRUE
"1812","2879",3,0,1,2,0,0,2,1,"HE","WNE, HE","Philippines","14.24535","121.50754","experimental site","Hedgerows","WNE + HE",TRUE,FALSE,TRUE
"1813","288",3,1,1,1,0,0,2,2,"HE","WNE, HE, WE","Panama","8°54'15,000N","78°19'55,000W","experimental site","Alley cropping","Multi-type",TRUE,TRUE,TRUE
"1814","2880",3,0,1,2,0,0,2,1,"HE","WNE, HE","Philippines","14.24535","121.50754","experimental site","Hedgerows","WNE + HE",TRUE,FALSE,TRUE
"1815","2881",3,0,1,2,0,0,2,1,"HE","WNE, HE","Nigeria","7°30'00,000N","3°54'00,000E","experimental site","Alley cropping","WNE + HE",TRUE,FALSE,TRUE
"1816","2882",3,1,0,2,0,0,3,1,"HE","HE, WE","Nigeria","7°30'00,000N","3°54'00,000E","experimental site","Alley cropping","Edible only",FALSE,TRUE,TRUE
"1817","2883",3,1,0,2,0,1,3,1,"HE","HE, WE","Nigeria","7°30'00,000N","3°54'00,000E","experimental site","Alley cropping","Edible only",FALSE,TRUE,TRUE
"1818","2884",3,1,0,2,0,0,3,1,"HE","HE, WE","Nigeria","7°30'00,000N","3°54'00,000E","experimental site","Alley cropping","Edible only",FALSE,TRUE,TRUE
"1819","2885",5,3,1,0,1,0,3,4,"WE","HNE, WNE, WE","Brazil","3°08'00,000S","59°52'00,000W","working farm","Multi-strata systems","WNE + WE",TRUE,TRUE,FALSE
"1820","2886",5,3,1,0,1,0,3,4,"WE","HNE, WNE, WE","Brazil","3°08'00,000S","59°52'00,000W","working farm","Multi-strata systems","WNE + WE",TRUE,TRUE,FALSE
"1821","2887",5,3,1,0,1,0,3,4,"WE","HNE, WNE, WE","Brazil","3°08'00,000S","59°52'00,000W","working farm","Multi-strata systems","WNE + WE",TRUE,TRUE,FALSE
"1822","2888",5,3,1,0,1,0,3,4,"WE","HNE, WNE, WE","Brazil","3°08'00,000S","59°52'00,000W","working farm","Multi-strata systems","WNE + WE",TRUE,TRUE,FALSE
"1823","2889",5,3,1,0,1,0,3,4,"WE","HNE, WNE, WE","Brazil","3°08'00,000S","59°52'00,000W","working farm","Multi-strata systems","WNE + WE",TRUE,TRUE,FALSE
"1824","289",3,0,1,2,0,0,2,1,"HE","WNE, HE","Panama","8°54'15,000N","78°19'55,000W","experimental site","Alley cropping","WNE + HE",TRUE,FALSE,TRUE
"1825","2890",5,3,1,0,1,0,3,4,"WE","HNE, WNE, WE","Brazil","3°08'00,000S","59°52'00,000W","working farm","Multi-strata systems","WNE + WE",TRUE,TRUE,FALSE
"1826","2891",5,3,1,0,1,0,3,4,"WE","HNE, WNE, WE","Brazil","3°08'00,000S","59°52'00,000W","working farm","Multi-strata systems","WNE + WE",TRUE,TRUE,FALSE
"1827","2892",5,3,1,0,1,0,3,4,"WE","HNE, WNE, WE","Brazil","3°08'00,000S","59°52'00,000W","working farm","Multi-strata systems","WNE + WE",TRUE,TRUE,FALSE
"1828","2893",5,3,1,0,1,0,3,4,"WE","HNE, WNE, WE","Brazil","3°08'00,000S","59°52'00,000W","working farm","Multi-strata systems","WNE + WE",TRUE,TRUE,FALSE
"1829","2894",5,3,1,0,1,0,3,4,"WE","HNE, WNE, WE","Brazil","3°08'00,000S","59°52'00,000W","working farm","Multi-strata systems","WNE + WE",TRUE,TRUE,FALSE
"1830","2895",5,3,1,0,1,0,3,4,"WE","HNE, WNE, WE","Brazil","3°08'00,000S","59°52'00,000W","working farm","Multi-strata systems","WNE + WE",TRUE,TRUE,FALSE
"1831","2896",5,3,1,0,1,0,3,4,"WE","HNE, WNE, WE","Brazil","3°08'00,000S","59°52'00,000W","working farm","Multi-strata systems","WNE + WE",TRUE,TRUE,FALSE
"1832","2898",7,2,0,5,0,1,7,2,"HE","HE, WE","Philippines","8°02'30,000N","124°57'30,000E","experimental site","Hedgerows","Edible only",FALSE,TRUE,TRUE
"1833","29",3,1,1,1,0,1,2,2,"HE","WNE, HE, WE","Panama","9°23'00,000N","82°34'00,000W","working farm","Alley cropping","Multi-type",TRUE,TRUE,TRUE
"1834","290",3,1,1,1,0,1,2,2,"HE","WNE, HE, WE","Panama","8°54'15,000N","78°19'55,000W","experimental site","Alley cropping","Multi-type",TRUE,TRUE,TRUE
"1835","2900",7,2,0,5,0,1,7,2,"HE","HE, WE","Philippines","8°02'30,000N","124°57'30,000E","experimental site","Hedgerows","Edible only",FALSE,TRUE,TRUE
"1836","2901",2,0,1,1,0,0,1,1,"HE","WNE, HE","India","17°27'00,000N","78°28'00,000E","experimental site","Alley cropping","WNE + HE",TRUE,FALSE,TRUE
"1837","2902",2,0,1,1,0,0,1,1,"HE","WNE, HE","India","17°27'00,000N","78°28'00,000E","experimental site","Alley cropping","WNE + HE",TRUE,FALSE,TRUE
"1838","2903",2,0,1,1,0,0,1,1,"HE","WNE, HE","India","17°27'00,000N","78°28'00,000E","experimental site","Alley cropping","WNE + HE",TRUE,FALSE,TRUE
"1839","2904",2,0,1,1,0,0,1,1,"HE","WNE, HE","India","17°27'00,000N","78°28'00,000E","experimental site","Alley cropping","WNE + HE",TRUE,FALSE,TRUE
"1840","2905",2,0,1,1,0,0,1,1,"HE","WNE, HE","India","17°27'00,000N","78°28'00,000E","experimental site","Alley cropping","WNE + HE",TRUE,FALSE,TRUE
"1841","2906",2,0,1,1,0,0,1,1,"HE","WNE, HE","India","17°27'00,000N","78°28'00,000E","experimental site","Alley cropping","WNE + HE",TRUE,FALSE,TRUE
"1842","2907",2,0,1,1,0,0,1,1,"HE","WNE, HE","India","17°27'00,000N","78°28'00,000E","experimental site","Alley cropping","WNE + HE",TRUE,FALSE,TRUE
"1843","2908",2,0,1,1,0,0,1,1,"HE","WNE, HE","India","17°27'00,000N","78°28'00,000E","experimental site","Alley cropping","WNE + HE",TRUE,FALSE,TRUE
"1844","2909",2,0,1,1,0,0,1,1,"HE","WNE, HE","India","17°27'00,000N","78°28'00,000E","experimental site","Alley cropping","WNE + HE",TRUE,FALSE,TRUE
"1845","291",3,0,1,2,0,0,2,1,"HE","WNE, HE","Panama","8°54'15,000N","78°19'55,000W","experimental site","Alley cropping","WNE + HE",TRUE,FALSE,TRUE
"1846","2910",2,0,1,1,0,0,1,1,"HE","WNE, HE","India","17°27'00,000N","78°28'00,000E","experimental site","Alley cropping","WNE + HE",TRUE,FALSE,TRUE
"1847","2911",2,0,1,1,0,0,1,1,"HE","WNE, HE","India","17°27'00,000N","78°28'00,000E","experimental site","Alley cropping","WNE + HE",TRUE,FALSE,TRUE
"1848","2912",2,0,1,1,0,0,1,1,"HE","WNE, HE","India","17°27'00,000N","78°28'00,000E","experimental site","Alley cropping","WNE + HE",TRUE,FALSE,TRUE
"1849","2913",5,3,1,0,1,0,3,4,"WE","HNE, WNE, WE","Brazil","3°08'00,000S","59°52'00,000W","working farm","Multi-strata systems","WNE + WE",TRUE,TRUE,FALSE
"1850","2914",5,3,1,0,1,0,3,4,"WE","HNE, WNE, WE","Brazil","3°08'00,000S","59°52'00,000W","working farm","Multi-strata systems","WNE + WE",TRUE,TRUE,FALSE
"1851","2915",5,3,1,0,1,0,3,4,"WE","HNE, WNE, WE","Brazil","3°08'00,000S","59°52'00,000W","working farm","Multi-strata systems","WNE + WE",TRUE,TRUE,FALSE
"1852","2916",5,3,1,0,1,0,3,4,"WE","HNE, WNE, WE","Brazil","3°08'00,000S","59°52'00,000W","working farm","Multi-strata systems","WNE + WE",TRUE,TRUE,FALSE
"1853","2918",2,0,1,1,0,0,1,1,"HE","WNE, HE","Sri Lanka","7°30'00,000N","80°30'00,000E","experimental site","Alley cropping","WNE + HE",TRUE,FALSE,TRUE
"1854","2919",2,0,1,1,0,0,1,1,"HE","WNE, HE","Sri Lanka","7°30'00,000N","80°30'00,000E","experimental site","Alley cropping","WNE + HE",TRUE,FALSE,TRUE
"1855","292",3,1,1,1,0,0,2,2,"HE","WNE, HE, WE","Panama","8°54'15,000N","78°19'55,000W","experimental site","Alley cropping","Multi-type",TRUE,TRUE,TRUE
"1856","2920",2,0,1,1,0,0,1,1,"HE","WNE, HE","Sri Lanka","7°30'00,000N","80°30'00,000E","experimental site","Alley cropping","WNE + HE",TRUE,FALSE,TRUE
"1857","2921",2,0,1,1,0,0,1,1,"HE","WNE, HE","Sri Lanka","7°30'00,000N","80°30'00,000E","experimental site","Alley cropping","WNE + HE",TRUE,FALSE,TRUE
"1858","2924",2,0,1,1,0,0,1,1,"HE","WNE, HE","Sri Lanka","7°30'00,000N","80°30'00,000E","experimental site","Alley cropping","WNE + HE",TRUE,FALSE,TRUE
"1859","2925",2,0,1,1,0,0,1,1,"HE","WNE, HE","Sri Lanka","7°30'00,000N","80°30'00,000E","experimental site","Alley cropping","WNE + HE",TRUE,FALSE,TRUE
"1860","2926",2,0,1,1,0,0,1,1,"HE","WNE, HE","Sri Lanka","7°30'00,000N","80°30'00,000E","experimental site","Alley cropping","WNE + HE",TRUE,FALSE,TRUE
"1861","2927",2,0,1,1,0,0,1,1,"HE","WNE, HE","Sri Lanka","7°30'00,000N","80°30'00,000E","experimental site","Alley cropping","WNE + HE",TRUE,FALSE,TRUE
"1862","2929",3,0,1,2,0,0,2,1,"HE","WNE, HE","Kenya","3°43'00,000N","34°51'00,000E","experimental site","Alley cropping","WNE + HE",TRUE,FALSE,TRUE
"1863","2930",3,0,1,2,0,0,2,1,"HE","WNE, HE","Kenya","3°43'00,000N","34°51'00,000E","experimental site","Alley cropping","WNE + HE",TRUE,FALSE,TRUE
"1864","2931",3,0,1,2,0,0,2,1,"HE","WNE, HE","Kenya","3°43'00,000N","34°51'00,000E","experimental site","Alley cropping","WNE + HE",TRUE,FALSE,TRUE
"1865","2932",3,0,1,2,0,0,2,1,"HE","WNE, HE","Kenya","3°43'00,000N","34°51'00,000E","experimental site","Alley cropping","WNE + HE",TRUE,FALSE,TRUE
"1866","2933",3,0,1,2,0,0,2,1,"HE","WNE, HE","Kenya","3°43'00,000N","34°51'00,000E","experimental site","Alley cropping","WNE + HE",TRUE,FALSE,TRUE
"1867","2934",3,0,1,2,0,0,2,1,"HE","WNE, HE","Kenya","3°43'00,000N","34°51'00,000E","experimental site","Alley cropping","WNE + HE",TRUE,FALSE,TRUE
"1868","2935",3,0,1,2,0,0,2,1,"HE","WNE, HE","Kenya","3°43'00,000N","34°51'00,000E","experimental site","Alley cropping","WNE + HE",TRUE,FALSE,TRUE
"1869","2936",3,0,1,2,0,0,2,1,"HE","WNE, HE","Kenya","3°43'00,000N","34°51'00,000E","experimental site","Alley cropping","WNE + HE",TRUE,FALSE,TRUE
"1870","2937",2,0,1,1,0,0,1,1,"HE","WNE, HE","Cameroon","3°51'00,000N","11°27'00,000E","experimental site","Alley cropping","WNE + HE",TRUE,FALSE,TRUE
"1871","2938",2,0,1,1,0,0,1,1,"HE","WNE, HE","Cameroon","3°51'00,000N","11°27'00,000E","experimental site","Alley cropping","WNE + HE",TRUE,FALSE,TRUE
"1872","2939",3,0,1,2,0,0,2,1,"HE","WNE, HE","Cameroon","3°51'00,000N","11°27'00,000E","experimental site","Alley cropping","WNE + HE",TRUE,FALSE,TRUE
"1873","294",6,2,0,3,1,0,5,2,"HE","HNE, HE, WE","Ivory Coast","9°34'00,000N","5°37'00,000W","working farm","Alley cropping","Edible only",FALSE,TRUE,TRUE
"1874","2940",2,0,1,1,0,0,1,1,"HE","WNE, HE","Cameroon","3°51'00,000N","11°27'00,000E","experimental site","Alley cropping","WNE + HE",TRUE,FALSE,TRUE
"1875","2941",2,0,1,1,0,0,1,1,"HE","WNE, HE","Cameroon","3°51'00,000N","11°27'00,000E","experimental site","Alley cropping","WNE + HE",TRUE,FALSE,TRUE
"1876","2942",2,0,1,1,0,0,1,1,"HE","WNE, HE","Cameroon","3°51'00,000N","11°27'00,000E","experimental site","Alley cropping","WNE + HE",TRUE,FALSE,TRUE
"1877","2943",3,0,1,2,0,0,2,1,"HE","WNE, HE","Cameroon","3°51'00,000N","11°27'00,000E","experimental site","Alley cropping","WNE + HE",TRUE,FALSE,TRUE
"1878","2944",2,0,1,1,0,0,1,1,"HE","WNE, HE","Cameroon","3°51'00,000N","11°27'00,000E","experimental site","Alley cropping","WNE + HE",TRUE,FALSE,TRUE
"1879","2945",3,0,1,2,0,0,2,1,"HE","WNE, HE","Kenya","1°33'00,000S","37°14'00,000E","experimental site","Alley cropping","WNE + HE",TRUE,FALSE,TRUE
"1880","2946",3,0,1,2,0,1,2,1,"HE","HE, WE","Kenya","1°33'00,000S","37°14'00,000E","experimental site","Alley cropping","Edible only",FALSE,TRUE,TRUE
"1881","2947",3,0,1,2,0,0,2,1,"HE","WNE, HE","Kenya","1°33'00,000S","37°14'00,000E","experimental site","Alley cropping","WNE + HE",TRUE,FALSE,TRUE
"1882","2948",3,0,1,2,0,0,2,1,"HE","WNE, HE","Kenya","1°33'00,000S","37°14'00,000E","experimental site","Alley cropping","WNE + HE",TRUE,FALSE,TRUE
"1883","2949",3,0,1,2,0,0,2,1,"HE","WNE, HE","Kenya","1°33'00,000S","37°14'00,000E","experimental site","Alley cropping","WNE + HE",TRUE,FALSE,TRUE
"1884","295",6,2,0,3,1,0,5,2,"HE","HNE, HE, WE","Ivory Coast","9°34'00,000N","5°37'00,000W","working farm","Alley cropping","Edible only",FALSE,TRUE,TRUE
"1885","2950",3,0,1,2,0,0,2,1,"HE","WNE, HE","Kenya","1°33'00,000S","37°14'00,000E","experimental site","Alley cropping","WNE + HE",TRUE,FALSE,TRUE
"1886","2951",3,1,0,2,0,1,3,1,"HE","HE, WE","Kenya","1°33'00,000S","37°14'00,000E","experimental site","Alley cropping","Edible only",FALSE,TRUE,TRUE
"1887","2953",3,1,0,2,0,1,3,1,"HE","HE, WE","Kenya","1°33'00,000S","37°14'00,000E","experimental site","Alley cropping","Edible only",FALSE,TRUE,TRUE
"1888","2954",4,0,1,3,0,0,3,1,"HE","WNE, HE","Philippines","8°02'00,000N","124°54'00,000E","working farm","Alley cropping","WNE + HE",TRUE,FALSE,TRUE
"1889","2955",4,0,1,3,0,0,3,1,"HE","WNE, HE","Philippines","8°02'00,000N","124°54'00,000E","working farm","Alley cropping","WNE + HE",TRUE,FALSE,TRUE
"1890","2956",4,0,1,3,0,0,3,1,"HE","WNE, HE","Philippines","8°02'00,000N","124°54'00,000E","working farm","Alley cropping","WNE + HE",TRUE,FALSE,TRUE
"1891","2957",4,0,1,3,0,0,3,1,"HE","WNE, HE","Philippines","8°02'00,000N","124°54'00,000E","working farm","Alley cropping","WNE + HE",TRUE,FALSE,TRUE
"1892","2958",2,0,1,1,0,0,1,1,"HE","WNE, HE","Sri Lanka","6°45'00,000N","80°15'00,000E","working farm","Alley cropping","WNE + HE",TRUE,FALSE,TRUE
"1893","2959",2,0,1,1,0,0,1,1,"HE","WNE, HE","Sri Lanka","6°45'00,000N","80°15'00,000E","working farm","Alley cropping","WNE + HE",TRUE,FALSE,TRUE
"1894","296",6,2,0,3,1,0,5,2,"HE","HNE, HE, WE","Ivory Coast","9°34'00,000N","5°37'00,000W","working farm","Alley cropping","Edible only",FALSE,TRUE,TRUE
"1895","2960",2,0,1,1,0,0,1,1,"HE","WNE, HE","Sri Lanka","6°45'00,000N","80°15'00,000E","working farm","Alley cropping","WNE + HE",TRUE,FALSE,TRUE
"1896","2961",2,0,1,1,0,0,1,1,"HE","WNE, HE","Sri Lanka","6°45'00,000N","80°15'00,000E","working farm","Alley cropping","WNE + HE",TRUE,FALSE,TRUE
"1897","2962",2,0,1,1,0,0,1,1,"HE","WNE, HE","Sri Lanka","6°45'00,000N","80°15'00,000E","working farm","Alley cropping","WNE + HE",TRUE,FALSE,TRUE
"1898","2963",2,0,1,1,0,0,1,1,"HE","WNE, HE","Sri Lanka","6°45'00,000N","80°15'00,000E","working farm","Alley cropping","WNE + HE",TRUE,FALSE,TRUE
"1899","2964",2,2,0,0,0,1,2,2,"WE","WE","Indonesia","4°38'00,000S","105°15'00,000E","experimental site","Alley cropping","Edible only",FALSE,TRUE,FALSE
"1900","2965",2,2,0,0,0,1,2,2,"WE","WE","Indonesia","4°38'00,000S","105°15'00,000E","experimental site","Alley cropping","Edible only",FALSE,TRUE,FALSE
"1901","2966",2,2,0,0,0,1,2,2,"WE","WE","Indonesia","4°38'00,000S","105°15'00,000E","experimental site","Alley cropping","Edible only",FALSE,TRUE,FALSE
"1902","2967",2,2,0,0,0,1,2,2,"WE","WE","Indonesia","4°38'00,000S","105°15'00,000E","experimental site","Alley cropping","Edible only",FALSE,TRUE,FALSE
"1903","2968",2,2,0,0,0,1,2,2,"WE","WE","Indonesia","4°38'00,000S","105°15'00,000E","experimental site","Alley cropping","Edible only",FALSE,TRUE,FALSE
"1904","2969",2,2,0,0,0,1,2,2,"WE","WE","Indonesia","4°38'00,000S","105°15'00,000E","experimental site","Alley cropping","Edible only",FALSE,TRUE,FALSE
"1905","297",6,3,3,0,0,1,3,6,"WE","WNE, WE","Peru","10°36’37,000S","75°13’25,000W","working farm","Multi-strata systems","WNE + WE",TRUE,TRUE,FALSE
"1906","2970",2,2,0,0,0,1,2,2,"WE","WE","Indonesia","4°38'00,000S","105°15'00,000E","experimental site","Alley cropping","Edible only",FALSE,TRUE,FALSE
"1907","2971",2,2,0,0,0,1,2,2,"WE","WE","Indonesia","4°38'00,000S","105°15'00,000E","experimental site","Alley cropping","Edible only",FALSE,TRUE,FALSE
"1908","2972",2,2,0,0,0,1,2,2,"WE","WE","Indonesia","4°38'00,000S","105°15'00,000E","experimental site","Alley cropping","Edible only",FALSE,TRUE,FALSE
"1909","2973",2,2,0,0,0,1,2,2,"WE","WE","Indonesia","4°38'00,000S","105°15'00,000E","experimental site","Alley cropping","Edible only",FALSE,TRUE,FALSE
"1910","2974",2,2,0,0,0,1,2,2,"WE","WE","Indonesia","4°38'00,000S","105°15'00,000E","experimental site","Alley cropping","Edible only",FALSE,TRUE,FALSE
"1911","2975",2,2,0,0,0,1,2,2,"WE","WE","Indonesia","4°38'00,000S","105°15'00,000E","experimental site","Alley cropping","Edible only",FALSE,TRUE,FALSE
"1912","2976",2,2,0,0,0,1,2,2,"WE","WE","Indonesia","4°38'00,000S","105°15'00,000E","experimental site","Alley cropping","Edible only",FALSE,TRUE,FALSE
"1913","2977",2,2,0,0,0,1,2,2,"WE","WE","Indonesia","4°38'00,000S","105°15'00,000E","experimental site","Alley cropping","Edible only",FALSE,TRUE,FALSE
"1914","2978",2,2,0,0,0,1,2,2,"WE","WE","Indonesia","4°38'00,000S","105°15'00,000E","experimental site","Alley cropping","Edible only",FALSE,TRUE,FALSE
"1915","298",2,1,1,0,0,1,1,2,"WE","WNE, WE","Ghana",NA,NA,"working farm","Multi-strata systems","WNE + WE",TRUE,TRUE,FALSE
"1916","2980",2,1,1,0,0,0,1,2,"WE","WNE, WE","Brazil","1°51'00,000S","60°04'00,000W","experimental site","Alley cropping","WNE + WE",TRUE,TRUE,FALSE
"1917","2981",6,3,3,0,0,0,3,6,"WE","WNE, WE","Italy",NA,NA,"working farm","Hedgerows","WNE + WE",TRUE,TRUE,FALSE
"1918","2982",2,1,1,0,0,0,1,2,"WE","WNE, WE","Kenya","0°06'00,000N","34°34'00,000E","working farm","Fallows","WNE + WE",TRUE,TRUE,FALSE
"1919","2983",2,1,1,0,0,0,1,2,"WE","WNE, WE","Kenya","0°06'00,000N","34°34'00,000E","working farm","Fallows","WNE + WE",TRUE,TRUE,FALSE
"1920","2984",2,1,1,0,0,0,1,2,"WE","WNE, WE","Kenya","0°06'00,000N","34°34'00,000E","working farm","Fallows","WNE + WE",TRUE,TRUE,FALSE
"1921","2988",2,0,1,1,0,0,1,1,"HE","WNE, HE","Kenya","0°06'00,000N","34°34'00,000E","working farm","Fallows","WNE + HE",TRUE,FALSE,TRUE
"1922","299",2,1,1,0,0,1,1,2,"WE","WNE, WE","Ghana",NA,NA,"working farm","Multi-strata systems","WNE + WE",TRUE,TRUE,FALSE
"1923","2990",2,0,1,1,0,0,1,1,"HE","WNE, HE","Kenya","0°06'00,000N","34°34'00,000E","working farm","Fallows","WNE + HE",TRUE,FALSE,TRUE
"1924","2991",2,0,1,1,0,0,1,1,"HE","WNE, HE","Kenya","0°06'00,000N","34°34'00,000E","working farm","Fallows","WNE + HE",TRUE,FALSE,TRUE
"1925","2992",2,1,1,0,0,0,1,2,"WE","WNE, WE","Kenya","0°06'00,000N","34°34'00,000E","working farm","Fallows","WNE + WE",TRUE,TRUE,FALSE
"1926","2993",2,1,1,0,0,0,1,2,"WE","WNE, WE","Kenya","0°06'00,000N","34°34'00,000E","working farm","Fallows","WNE + WE",TRUE,TRUE,FALSE
"1927","2994",2,1,1,0,0,0,1,2,"WE","WNE, WE","Kenya","0°06'00,000N","34°34'00,000E","working farm","Fallows","WNE + WE",TRUE,TRUE,FALSE
"1928","2998",2,0,1,1,0,0,1,1,"HE","WNE, HE","Kenya","0°06'00,000N","34°34'00,000E","working farm","Fallows","WNE + HE",TRUE,FALSE,TRUE
"1929","30",3,1,1,1,0,1,2,2,"HE","WNE, HE, WE","Panama","9°23'00,000N","82°34'00,000W","working farm","Alley cropping","Multi-type",TRUE,TRUE,TRUE
"1930","300",2,1,1,0,0,1,1,2,"WE","WNE, WE","Ghana",NA,NA,"working farm","Multi-strata systems","WNE + WE",TRUE,TRUE,FALSE
"1931","3000",2,0,1,1,0,0,1,1,"HE","WNE, HE","Kenya","0°06'00,000N","34°34'00,000E","working farm","Fallows","WNE + HE",TRUE,FALSE,TRUE
"1932","3001",2,0,1,1,0,0,1,1,"HE","WNE, HE","Kenya","0°06'00,000N","34°34'00,000E","working farm","Fallows","WNE + HE",TRUE,FALSE,TRUE
"1933","3002",2,1,1,0,0,0,1,2,"WE","WNE, WE","Kenya","0°06'00,000N","34°34'00,000E","working farm","Fallows","WNE + WE",TRUE,TRUE,FALSE
"1934","3003",2,1,1,0,0,0,1,2,"WE","WNE, WE","Kenya","0°06'00,000N","34°34'00,000E","working farm","Fallows","WNE + WE",TRUE,TRUE,FALSE
"1935","3004",2,1,1,0,0,0,1,2,"WE","WNE, WE","Kenya","0°06'00,000N","34°34'00,000E","working farm","Fallows","WNE + WE",TRUE,TRUE,FALSE
"1936","3008",2,0,1,1,0,0,1,1,"HE","WNE, HE","Kenya","0°06'00,000N","34°34'00,000E","working farm","Alley cropping","WNE + HE",TRUE,FALSE,TRUE
"1937","301",2,1,1,0,0,1,1,2,"WE","WNE, WE","Ghana",NA,NA,"working farm","Multi-strata systems","WNE + WE",TRUE,TRUE,FALSE
"1938","3010",2,0,1,1,0,0,1,1,"HE","WNE, HE","Kenya","0°06'00,000N","34°34'00,000E","working farm","Alley cropping","WNE + HE",TRUE,FALSE,TRUE
"1939","3011",2,0,1,1,0,0,1,1,"HE","WNE, HE","Kenya","0°06'00,000N","34°34'00,000E","working farm","Alley cropping","WNE + HE",TRUE,FALSE,TRUE
"1940","3012",2,1,1,0,0,0,1,2,"WE","WNE, WE","Kenya","0°06'00,000N","34°34'00,000E","working farm","Fallows","WNE + WE",TRUE,TRUE,FALSE
"1941","3013",2,1,1,0,0,0,1,2,"WE","WNE, WE","Kenya","0°06'00,000N","34°34'00,000E","working farm","Fallows","WNE + WE",TRUE,TRUE,FALSE
"1942","3014",2,1,1,0,0,0,1,2,"WE","WNE, WE","Kenya","0°06'00,000N","34°34'00,000E","working farm","Fallows","WNE + WE",TRUE,TRUE,FALSE
"1943","3018",2,0,1,1,0,0,1,1,"HE","WNE, HE","Kenya","0°06'00,000N","34°34'00,000E","working farm","Alley cropping","WNE + HE",TRUE,FALSE,TRUE
"1944","302",2,1,1,0,0,1,1,2,"WE","WNE, WE","Ghana",NA,NA,"working farm","Multi-strata systems","WNE + WE",TRUE,TRUE,FALSE
"1945","3020",2,0,1,1,0,0,1,1,"HE","WNE, HE","Kenya","0°06'00,000N","34°34'00,000E","working farm","Alley cropping","WNE + HE",TRUE,FALSE,TRUE
"1946","3021",2,0,1,1,0,0,1,1,"HE","WNE, HE","Kenya","0°06'00,000N","34°34'00,000E","working farm","Alley cropping","WNE + HE",TRUE,FALSE,TRUE
"1947","3022",2,1,0,1,0,0,2,1,"HE","HE, WE","USA","37°50'00,000N","93°50'00,000W","working farm","Alley cropping","Edible only",FALSE,TRUE,TRUE
"1948","3023",2,1,0,1,0,0,2,1,"HE","HE, WE","USA","37°50'00,000N","93°50'00,000W","working farm","Alley cropping","Edible only",FALSE,TRUE,TRUE
"1949","3024",2,1,0,0,1,0,1,1,"WE","HNE, WE","USA","30°46'00,000N","87°13'00,000W","experimental site","Alley cropping","Edible only",FALSE,TRUE,FALSE
"1950","3025",2,1,0,0,1,0,1,1,"WE","HNE, WE","USA","30°46'00,000N","87°13'00,000W","experimental site","Alley cropping","Edible only",FALSE,TRUE,FALSE
"1951","3026",2,1,0,0,1,0,1,1,"WE","HNE, WE","USA","30°46'00,000N","87°13'00,000W","experimental site","Alley cropping","Edible only",FALSE,TRUE,FALSE
"1952","3027",2,1,0,0,1,0,1,1,"WE","HNE, WE","USA","30°46'00,000N","87°13'00,000W","experimental site","Alley cropping","Edible only",FALSE,TRUE,FALSE
"1953","3028",3,0,1,2,0,0,2,1,"HE","WNE, HE","Kenya","1°33'00,000S","37°14'00,000E","experimental site","Alley cropping","WNE + HE",TRUE,FALSE,TRUE
"1954","3029",3,0,1,2,0,0,2,1,"HE","WNE, HE","Kenya","1°33'00,000S","37°14'00,000E","experimental site","Alley cropping","WNE + HE",TRUE,FALSE,TRUE
"1955","303",2,1,1,0,0,1,1,2,"WE","WNE, WE","Ghana",NA,NA,"working farm","Multi-strata systems","WNE + WE",TRUE,TRUE,FALSE
"1956","3030",3,0,1,2,0,0,2,1,"HE","WNE, HE","Kenya","1°33'00,000S","37°14'00,000E","experimental site","Alley cropping","WNE + HE",TRUE,FALSE,TRUE
"1957","3031",3,0,1,2,0,0,2,1,"HE","WNE, HE","Kenya","1°33'00,000S","37°14'00,000E","experimental site","Alley cropping","WNE + HE",TRUE,FALSE,TRUE
"1958","3032",2,1,0,1,0,1,2,1,"HE","HE, WE","China","28°15'00,000N","116°55'00,000E","working farm","Alley cropping","Edible only",FALSE,TRUE,TRUE
"1959","3035",2,0,1,1,0,0,1,1,"HE","WNE, HE","Sudan","13°10'00,000N","30°12'00,000E","experimental site","Alley cropping","WNE + HE",TRUE,FALSE,TRUE
"1960","3036",2,0,1,1,0,0,1,1,"HE","WNE, HE","Sudan","13°10'00,000N","30°12'00,000E","experimental site","Alley cropping","WNE + HE",TRUE,FALSE,TRUE
"1961","3037",2,0,1,1,0,0,1,1,"HE","WNE, HE","Sudan","13°10'00,000N","30°12'00,000E","experimental site","Alley cropping","WNE + HE",TRUE,FALSE,TRUE
"1962","3038",2,0,1,1,0,0,1,1,"HE","WNE, HE","Sudan","13°10'00,000N","30°12'00,000E","experimental site","Alley cropping","WNE + HE",TRUE,FALSE,TRUE
"1963","3039",2,1,1,0,0,1,1,2,"WE","WNE, WE","Ivory Coast","5°40'00,000N","6°43'00,000W","experimental site","Alley cropping","WNE + WE",TRUE,TRUE,FALSE
"1964","304",2,1,1,0,0,1,1,2,"WE","WNE, WE","Ghana",NA,NA,"working farm","Multi-strata systems","WNE + WE",TRUE,TRUE,FALSE
"1965","3040",2,1,1,0,0,1,1,2,"WE","WNE, WE","Ivory Coast","5°40'00,000N","6°43'00,000W","experimental site","Alley cropping","WNE + WE",TRUE,TRUE,FALSE
"1966","3041",2,1,1,0,0,1,1,2,"WE","WNE, WE","Ivory Coast","5°40'00,000N","6°43'00,000W","experimental site","Alley cropping","WNE + WE",TRUE,TRUE,FALSE
"1967","3042",2,1,1,0,0,1,1,2,"WE","WNE, WE","Ivory Coast","5°40'00,000N","6°43'00,000W","experimental site","Alley cropping","WNE + WE",TRUE,TRUE,FALSE
"1968","3043",2,1,1,0,0,1,1,2,"WE","WNE, WE","Ivory Coast","5°40'00,000N","6°43'00,000W","experimental site","Alley cropping","WNE + WE",TRUE,TRUE,FALSE
"1969","3044",2,1,1,0,0,1,1,2,"WE","WNE, WE","Ivory Coast","5°40'00,000N","6°43'00,000W","experimental site","Alley cropping","WNE + WE",TRUE,TRUE,FALSE
"1970","3045",2,1,1,0,0,1,1,2,"WE","WNE, WE","Ivory Coast","5°40'00,000N","6°43'00,000W","experimental site","Alley cropping","WNE + WE",TRUE,TRUE,FALSE
"1971","3046",2,1,1,0,0,1,1,2,"WE","WNE, WE","Ivory Coast","5°40'00,000N","6°43'00,000W","experimental site","Alley cropping","WNE + WE",TRUE,TRUE,FALSE
"1972","3047",4,0,2,2,0,0,2,2,"HE","WNE, HE","Brazil","7°12'23,000S","36°49'25,000W","experimental site","Alley cropping","WNE + HE",TRUE,FALSE,TRUE
"1973","3049",3,1,2,0,0,0,1,3,"WNE","WNE, WE","Brazil","7°12'23,000S","36°49'25,000W","experimental site","Alley cropping","WNE + WE",TRUE,TRUE,FALSE
"1974","305",2,1,1,0,0,1,1,2,"WE","WNE, WE","Ghana",NA,NA,"working farm","Multi-strata systems","WNE + WE",TRUE,TRUE,FALSE
"1975","3050",2,1,0,1,0,0,2,1,"HE","HE, WE","China","36°06'00,000N","110°35'00,000E","working farm","Alley cropping","Edible only",FALSE,TRUE,TRUE
"1976","3051",2,1,0,1,0,0,2,1,"HE","HE, WE","China","36°06'00,000N","110°35'00,000E","working farm","Alley cropping","Edible only",FALSE,TRUE,TRUE
"1977","3052",2,2,0,0,0,1,2,2,"WE","WE","Ivory Coast",NA,NA,"working farm","Alley cropping","Edible only",FALSE,TRUE,FALSE
"1978","3053",2,2,0,0,0,2,2,2,"WE","WE","Ivory Coast",NA,NA,"working farm","Alley cropping","Edible only",FALSE,TRUE,FALSE
"1979","3054",2,2,0,0,0,1,2,2,"WE","WE","Ivory Coast",NA,NA,"working farm","Alley cropping","Edible only",FALSE,TRUE,FALSE
"1980","3055",2,2,0,0,0,2,2,2,"WE","WE","Ivory Coast",NA,NA,"working farm","Alley cropping","Edible only",FALSE,TRUE,FALSE
"1981","3056",2,2,0,0,0,1,2,2,"WE","WE","Ivory Coast",NA,NA,"working farm","Alley cropping","Edible only",FALSE,TRUE,FALSE
"1982","3057",2,2,0,0,0,2,2,2,"WE","WE","Ivory Coast",NA,NA,"working farm","Alley cropping","Edible only",FALSE,TRUE,FALSE
"1983","3058",3,1,1,1,0,1,2,2,"HE","WNE, HE, WE","Costa Rica","9°52'30,000N","83°41'30,000W","working farm","Multi-strata systems","Multi-type",TRUE,TRUE,TRUE
"1984","3059",3,1,1,1,0,1,2,2,"HE","WNE, HE, WE","Costa Rica","9°52'30,000N","83°41'30,000W","working farm","Multi-strata systems","Multi-type",TRUE,TRUE,TRUE
"1985","306",2,1,1,0,0,1,1,2,"WE","WNE, WE","Indonesia","1°07'S","120°00'00,000E","working farm","Multi-strata systems","WNE + WE",TRUE,TRUE,FALSE
"1986","3060",3,1,1,1,0,1,2,2,"HE","WNE, HE, WE","Costa Rica","9°52'30,000N","83°41'30,000W","working farm","Multi-strata systems","Multi-type",TRUE,TRUE,TRUE
"1987","3061",3,1,1,1,0,1,2,2,"HE","WNE, HE, WE","Costa Rica","9°52'30,000N","83°41'30,000W","working farm","Multi-strata systems","Multi-type",TRUE,TRUE,TRUE
"1988","3062",3,1,1,1,0,1,2,2,"HE","WNE, HE, WE","Costa Rica","9°52'30,000N","83°41'30,000W","working farm","Multi-strata systems","Multi-type",TRUE,TRUE,TRUE
"1989","3063",3,1,1,1,0,1,2,2,"HE","WNE, HE, WE","Costa Rica","9°52'30,000N","83°41'30,000W","working farm","Multi-strata systems","Multi-type",TRUE,TRUE,TRUE
"1990","3064",3,1,1,1,0,1,2,2,"HE","WNE, HE, WE","Costa Rica","9°52'30,000N","83°41'30,000W","working farm","Multi-strata systems","Multi-type",TRUE,TRUE,TRUE
"1991","3065",3,1,1,1,0,1,2,2,"HE","WNE, HE, WE","Costa Rica","9°52'30,000N","83°41'30,000W","working farm","Multi-strata systems","Multi-type",TRUE,TRUE,TRUE
"1992","3066",2,2,0,0,0,2,2,2,"WE","WE","China","31°40'00,000N","120°42'00,000E","working farm","Alley cropping","Edible only",FALSE,TRUE,FALSE
"1993","3067",2,2,0,0,0,2,2,2,"WE","WE","China","31°40'00,000N","120°42'00,000E","working farm","Alley cropping","Edible only",FALSE,TRUE,FALSE
"1994","3068",3,0,1,2,0,0,2,1,"HE","WNE, HE","China","31°04'00,000N","110°41'00,000E","experimental site","Hedgerows","WNE + HE",TRUE,FALSE,TRUE
"1995","3069",3,1,0,2,0,0,3,1,"HE","HE, WE","India","30°21'00,000N","70°52'00,000E","experimental site","Alley cropping","Edible only",FALSE,TRUE,TRUE
"1996","307",7,5,2,0,0,1,5,7,"WE","WNE, WE","Indonesia","1°07'S","120°00'00,000E","working farm","Multi-strata systems","WNE + WE",TRUE,TRUE,FALSE
"1997","3070",3,1,0,2,0,0,3,1,"HE","HE, WE","India","30°21'00,000N","70°52'00,000E","experimental site","Alley cropping","Edible only",FALSE,TRUE,TRUE
"1998","3071",2,2,0,0,0,0,2,2,"WE","WE","India","30°21'00,000N","70°52'00,000E","experimental site","Alley cropping","Edible only",FALSE,TRUE,FALSE
"1999","3072",3,1,0,2,0,0,3,1,"HE","HE, WE","India","30°21'00,000N","70°52'00,000E","experimental site","Alley cropping","Edible only",FALSE,TRUE,TRUE
"2000","3073",3,1,0,2,0,0,3,1,"HE","HE, WE","India","30°21'00,000N","70°52'00,000E","experimental site","Alley cropping","Edible only",FALSE,TRUE,TRUE
"2001","3074",2,1,0,1,0,0,2,1,"HE","HE, WE","India","30°21'00,000N","70°52'00,000E","experimental site","Alley cropping","Edible only",FALSE,TRUE,TRUE
"2002","3075",2,1,0,1,0,0,2,1,"HE","HE, WE","India","30°21'00,000N","70°52'00,000E","experimental site","Alley cropping","Edible only",FALSE,TRUE,TRUE
"2003","3076",2,1,1,0,0,1,1,2,"WE","WNE, WE","Brazil","22°42'30,000S","47°38'00,000W","experimental site","Alley cropping","WNE + WE",TRUE,TRUE,FALSE
"2004","3077",2,1,1,0,0,1,1,2,"WE","WNE, WE","Brazil","22°42'30,000S","47°38'00,000W","experimental site","Alley cropping","WNE + WE",TRUE,TRUE,FALSE
"2005","3078",2,1,1,0,0,1,1,2,"WE","WNE, WE","Brazil","22°42'30,000S","47°38'00,000W","experimental site","Alley cropping","WNE + WE",TRUE,TRUE,FALSE
"2006","3079",2,1,1,0,0,1,1,2,"WE","WNE, WE","Brazil","22°42'30,000S","47°38'00,000W","experimental site","Alley cropping","WNE + WE",TRUE,TRUE,FALSE
"2007","308",8,0,1,4,3,1,4,1,"HE","HNE, WNE, HE","France","43°43'00,000N","4°01'00,000E","experimental site","Alley cropping","WNE + HE",TRUE,FALSE,TRUE
"2008","3080",2,1,1,0,0,1,1,2,"WE","WNE, WE","Brazil","22°42'30,000S","47°38'00,000W","experimental site","Alley cropping","WNE + WE",TRUE,TRUE,FALSE
"2009","3081",2,1,1,0,0,1,1,2,"WE","WNE, WE","Brazil","22°42'30,000S","47°38'00,000W","experimental site","Alley cropping","WNE + WE",TRUE,TRUE,FALSE
"2010","3082",2,1,1,0,0,1,1,2,"WE","WNE, WE","Brazil","22°42'30,000S","47°38'00,000W","experimental site","Alley cropping","WNE + WE",TRUE,TRUE,FALSE
"2011","3083",2,1,1,0,0,1,1,2,"WE","WNE, WE","Brazil","22°42'30,000S","47°38'00,000W","experimental site","Alley cropping","WNE + WE",TRUE,TRUE,FALSE
"2012","3084",2,1,1,0,0,1,1,2,"WE","WNE, WE","Brazil","22°42'30,000S","47°38'00,000W","experimental site","Alley cropping","WNE + WE",TRUE,TRUE,FALSE
"2013","3085",2,1,1,0,0,1,1,2,"WE","WNE, WE","Brazil","22°42'30,000S","47°38'00,000W","experimental site","Alley cropping","WNE + WE",TRUE,TRUE,FALSE
"2014","3086",2,0,1,1,0,0,1,1,"HE","WNE, HE","India","29,100000°N","75,460000°E","experimental site","Alley cropping","WNE + HE",TRUE,FALSE,TRUE
"2015","3087",2,1,0,1,0,0,2,1,"HE","HE, WE","China","35°01'00,000N","112°28'00,000E","experimental site","Alley cropping","Edible only",FALSE,TRUE,TRUE
"2016","3088",2,1,0,1,0,0,2,1,"HE","HE, WE","China","35°01'00,000N","112°28'00,000E","experimental site","Alley cropping","Edible only",FALSE,TRUE,TRUE
"2017","309",3,1,0,2,0,0,3,1,"HE","HE, WE","India","28°35'00,000N","77°12'00,000E","experimental site","Alley cropping","Edible only",FALSE,TRUE,TRUE
"2018","31",3,1,1,1,0,1,2,2,"HE","WNE, HE, WE","Panama","9°23'00,000N","82°34'00,000W","working farm","Alley cropping","Multi-type",TRUE,TRUE,TRUE
"2019","310",3,1,0,2,0,0,3,1,"HE","HE, WE","India","28°35'00,000N","77°12'00,000E","experimental site","Alley cropping","Edible only",FALSE,TRUE,TRUE
"2020","3101",2,1,1,0,0,1,1,2,"WE","WNE, WE","Indonesia","1,559000°S","120,022000°E","experimental site","Multi-strata systems","WNE + WE",TRUE,TRUE,FALSE
"2021","3102",8,5,2,1,0,1,6,7,"WE","WNE, HE, WE","Indonesia","1,559000°S","120,022000°E","experimental site","Multi-strata systems","Multi-type",TRUE,TRUE,TRUE
"2022","3103",18,0,4,4,10,0,4,4,"HE","HNE, WNE, HE","USA",NA,NA,"working farm","Hedgerows","WNE + HE",TRUE,FALSE,TRUE
"2023","3104",3,0,1,1,1,0,1,1,"HE","HNE, WNE, HE","Brazil",NA,NA,"working farm","Alley cropping","WNE + HE",TRUE,FALSE,TRUE
"2024","3105",3,0,1,1,1,0,1,1,"HE","HNE, WNE, HE","Brazil",NA,NA,"working farm","Alley cropping","WNE + HE",TRUE,FALSE,TRUE
"2025","3106",3,1,0,1,1,0,2,1,"HE","HNE, HE, WE","Brazil",NA,NA,"working farm","Alley cropping","Edible only",FALSE,TRUE,TRUE
"2026","3107",3,1,0,1,1,0,2,1,"HE","HNE, HE, WE","Brazil",NA,NA,"working farm","Alley cropping","Edible only",FALSE,TRUE,TRUE
"2027","3108",4,2,0,1,1,0,3,2,"WE","HNE, HE, WE","Brazil",NA,NA,"working farm","Alley cropping","Edible only",FALSE,TRUE,TRUE
"2028","3109",3,0,1,1,1,0,1,1,"HE","HNE, WNE, HE","Brazil",NA,NA,"working farm","Alley cropping","WNE + HE",TRUE,FALSE,TRUE
"2029","311",3,1,0,2,0,0,3,1,"HE","HE, WE","India","28°35'00,000N","77°12'00,000E","experimental site","Alley cropping","Edible only",FALSE,TRUE,TRUE
"2030","3110",3,0,1,1,1,0,1,1,"HE","HNE, WNE, HE","Brazil",NA,NA,"working farm","Alley cropping","WNE + HE",TRUE,FALSE,TRUE
"2031","3111",3,1,0,1,1,0,2,1,"HE","HNE, HE, WE","Brazil",NA,NA,"working farm","Alley cropping","Edible only",FALSE,TRUE,TRUE
"2032","3112",3,1,0,1,1,0,2,1,"HE","HNE, HE, WE","Brazil",NA,NA,"working farm","Alley cropping","Edible only",FALSE,TRUE,TRUE
"2033","3113",4,2,0,1,1,0,3,2,"WE","HNE, HE, WE","Brazil",NA,NA,"working farm","Alley cropping","Edible only",FALSE,TRUE,TRUE
"2034","3114",3,0,1,1,1,0,1,1,"HE","HNE, WNE, HE","Brazil",NA,NA,"working farm","Alley cropping","WNE + HE",TRUE,FALSE,TRUE
"2035","3115",3,0,1,1,1,0,1,1,"HE","HNE, WNE, HE","Brazil",NA,NA,"working farm","Alley cropping","WNE + HE",TRUE,FALSE,TRUE
"2036","3116",3,1,0,1,1,0,2,1,"HE","HNE, HE, WE","Brazil",NA,NA,"working farm","Alley cropping","Edible only",FALSE,TRUE,TRUE
"2037","3117",3,1,0,1,1,0,2,1,"HE","HNE, HE, WE","Brazil",NA,NA,"working farm","Alley cropping","Edible only",FALSE,TRUE,TRUE
"2038","3118",4,2,0,1,1,0,3,2,"WE","HNE, HE, WE","Brazil",NA,NA,"working farm","Alley cropping","Edible only",FALSE,TRUE,TRUE
"2039","3119",4,1,2,0,1,1,1,3,"WNE","HNE, WNE, WE","India","30°51'00,000N","76°11'00,000E","experimental site","Alley cropping","WNE + WE",TRUE,TRUE,FALSE
"2040","312",3,1,0,2,0,0,3,1,"HE","HE, WE","India","28°35'00,000N","77°12'00,000E","experimental site","Alley cropping","Edible only",FALSE,TRUE,TRUE
"2041","3120",4,2,1,0,1,2,2,3,"WE","HNE, WE","India","30°51'00,000N","76°11'00,000E","experimental site","Alley cropping","Edible only",FALSE,TRUE,FALSE
"2042","3121",3,1,1,0,1,1,1,2,"WE","HNE, WE","India","30°51'00,000N","76°11'00,000E","experimental site","Alley cropping","Edible only",FALSE,TRUE,FALSE
"2043","3122",3,0,2,0,1,1,0,2,"WNE","HNE, WNE, WE","India","30°51'00,000N","76°11'00,000E","experimental site","Alley cropping","WNE + WE",TRUE,TRUE,FALSE
"2044","3123",3,1,1,0,1,2,1,2,"WE","HNE, WE","India","30°51'00,000N","76°11'00,000E","experimental site","Alley cropping","Edible only",FALSE,TRUE,FALSE
"2045","3124",4,1,2,0,1,1,1,3,"WNE","HNE, WNE, WE","India","30°51'00,000N","76°11'00,000E","experimental site","Alley cropping","WNE + WE",TRUE,TRUE,FALSE
"2046","3125",4,2,1,0,1,2,2,3,"WE","HNE, WE","India","30°51'00,000N","76°11'00,000E","experimental site","Alley cropping","Edible only",FALSE,TRUE,FALSE
"2047","3126",3,1,1,0,1,1,1,2,"WE","HNE, WE","India","30°51'00,000N","76°11'00,000E","experimental site","Alley cropping","Edible only",FALSE,TRUE,FALSE
"2048","3127",3,0,2,0,1,1,0,2,"WNE","HNE, WNE, WE","India","30°51'00,000N","76°11'00,000E","experimental site","Alley cropping","WNE + WE",TRUE,TRUE,FALSE
"2049","3128",3,1,1,0,1,2,1,2,"WE","HNE, WE","India","30°51'00,000N","76°11'00,000E","experimental site","Alley cropping","Edible only",FALSE,TRUE,FALSE
"2050","3129",4,1,2,0,1,1,1,3,"WNE","HNE, WNE, WE","India","30°51'00,000N","76°11'00,000E","experimental site","Alley cropping","WNE + WE",TRUE,TRUE,FALSE
"2051","313",3,1,0,2,0,0,3,1,"HE","HE, WE","India","28°35'00,000N","77°12'00,000E","experimental site","Alley cropping","Edible only",FALSE,TRUE,TRUE
"2052","3130",4,2,1,0,1,2,2,3,"WE","HNE, WE","India","30°51'00,000N","76°11'00,000E","experimental site","Alley cropping","Edible only",FALSE,TRUE,FALSE
"2053","3131",3,1,1,0,1,1,1,2,"WE","HNE, WE","India","30°51'00,000N","76°11'00,000E","experimental site","Alley cropping","Edible only",FALSE,TRUE,FALSE
"2054","3132",3,0,2,0,1,1,0,2,"WNE","HNE, WNE, WE","India","30°51'00,000N","76°11'00,000E","experimental site","Alley cropping","WNE + WE",TRUE,TRUE,FALSE
"2055","3133",3,1,1,0,1,2,1,2,"WE","HNE, WE","India","30°51'00,000N","76°11'00,000E","experimental site","Alley cropping","Edible only",FALSE,TRUE,FALSE
"2056","3134",2,1,0,1,0,1,2,1,"HE","HE, WE","Brazil","22°22'03,000S","53°55'03,000W","experimental site","Alley cropping","Edible only",FALSE,TRUE,TRUE
"2057","3135",2,2,0,0,0,0,2,2,"WE","WE","France","43°43'02,840N","3°51'35,950E","experimental site","Alley cropping","Edible only",FALSE,TRUE,FALSE
"2058","3136",2,2,0,0,0,0,2,2,"WE","WE","France","43°43'02,840N","3°51'35,950E","experimental site","Alley cropping","Edible only",FALSE,TRUE,FALSE
"2059","3137",2,2,0,0,0,0,2,2,"WE","WE","France","43°43'02,840N","3°51'35,950E","experimental site","Alley cropping","Edible only",FALSE,TRUE,FALSE
"2060","3138",2,2,0,0,0,0,2,2,"WE","WE","France","43°43'02,840N","3°51'35,950E","experimental site","Alley cropping","Edible only",FALSE,TRUE,FALSE
"2061","3139",2,2,0,0,0,0,2,2,"WE","WE","France","43°43'02,840N","3°51'35,950E","experimental site","Alley cropping","Edible only",FALSE,TRUE,FALSE
"2062","314",3,1,0,2,0,0,3,1,"HE","HE, WE","India","28°35'00,000N","77°12'00,000E","experimental site","Alley cropping","Edible only",FALSE,TRUE,TRUE
"2063","3140",2,2,0,0,0,0,2,2,"WE","WE","France","43°43'02,840N","3°51'35,950E","experimental site","Alley cropping","Edible only",FALSE,TRUE,FALSE
"2064","3141",2,2,0,0,0,0,2,2,"WE","WE","France","43°43'02,840N","3°51'35,950E","experimental site","Alley cropping","Edible only",FALSE,TRUE,FALSE
"2065","3142",2,2,0,0,0,0,2,2,"WE","WE","France","43°43'02,840N","3°51'35,950E","experimental site","Alley cropping","Edible only",FALSE,TRUE,FALSE
"2066","3143",14,3,0,5,6,2,8,3,"HE","HNE, HE, WE","Brazil","9°09'00,000S","40°22'00,000W","experimental site","Alley cropping","Edible only",FALSE,TRUE,TRUE
"2067","3144",4,0,2,2,0,0,2,2,"HE","WNE, HE","Brazil","7°12'23,000S","36°49'25,000W","experimental site","Alley cropping","WNE + HE",TRUE,FALSE,TRUE
"2068","3146",3,1,2,0,0,0,1,3,"WNE","WNE, WE","Brazil","7°12'23,000S","36°49'25,000W","experimental site","Alley cropping","WNE + WE",TRUE,TRUE,FALSE
"2069","3147",2,2,0,0,0,1,2,2,"WE","WE","Brazil","22°21'00,000S","48°22'00,000W","experimental site","Alley cropping","Edible only",FALSE,TRUE,FALSE
"2070","3148",2,2,0,0,0,1,2,2,"WE","WE","Brazil","22°21'00,000S","48°22'00,000W","experimental site","Alley cropping","Edible only",FALSE,TRUE,FALSE
"2071","3149",7,4,2,1,0,1,5,6,"WE","WNE, HE, WE","Uganda","0°00'00,000N","32°00'00,000E","experimental site","Multi-strata systems","Multi-type",TRUE,TRUE,TRUE
"2072","315",3,1,0,2,0,0,3,1,"HE","HE, WE","India","28°35'00,000N","77°12'00,000E","experimental site","Alley cropping","Edible only",FALSE,TRUE,TRUE
"2073","3150",2,0,1,1,0,0,1,1,"HE","WNE, HE","Canada","43°32'28,000N","80°12'32,000W","experimental site","Alley cropping","WNE + HE",TRUE,FALSE,TRUE
"2074","3151",2,0,1,1,0,0,1,1,"HE","WNE, HE","Canada","43°32'28,000N","80°12'32,000W","experimental site","Alley cropping","WNE + HE",TRUE,FALSE,TRUE
"2075","3152",2,1,0,1,0,0,2,1,"HE","HE, WE","Canada","43°32'28,000N","80°12'32,000W","experimental site","Alley cropping","Edible only",FALSE,TRUE,TRUE
"2076","3153",2,0,1,1,0,0,1,1,"HE","WNE, HE","Canada","43°32'28,000N","80°12'32,000W","experimental site","Alley cropping","WNE + HE",TRUE,FALSE,TRUE
"2077","3154",2,0,1,1,0,0,1,1,"HE","WNE, HE","Canada","43°32'28,000N","80°12'32,000W","experimental site","Alley cropping","WNE + HE",TRUE,FALSE,TRUE
"2078","3155",7,1,6,0,0,2,1,7,"WNE","WNE, WE","Kenya",NA,NA,"working farm","Multi-strata systems","WNE + WE",TRUE,TRUE,FALSE
"2079","3156",3,1,0,2,0,1,3,1,"HE","HE, WE","China","29°54'02,000N","107°30°22,000E","experimental site","Alley cropping","Edible only",FALSE,TRUE,TRUE
"2080","3157",3,1,0,2,0,1,3,1,"HE","HE, WE","China","29°54'02,000N","107°30°22,000E","experimental site","Alley cropping","Edible only",FALSE,TRUE,TRUE
"2081","3158",3,1,0,2,0,1,3,1,"HE","HE, WE","China","29°54'02,000N","107°30°22,000E","experimental site","Alley cropping","Edible only",FALSE,TRUE,TRUE
"2082","3159",3,1,0,2,0,1,3,1,"HE","HE, WE","China","29°54'02,000N","107°30°22,000E","experimental site","Alley cropping","Edible only",FALSE,TRUE,TRUE
"2083","316",3,1,0,2,0,0,3,1,"HE","HE, WE","India","28°35'00,000N","77°12'00,000E","experimental site","Alley cropping","Edible only",FALSE,TRUE,TRUE
"2084","3160",3,1,0,2,0,1,3,1,"HE","HE, WE","China","29°54'02,000N","107°30°22,000E","experimental site","Alley cropping","Edible only",FALSE,TRUE,TRUE
"2085","3161",2,1,1,0,0,1,1,2,"WE","WNE, WE","India","12°15'00,000N","75°25'00,000E","experimental site","Alley cropping","WNE + WE",TRUE,TRUE,FALSE
"2086","3162",2,1,1,0,0,1,1,2,"WE","WNE, WE","India","12°15'00,000N","75°25'00,000E","experimental site","Alley cropping","WNE + WE",TRUE,TRUE,FALSE
"2087","3163",2,1,1,0,0,1,1,2,"WE","WNE, WE","India","12°15'00,000N","75°25'00,000E","experimental site","Alley cropping","WNE + WE",TRUE,TRUE,FALSE
"2088","3164",2,1,1,0,0,1,1,2,"WE","WNE, WE","India","12°15'00,000N","75°25'00,000E","experimental site","Alley cropping","WNE + WE",TRUE,TRUE,FALSE
"2089","3165",2,1,1,0,0,1,1,2,"WE","WNE, WE","India","12°15'00,000N","75°25'00,000E","experimental site","Alley cropping","WNE + WE",TRUE,TRUE,FALSE
"2090","3166",2,1,1,0,0,1,1,2,"WE","WNE, WE","India","12°15'00,000N","75°25'00,000E","experimental site","Alley cropping","WNE + WE",TRUE,TRUE,FALSE
"2091","3167",2,1,1,0,0,1,1,2,"WE","WNE, WE","USA",NA,NA,"working farm","Hedgerows","WNE + WE",TRUE,TRUE,FALSE
"2092","3168",2,1,1,0,0,1,1,2,"WE","WNE, WE","USA",NA,NA,"experimental site","Hedgerows","WNE + WE",TRUE,TRUE,FALSE
"2093","3169",2,1,1,0,0,1,1,2,"WE","WNE, WE","USA",NA,NA,"experimental site","Hedgerows","WNE + WE",TRUE,TRUE,FALSE
"2094","317",3,1,0,2,0,0,3,1,"HE","HE, WE","India","28°35'00,000N","77°12'00,000E","experimental site","Alley cropping","Edible only",FALSE,TRUE,TRUE
"2095","3170",2,1,1,0,0,1,1,2,"WE","WNE, WE","USA",NA,NA,"experimental site","Hedgerows","WNE + WE",TRUE,TRUE,FALSE
"2096","3171",2,1,1,0,0,1,1,2,"WE","WNE, WE","USA",NA,NA,"experimental site","Hedgerows","WNE + WE",TRUE,TRUE,FALSE
"2097","3172",4,4,0,0,0,1,4,4,"WE","WE","Uganda","0°23'08,255N","30°10'11,940E","working farm","Multi-strata systems","Edible only",FALSE,TRUE,FALSE
"2098","3173",10,1,9,0,0,2,1,10,"WNE","WNE, WE","Uganda","0°23'08,255N","30°10'11,940E","working farm","Multi-strata systems","WNE + WE",TRUE,TRUE,FALSE
"2099","3174",13,4,9,0,0,2,4,13,"WNE","WNE, WE","Uganda","0°23'08,255N","30°10'11,940E","working farm","Multi-strata systems","WNE + WE",TRUE,TRUE,FALSE
"2100","3175",4,4,0,0,0,1,4,4,"WE","WE","Uganda","0°19'08,740S","30°22'46,315E","working farm","Multi-strata systems","Edible only",FALSE,TRUE,FALSE
"2101","3176",10,1,9,0,0,2,1,10,"WNE","WNE, WE","Uganda","0°19'08,740S","30°22'46,315E","working farm","Multi-strata systems","WNE + WE",TRUE,TRUE,FALSE
"2102","3177",13,4,9,0,0,2,4,13,"WNE","WNE, WE","Uganda","0°19'08,740S","30°22'46,315E","working farm","Multi-strata systems","WNE + WE",TRUE,TRUE,FALSE
"2103","318",2,1,1,0,0,1,1,2,"WE","WNE, WE","China","21°55'39,000N","101°15'55,000E","Large areas","Alley cropping","WNE + WE",TRUE,TRUE,FALSE
"2104","3181",2,0,1,1,0,0,1,1,"HE","WNE, HE","Brazil","2°08'08,000S","47°32'00,000W","experimental site","Alley cropping","WNE + HE",TRUE,FALSE,TRUE
"2105","3183",3,0,2,1,0,0,1,2,"WNE","WNE, HE","Brazil","2°08'08,000S","47°32'00,000W","experimental site","Multi-strata systems","WNE + HE",TRUE,FALSE,TRUE
"2106","3185",4,0,3,1,0,0,1,3,"WNE","WNE, HE","Brazil","2°08'08,000S","47°32'00,000W","experimental site","Multi-strata systems","WNE + HE",TRUE,FALSE,TRUE
"2107","3186",3,1,2,0,0,1,1,3,"WNE","WNE, WE","Brazil","29°09'30,000S","51°12'30,000W","working farm","Alley cropping","WNE + WE",TRUE,TRUE,FALSE
"2108","3187",3,1,2,0,0,1,1,3,"WNE","WNE, WE","Brazil","29°09'30,000S","51°12'30,000W","working farm","Alley cropping","WNE + WE",TRUE,TRUE,FALSE
"2109","3188",2,0,1,1,0,0,1,1,"HE","WNE, HE","France","43°42'00,000N","3°51'00,000E","experimental site","Alley cropping","WNE + HE",TRUE,FALSE,TRUE
"2110","3189",2,1,1,0,0,1,1,2,"WE","WNE, WE","India","22°58'00,000N","88°31'00,000E","experimental site","Alley cropping","WNE + WE",TRUE,TRUE,FALSE
"2111","3190",2,1,1,0,0,1,1,2,"WE","WNE, WE","India","22°58'00,000N","88°31'00,000E","experimental site","Alley cropping","WNE + WE",TRUE,TRUE,FALSE
"2112","3191",2,1,1,0,0,1,1,2,"WE","WNE, WE","India","22°58'00,000N","88°31'00,000E","experimental site","Alley cropping","WNE + WE",TRUE,TRUE,FALSE
"2113","3192",2,1,1,0,0,1,1,2,"WE","WNE, WE","India","22°58'00,000N","88°31'00,000E","experimental site","Alley cropping","WNE + WE",TRUE,TRUE,FALSE
"2114","3193",2,1,1,0,0,1,1,2,"WE","WNE, WE","India","22°58'00,000N","88°31'00,000E","experimental site","Alley cropping","WNE + WE",TRUE,TRUE,FALSE
"2115","3194",2,1,1,0,0,1,1,2,"WE","WNE, WE","India","22°58'00,000N","88°31'00,000E","experimental site","Alley cropping","WNE + WE",TRUE,TRUE,FALSE
"2116","3195",2,1,1,0,0,1,1,2,"WE","WNE, WE","India","22°58'00,000N","88°31'00,000E","experimental site","Alley cropping","WNE + WE",TRUE,TRUE,FALSE
"2117","3196",6,1,5,0,0,2,1,6,"WNE","WNE, WE","Peru","47,578400°N","88,088640°E","working farm","Alley cropping","WNE + WE",TRUE,TRUE,FALSE
"2118","3197",4,1,3,0,0,2,1,4,"WNE","WNE, WE","Peru","47,153100°N","88,099290°E","working farm","Alley cropping","WNE + WE",TRUE,TRUE,FALSE
"2119","3198",4,1,3,0,0,1,1,4,"WNE","WNE, WE","Peru","47,188200°N","88,162120°E","working farm","Alley cropping","WNE + WE",TRUE,TRUE,FALSE
"2120","3199",2,1,0,1,0,1,2,1,"HE","HE, WE","China","29°38'30,000N","106°11'00,000E","working farm","Alley cropping","Edible only",FALSE,TRUE,TRUE
"2121","32",3,1,1,1,0,1,2,2,"HE","WNE, HE, WE","Panama","9°23'00,000N","82°34'00,000W","working farm","Alley cropping","Multi-type",TRUE,TRUE,TRUE
"2122","3200",2,1,0,1,0,1,2,1,"HE","HE, WE","China","29°38'30,000N","106°11'00,000E","working farm","Alley cropping","Edible only",FALSE,TRUE,TRUE
"2123","3201",2,1,0,1,0,1,2,1,"HE","HE, WE","China","29°38'30,000N","106°11'00,000E","working farm","Alley cropping","Edible only",FALSE,TRUE,TRUE
"2124","3203",8,1,2,2,3,0,3,3,"HE","HNE, WNE, HE, WE","USA",NA,NA,"working farm","Hedgerows","Multi-type",TRUE,TRUE,TRUE
"2125","3204",2,2,0,0,0,1,2,2,"WE","WE","Brazil","22°21'00,000S","48°22'00,000W","working farm","Alley cropping","Edible only",FALSE,TRUE,FALSE
"2126","3205",2,2,0,0,0,1,2,2,"WE","WE","Brazil","22°21'00,000S","48°22'00,000W","working farm","Alley cropping","Edible only",FALSE,TRUE,FALSE
"2127","3206",2,2,0,0,0,1,2,2,"WE","WE","Brazil","22°21'00,000S","48°22'00,000W","working farm","Alley cropping","Edible only",FALSE,TRUE,FALSE
"2128","3207",2,2,0,0,0,1,2,2,"WE","WE","Brazil","22°21'00,000S","48°22'00,000W","working farm","Alley cropping","Edible only",FALSE,TRUE,FALSE
"2129","3208",2,2,0,0,0,1,2,2,"WE","WE","Brazil","22°21'00,000S","48°22'00,000W","working farm","Alley cropping","Edible only",FALSE,TRUE,FALSE
"2130","3209",2,2,0,0,0,1,2,2,"WE","WE","Brazil","22°21'00,000S","48°22'00,000W","working farm","Alley cropping","Edible only",FALSE,TRUE,FALSE
"2131","321",2,1,1,0,0,1,1,2,"WE","WNE, WE","China","21°55'39,000N","101°15'55,000E","Large areas","Alley cropping","WNE + WE",TRUE,TRUE,FALSE
"2132","3219",3,0,1,2,0,0,2,1,"HE","WNE, HE","India","29°10'00,000N","75°44'00,000E","working farm","Alley cropping","WNE + HE",TRUE,FALSE,TRUE
"2133","322",2,1,1,0,0,1,1,2,"WE","WNE, WE","China","21°55'39,000N","101°15'55,000E","Large areas","Alley cropping","WNE + WE",TRUE,TRUE,FALSE
"2134","3220",3,0,1,2,0,1,2,1,"HE","HE, WE","India","29°10'00,000N","75°44'00,000E","working farm","Alley cropping","Edible only",FALSE,TRUE,TRUE
"2135","3221",3,1,0,2,0,0,3,1,"HE","HE, WE","India","29°10'00,000N","75°44'00,000E","working farm","Alley cropping","Edible only",FALSE,TRUE,TRUE
"2136","3222",3,0,1,2,0,0,2,1,"HE","WNE, HE","India","29°10'00,000N","75°44'00,000E","working farm","Alley cropping","WNE + HE",TRUE,FALSE,TRUE
"2137","3223",3,0,1,2,0,1,2,1,"HE","HE, WE","India","29°10'00,000N","75°44'00,000E","working farm","Alley cropping","Edible only",FALSE,TRUE,TRUE
"2138","3224",3,1,0,2,0,0,3,1,"HE","HE, WE","India","29°10'00,000N","75°44'00,000E","working farm","Alley cropping","Edible only",FALSE,TRUE,TRUE
"2139","3225",3,0,1,2,0,0,2,1,"HE","WNE, HE","India","29°10'00,000N","75°44'00,000E","working farm","Alley cropping","WNE + HE",TRUE,FALSE,TRUE
"2140","3226",3,0,1,2,0,1,2,1,"HE","HE, WE","India","29°10'00,000N","75°44'00,000E","working farm","Alley cropping","Edible only",FALSE,TRUE,TRUE
"2141","3227",3,1,0,2,0,0,3,1,"HE","HE, WE","India","29°10'00,000N","75°44'00,000E","working farm","Alley cropping","Edible only",FALSE,TRUE,TRUE
"2142","3228",3,0,1,2,0,0,2,1,"HE","WNE, HE","India","29°10'00,000N","75°44'00,000E","working farm","Alley cropping","WNE + HE",TRUE,FALSE,TRUE
"2143","3229",3,0,1,2,0,1,2,1,"HE","HE, WE","India","29°10'00,000N","75°44'00,000E","working farm","Alley cropping","Edible only",FALSE,TRUE,TRUE
"2144","3230",3,1,0,2,0,0,3,1,"HE","HE, WE","India","29°10'00,000N","75°44'00,000E","working farm","Alley cropping","Edible only",FALSE,TRUE,TRUE
"2145","3231",3,0,1,2,0,0,2,1,"HE","WNE, HE","India","29°10'00,000N","75°44'00,000E","working farm","Alley cropping","WNE + HE",TRUE,FALSE,TRUE
"2146","3232",3,0,1,2,0,1,2,1,"HE","HE, WE","India","29°10'00,000N","75°44'00,000E","working farm","Alley cropping","Edible only",FALSE,TRUE,TRUE
"2147","3233",3,1,0,2,0,0,3,1,"HE","HE, WE","India","29°10'00,000N","75°44'00,000E","working farm","Alley cropping","Edible only",FALSE,TRUE,TRUE
"2148","3234",3,0,1,2,0,0,2,1,"HE","WNE, HE","India","29°10'00,000N","75°44'00,000E","working farm","Alley cropping","WNE + HE",TRUE,FALSE,TRUE
"2149","3235",3,0,1,2,0,1,2,1,"HE","HE, WE","India","29°10'00,000N","75°44'00,000E","working farm","Alley cropping","Edible only",FALSE,TRUE,TRUE
"2150","3236",3,1,0,2,0,0,3,1,"HE","HE, WE","India","29°10'00,000N","75°44'00,000E","working farm","Alley cropping","Edible only",FALSE,TRUE,TRUE
"2151","3237",5,1,2,1,1,1,2,3,"WNE","HNE, WNE, HE, WE","Bolivia",NA,NA,"working farm","Alley cropping","Multi-type",TRUE,TRUE,TRUE
"2152","3238",4,1,2,1,0,1,2,3,"WNE","WNE, HE, WE","Bolivia",NA,NA,"working farm","Alley cropping","Multi-type",TRUE,TRUE,TRUE
"2153","3239",2,1,0,0,1,1,1,1,"WE","HNE, WE","Bolivia",NA,NA,"working farm","Alley cropping","Edible only",FALSE,TRUE,FALSE
"2154","3240",2,1,0,1,0,1,2,1,"HE","HE, WE","South Africa","24°33'35,000S","28°05'14,600E","working farm","Alley cropping","Edible only",FALSE,TRUE,TRUE
"2155","3241",2,1,0,1,0,1,2,1,"HE","HE, WE","South Africa","24°33'35,000S","28°05'14,600E","working farm","Alley cropping","Edible only",FALSE,TRUE,TRUE
"2156","3242",2,1,0,1,0,1,2,1,"HE","HE, WE","South Africa","24°33'35,000S","28°05'14,600E","working farm","Alley cropping","Edible only",FALSE,TRUE,TRUE
"2157","3243",2,2,0,0,0,1,2,2,"WE","WE","South Africa","24°33'35,000S","28°05'14,600E","working farm","Alley cropping","Edible only",FALSE,TRUE,FALSE
"2158","3244",2,1,0,1,0,1,2,1,"HE","HE, WE","South Africa","24°33'35,000S","28°05'14,600E","working farm","Alley cropping","Edible only",FALSE,TRUE,TRUE
"2159","3245",2,1,0,1,0,1,2,1,"HE","HE, WE","South Africa","24°33'35,000S","28°05'14,600E","working farm","Alley cropping","Edible only",FALSE,TRUE,TRUE
"2160","3246",2,1,0,1,0,1,2,1,"HE","HE, WE","South Africa","24°33'35,000S","28°05'14,600E","working farm","Alley cropping","Edible only",FALSE,TRUE,TRUE
"2161","3247",2,2,0,0,0,1,2,2,"WE","WE","South Africa","24°33'35,000S","28°05'14,600E","working farm","Alley cropping","Edible only",FALSE,TRUE,FALSE
"2162","3248",2,1,0,1,0,1,2,1,"HE","HE, WE","South Africa","24°33'35,000S","28°05'14,600E","working farm","Alley cropping","Edible only",FALSE,TRUE,TRUE
"2163","3249",2,1,0,1,0,1,2,1,"HE","HE, WE","South Africa","24°33'35,000S","28°05'14,600E","working farm","Alley cropping","Edible only",FALSE,TRUE,TRUE
"2164","325",2,1,1,0,0,1,1,2,"WE","WNE, WE","China","21°55'39,000N","101°15'55,000E","Large areas","Alley cropping","WNE + WE",TRUE,TRUE,FALSE
"2165","3254",2,1,0,1,0,0,2,1,"HE","HE, WE","India","12°58'00,000N","77°35'00,000E","experimental site","Alley cropping","Edible only",FALSE,TRUE,TRUE
"2166","3255",2,1,0,1,0,0,2,1,"HE","HE, WE","India","12°58'00,000N","77°35'00,000E","experimental site","Alley cropping","Edible only",FALSE,TRUE,TRUE
"2167","3256",2,1,0,1,0,0,2,1,"HE","HE, WE","India","12°58'00,000N","77°35'00,000E","experimental site","Alley cropping","Edible only",FALSE,TRUE,TRUE
"2168","3257",2,1,0,1,0,0,2,1,"HE","HE, WE","India","12°58'00,000N","77°35'00,000E","experimental site","Alley cropping","Edible only",FALSE,TRUE,TRUE
"2169","3258",2,1,0,1,0,0,2,1,"HE","HE, WE","India","12°58'00,000N","77°35'00,000E","experimental site","Alley cropping","Edible only",FALSE,TRUE,TRUE
"2170","3259",2,1,0,1,0,0,2,1,"HE","HE, WE","India","12°58'00,000N","77°35'00,000E","experimental site","Alley cropping","Edible only",FALSE,TRUE,TRUE
"2171","326",7,2,0,5,0,1,7,2,"HE","HE, WE","Uganda","1°15'53,500N","34°24'27,500E","working farm","Multi-strata systems","Edible only",FALSE,TRUE,TRUE
"2172","3260",2,1,0,1,0,0,2,1,"HE","HE, WE","India","12°58'00,000N","77°35'00,000E","experimental site","Alley cropping","Edible only",FALSE,TRUE,TRUE
"2173","3261",2,1,0,1,0,0,2,1,"HE","HE, WE","India","12°58'00,000N","77°35'00,000E","experimental site","Alley cropping","Edible only",FALSE,TRUE,TRUE
"2174","3264",2,1,0,1,0,0,2,1,"HE","HE, WE","Ghana","6°09'00,000N","0°55'00,000W","experimental site","Alley cropping","Edible only",FALSE,TRUE,TRUE
"2175","3265",2,1,0,1,0,0,2,1,"HE","HE, WE","Ghana","6°09'00,000N","0°55'00,000W","experimental site","Alley cropping","Edible only",FALSE,TRUE,TRUE
"2176","3266",2,1,0,1,0,0,2,1,"HE","HE, WE","Ghana","6°09'00,000N","0°55'00,000W","experimental site","Alley cropping","Edible only",FALSE,TRUE,TRUE
"2177","3267",2,1,0,1,0,0,2,1,"HE","HE, WE","Ghana","6°09'00,000N","0°55'00,000W","experimental site","Alley cropping","Edible only",FALSE,TRUE,TRUE
"2178","3268",4,4,0,0,0,1,4,4,"WE","WE","Portugal",NA,NA,"working farm","Parkland","Edible only",FALSE,TRUE,FALSE
"2179","3269",2,0,1,1,0,0,1,1,"HE","WNE, HE","Canada","43°32'00,000N","80°12'00,000W","experimental site","Alley cropping","WNE + HE",TRUE,FALSE,TRUE
"2180","327",2,1,0,1,0,1,2,1,"HE","HE, WE","Uganda","1°15'53,500N","34°24'27,500E","working farm","Multi-strata systems","Edible only",FALSE,TRUE,TRUE
"2181","3270",2,0,1,1,0,0,1,1,"HE","WNE, HE","Canada","43°32'00,000N","80°12'00,000W","experimental site","Alley cropping","WNE + HE",TRUE,FALSE,TRUE
"2182","3271",2,1,1,0,0,1,1,2,"WE","WNE, WE","Ghana","6°40'00,000N","1°57'00,000W","working farm","Multi-strata systems","WNE + WE",TRUE,TRUE,FALSE
"2183","3272",2,1,1,0,0,1,1,2,"WE","WNE, WE","Ghana","6°40'00,000N","1°57'00,000W","working farm","Multi-strata systems","WNE + WE",TRUE,TRUE,FALSE
"2184","3273",2,1,1,0,0,1,1,2,"WE","WNE, WE","Costa Rica","9°56'19,000N","83°43'46,000W","working farm","shaded","WNE + WE",TRUE,TRUE,FALSE
"2185","3274",2,1,1,0,0,1,1,2,"WE","WNE, WE","Costa Rica","9°56'19,000N","83°43'46,000W","working farm","shaded","WNE + WE",TRUE,TRUE,FALSE
"2186","3275",2,1,1,0,0,1,1,2,"WE","WNE, WE","Costa Rica","9°56'19,000N","83°43'46,000W","working farm","shaded","WNE + WE",TRUE,TRUE,FALSE
"2187","3276",2,1,1,0,0,1,1,2,"WE","WNE, WE","Costa Rica","9°56'19,000N","83°43'46,000W","working farm","shaded","WNE + WE",TRUE,TRUE,FALSE
"2188","3277",2,1,1,0,0,1,1,2,"WE","WNE, WE","Costa Rica","9°56'19,000N","83°43'46,000W","working farm","shaded","WNE + WE",TRUE,TRUE,FALSE
"2189","3278",3,1,1,1,0,1,2,2,"HE","WNE, HE, WE","Bolivia",NA,NA,"working farm","Alley cropping","Multi-type",TRUE,TRUE,TRUE
"2190","3279",3,1,1,1,0,1,2,2,"HE","WNE, HE, WE","Bolivia",NA,NA,"working farm","Alley cropping","Multi-type",TRUE,TRUE,TRUE
"2191","328",16,4,11,0,1,2,4,15,"WNE","HNE, WNE, WE","Uganda","1°15'53,500N","34°24'27,500E","working farm","Multi-strata systems","WNE + WE",TRUE,TRUE,FALSE
"2192","3280",2,1,1,0,0,1,1,2,"WE","WNE, WE","Bolivia",NA,NA,"working farm","Multi-strata systems","WNE + WE",TRUE,TRUE,FALSE
"2193","3281",2,1,1,0,0,1,1,2,"WE","WNE, WE","Brazil","22°42'09,980S","47°37'45,460W","working farm","Alley cropping","WNE + WE",TRUE,TRUE,FALSE
"2194","3282",2,1,1,0,0,1,1,2,"WE","WNE, WE","Brazil","22°42'09,980S","47°37'45,460W","working farm","Alley cropping","WNE + WE",TRUE,TRUE,FALSE
"2195","3283",2,1,1,0,0,1,1,2,"WE","WNE, WE","Brazil","22°42'09,980S","47°37'45,460W","working farm","Alley cropping","WNE + WE",TRUE,TRUE,FALSE
"2196","3284",2,1,1,0,0,1,1,2,"WE","WNE, WE","Brazil","22°42'09,980S","47°37'45,460W","working farm","Alley cropping","WNE + WE",TRUE,TRUE,FALSE
"2197","3285",2,1,1,0,0,1,1,2,"WE","WNE, WE","Brazil","22°42'09,980S","47°37'45,460W","working farm","Alley cropping","WNE + WE",TRUE,TRUE,FALSE
"2198","3286",4,0,2,2,0,0,2,2,"HE","WNE, HE","Canada","52°15'00,000N","81°35'00,000W","working farm","Hedgerows","WNE + HE",TRUE,FALSE,TRUE
"2199","3287",4,0,2,2,0,0,2,2,"HE","WNE, HE","Canada","52°15'00,000N","81°35'00,000W","working farm","Hedgerows","WNE + HE",TRUE,FALSE,TRUE
"2200","3288",4,0,2,2,0,0,2,2,"HE","WNE, HE","Canada","52°15'00,000N","81°35'00,000W","working farm","Hedgerows","WNE + HE",TRUE,FALSE,TRUE
"2201","3289",2,1,0,1,0,0,2,1,"HE","HE, WE","China","40°44'00,000N","116°35'00,000E","working farm","Alley cropping","Edible only",FALSE,TRUE,TRUE
"2202","329",7,2,0,5,0,1,7,2,"HE","HE, WE","Uganda","1°15'53,500N","34°24'27,500E","working farm","Multi-strata systems","Edible only",FALSE,TRUE,TRUE
"2203","3290",2,1,0,0,1,0,1,1,"WE","HNE, WE","China","40°44'00,000N","116°35'00,000E","working farm","Alley cropping","Edible only",FALSE,TRUE,FALSE
"2204","3292",2,1,0,1,0,0,2,1,"HE","HE, WE","China","40°44'00,000N","116°35'00,000E","working farm","Alley cropping","Edible only",FALSE,TRUE,TRUE
"2205","3293",2,1,0,0,1,0,1,1,"WE","HNE, WE","China","40°44'00,000N","116°35'00,000E","working farm","Alley cropping","Edible only",FALSE,TRUE,FALSE
"2206","3295",2,1,0,1,0,0,2,1,"HE","HE, WE","China","40°44'00,000N","116°35'00,000E","working farm","Alley cropping","Edible only",FALSE,TRUE,TRUE
"2207","3296",2,1,0,0,1,0,1,1,"WE","HNE, WE","China","40°44'00,000N","116°35'00,000E","working farm","Alley cropping","Edible only",FALSE,TRUE,FALSE
"2208","3298",2,1,0,1,0,0,2,1,"HE","HE, WE","China","40°44'00,000N","116°35'00,000E","working farm","Alley cropping","Edible only",FALSE,TRUE,TRUE
"2209","3299",2,1,0,0,1,0,1,1,"WE","HNE, WE","China","40°44'00,000N","116°35'00,000E","working farm","Alley cropping","Edible only",FALSE,TRUE,FALSE
"2210","33",3,1,1,1,0,1,2,2,"HE","WNE, HE, WE","Panama","9°23'00,000N","82°34'00,000W","working farm","Alley cropping","Multi-type",TRUE,TRUE,TRUE
"2211","330",2,1,0,1,0,1,2,1,"HE","HE, WE","Uganda","1°15'53,500N","34°24'27,500E","working farm","Multi-strata systems","Edible only",FALSE,TRUE,TRUE
"2212","3301",2,1,1,0,0,1,1,2,"WE","WNE, WE","Ghana","7°19'51,690N","1°59'37,210W","working farm","Alley cropping","WNE + WE",TRUE,TRUE,FALSE
"2213","3302",2,1,1,0,0,1,1,2,"WE","WNE, WE","Ghana","7°19'51,690N","1°59'37,210W","working farm","Alley cropping","WNE + WE",TRUE,TRUE,FALSE
"2214","3303",2,1,0,1,0,0,2,1,"HE","HE, WE","Brazil",NA,NA,"working farm","Alley cropping","Edible only",FALSE,TRUE,TRUE
"2215","3304",2,1,0,1,0,0,2,1,"HE","HE, WE","Brazil",NA,NA,"working farm","Alley cropping","Edible only",FALSE,TRUE,TRUE
"2216","3307",2,1,0,1,0,1,2,1,"HE","HE, WE","India",NA,NA,"working farm","Alley cropping","Edible only",FALSE,TRUE,TRUE
"2217","3308",2,1,0,1,0,0,2,1,"HE","HE, WE","India",NA,NA,"working farm","Alley cropping","Edible only",FALSE,TRUE,TRUE
"2218","3309",2,2,0,0,0,2,2,2,"WE","WE","India",NA,NA,"working farm","Alley cropping","Edible only",FALSE,TRUE,FALSE
"2219","331",16,4,11,0,1,2,4,15,"WNE","HNE, WNE, WE","Uganda","1°15'53,500N","34°24'27,500E","working farm","Multi-strata systems","WNE + WE",TRUE,TRUE,FALSE
"2220","3310",2,1,1,0,0,1,1,2,"WE","WNE, WE","Indonesia","1°23'23,030S","119°56'25,030E","working farm","Other/unknown","WNE + WE",TRUE,TRUE,FALSE
"2221","3311",2,2,0,0,0,1,2,2,"WE","WE","Indonesia","1°23'23,030S","119°56'25,030E","working farm","Other/unknown","Edible only",FALSE,TRUE,FALSE
"2222","3312",3,1,0,2,0,1,3,1,"HE","HE, WE","China","32°51'50,120N","120°50'54,400E","working farm","Alley cropping","Edible only",FALSE,TRUE,TRUE
"2223","3313",3,1,0,2,0,1,3,1,"HE","HE, WE","China","32°51'50,120N","120°50'54,400E","working farm","Alley cropping","Edible only",FALSE,TRUE,TRUE
"2224","3314",2,1,1,0,0,1,1,2,"WE","WNE, WE","Brazil","20°91'00,000S","44°85'00,000W","working farm","Alley cropping","WNE + WE",TRUE,TRUE,FALSE
"2225","3315",2,1,1,0,0,1,1,2,"WE","WNE, WE","Brazil","20°91'00,000S","44°85'00,000W","working farm","Alley cropping","WNE + WE",TRUE,TRUE,FALSE
"2226","3316",2,1,1,0,0,1,1,2,"WE","WNE, WE","Brazil","20°91'00,000S","44°85'00,000W","working farm","Alley cropping","WNE + WE",TRUE,TRUE,FALSE
"2227","3317",2,2,0,0,0,1,2,2,"WE","WE","Brazil","20°91'00,000S","44°85'00,000W","working farm","Alley cropping","Edible only",FALSE,TRUE,FALSE
"2228","3318",2,1,0,0,1,0,1,1,"WE","HNE, WE","China",NA,NA,"working farm","Alley cropping","Edible only",FALSE,TRUE,FALSE
"2229","3319",2,1,0,0,1,0,1,1,"WE","HNE, WE","China",NA,NA,"working farm","Alley cropping","Edible only",FALSE,TRUE,FALSE
"2230","332",7,2,0,5,0,1,7,2,"HE","HE, WE","Uganda","1°15'53,500N","34°24'27,500E","working farm","Multi-strata systems","Edible only",FALSE,TRUE,TRUE
"2231","3320",2,1,0,1,0,0,2,1,"HE","HE, WE","China","36°01'00,000N","110°43'00,000E","experimental site","Alley cropping","Edible only",FALSE,TRUE,TRUE
"2232","3321",2,1,0,1,0,0,2,1,"HE","HE, WE","China","36°01'00,000N","110°43'00,000E","experimental site","Alley cropping","Edible only",FALSE,TRUE,TRUE
"2233","3322",2,1,0,1,0,0,2,1,"HE","HE, WE","China","36°01'00,000N","110°43'00,000E","experimental site","Alley cropping","Edible only",FALSE,TRUE,TRUE
"2234","3323",2,1,0,1,0,0,2,1,"HE","HE, WE","China","36°01'00,000N","110°43'00,000E","experimental site","Alley cropping","Edible only",FALSE,TRUE,TRUE
"2235","3324",2,1,0,1,0,0,2,1,"HE","HE, WE","China","36°01'00,000N","110°43'00,000E","experimental site","Alley cropping","Edible only",FALSE,TRUE,TRUE
"2236","3325",2,1,0,1,0,0,2,1,"HE","HE, WE","China","36°01'00,000N","110°43'00,000E","experimental site","Alley cropping","Edible only",FALSE,TRUE,TRUE
"2237","3326",2,1,1,0,0,0,1,2,"WE","WNE, WE","Brazil","18°30'24,000S","40°17'45,000W","working farm","Alley cropping","WNE + WE",TRUE,TRUE,FALSE
"2238","3327",2,1,1,0,0,0,1,2,"WE","WNE, WE","Brazil","18°30'24,000S","40°17'45,000W","working farm","Alley cropping","WNE + WE",TRUE,TRUE,FALSE
"2239","3328",2,1,1,0,0,0,1,2,"WE","WNE, WE","Brazil","18°30'24,000S","40°17'45,000W","working farm","Alley cropping","WNE + WE",TRUE,TRUE,FALSE
"2240","3329",2,1,1,0,0,0,1,2,"WE","WNE, WE","Brazil","18°30'24,000S","40°17'45,000W","working farm","Alley cropping","WNE + WE",TRUE,TRUE,FALSE
"2241","333",2,1,0,1,0,1,2,1,"HE","HE, WE","Uganda","1°15'53,500N","34°24'27,500E","working farm","Multi-strata systems","Edible only",FALSE,TRUE,TRUE
"2242","3330",2,1,1,0,0,0,1,2,"WE","WNE, WE","Brazil","18°30'24,000S","40°17'45,000W","working farm","Alley cropping","WNE + WE",TRUE,TRUE,FALSE
"2243","3331",3,2,0,1,0,0,3,2,"WE","HE, WE","Bengladesh","22°29'00,000N","90°10'00,000E","working farm","Multi-strata systems","Edible only",FALSE,TRUE,TRUE
"2244","3332",3,2,0,1,0,0,3,2,"WE","HE, WE","Bengladesh","22°29'00,000N","90°10'00,000E","working farm","Multi-strata systems","Edible only",FALSE,TRUE,TRUE
"2245","3333",2,2,0,0,0,0,2,2,"WE","WE","Bengladesh","22°29'00,000N","90°10'00,000E","working farm","Multi-strata systems","Edible only",FALSE,TRUE,FALSE
"2246","3334",2,2,0,0,0,0,2,2,"WE","WE","Bengladesh","22°29'00,000N","90°10'00,000E","working farm","Multi-strata systems","Edible only",FALSE,TRUE,FALSE
"2247","3335",2,1,0,1,0,0,2,1,"HE","HE, WE","Bengladesh","22°29'00,000N","90°10'00,000E","working farm","Multi-strata systems","Edible only",FALSE,TRUE,TRUE
"2248","3336",2,1,0,1,0,0,2,1,"HE","HE, WE","Bengladesh","22°29'00,000N","90°10'00,000E","working farm","Multi-strata systems","Edible only",FALSE,TRUE,TRUE
"2249","3337",2,1,1,0,0,1,1,2,"WE","WE","Mexico","20.969530","-89.622999","experimental site","Alley cropping","Edible only",FALSE,TRUE,FALSE
"2250","3338",2,1,1,0,0,1,1,2,"WE","WE","Mexico","20.969530","-89.622999","experimental site","Alley cropping","Edible only",FALSE,TRUE,FALSE
"2251","3339",2,1,0,1,0,0,2,1,"HE","HE, WE","China","36°01'00,000N","110°46'00,000E","experimental site","Alley cropping","Edible only",FALSE,TRUE,TRUE
"2252","334",16,4,11,0,1,2,4,15,"WNE","HNE, WNE, WE","Uganda","1°15'53,500N","34°24'27,500E","working farm","Multi-strata systems","WNE + WE",TRUE,TRUE,FALSE
"2253","3340",2,1,0,1,0,0,2,1,"HE","HE, WE","China","36°01'00,000N","110°46'00,000E","experimental site","Alley cropping","Edible only",FALSE,TRUE,TRUE
"2254","3341",2,1,0,1,0,0,2,1,"HE","HE, WE","China","36°01'00,000N","110°46'00,000E","experimental site","Alley cropping","Edible only",FALSE,TRUE,TRUE
"2255","3342",2,1,0,1,0,0,2,1,"HE","HE, WE","China","36°01'00,000N","110°46'00,000E","experimental site","Alley cropping","Edible only",FALSE,TRUE,TRUE
"2256","3343",2,0,1,1,0,0,1,1,"HE","WNE, HE","Indonesia","2°48'59,400S","114°10'47,300E","working farm","Alley cropping","WNE + HE",TRUE,FALSE,TRUE
"2257","3345",2,0,1,1,0,0,1,1,"HE","WNE, HE","Indonesia","2°48'59,400S","114°10'47,300E","working farm","Alley cropping","WNE + HE",TRUE,FALSE,TRUE
"2258","3346",2,0,1,1,0,0,1,1,"HE","WNE, HE","Indonesia","2°48'59,400S","114°10'47,300E","working farm","Alley cropping","WNE + HE",TRUE,FALSE,TRUE
"2259","3347",2,1,0,1,0,0,2,1,"HE","HE, WE","China","36°06'23,600N","110°35'38,900E","working farm","Alley cropping","Edible only",FALSE,TRUE,TRUE
"2260","3348",2,1,0,1,0,0,2,1,"HE","HE, WE","China","36°06'23,600N","110°35'38,900E","working farm","Alley cropping","Edible only",FALSE,TRUE,TRUE
"2261","335",2,1,0,1,0,0,2,1,"HE","HE, WE","Nigeria","7°12'00,000N","3°20'00,000E","experimental site","Alley cropping","Edible only",FALSE,TRUE,TRUE
"2262","3353",2,1,0,1,0,0,2,1,"HE","HE, WE","China","36°06'23,600N","110°35'38,900E","working farm","Alley cropping","Edible only",FALSE,TRUE,TRUE
"2263","3356",2,1,1,0,0,0,1,2,"WE","WNE, WE","Brazil","08°14'18,000S","35°55'20,000W","experimental site","Alley cropping","WNE + WE",TRUE,TRUE,FALSE
"2264","3358",2,1,1,0,0,0,1,2,"WE","WNE, WE","Brazil","8°14'18,000S","35°55'20,000W","experimental site","Alley cropping","WNE + WE",TRUE,TRUE,FALSE
"2265","336",2,1,0,1,0,0,2,1,"HE","HE, WE","Nigeria","7°12'00,000N","3°20'00,000E","experimental site","Alley cropping","Edible only",FALSE,TRUE,TRUE
"2266","3360",2,1,1,0,0,0,1,2,"WE","WNE, WE","Brazil","8°14'18,000S","35°55'20,000W","experimental site","Alley cropping","WNE + WE",TRUE,TRUE,FALSE
"2267","3362",2,1,1,0,0,0,1,2,"WE","WNE, WE","Brazil","8°14'18,000S","35°55'20,000W","experimental site","Alley cropping","WNE + WE",TRUE,TRUE,FALSE
"2268","3364",2,1,1,0,0,0,1,2,"WE","WNE, WE","Brazil","8°14'18,000S","35°55'20,000W","experimental site","Alley cropping","WNE + WE",TRUE,TRUE,FALSE
"2269","3366",2,1,1,0,0,0,1,2,"WE","WNE, WE","Brazil","8°14'18,000S","35°55'20,000W","experimental site","Alley cropping","WNE + WE",TRUE,TRUE,FALSE
"2270","3368",2,1,1,0,0,0,1,2,"WE","WNE, WE","Brazil","8°14'18,000S","35°55'20,000W","experimental site","Alley cropping","WNE + WE",TRUE,TRUE,FALSE
"2271","337",2,1,0,1,0,0,2,1,"HE","HE, WE","Nigeria","7°12'00,000N","3°20'00,000E","experimental site","Alley cropping","Edible only",FALSE,TRUE,TRUE
"2272","3370",2,1,1,0,0,0,1,2,"WE","WNE, WE","Brazil","8°14'18,000S","35°55'20,000W","experimental site","Alley cropping","WNE + WE",TRUE,TRUE,FALSE
"2273","3372",2,1,1,0,0,0,1,2,"WE","WNE, WE","Brazil","8°14'18,000S","35°55'20,000W","experimental site","Alley cropping","WNE + WE",TRUE,TRUE,FALSE
"2274","3374",2,1,1,0,0,0,1,2,"WE","WNE, WE","Brazil","8°14'18,000S","35°55'20,000W","experimental site","Alley cropping","WNE + WE",TRUE,TRUE,FALSE
"2275","3376",2,1,1,0,0,0,1,2,"WE","WNE, WE","Brazil","8°14'18,000S","35°55'20,000W","experimental site","Alley cropping","WNE + WE",TRUE,TRUE,FALSE
"2276","3378",2,1,1,0,0,0,1,2,"WE","WNE, WE","Brazil","8°14'18,000S","35°55'20,000W","experimental site","Alley cropping","WNE + WE",TRUE,TRUE,FALSE
"2277","338",2,1,0,1,0,0,2,1,"HE","HE, WE","Nigeria","7°12'00,000N","3°20'00,000E","experimental site","Alley cropping","Edible only",FALSE,TRUE,TRUE
"2278","3380",2,1,1,0,0,0,1,2,"WE","WNE, WE","Brazil","8°14'18,000S","35°55'20,000W","experimental site","Alley cropping","WNE + WE",TRUE,TRUE,FALSE
"2279","3382",2,1,1,0,0,0,1,2,"WE","WNE, WE","Brazil","8°14'18,000S","35°55'20,000W","experimental site","Alley cropping","WNE + WE",TRUE,TRUE,FALSE
"2280","3384",2,1,1,0,0,0,1,2,"WE","WNE, WE","Brazil","8°14'18,000S","35°55'20,000W","experimental site","Alley cropping","WNE + WE",TRUE,TRUE,FALSE
"2281","3386",2,1,1,0,0,0,1,2,"WE","WNE, WE","Brazil","8°14'18,000S","35°55'20,000W","experimental site","Alley cropping","WNE + WE",TRUE,TRUE,FALSE
"2282","3388",2,0,1,1,0,0,1,1,"HE","WNE, HE","Canada","43°32'28,000N","80°12'32,000W","experimental site","Alley cropping","WNE + HE",TRUE,FALSE,TRUE
"2283","3389",2,0,1,1,0,0,1,1,"HE","WNE, HE","Canada","43°32'28,000N","80°12'32,000W","experimental site","Alley cropping","WNE + HE",TRUE,FALSE,TRUE
"2284","3390",2,0,1,1,0,0,1,1,"HE","WNE, HE","Canada","43°32'28,000N","80°12'32,000W","experimental site","Alley cropping","WNE + HE",TRUE,FALSE,TRUE
"2285","3391",2,0,1,1,0,0,1,1,"HE","WNE, HE","Canada","43°32'28,000N","80°12'32,000W","experimental site","Alley cropping","WNE + HE",TRUE,FALSE,TRUE
"2286","3392",2,0,1,1,0,0,1,1,"HE","WNE, HE","Canada","43°32'28,000N","80°12'32,000W","experimental site","Alley cropping","WNE + HE",TRUE,FALSE,TRUE
"2287","3393",2,0,1,1,0,0,1,1,"HE","WNE, HE","Canada","43°32'28,000N","80°12'32,000W","experimental site","Alley cropping","WNE + HE",TRUE,FALSE,TRUE
"2288","3394",2,1,1,0,0,1,1,2,"WE","WNE, WE","Colombia",NA,NA,"working farm","shaded","WNE + WE",TRUE,TRUE,FALSE
"2289","3395",2,1,0,1,0,1,2,1,"HE","HE, WE","Colombia",NA,NA,"working farm","Alley cropping","Edible only",FALSE,TRUE,TRUE
"2290","3396",2,0,1,1,0,0,1,1,"HE","WNE, HE","Ghana","05°03'31,020N","02°29'46,920W","experimental site","Alley cropping","WNE + HE",TRUE,FALSE,TRUE
"2291","3397",2,0,1,1,0,0,1,1,"HE","WNE, HE","Ghana","05°03'31,020N","02°29'46,920W","experimental site","Alley cropping","WNE + HE",TRUE,FALSE,TRUE
"2292","3398",2,0,1,1,0,0,1,1,"HE","WNE, HE","Ghana","05°03'31,020N","02°29'46,920W","experimental site","Alley cropping","WNE + HE",TRUE,FALSE,TRUE
"2293","3399",2,0,1,1,0,0,1,1,"HE","WNE, HE","Ghana","05°03'31,020N","02°29'46,920W","experimental site","Alley cropping","WNE + HE",TRUE,FALSE,TRUE
"2294","34",3,1,1,1,0,1,2,2,"HE","WNE, HE, WE","Panama","9°23'00,000N","82°34'00,000W","working farm","Alley cropping","Multi-type",TRUE,TRUE,TRUE
"2295","3400",2,0,1,1,0,0,1,1,"HE","WNE, HE","Ghana","05°03'31,020N","02°29'46,920W","experimental site","Alley cropping","WNE + HE",TRUE,FALSE,TRUE
"2296","3401",2,0,1,1,0,0,1,1,"HE","WNE, HE","Ghana","05°03'31,020N","02°29'46,920W","experimental site","Alley cropping","WNE + HE",TRUE,FALSE,TRUE
"2297","3402",2,0,1,1,0,0,1,1,"HE","WNE, HE","Ghana","05°10'14,04N","02°29'46,920W","experimental site","Alley cropping","WNE + HE",TRUE,FALSE,TRUE
"2298","3403",2,0,1,1,0,0,1,1,"HE","WNE, HE","Ghana","05°10'14,04N","02°29'46,920W","experimental site","Alley cropping","WNE + HE",TRUE,FALSE,TRUE
"2299","3404",2,0,1,1,0,0,1,1,"HE","WNE, HE","Ghana","05°10'14,04N","02°29'46,920W","experimental site","Alley cropping","WNE + HE",TRUE,FALSE,TRUE
"2300","3405",2,0,1,1,0,0,1,1,"HE","WNE, HE","Ghana","05°10'14,04N","02°29'46,920W","experimental site","Alley cropping","WNE + HE",TRUE,FALSE,TRUE
"2301","3406",2,0,1,1,0,0,1,1,"HE","WNE, HE","Ghana","05°10'14,04N","02°29'46,920W","experimental site","Alley cropping","WNE + HE",TRUE,FALSE,TRUE
"2302","3407",2,0,1,1,0,0,1,1,"HE","WNE, HE","Ghana","05°10'14,04N","02°29'46,920W","experimental site","Alley cropping","WNE + HE",TRUE,FALSE,TRUE
"2303","3408",2,1,1,0,0,1,1,2,"WE","WNE, WE","Costa Rica","9°53'44,000N","83°40'07,000W","working farm","Alley cropping","WNE + WE",TRUE,TRUE,FALSE
"2304","3409",2,1,1,0,0,1,1,2,"WE","WNE, WE","Costa Rica","9°53'44,000N","83°40'07,000W","working farm","Alley cropping","WNE + WE",TRUE,TRUE,FALSE
"2305","3410",2,1,1,0,0,1,1,2,"WE","WNE, WE","Costa Rica","9°53'44,000N","83°40'07,000W","working farm","Alley cropping","WNE + WE",TRUE,TRUE,FALSE
"2306","3411",2,1,1,0,0,1,1,2,"WE","WNE, WE","Costa Rica","9°53'44,000N","83°40'07,000W","working farm","Alley cropping","WNE + WE",TRUE,TRUE,FALSE
"2307","3412",3,0,1,2,0,1,2,1,"HE","HE, WE","Senegal","14°46'00,000N","16°51'00,000W","working farm","Alley cropping","Edible only",FALSE,TRUE,TRUE
"2308","3413",3,0,1,2,0,1,2,1,"HE","HE, WE","Senegal","14°46'00,000N","16°51'00,000W","working farm","Alley cropping","Edible only",FALSE,TRUE,TRUE
"2309","3414",3,0,1,2,0,1,2,1,"HE","HE, WE","Senegal","14°46'00,000N","16°51'00,000W","working farm","Alley cropping","Edible only",FALSE,TRUE,TRUE
"2310","3415",3,0,1,2,0,1,2,1,"HE","HE, WE","Senegal","14°46'00,000N","16°51'00,000W","working farm","Alley cropping","Edible only",FALSE,TRUE,TRUE
"2311","3416",3,0,1,2,0,0,2,1,"HE","WNE, HE","Senegal","13°45'00,000N","15°47'00,000W","working farm","Alley cropping","WNE + HE",TRUE,FALSE,TRUE
"2312","3417",3,0,1,2,0,0,2,1,"HE","WNE, HE","Senegal","13°45'00,000N","15°47'00,000W","working farm","Alley cropping","WNE + HE",TRUE,FALSE,TRUE
"2313","3418",3,0,1,2,0,0,2,1,"HE","WNE, HE","Senegal","13°45'00,000N","15°47'00,000W","working farm","Alley cropping","WNE + HE",TRUE,FALSE,TRUE
"2314","3419",3,0,1,2,0,0,2,1,"HE","WNE, HE","Senegal","13°45'00,000N","15°47'00,000W","working farm","Alley cropping","WNE + HE",TRUE,FALSE,TRUE
"2315","342",2,2,0,0,0,0,2,2,"WE","WE","Cameroon","3°27'58,330N","11°29'11,950E","experimental site","Fallows","Edible only",FALSE,TRUE,FALSE
"2316","3420",3,1,1,1,0,1,2,2,"HE","WNE, HE, WE","Bolivia","15°27'36,600S","67°28'20,650W","experimental site","Alley cropping","Multi-type",TRUE,TRUE,TRUE
"2317","3421",4,1,1,1,1,1,2,2,"HE","HNE, WNE, HE, WE","Bolivia","15°27'36,600S","67°28'20,650W","experimental site","Multi-strata systems","Multi-type",TRUE,TRUE,TRUE
"2318","3422",3,1,1,1,0,1,2,2,"HE","WNE, HE, WE","Bolivia","15°27'36,600S","67°28'20,650W","experimental site","Multi-strata systems","Multi-type",TRUE,TRUE,TRUE
"2319","3423",2,1,0,0,1,1,1,1,"WE","HNE, WE","Bolivia","15°27'36,600S","67°28'20,650W","experimental site","Alley cropping","Edible only",FALSE,TRUE,FALSE
"2320","3424",3,1,1,1,0,1,2,2,"HE","WNE, HE, WE","Bolivia","15°27'36,600S","67°28'20,650W","experimental site","Alley cropping","Multi-type",TRUE,TRUE,TRUE
"2321","3425",4,1,1,1,1,1,2,2,"HE","HNE, WNE, HE, WE","Bolivia","15°27'36,600S","67°28'20,650W","experimental site","Multi-strata systems","Multi-type",TRUE,TRUE,TRUE
"2322","3426",3,1,1,1,0,1,2,2,"HE","WNE, HE, WE","Bolivia","15°27'36,600S","67°28'20,650W","experimental site","Multi-strata systems","Multi-type",TRUE,TRUE,TRUE
"2323","3427",2,1,0,0,1,1,1,1,"WE","HNE, WE","Bolivia","15°27'36,600S","67°28'20,650W","experimental site","Alley cropping","Edible only",FALSE,TRUE,FALSE
"2324","3428",3,1,1,1,0,1,2,2,"HE","WNE, HE, WE","Bolivia","15°27'36,600S","67°28'20,650W","experimental site","Alley cropping","Multi-type",TRUE,TRUE,TRUE
"2325","3429",4,1,1,1,1,1,2,2,"HE","HNE, WNE, HE, WE","Bolivia","15°27'36,600S","67°28'20,650W","experimental site","Multi-strata systems","Multi-type",TRUE,TRUE,TRUE
"2326","343",2,1,1,0,0,0,1,2,"WE","WNE, WE","Cameroon","3°27'58,330N","11°29'11,950E","experimental site","Fallows","WNE + WE",TRUE,TRUE,FALSE
"2327","3430",3,1,1,1,0,1,2,2,"HE","WNE, HE, WE","Bolivia","15°27'36,600S","67°28'20,650W","experimental site","Multi-strata systems","Multi-type",TRUE,TRUE,TRUE
"2328","3431",2,1,0,0,1,1,1,1,"WE","HNE, WE","Bolivia","15°27'36,600S","67°28'20,650W","experimental site","Alley cropping","Edible only",FALSE,TRUE,FALSE
"2329","3432",7,1,4,2,0,1,3,5,"WNE","WNE, HE, WE","Kenya","1°00'00,000N","35°00'00,000E","working farm","Parkland","Multi-type",TRUE,TRUE,TRUE
"2330","3433",2,1,0,1,0,1,2,1,"HE","HE, WE","China","29°38'30,000N","106°11'00,000E","working farm","Alley cropping","Edible only",FALSE,TRUE,TRUE
"2331","3434",2,1,0,1,0,1,2,1,"HE","HE, WE","China","29°38'30,000N","106°11'00,000E","working farm","Alley cropping","Edible only",FALSE,TRUE,TRUE
"2332","3436",2,1,0,1,0,1,2,1,"HE","HE, WE","China","29°38'30,000N","106°11'00,000E","working farm","Alley cropping","Edible only",FALSE,TRUE,TRUE
"2333","3437",2,1,0,0,1,1,1,1,"WE","HNE, WE","Bolivia","15°27'00,000S","67°28'00,000W","working farm","Alley cropping","Edible only",FALSE,TRUE,FALSE
"2334","3438",11,5,4,1,1,1,6,9,"WE","HNE, WNE, HE, WE","Bolivia","15°27'00,000S","67°28'00,000W","working farm","Alley cropping","Multi-type",TRUE,TRUE,TRUE
"2335","3439",10,5,4,1,0,1,6,9,"WE","WNE, HE, WE","Bolivia","15°27'00,000S","67°28'00,000W","working farm","Alley cropping","Multi-type",TRUE,TRUE,TRUE
"2336","344",2,1,1,0,0,0,1,2,"WE","WNE, WE","Cameroon","3°27'58,330N","11°29'11,950E","experimental site","Fallows","WNE + WE",TRUE,TRUE,FALSE
"2337","3440",2,1,0,0,1,1,1,1,"WE","HNE, WE","Bolivia","15°27'00,000S","67°28'00,000W","working farm","Alley cropping","Edible only",FALSE,TRUE,FALSE
"2338","3441",11,5,4,1,1,1,6,9,"WE","HNE, WNE, HE, WE","Bolivia","15°27'00,000S","67°28'00,000W","working farm","Alley cropping","Multi-type",TRUE,TRUE,TRUE
"2339","3442",10,5,4,1,0,1,6,9,"WE","WNE, HE, WE","Bolivia","15°27'00,000S","67°28'00,000W","working farm","Alley cropping","Multi-type",TRUE,TRUE,TRUE
"2340","3443",3,0,1,2,0,0,2,1,"HE","WNE, HE","India",NA,NA,"experimental site","Alley cropping","WNE + HE",TRUE,FALSE,TRUE
"2341","3444",4,0,2,2,0,0,2,2,"HE","WNE, HE","India",NA,NA,"experimental site","Alley cropping","WNE + HE",TRUE,FALSE,TRUE
"2342","3445",4,0,2,2,0,0,2,2,"HE","WNE, HE","India",NA,NA,"experimental site","Alley cropping","WNE + HE",TRUE,FALSE,TRUE
"2343","3446",4,0,2,2,0,0,2,2,"HE","WNE, HE","India",NA,NA,"experimental site","Alley cropping","WNE + HE",TRUE,FALSE,TRUE
"2344","3447",4,0,2,2,0,0,2,2,"HE","WNE, HE","India",NA,NA,"experimental site","Alley cropping","WNE + HE",TRUE,FALSE,TRUE
"2345","3448",4,0,2,2,0,0,2,2,"HE","WNE, HE","India",NA,NA,"experimental site","Alley cropping","WNE + HE",TRUE,FALSE,TRUE
"2346","3449",2,1,1,0,0,1,1,2,"WE","WE","India","30°00'00,000N","76°11'00,000E","experimental site","Alley cropping","Edible only",FALSE,TRUE,FALSE
"2347","345",2,1,0,1,0,0,2,1,"HE","HE, WE","Cameroon","3°27'58,330N","11°29'11,950E","experimental site","Fallows","Edible only",FALSE,TRUE,TRUE
"2348","3450",2,1,1,0,0,1,1,2,"WE","WE","India","30°00'00,000N","76°11'00,000E","experimental site","Alley cropping","Edible only",FALSE,TRUE,FALSE
"2349","3451",2,1,1,0,0,1,1,2,"WE","WE","India","30°00'00,000N","76°11'00,000E","experimental site","Alley cropping","Edible only",FALSE,TRUE,FALSE
"2350","3452",7,2,5,0,0,0,2,7,"WNE","WNE, WE","Indonesia",NA,NA,"experimental site","Alley cropping","WNE + WE",TRUE,TRUE,FALSE
"2351","3453",7,2,5,0,0,0,2,7,"WNE","WNE, WE","Indonesia",NA,NA,"experimental site","Alley cropping","WNE + WE",TRUE,TRUE,FALSE
"2352","3454",2,0,1,1,0,0,1,1,"HE","WNE, HE","India","30°54'00,000N","75°45'00,000E","experimental site","Alley cropping","WNE + HE",TRUE,FALSE,TRUE
"2353","3455",2,0,1,1,0,0,1,1,"HE","WNE, HE","India","30°54'00,000N","75°45'00,000E","experimental site","Alley cropping","WNE + HE",TRUE,FALSE,TRUE
"2354","3456",2,0,1,1,0,0,1,1,"HE","WNE, HE","India","30°54'00,000N","75°45'00,000E","experimental site","Alley cropping","WNE + HE",TRUE,FALSE,TRUE
"2355","3457",2,0,1,1,0,0,1,1,"HE","WNE, HE","India","30°54'00,000N","75°45'00,000E","experimental site","Alley cropping","WNE + HE",TRUE,FALSE,TRUE
"2356","3458",2,0,1,1,0,0,1,1,"HE","WNE, HE","India","30°54'00,000N","75°45'00,000E","experimental site","Alley cropping","WNE + HE",TRUE,FALSE,TRUE
"2357","3459",2,0,1,1,0,0,1,1,"HE","WNE, HE","India","30°54'00,000N","75°45'00,000E","experimental site","Alley cropping","WNE + HE",TRUE,FALSE,TRUE
"2358","346",2,0,1,1,0,0,1,1,"HE","WNE, HE","Cameroon","3°27'58,330N","11°29'11,950E","experimental site","Fallows","WNE + HE",TRUE,FALSE,TRUE
"2359","3462",2,1,1,0,0,0,1,2,"WE","WNE, WE","China","34°55'25,000N","113°37'36,000E","experimental site","Alley cropping","WNE + WE",TRUE,TRUE,FALSE
"2360","3463",2,1,0,1,0,0,2,1,"HE","HE, WE","Brazil","21°13'20,000S","44°58'17,000W","experimental site","Alley cropping","Edible only",FALSE,TRUE,TRUE
"2361","3464",2,1,0,1,0,0,2,1,"HE","HE, WE","Brazil","21°13'20,000S","44°58'17,000W","experimental site","Alley cropping","Edible only",FALSE,TRUE,TRUE
"2362","3467",2,1,0,1,0,0,2,1,"HE","HE, WE","Brazil","21°13'20,000S","44°58'17,000W","experimental site","Alley cropping","Edible only",FALSE,TRUE,TRUE
"2363","3468",2,1,0,1,0,0,2,1,"HE","HE, WE","Brazil","21°13'20,000S","44°58'17,000W","experimental site","Alley cropping","Edible only",FALSE,TRUE,TRUE
"2364","3469",2,1,0,0,1,0,1,1,"WE","HNE, WE","Brazil","21°13'20,000S","44°58'17,000W","experimental site","Alley cropping","Edible only",FALSE,TRUE,FALSE
"2365","347",2,0,1,1,0,0,1,1,"HE","WNE, HE","Cameroon","3°27'58,330N","11°29'11,950E","experimental site","Fallows","WNE + HE",TRUE,FALSE,TRUE
"2366","3470",2,1,0,0,1,0,1,1,"WE","HNE, WE","Brazil","21°13'20,000S","44°58'17,000W","experimental site","Alley cropping","Edible only",FALSE,TRUE,FALSE
"2367","3471",2,2,0,0,0,1,2,2,"WE","WE","Brazil","22°21'00,000S","48°22'00,000W","working farm","Alley cropping","Edible only",FALSE,TRUE,FALSE
"2368","3472",15,11,1,3,0,3,14,12,"WE","WNE, HE, WE","Peru","7°02'45,000S","76°06'23,000W","working farm","Multi-strata systems","Multi-type",TRUE,TRUE,TRUE
"2369","3473",15,11,1,3,0,3,14,12,"WE","WNE, HE, WE","Peru","7°02'45,000S","76°06'23,000W","working farm","Multi-strata systems","Multi-type",TRUE,TRUE,TRUE
"2370","3474",2,2,0,0,0,1,2,2,"WE","WE","Brazil","20°45'15,000S","41°17'05,000W","experimental site","Alley cropping","Edible only",FALSE,TRUE,FALSE
"2371","3475",2,1,1,0,0,1,1,2,"WE","WNE, WE","Brazil","20°45'15,000S","41°17'05,000W","experimental site","Alley cropping","WNE + WE",TRUE,TRUE,FALSE
"2372","3476",2,1,0,1,0,1,2,1,"HE","HE, WE","Brazil","20°45'15,000S","41°17'05,000W","experimental site","Alley cropping","Edible only",FALSE,TRUE,TRUE
"2373","3477",2,2,0,0,0,1,2,2,"WE","WE","Brazil","20°45'15,000S","41°17'05,000W","experimental site","Alley cropping","Edible only",FALSE,TRUE,FALSE
"2374","3478",3,1,2,0,0,2,1,3,"WNE","WNE, WE","Nicaragua","11°53'54,000N","86°08'56,000W","working farm","Alley cropping","WNE + WE",TRUE,TRUE,FALSE
"2375","3479",3,1,2,0,0,2,1,3,"WNE","WNE, WE","Nicaragua","11°53'54,000N","86°08'56,000W","working farm","Alley cropping","WNE + WE",TRUE,TRUE,FALSE
"2376","348",2,1,0,1,0,0,2,1,"HE","HE, WE","India","10°33’04,900N","76°18’03,100E","experimental site","Alley cropping","Edible only",FALSE,TRUE,TRUE
"2377","3480",3,1,2,0,0,2,1,3,"WNE","WNE, WE","Nicaragua","11°53'54,000N","86°08'56,000W","working farm","Alley cropping","WNE + WE",TRUE,TRUE,FALSE
"2378","3481",3,1,2,0,0,2,1,3,"WNE","WNE, WE","Nicaragua","11°53'54,000N","86°08'56,000W","working farm","Alley cropping","WNE + WE",TRUE,TRUE,FALSE
"2379","3482",3,1,2,0,0,1,1,3,"WNE","WNE, WE","Nicaragua","11°53'54,000N","86°08'56,000W","working farm","Alley cropping","WNE + WE",TRUE,TRUE,FALSE
"2380","3483",3,1,2,0,0,1,1,3,"WNE","WNE, WE","Nicaragua","11°53'54,000N","86°08'56,000W","working farm","Alley cropping","WNE + WE",TRUE,TRUE,FALSE
"2381","3484",3,1,2,0,0,1,1,3,"WNE","WNE, WE","Nicaragua","11°53'54,000N","86°08'56,000W","working farm","Alley cropping","WNE + WE",TRUE,TRUE,FALSE
"2382","3485",3,1,2,0,0,1,1,3,"WNE","WNE, WE","Nicaragua","11°53'54,000N","86°08'56,000W","working farm","Alley cropping","WNE + WE",TRUE,TRUE,FALSE
"2383","3486",3,1,2,0,0,2,1,3,"WNE","WNE, WE","Nicaragua","11°53'54,000N","86°08'56,000W","working farm","Alley cropping","WNE + WE",TRUE,TRUE,FALSE
"2384","3487",3,1,2,0,0,2,1,3,"WNE","WNE, WE","Nicaragua","11°53'54,000N","86°08'56,000W","working farm","Alley cropping","WNE + WE",TRUE,TRUE,FALSE
"2385","3488",3,1,2,0,0,1,1,3,"WNE","WNE, WE","Nicaragua","11°53'54,000N","86°08'56,000W","working farm","Alley cropping","WNE + WE",TRUE,TRUE,FALSE
"2386","3489",3,1,2,0,0,1,1,3,"WNE","WNE, WE","Nicaragua","11°53'54,000N","86°08'56,000W","working farm","Alley cropping","WNE + WE",TRUE,TRUE,FALSE
"2387","349",2,1,0,1,0,0,2,1,"HE","HE, WE","India","10°33’04,900N","76°18’03,100E","experimental site","Alley cropping","Edible only",FALSE,TRUE,TRUE
"2388","3490",2,2,0,0,0,1,2,2,"WE","WE","Cameroon","4°30'00,000N","11°10'00,000E","working farm","Multi-strata systems","Edible only",FALSE,TRUE,FALSE
"2389","3491",2,2,0,0,0,1,2,2,"WE","WE","Cameroon","4°30'00,000N","11°10'00,000E","working farm","Multi-strata systems","Edible only",FALSE,TRUE,FALSE
"2390","3492",2,1,1,0,0,1,1,2,"WE","WNE, WE","Cameroon","4°30'00,000N","11°10'00,000E","working farm","Multi-strata systems","WNE + WE",TRUE,TRUE,FALSE
"2391","3493",2,2,0,0,0,1,2,2,"WE","WE","Cameroon","4°30'00,000N","11°10'00,000E","working farm","Multi-strata systems","Edible only",FALSE,TRUE,FALSE
"2392","3494",2,1,1,0,0,1,1,2,"WE","WNE, WE","Cameroon","4°30'00,000N","11°10'00,000E","working farm","Multi-strata systems","WNE + WE",TRUE,TRUE,FALSE
"2393","3495",3,0,1,1,1,1,1,1,"HE","HNE, HE, WE","India","31°31'00,000N","75°45'00,000E","working farm","Alley cropping","Edible only",FALSE,TRUE,TRUE
"2394","3496",3,0,1,1,1,1,1,1,"HE","HNE, HE, WE","India","31°31'00,000N","75°45'00,000E","working farm","Other/unknown","Edible only",FALSE,TRUE,TRUE
"2395","3497",3,1,0,1,1,1,2,1,"HE","HNE, HE, WE","India","31°31'00,000N","75°45'00,000E","working farm","Other/unknown","Edible only",FALSE,TRUE,TRUE
"2396","3498",3,1,0,1,1,1,2,1,"HE","HNE, HE, WE","India","31°31'00,000N","75°45'00,000E","working farm","Other/unknown","Edible only",FALSE,TRUE,TRUE
"2397","3499",3,1,0,1,1,1,2,1,"HE","HNE, HE, WE","India","31°31'00,000N","75°45'00,000E","working farm","Other/unknown","Edible only",FALSE,TRUE,TRUE
"2398","35",3,1,1,1,0,1,2,2,"HE","WNE, HE, WE","Panama","9°23'00,000N","82°34'00,000W","working farm","Alley cropping","Multi-type",TRUE,TRUE,TRUE
"2399","350",2,1,0,1,0,0,2,1,"HE","HE, WE","India","10°33’04,900N","76°18’03,100E","experimental site","Alley cropping","Edible only",FALSE,TRUE,TRUE
"2400","3500",3,1,0,1,1,1,2,1,"HE","HNE, HE, WE","India","31°31'00,000N","75°45'00,000E","working farm","Other/unknown","Edible only",FALSE,TRUE,TRUE
"2401","3501",3,1,0,1,1,0,2,1,"HE","HNE, HE, WE","India","31°31'00,000N","75°45'00,000E","working farm","Other/unknown","Edible only",FALSE,TRUE,TRUE
"2402","3502",3,1,0,1,1,0,2,1,"HE","HNE, HE, WE","India","31°31'00,000N","75°45'00,000E","working farm","Other/unknown","Edible only",FALSE,TRUE,TRUE
"2403","3503",3,1,0,1,1,0,2,1,"HE","HNE, HE, WE","India","31°31'00,000N","75°45'00,000E","working farm","Other/unknown","Edible only",FALSE,TRUE,TRUE
"2404","3504",3,1,0,1,1,0,2,1,"HE","HNE, HE, WE","India","31°31'00,000N","75°45'00,000E","working farm","Other/unknown","Edible only",FALSE,TRUE,TRUE
"2405","3505",2,1,0,0,1,0,1,1,"WE","HNE, WE","China","41°16'00,000N","80°14'00,000E","experimental site","Alley cropping","Edible only",FALSE,TRUE,FALSE
"2406","3506",2,1,0,0,1,0,1,1,"WE","HNE, WE","China","41°16'00,000N","80°14'00,000E","experimental site","Alley cropping","Edible only",FALSE,TRUE,FALSE
"2407","3507",2,1,0,0,1,0,1,1,"WE","HNE, WE","China","41°16'00,000N","80°14'00,000E","experimental site","Alley cropping","Edible only",FALSE,TRUE,FALSE
"2408","3508",2,1,0,0,1,0,1,1,"WE","HNE, WE","China","41°16'00,000N","80°14'00,000E","experimental site","Alley cropping","Edible only",FALSE,TRUE,FALSE
"2409","3509",2,1,0,0,1,0,1,1,"WE","HNE, WE","China","41°16'00,000N","80°14'00,000E","experimental site","Alley cropping","Edible only",FALSE,TRUE,FALSE
"2410","351",2,1,0,1,0,0,2,1,"HE","HE, WE","India","10°33’04,900N","76°18’03,100E","experimental site","Alley cropping","Edible only",FALSE,TRUE,TRUE
"2411","3510",2,1,0,0,1,0,1,1,"WE","HNE, WE","China","41°16'00,000N","80°14'00,000E","experimental site","Alley cropping","Edible only",FALSE,TRUE,FALSE
"2412","3511",3,2,0,1,0,1,3,2,"WE","HE, WE","India","22°16'00,000N","72°58'00,000E","working farm","Hedgerows","Edible only",FALSE,TRUE,TRUE
"2413","3512",3,2,0,1,0,1,3,2,"WE","HE, WE","India","22°16'00,000N","72°58'00,000E","working farm","Hedgerows","Edible only",FALSE,TRUE,TRUE
"2414","3513",3,2,0,1,0,1,3,2,"WE","HE, WE","India","22°16'00,000N","72°58'00,000E","working farm","Hedgerows","Edible only",FALSE,TRUE,TRUE
"2415","3516",2,0,1,1,0,0,1,1,"HE","WNE, HE","France","43°42'00,000N","3°51'00,000E","working farm","Alley cropping","WNE + HE",TRUE,FALSE,TRUE
"2416","3519",2,0,1,1,0,0,1,1,"HE","WNE, HE","France","43°42'00,000N","3°51'00,000E","working farm","Alley cropping","WNE + HE",TRUE,FALSE,TRUE
"2417","352",2,1,0,1,0,0,2,1,"HE","HE, WE","India","10°33’04,900N","76°18’03,100E","experimental site","Alley cropping","Edible only",FALSE,TRUE,TRUE
"2418","3522",2,0,1,1,0,0,1,1,"HE","WNE, HE","France","43°42'00,000N","3°51'00,000E","working farm","Alley cropping","WNE + HE",TRUE,FALSE,TRUE
"2419","3525",2,0,1,1,0,0,1,1,"HE","WNE, HE","France","43°42'00,000N","3°51'00,000E","working farm","Alley cropping","WNE + HE",TRUE,FALSE,TRUE
"2420","3528",2,0,1,1,0,0,1,1,"HE","WNE, HE","France","43°42'00,000N","3°51'00,000E","working farm","Alley cropping","WNE + HE",TRUE,FALSE,TRUE
"2421","3529",2,1,0,0,1,1,1,1,"WE","HNE, WE","Bolivia","15°27'36,600S","67°28'20,650W","working farm","Multi-strata systems","Edible only",FALSE,TRUE,FALSE
"2422","353",2,1,0,1,0,0,2,1,"HE","HE, WE","India","10°33’04,900N","76°18’03,100E","experimental site","Alley cropping","Edible only",FALSE,TRUE,TRUE
"2423","3530",11,5,4,1,1,1,6,9,"WE","HNE, WNE, HE, WE","Bolivia","15°27'36,600S","67°28'20,650W","working farm","Multi-strata systems","Multi-type",TRUE,TRUE,TRUE
"2424","3531",10,5,4,1,0,1,6,9,"WE","WNE, HE, WE","Bolivia","15°27'36,600S","67°28'20,650W","working farm","Multi-strata systems","Multi-type",TRUE,TRUE,TRUE
"2425","3532",3,1,1,1,0,1,2,2,"HE","WNE, HE, WE","Bolivia","15°27'36,600S","67°28'20,650W","working farm","Multi-strata systems","Multi-type",TRUE,TRUE,TRUE
"2426","3533",2,1,0,1,0,0,2,1,"HE","HE, WE","France","43°54'55,000N","4°52'49,000E","working farm","Alley cropping","Edible only",FALSE,TRUE,TRUE
"2427","3534",2,1,0,1,0,0,2,1,"HE","HE, WE","France","43°54'55,000N","4°52'49,000E","working farm","Alley cropping","Edible only",FALSE,TRUE,TRUE
"2428","3535",8,5,3,0,0,1,5,8,"WE","WNE, WE","Indonesia","4°14'00,000S","121°56'15,000E","working farm","Multi-strata systems","WNE + WE",TRUE,TRUE,FALSE
"2429","3536",2,1,1,0,0,1,1,2,"WE","WNE, WE","Indonesia","4°14'00,000S","121°56'15,000E","working farm","Multi-strata systems","WNE + WE",TRUE,TRUE,FALSE
"2430","3537",8,5,3,0,0,1,5,8,"WE","WNE, WE","Indonesia","4°14'00,000S","121°56'15,000E","working farm","Multi-strata systems","WNE + WE",TRUE,TRUE,FALSE
"2431","3538",2,1,1,0,0,1,1,2,"WE","WNE, WE","Indonesia","4°14'00,000S","121°56'15,000E","working farm","Multi-strata systems","WNE + WE",TRUE,TRUE,FALSE
"2432","3539",2,1,1,0,0,1,1,2,"WE","WNE, WE","Colombia",NA,NA,"working farm","Alley cropping","WNE + WE",TRUE,TRUE,FALSE
"2433","354",2,1,0,1,0,0,2,1,"HE","HE, WE","India","10°33’04,900N","76°18’03,100E","experimental site","Alley cropping","Edible only",FALSE,TRUE,TRUE
"2434","3540",2,1,1,0,0,1,1,2,"WE","WNE, WE","Colombia",NA,NA,"working farm","Alley cropping","WNE + WE",TRUE,TRUE,FALSE
"2435","3541",3,0,1,2,0,0,2,1,"HE","WNE, HE","India",NA,NA,"experimental site","Alley cropping","WNE + HE",TRUE,FALSE,TRUE
"2436","3542",3,0,1,2,0,0,2,1,"HE","WNE, HE","India",NA,NA,"experimental site","Alley cropping","WNE + HE",TRUE,FALSE,TRUE
"2437","3543",3,0,1,2,0,0,2,1,"HE","WNE, HE","India",NA,NA,"experimental site","Alley cropping","WNE + HE",TRUE,FALSE,TRUE
"2438","3544",3,0,1,2,0,0,2,1,"HE","WNE, HE","India",NA,NA,"experimental site","Alley cropping","WNE + HE",TRUE,FALSE,TRUE
"2439","3545",2,1,1,0,0,1,1,2,"WE","WNE, WE","Ghana","6°10'08,000N","2°28'05,000W","working farm","Alley cropping","WNE + WE",TRUE,TRUE,FALSE
"2440","3546",2,1,1,0,0,1,1,2,"WE","WNE, WE","Ghana","6°36'06,000N","0°58'03,000W","working farm","Alley cropping","WNE + WE",TRUE,TRUE,FALSE
"2441","3547",2,1,1,0,0,1,1,2,"WE","WNE, WE","Ghana","7°07'02,000N","2°21'04,000W","working farm","Alley cropping","WNE + WE",TRUE,TRUE,FALSE
"2442","3548",2,1,1,0,0,1,1,2,"WE","WNE, WE","Ghana","7°04'09,000N","1°23'07,000W","working farm","Alley cropping","WNE + WE",TRUE,TRUE,FALSE
"2443","3549",3,1,1,1,0,1,2,2,"HE","WNE, HE, WE","Costa Rica",NA,NA,"working farm","Multi-strata systems","Multi-type",TRUE,TRUE,TRUE
"2444","355",2,1,0,1,0,0,2,1,"HE","HE, WE","India","10°33’04,900N","76°18’03,100E","experimental site","Alley cropping","Edible only",FALSE,TRUE,TRUE
"2445","3550",3,1,1,1,0,1,2,2,"HE","WNE, HE, WE","Costa Rica",NA,NA,"working farm","Multi-strata systems","Multi-type",TRUE,TRUE,TRUE
"2446","3551",4,1,0,1,2,1,2,1,"HE","HNE, HE, WE","China",NA,NA,"working farm","Alley cropping","Edible only",FALSE,TRUE,TRUE
"2447","3552",3,1,0,1,1,0,2,1,"HE","HNE, HE, WE","China",NA,NA,"working farm","Alley cropping","Edible only",FALSE,TRUE,TRUE
"2448","3553",3,1,0,1,1,1,2,1,"HE","HE, WE","China",NA,NA,"working farm","Alley cropping","Edible only",FALSE,TRUE,TRUE
"2449","3554",4,1,0,1,2,1,2,1,"HE","HNE, HE, WE","China",NA,NA,"working farm","Alley cropping","Edible only",FALSE,TRUE,TRUE
"2450","3555",3,1,0,1,1,0,2,1,"HE","HNE, HE, WE","China",NA,NA,"working farm","Alley cropping","Edible only",FALSE,TRUE,TRUE
"2451","3556",3,1,0,1,1,1,2,1,"HE","HE, WE","China",NA,NA,"working farm","Alley cropping","Edible only",FALSE,TRUE,TRUE
"2452","3557",2,1,1,0,0,1,1,2,"WE","WNE, WE","Ghana","6°36'00,000N","0°58'00,000W","experimental site","Alley cropping","WNE + WE",TRUE,TRUE,FALSE
"2453","3558",2,1,1,0,0,1,1,2,"WE","WNE, WE","Ghana","6°36'00,000N","0°58'00,000W","experimental site","Alley cropping","WNE + WE",TRUE,TRUE,FALSE
"2454","3559",3,0,1,2,0,0,2,1,"HE","WNE, HE","Brazil","27°23'48,000S","53°25'45,000W","working farm","Alley cropping","WNE + HE",TRUE,FALSE,TRUE
"2455","356",2,1,0,1,0,0,2,1,"HE","HE, WE","India","10°33’04,900N","76°18’03,100E","experimental site","Alley cropping","Edible only",FALSE,TRUE,TRUE
"2456","3560",3,0,1,2,0,0,2,1,"HE","WNE, HE","Brazil","27°23'48,000S","53°25'45,000W","working farm","Alley cropping","WNE + HE",TRUE,FALSE,TRUE
"2457","3561",3,0,1,2,0,0,2,1,"HE","WNE, HE","Brazil","27°23'48,000S","53°25'45,000W","working farm","Alley cropping","WNE + HE",TRUE,FALSE,TRUE
"2458","3562",3,0,1,2,0,0,2,1,"HE","WNE, HE","Brazil","27°23'48,000S","53°25'45,000W","working farm","Alley cropping","WNE + HE",TRUE,FALSE,TRUE
"2459","3563",8,5,3,0,0,1,5,8,"WE","WNE, WE","Indonesia",NA,NA,"working farm","Multi-strata systems","WNE + WE",TRUE,TRUE,FALSE
"2460","3564",2,1,1,0,0,1,1,2,"WE","WNE, WE","Indonesia",NA,NA,"working farm","Multi-strata systems","WNE + WE",TRUE,TRUE,FALSE
"2461","3565",8,5,3,0,0,1,5,8,"WE","WNE, WE","Indonesia",NA,NA,"working farm","Multi-strata systems","WNE + WE",TRUE,TRUE,FALSE
"2462","3566",2,1,1,0,0,1,1,2,"WE","WNE, WE","Indonesia",NA,NA,"working farm","Multi-strata systems","WNE + WE",TRUE,TRUE,FALSE
"2463","3567",2,1,1,0,0,1,1,2,"WE","WNE, WE","China","21°55'39,000N","101°15'55,000E","experimental site","Alley cropping","WNE + WE",TRUE,TRUE,FALSE
"2464","3569",2,1,1,0,0,1,1,2,"WE","WNE, WE","China","21°55'39,000N","101°15'55,000E","experimental site","Alley cropping","WNE + WE",TRUE,TRUE,FALSE
"2465","357",8,3,5,0,0,1,3,8,"WNE","WNE, WE","Mexico","19°19'30,000N","96°41'00,000W","working farm","Multi-strata systems","WNE + WE",TRUE,TRUE,FALSE
"2466","3570",2,1,1,0,0,1,1,2,"WE","WNE, WE","China","21°55'39,000N","101°15'55,000E","experimental site","Alley cropping","WNE + WE",TRUE,TRUE,FALSE
"2467","3571",2,1,0,1,0,1,2,1,"HE","HE, WE","India","32,730000°N","74,870000°E","experimental site","Alley cropping","Edible only",FALSE,TRUE,TRUE
"2468","3572",2,1,0,1,0,0,2,1,"HE","HE, WE","India","32,730000°N","74,870000°E","experimental site","Alley cropping","Edible only",FALSE,TRUE,TRUE
"2469","3573",2,1,0,1,0,0,2,1,"HE","HE, WE","India","32,730000°N","74,870000°E","experimental site","Alley cropping","Edible only",FALSE,TRUE,TRUE
"2470","3574",2,1,0,0,1,1,1,1,"WE","HE, WE","India","32,730000°N","74,870000°E","experimental site","Alley cropping","Edible only",FALSE,TRUE,TRUE
"2471","3575",2,1,1,0,0,0,1,2,"WE","WNE, WE","Sri Lanka","7°42'54,090N","79°57'59,090E","experimental site","Alley cropping","WNE + WE",TRUE,TRUE,FALSE
"2472","3576",2,1,1,0,0,0,1,2,"WE","WNE, WE","Sri Lanka","7°42'54,090N","79°57'59,090E","experimental site","Alley cropping","WNE + WE",TRUE,TRUE,FALSE
"2473","3577",2,1,1,0,0,0,1,2,"WE","WNE, WE","Sri Lanka","7°15'52,740N","80°01'58,230E","experimental site","Alley cropping","WNE + WE",TRUE,TRUE,FALSE
"2474","3578",2,1,1,0,0,0,1,2,"WE","WNE, WE","Sri Lanka","7°15'52,740N","80°01'58,230E","experimental site","Alley cropping","WNE + WE",TRUE,TRUE,FALSE
"2475","3579",3,1,0,2,0,0,3,1,"HE","HE, WE","India","34°16'44,000N","74°46'31,000E","working farm","Alley cropping","Edible only",FALSE,TRUE,TRUE
"2476","358",8,3,5,0,0,1,3,8,"WNE","WNE, WE","Mexico","19°19'30,000N","96°41'00,000W","working farm","Multi-strata systems","WNE + WE",TRUE,TRUE,FALSE
"2477","3580",3,1,0,2,0,0,3,1,"HE","HE, WE","India","34°16'44,000N","74°46'31,000E","working farm","Alley cropping","Edible only",FALSE,TRUE,TRUE
"2478","3581",3,1,0,2,0,0,3,1,"HE","HE, WE","India","34°16'44,000N","74°46'31,000E","working farm","Alley cropping","Edible only",FALSE,TRUE,TRUE
"2479","3582",3,1,0,2,0,0,3,1,"HE","HE, WE","India","34°16'44,000N","74°46'31,000E","working farm","Alley cropping","Edible only",FALSE,TRUE,TRUE
"2480","3583",3,1,0,2,0,0,3,1,"HE","HE, WE","India","34°16'44,000N","74°46'31,000E","working farm","Alley cropping","Edible only",FALSE,TRUE,TRUE
"2481","3584",3,1,0,2,0,0,3,1,"HE","HE, WE","India","34°16'44,000N","74°46'31,000E","working farm","Alley cropping","Edible only",FALSE,TRUE,TRUE
"2482","3585",3,1,0,2,0,0,3,1,"HE","HE, WE","India","34°16'44,000N","74°46'31,000E","working farm","Alley cropping","Edible only",FALSE,TRUE,TRUE
"2483","3586",3,1,0,2,0,0,3,1,"HE","HE, WE","India","34°16'44,000N","74°46'31,000E","working farm","Alley cropping","Edible only",FALSE,TRUE,TRUE
"2484","3587",3,1,0,2,0,0,3,1,"HE","HE, WE","India","34°16'44,000N","74°46'31,000E","working farm","Alley cropping","Edible only",FALSE,TRUE,TRUE
"2485","3588",3,1,0,2,0,0,3,1,"HE","HE, WE","India","34°16'44,000N","74°46'31,000E","working farm","Alley cropping","Edible only",FALSE,TRUE,TRUE
"2486","3589",3,1,0,2,0,0,3,1,"HE","HE, WE","India","34°16'44,000N","74°46'31,000E","working farm","Alley cropping","Edible only",FALSE,TRUE,TRUE
"2487","359",6,1,4,0,1,1,1,5,"WNE","HNE, WNE, WE","Malaysia","4°14'59,000N","101°58'48,000E","working farm","Alley cropping","WNE + WE",TRUE,TRUE,FALSE
"2488","3590",3,1,0,2,0,0,3,1,"HE","HE, WE","India","34°16'44,000N","74°46'31,000E","working farm","Alley cropping","Edible only",FALSE,TRUE,TRUE
"2489","3595",2,1,0,1,0,0,2,1,"HE","HE, WE","Maroc",NA,NA,"working farm","Alley cropping","Edible only",FALSE,TRUE,TRUE
"2490","3596",2,1,0,1,0,0,2,1,"HE","HE, WE","Maroc",NA,NA,"working farm","Alley cropping","Edible only",FALSE,TRUE,TRUE
"2491","3597",2,1,0,1,0,0,2,1,"HE","HE, WE","Maroc",NA,NA,"working farm","Alley cropping","Edible only",FALSE,TRUE,TRUE
"2492","3598",2,1,0,1,0,0,2,1,"HE","HE, WE","Maroc",NA,NA,"working farm","Alley cropping","Edible only",FALSE,TRUE,TRUE
"2493","3599",2,1,0,1,0,0,2,1,"HE","HE, WE","Maroc",NA,NA,"working farm","Alley cropping","Edible only",FALSE,TRUE,TRUE
"2494","36",3,1,1,1,0,1,2,2,"HE","WNE, HE, WE","Panama","9°23'00,000N","82°34'00,000W","working farm","Alley cropping","Multi-type",TRUE,TRUE,TRUE
"2495","3600",2,1,0,1,0,0,2,1,"HE","HE, WE","Maroc",NA,NA,"working farm","Alley cropping","Edible only",FALSE,TRUE,TRUE
"2496","3601",2,1,0,1,0,0,2,1,"HE","HE, WE","Italy","42°32'30,720N","11°26'41,040E","working farm","Alley cropping","Edible only",FALSE,TRUE,TRUE
"2497","3602",2,1,0,1,0,0,2,1,"HE","HE, WE","Italy","42°32'30,720N","11°26'41,040E","working farm","Alley cropping","Edible only",FALSE,TRUE,TRUE
"2498","3603",2,1,0,1,0,0,2,1,"HE","HE, WE","Italy","42°32'30,720N","11°26'41,040E","working farm","Alley cropping","Edible only",FALSE,TRUE,TRUE
"2499","3604",2,1,0,1,0,0,2,1,"HE","HE, WE","China","39°73'00,000N","116°33'00,000E","working farm","Alley cropping","Edible only",FALSE,TRUE,TRUE
"2500","3605",2,1,0,1,0,0,2,1,"HE","HE, WE","China","39°73'00,000N","116°33'00,000E","working farm","Alley cropping","Edible only",FALSE,TRUE,TRUE
"2501","3606",2,1,0,0,1,1,1,1,"WE","HE, WE","China","39°73'00,000N","116°33'00,000E","working farm","Alley cropping","Edible only",FALSE,TRUE,TRUE
"2502","3607",2,1,0,0,1,1,1,1,"WE","HE, WE","China","39°73'00,000N","116°33'00,000E","working farm","Alley cropping","Edible only",FALSE,TRUE,TRUE
"2503","3608",2,2,0,0,0,1,2,2,"WE","WE","Brazil","22°17'29,000S","49°33'10,000W","working farm","Alley cropping","Edible only",FALSE,TRUE,FALSE
"2504","3609",2,2,0,0,0,1,2,2,"WE","WE","Brazil","22°17'29,000S","49°33'10,000W","working farm","Alley cropping","Edible only",FALSE,TRUE,FALSE
"2505","361",6,1,4,0,1,1,1,5,"WNE","HNE, WNE, WE","Malaysia","4°14'59,000N","101°58'48,000E","working farm","Alley cropping","WNE + WE",TRUE,TRUE,FALSE
"2506","3610",2,2,0,0,0,1,2,2,"WE","WE","Brazil","22°17'29,000S","49°33'10,000W","working farm","Alley cropping","Edible only",FALSE,TRUE,FALSE
"2507","3611",2,2,0,0,0,1,2,2,"WE","WE","Brazil","22°17'29,000S","49°33'10,000W","working farm","Alley cropping","Edible only",FALSE,TRUE,FALSE
"2508","3612",2,2,0,0,0,1,2,2,"WE","WE","Brazil","22°17'29,000S","49°33'10,000W","working farm","Alley cropping","Edible only",FALSE,TRUE,FALSE
"2509","3613",2,2,0,0,0,1,2,2,"WE","WE","Brazil","22°17'29,000S","49°33'10,000W","working farm","Alley cropping","Edible only",FALSE,TRUE,FALSE
"2510","3614",2,2,0,0,0,1,2,2,"WE","WE","Brazil","22°17'29,000S","49°33'10,000W","working farm","Alley cropping","Edible only",FALSE,TRUE,FALSE
"2511","3615",2,2,0,0,0,1,2,2,"WE","WE","Brazil","22°17'29,000S","49°33'10,000W","working farm","Alley cropping","Edible only",FALSE,TRUE,FALSE
"2512","3616",2,0,1,1,0,0,1,1,"HE","WNE, HE","India","30°54'00,000N","75°45'00,000E","experimental site","Alley cropping","WNE + HE",TRUE,FALSE,TRUE
"2513","3617",2,0,1,1,0,0,1,1,"HE","WNE, HE","India","30°54'00,000N","75°45'00,000E","experimental site","Alley cropping","WNE + HE",TRUE,FALSE,TRUE
"2514","3618",2,0,1,1,0,0,1,1,"HE","WNE, HE","India","30°54'00,000N","75°45'00,000E","experimental site","Alley cropping","WNE + HE",TRUE,FALSE,TRUE
"2515","3619",2,0,1,1,0,0,1,1,"HE","WNE, HE","India","30°54'00,000N","75°45'00,000E","experimental site","Alley cropping","WNE + HE",TRUE,FALSE,TRUE
"2516","362",12,3,6,1,2,1,4,9,"WNE","HNE, WNE, HE, WE","Malaysia","4°14'59,000N","101°58'48,000E","working farm","Alley cropping","Multi-type",TRUE,TRUE,TRUE
"2517","3620",2,0,1,1,0,0,1,1,"HE","WNE, HE","India","30°54'00,000N","75°45'00,000E","experimental site","Alley cropping","WNE + HE",TRUE,FALSE,TRUE
"2518","3621",2,0,1,1,0,0,1,1,"HE","WNE, HE","India","30°54'00,000N","75°45'00,000E","experimental site","Alley cropping","WNE + HE",TRUE,FALSE,TRUE
"2519","3624",2,1,0,1,0,0,2,1,"HE","HE, WE","Morocco","33°53'48,260N","4°40'25,630W","working farm","Alley cropping","Edible only",FALSE,TRUE,TRUE
"2520","3625",2,1,0,1,0,0,2,1,"HE","HE, WE","Morocco","33°53'48,260N","4°40'25,630W","working farm","Alley cropping","Edible only",FALSE,TRUE,TRUE
"2521","3628",2,1,0,1,0,0,2,1,"HE","HE, WE","Morocco","33°53'48,260N","4°40'25,630W","working farm","Alley cropping","Edible only",FALSE,TRUE,TRUE
"2522","3629",2,1,0,1,0,0,2,1,"HE","HE, WE","Morocco","33°53'48,260N","4°40'25,630W","working farm","Alley cropping","Edible only",FALSE,TRUE,TRUE
"2523","363",2,1,1,0,0,1,1,2,"WE","WNE, WE","Belize","16°31′13,400N","88°38′20,500W","working farm","Multi-strata systems","WNE + WE",TRUE,TRUE,FALSE
"2524","3632",2,1,0,1,0,0,2,1,"HE","HE, WE","Morocco","33°53'48,260N","4°40'25,630W","working farm","Alley cropping","Edible only",FALSE,TRUE,TRUE
"2525","3633",2,1,0,1,0,0,2,1,"HE","HE, WE","Morocco","33°53'48,260N","4°40'25,630W","working farm","Alley cropping","Edible only",FALSE,TRUE,TRUE
"2526","3634",3,0,1,2,0,0,2,1,"HE","WNE, HE","India","24°11'00,000N","78°17'00,000E","experimental site","Alley cropping","WNE + HE",TRUE,FALSE,TRUE
"2527","3635",3,0,1,2,0,0,2,1,"HE","WNE, HE","India","24°11'00,000N","78°17'00,000E","experimental site","Alley cropping","WNE + HE",TRUE,FALSE,TRUE
"2528","3636",3,0,1,2,0,0,2,1,"HE","WNE, HE","India","24°11'00,000N","78°17'00,000E","experimental site","Alley cropping","WNE + HE",TRUE,FALSE,TRUE
"2529","3637",3,0,1,2,0,0,2,1,"HE","WNE, HE","India","24°11'00,000N","78°17'00,000E","experimental site","Alley cropping","WNE + HE",TRUE,FALSE,TRUE
"2530","3638",3,0,1,2,0,0,2,1,"HE","WNE, HE","India","24°11'00,000N","78°17'00,000E","experimental site","Alley cropping","WNE + HE",TRUE,FALSE,TRUE
"2531","3639",3,0,1,2,0,0,2,1,"HE","WNE, HE","India","24°11'00,000N","78°17'00,000E","experimental site","Alley cropping","WNE + HE",TRUE,FALSE,TRUE
"2532","364",2,1,1,0,0,1,1,2,"WE","WNE, WE","Belize","16°31′13,400N","88°38′20,500W","working farm","Multi-strata systems","WNE + WE",TRUE,TRUE,FALSE
"2533","3640",2,2,0,0,0,2,2,2,"WE","WE","China","22,611000°N","100,669000°E","working farm","shaded","Edible only",FALSE,TRUE,FALSE
"2534","3641",2,1,1,0,0,1,1,2,"WE","WNE, WE","China","22,611000°N","100,669000°E","working farm","shaded","WNE + WE",TRUE,TRUE,FALSE
"2535","3642",2,1,1,0,0,1,1,2,"WE","WNE, WE","China","22,611000°N","100,669000°E","working farm","shaded","WNE + WE",TRUE,TRUE,FALSE
"2536","3643",2,1,0,0,1,1,1,1,"WE","HNE, WE","Bolivia","15°27'30,000S","67°28'18,000W","experimental site","Alley cropping","Edible only",FALSE,TRUE,FALSE
"2537","3644",10,4,4,1,1,1,5,8,"WE","HNE, WNE, HE, WE","Bolivia","15°27'30,000S","67°28'18,000W","experimental site","Multi-strata systems","Multi-type",TRUE,TRUE,TRUE
"2538","3645",9,4,4,1,0,1,5,8,"WE","WNE, HE, WE","Bolivia","15°27'30,000S","67°28'18,000W","experimental site","Multi-strata systems","Multi-type",TRUE,TRUE,TRUE
"2539","3646",11,4,5,2,0,1,6,9,"WNE","WNE, HE, WE","Bolivia","15°27'30,000S","67°28'18,000W","experimental site","Multi-strata systems","Multi-type",TRUE,TRUE,TRUE
"2540","3647",2,0,1,1,0,0,1,1,"HE","WNE, HE","India","25°27'00,000N","78°35'00,000E","experimental site","Alley cropping","WNE + HE",TRUE,FALSE,TRUE
"2541","3648",2,0,1,1,0,0,1,1,"HE","WNE, HE","India","25°27'00,000N","78°35'00,000E","experimental site","Alley cropping","WNE + HE",TRUE,FALSE,TRUE
"2542","3649",2,0,1,1,0,0,1,1,"HE","WNE, HE","India","25°27'00,000N","78°35'00,000E","experimental site","Alley cropping","WNE + HE",TRUE,FALSE,TRUE
"2543","365",2,1,1,0,0,1,1,2,"WE","WNE, WE","China","21°55'30,000N","101°16'03,000E","working farm","Alley cropping","WNE + WE",TRUE,TRUE,FALSE
"2544","3650",2,0,1,1,0,0,1,1,"HE","WNE, HE","China","32°56'00,000N","120°24'00,000E","working farm","Alley cropping","WNE + HE",TRUE,FALSE,TRUE
"2545","3651",2,0,1,1,0,0,1,1,"HE","WNE, HE","China","32°56'00,000N","120°24'00,000E","working farm","Alley cropping","WNE + HE",TRUE,FALSE,TRUE
"2546","3652",2,0,1,1,0,0,1,1,"HE","WNE, HE","China","32°56'00,000N","120°24'00,000E","working farm","Alley cropping","WNE + HE",TRUE,FALSE,TRUE
"2547","3653",2,0,1,1,0,0,1,1,"HE","WNE, HE","China","32°56'00,000N","120°24'00,000E","working farm","Alley cropping","WNE + HE",TRUE,FALSE,TRUE
"2548","3654",2,0,1,1,0,0,1,1,"HE","WNE, HE","China","32°56'00,000N","120°24'00,000E","working farm","Alley cropping","WNE + HE",TRUE,FALSE,TRUE
"2549","3655",2,0,1,1,0,0,1,1,"HE","WNE, HE","China","32°56'00,000N","120°24'00,000E","working farm","Alley cropping","WNE + HE",TRUE,FALSE,TRUE
"2550","3656",2,1,0,1,0,0,2,1,"HE","HE, WE","France","43°54'55,000N","4°52'49,000E","working farm","Alley cropping","Edible only",FALSE,TRUE,TRUE
"2551","3657",2,1,1,0,0,1,1,2,"WE","WNE, WE","Panama",NA,NA,"working farm","Alley cropping","WNE + WE",TRUE,TRUE,FALSE
"2552","3658",2,1,1,0,0,1,1,2,"WE","WNE, WE","Panama",NA,NA,"working farm","Alley cropping","WNE + WE",TRUE,TRUE,FALSE
"2553","3659",2,1,0,1,0,1,2,1,"HE","HE, WE","Panama",NA,NA,"working farm","Alley cropping","Edible only",FALSE,TRUE,TRUE
"2554","366",2,1,1,0,0,1,1,2,"WE","WNE, WE","China","21°55'30,000N","101°16'03,000E","working farm","Alley cropping","WNE + WE",TRUE,TRUE,FALSE
"2555","3660",2,1,0,1,0,1,2,1,"HE","HE, WE","Panama",NA,NA,"working farm","Alley cropping","Edible only",FALSE,TRUE,TRUE
"2556","3661",2,1,1,0,0,1,1,2,"WE","WNE, WE","Panama",NA,NA,"working farm","Alley cropping","WNE + WE",TRUE,TRUE,FALSE
"2557","3662",2,1,1,0,0,1,1,2,"WE","WNE, WE","Panama",NA,NA,"working farm","Alley cropping","WNE + WE",TRUE,TRUE,FALSE
"2558","3663",2,1,0,1,0,1,2,1,"HE","HE, WE","Panama",NA,NA,"working farm","Alley cropping","Edible only",FALSE,TRUE,TRUE
"2559","3664",2,1,1,0,0,1,1,2,"WE","WNE, WE","Panama",NA,NA,"working farm","Alley cropping","WNE + WE",TRUE,TRUE,FALSE
"2560","3665",2,1,0,1,0,1,2,1,"HE","HE, WE","Panama",NA,NA,"working farm","Alley cropping","Edible only",FALSE,TRUE,TRUE
"2561","3666",2,1,0,1,0,0,2,1,"HE","HE, WE","China","37°15'00,000N","118°18'00,000E","working farm","Alley cropping","Edible only",FALSE,TRUE,TRUE
"2562","3667",2,1,0,1,0,0,2,1,"HE","HE, WE","China","37°15'00,000N","118°18'00,000E","working farm","Alley cropping","Edible only",FALSE,TRUE,TRUE
"2563","367",2,1,1,0,0,1,1,2,"WE","WNE, WE","China","21°55'30,000N","101°16'03,000E","working farm","Alley cropping","WNE + WE",TRUE,TRUE,FALSE
"2564","3670",2,1,0,0,1,0,1,1,"WE","HNE, WE","Iran","32°36'00,000N","51°20'30,000E","working farm","Alley cropping","Edible only",FALSE,TRUE,FALSE
"2565","3673",2,1,0,0,1,0,1,1,"WE","HNE, WE","Iran","32°36'00,000N","51°20'30,000E","working farm","Alley cropping","Edible only",FALSE,TRUE,FALSE
"2566","3674",2,0,1,1,0,0,1,1,"HE","WNE, HE","Costa Rica","9°00'00,000N","83°00'00,000W","working farm","Alley cropping","WNE + HE",TRUE,FALSE,TRUE
"2567","3675",3,0,1,1,1,1,1,1,"HE","WNE, HE","Costa Rica","9°00'00,000N","83°00'00,000W","working farm","Alley cropping","WNE + HE",TRUE,FALSE,TRUE
"2568","3676",4,1,1,1,1,1,2,2,"HE","WNE, HE, WE","Costa Rica","9°00'00,000N","83°00'00,000W","working farm","Alley cropping","Multi-type",TRUE,TRUE,TRUE
"2569","3677",2,1,1,0,0,0,1,2,"WE","WNE, WE","Costa Rica","9°00'00,000N","83°00'00,000W","working farm","Alley cropping","WNE + WE",TRUE,TRUE,FALSE
"2570","3679",3,1,2,0,0,0,1,3,"WNE","WNE, WE","Costa Rica","9°00'00,000N","83°00'00,000W","working farm","Alley cropping","WNE + WE",TRUE,TRUE,FALSE
"2571","368",3,1,1,1,0,0,2,2,"HE","WNE, HE, WE","Brazil","2°26'03,000S","48°18'37,600W","working farm","Other/unknown","Multi-type",TRUE,TRUE,TRUE
"2572","3680",2,0,1,1,0,0,1,1,"HE","WNE, HE","Costa Rica","9°00'00,000N","83°00'00,000W","working farm","Alley cropping","WNE + HE",TRUE,FALSE,TRUE
"2573","3681",3,0,1,1,1,1,1,1,"HE","WNE, HE","Costa Rica","9°00'00,000N","83°00'00,000W","working farm","Alley cropping","WNE + HE",TRUE,FALSE,TRUE
"2574","3682",4,1,1,1,1,1,2,2,"HE","WNE, HE, WE","Costa Rica","9°00'00,000N","83°00'00,000W","working farm","Alley cropping","Multi-type",TRUE,TRUE,TRUE
"2575","3683",2,1,1,0,0,0,1,2,"WE","WNE, WE","Costa Rica","9°00'00,000N","83°00'00,000W","working farm","Alley cropping","WNE + WE",TRUE,TRUE,FALSE
"2576","3685",3,1,2,0,0,0,1,3,"WNE","WNE, WE","Costa Rica","9°00'00,000N","83°00'00,000W","working farm","Alley cropping","WNE + WE",TRUE,TRUE,FALSE
"2577","3686",2,0,1,1,0,0,1,1,"HE","WNE, HE","China","21°55'39,000N","101°15'55,000E","working farm","Alley cropping","WNE + HE",TRUE,FALSE,TRUE
"2578","3687",2,1,1,0,0,1,1,2,"WE","WNE, WE","China","21°55'39,000N","101°15'55,000E","working farm","Alley cropping","WNE + WE",TRUE,TRUE,FALSE
"2579","3688",2,1,1,0,0,1,1,2,"WE","WNE, WE","China","21°55'39,000N","101°15'55,000E","working farm","Alley cropping","WNE + WE",TRUE,TRUE,FALSE
"2580","3689",4,1,3,0,0,0,1,4,"WNE","WNE, WE","Czech Republic","49°09'38,000N","16°33'38,000E","working farm","Alley cropping","WNE + WE",TRUE,TRUE,FALSE
"2581","3690",7,0,2,3,1,2,4,3,"HE","HNE, WNE, HE, WE","Brazil","25°07'00,000S","50°03'00,000W","working farm","Alley cropping","Multi-type",TRUE,TRUE,TRUE
"2582","3691",7,0,2,3,1,1,4,3,"HE","HNE, WNE, HE","Brazil","25°07'00,000S","50°03'00,000W","working farm","Alley cropping","WNE + HE",TRUE,FALSE,TRUE
"2583","3692",7,0,2,3,1,2,4,3,"HE","HNE, WNE, HE, WE","Brazil","25°07'00,000S","50°03'00,000W","working farm","Alley cropping","Multi-type",TRUE,TRUE,TRUE
"2584","3693",6,0,1,3,1,1,4,2,"HE","HNE, WNE, HE","Brazil","25°07'00,000S","50°03'00,000W","working farm","Alley cropping","WNE + HE",TRUE,FALSE,TRUE
"2585","3694",2,1,0,1,0,0,2,1,"HE","HE, WE","China","42°43'00,000N","122°22'00,000E","working farm","Alley cropping","Edible only",FALSE,TRUE,TRUE
"2586","3696",2,1,0,1,0,0,2,1,"HE","HE, WE","China","42°43'00,000N","122°22'00,000E","working farm","Alley cropping","Edible only",FALSE,TRUE,TRUE
"2587","3697",2,1,0,1,0,0,2,1,"HE","HE, WE","China","42°43'00,000N","122°22'00,000E","working farm","Alley cropping","Edible only",FALSE,TRUE,TRUE
"2588","3699",2,1,0,1,0,0,2,1,"HE","HE, WE","China","42°43'00,000N","122°22'00,000E","working farm","Alley cropping","Edible only",FALSE,TRUE,TRUE
"2589","37",3,1,1,1,0,1,2,2,"HE","WNE, HE, WE","Panama","9°23'00,000N","82°34'00,000W","working farm","Alley cropping","Multi-type",TRUE,TRUE,TRUE
"2590","3700",5,3,1,0,1,0,3,4,"WE","HNE, WNE, WE","Brazil","3°08'00,000S","59°52'00,000W","experimental site","Multi-strata systems","WNE + WE",TRUE,TRUE,FALSE
"2591","3701",5,3,1,0,1,0,3,4,"WE","HNE, WNE, WE","Brazil","3°08'00,000S","59°52'00,000W","experimental site","Multi-strata systems","WNE + WE",TRUE,TRUE,FALSE
"2592","3702",5,3,1,0,1,0,3,4,"WE","HNE, WNE, WE","Brazil","3°08'00,000S","59°52'00,000W","experimental site","Multi-strata systems","WNE + WE",TRUE,TRUE,FALSE
"2593","3703",5,3,1,0,1,0,3,4,"WE","HNE, WNE, WE","Brazil","3°08'00,000S","59°52'00,000W","experimental site","Multi-strata systems","WNE + WE",TRUE,TRUE,FALSE
"2594","3704",5,3,1,0,1,0,3,4,"WE","HNE, WNE, WE","Brazil","3°08'00,000S","59°52'00,000W","experimental site","Multi-strata systems","WNE + WE",TRUE,TRUE,FALSE
"2595","3705",5,3,1,0,1,0,3,4,"WE","HNE, WNE, WE","Brazil","3°08'00,000S","59°52'00,000W","experimental site","Multi-strata systems","WNE + WE",TRUE,TRUE,FALSE
"2596","3706",5,3,1,0,1,0,3,4,"WE","HNE, WNE, WE","Brazil","3°08'00,000S","59°52'00,000W","experimental site","Multi-strata systems","WNE + WE",TRUE,TRUE,FALSE
"2597","3707",5,3,1,0,1,0,3,4,"WE","HNE, WNE, WE","Brazil","3°08'00,000S","59°52'00,000W","experimental site","Multi-strata systems","WNE + WE",TRUE,TRUE,FALSE
"2598","3708",5,3,1,0,1,0,3,4,"WE","HNE, WNE, WE","Brazil","3°08'00,000S","59°52'00,000W","experimental site","Multi-strata systems","WNE + WE",TRUE,TRUE,FALSE
"2599","3709",5,3,1,0,1,0,3,4,"WE","HNE, WNE, WE","Brazil","3°08'00,000S","59°52'00,000W","experimental site","Multi-strata systems","WNE + WE",TRUE,TRUE,FALSE
"2600","3710",5,3,1,0,1,0,3,4,"WE","HNE, WNE, WE","Brazil","3°08'00,000S","59°52'00,000W","experimental site","Multi-strata systems","WNE + WE",TRUE,TRUE,FALSE
"2601","3711",5,3,1,0,1,0,3,4,"WE","HNE, WNE, WE","Brazil","3°08'00,000S","59°52'00,000W","experimental site","Multi-strata systems","WNE + WE",TRUE,TRUE,FALSE
"2602","3712",2,0,1,1,0,0,1,1,"HE","WNE, HE","China","32°54'00,000N","119°40'30,000E","working farm","Alley cropping","WNE + HE",TRUE,FALSE,TRUE
"2603","3713",2,0,1,1,0,0,1,1,"HE","WNE, HE","China","32°54'00,000N","119°40'30,000E","working farm","Alley cropping","WNE + HE",TRUE,FALSE,TRUE
"2604","3714",2,0,1,1,0,0,1,1,"HE","WNE, HE","China","32°54'00,000N","119°40'30,000E","working farm","Alley cropping","WNE + HE",TRUE,FALSE,TRUE
"2605","3715",2,0,1,1,0,0,1,1,"HE","WNE, HE","China","32°54'00,000N","119°40'30,000E","working farm","Alley cropping","WNE + HE",TRUE,FALSE,TRUE
"2606","3720",2,0,1,1,0,0,1,1,"HE","WNE, HE","China","32°54'00,000N","119°40'30,000E","working farm","Alley cropping","WNE + HE",TRUE,FALSE,TRUE
"2607","3721",2,0,1,1,0,0,1,1,"HE","WNE, HE","China","32°54'00,000N","119°40'30,000E","working farm","Alley cropping","WNE + HE",TRUE,FALSE,TRUE
"2608","3722",2,0,1,1,0,0,1,1,"HE","WNE, HE","China","32°54'00,000N","119°40'30,000E","working farm","Alley cropping","WNE + HE",TRUE,FALSE,TRUE
"2609","3723",2,0,1,1,0,0,1,1,"HE","WNE, HE","China","32°54'00,000N","119°40'30,000E","working farm","Alley cropping","WNE + HE",TRUE,FALSE,TRUE
"2610","3724",2,0,1,1,0,0,1,1,"HE","WNE, HE","China","32°54'00,000N","119°40'30,000E","working farm","Alley cropping","WNE + HE",TRUE,FALSE,TRUE
"2611","3725",2,0,1,1,0,0,1,1,"HE","WNE, HE","China","32°54'00,000N","119°40'30,000E","working farm","Alley cropping","WNE + HE",TRUE,FALSE,TRUE
"2612","3726",2,0,1,1,0,0,1,1,"HE","WNE, HE","China","32°54'00,000N","119°40'30,000E","working farm","Alley cropping","WNE + HE",TRUE,FALSE,TRUE
"2613","3727",2,0,1,1,0,0,1,1,"HE","WNE, HE","China","32°54'00,000N","119°40'30,000E","working farm","Alley cropping","WNE + HE",TRUE,FALSE,TRUE
"2614","3728",2,0,1,1,0,0,1,1,"HE","WNE, HE","China","32°54'00,000N","119°40'30,000E","working farm","Alley cropping","WNE + HE",TRUE,FALSE,TRUE
"2615","3729",2,0,1,1,0,0,1,1,"HE","WNE, HE","China","32°54'00,000N","119°40'30,000E","working farm","Alley cropping","WNE + HE",TRUE,FALSE,TRUE
"2616","3730",2,0,1,1,0,0,1,1,"HE","WNE, HE","China","32°54'00,000N","119°40'30,000E","working farm","Alley cropping","WNE + HE",TRUE,FALSE,TRUE
"2617","3731",2,0,1,1,0,0,1,1,"HE","WNE, HE","China","32°54'00,000N","119°40'30,000E","working farm","Alley cropping","WNE + HE",TRUE,FALSE,TRUE
"2618","3732",2,0,1,1,0,0,1,1,"HE","WNE, HE","China","32°54'00,000N","119°40'30,000E","working farm","Alley cropping","WNE + HE",TRUE,FALSE,TRUE
"2619","3733",2,0,1,1,0,0,1,1,"HE","WNE, HE","China","32°54'00,000N","119°40'30,000E","working farm","Alley cropping","WNE + HE",TRUE,FALSE,TRUE
"2620","3734",2,0,1,1,0,0,1,1,"HE","WNE, HE","China","32°54'00,000N","119°40'30,000E","working farm","Alley cropping","WNE + HE",TRUE,FALSE,TRUE
"2621","3735",2,0,1,1,0,0,1,1,"HE","WNE, HE","China","32°54'00,000N","119°40'30,000E","working farm","Alley cropping","WNE + HE",TRUE,FALSE,TRUE
"2622","3736",2,0,1,1,0,0,1,1,"HE","WNE, HE","China","32°54'00,000N","119°40'30,000E","working farm","Alley cropping","WNE + HE",TRUE,FALSE,TRUE
"2623","3737",2,0,1,1,0,0,1,1,"HE","WNE, HE","China","32°54'00,000N","119°40'30,000E","working farm","Alley cropping","WNE + HE",TRUE,FALSE,TRUE
"2624","3738",2,0,1,1,0,0,1,1,"HE","WNE, HE","China","32°54'00,000N","119°40'30,000E","working farm","Alley cropping","WNE + HE",TRUE,FALSE,TRUE
"2625","3739",2,0,1,1,0,0,1,1,"HE","WNE, HE","China","32°54'00,000N","119°40'30,000E","working farm","Alley cropping","WNE + HE",TRUE,FALSE,TRUE
"2626","3740",2,0,1,1,0,0,1,1,"HE","WNE, HE","China","32°54'00,000N","119°40'30,000E","working farm","Alley cropping","WNE + HE",TRUE,FALSE,TRUE
"2627","3741",2,0,1,1,0,0,1,1,"HE","WNE, HE","China","32°54'00,000N","119°40'30,000E","working farm","Alley cropping","WNE + HE",TRUE,FALSE,TRUE
"2628","3742",2,0,1,1,0,0,1,1,"HE","WNE, HE","China","32°54'00,000N","119°40'30,000E","working farm","Alley cropping","WNE + HE",TRUE,FALSE,TRUE
"2629","3743",2,0,1,1,0,0,1,1,"HE","WNE, HE","China","32°54'00,000N","119°40'30,000E","working farm","Alley cropping","WNE + HE",TRUE,FALSE,TRUE
"2630","3744",2,0,1,1,0,0,1,1,"HE","WNE, HE","China","32°54'00,000N","119°40'30,000E","working farm","Alley cropping","WNE + HE",TRUE,FALSE,TRUE
"2631","3745",2,0,1,1,0,0,1,1,"HE","WNE, HE","China","32°54'00,000N","119°40'30,000E","working farm","Alley cropping","WNE + HE",TRUE,FALSE,TRUE
"2632","3746",2,0,1,1,0,0,1,1,"HE","WNE, HE","China","32°54'00,000N","119°40'30,000E","working farm","Alley cropping","WNE + HE",TRUE,FALSE,TRUE
"2633","3747",2,0,1,1,0,0,1,1,"HE","WNE, HE","China","32°54'00,000N","119°40'30,000E","working farm","Alley cropping","WNE + HE",TRUE,FALSE,TRUE
"2634","3748",2,0,1,1,0,0,1,1,"HE","WNE, HE","China","32°54'00,000N","119°40'30,000E","working farm","Alley cropping","WNE + HE",TRUE,FALSE,TRUE
"2635","3749",2,0,1,1,0,0,1,1,"HE","WNE, HE","China","32°54'00,000N","119°40'30,000E","working farm","Alley cropping","WNE + HE",TRUE,FALSE,TRUE
"2636","3750",2,0,1,1,0,0,1,1,"HE","WNE, HE","China","32°54'00,000N","119°40'30,000E","working farm","Alley cropping","WNE + HE",TRUE,FALSE,TRUE
"2637","3751",2,0,1,1,0,0,1,1,"HE","WNE, HE","China","32°54'00,000N","119°40'30,000E","working farm","Alley cropping","WNE + HE",TRUE,FALSE,TRUE
"2638","3752",2,0,1,1,0,0,1,1,"HE","WNE, HE","China","32°54'00,000N","119°40'30,000E","working farm","Alley cropping","WNE + HE",TRUE,FALSE,TRUE
"2639","3753",2,0,1,1,0,0,1,1,"HE","WNE, HE","China","32°54'00,000N","119°40'30,000E","working farm","Alley cropping","WNE + HE",TRUE,FALSE,TRUE
"2640","3754",2,0,1,1,0,0,1,1,"HE","WNE, HE","China","32°54'00,000N","119°40'30,000E","working farm","Alley cropping","WNE + HE",TRUE,FALSE,TRUE
"2641","3755",2,0,1,1,0,0,1,1,"HE","WNE, HE","China","32°54'00,000N","119°40'30,000E","working farm","Alley cropping","WNE + HE",TRUE,FALSE,TRUE
"2642","3756",2,0,1,1,0,0,1,1,"HE","WNE, HE","China","32°54'00,000N","119°40'30,000E","working farm","Alley cropping","WNE + HE",TRUE,FALSE,TRUE
"2643","3757",2,0,1,1,0,0,1,1,"HE","WNE, HE","China","32°54'00,000N","119°40'30,000E","working farm","Alley cropping","WNE + HE",TRUE,FALSE,TRUE
"2644","3758",2,0,1,1,0,0,1,1,"HE","WNE, HE","China","32°54'00,000N","119°40'30,000E","working farm","Alley cropping","WNE + HE",TRUE,FALSE,TRUE
"2645","3759",2,0,1,1,0,0,1,1,"HE","WNE, HE","China","32°54'00,000N","119°40'30,000E","working farm","Alley cropping","WNE + HE",TRUE,FALSE,TRUE
"2646","3764",2,1,1,0,0,1,1,2,"WE","WNE, WE","Costa Rica",NA,NA,"experimental site","Alley cropping","WNE + WE",TRUE,TRUE,FALSE
"2647","3765",2,1,0,0,1,0,1,1,"WE","HNE, WE","USA","25°30'40,809N","80°30'03,983W","experimental site","Alley cropping","Edible only",FALSE,TRUE,FALSE
"2648","3766",2,1,0,0,1,0,1,1,"WE","HNE, WE","USA","25°30'40,809N","80°30'03,983W","experimental site","Alley cropping","Edible only",FALSE,TRUE,FALSE
"2649","3767",2,1,1,0,0,1,1,2,"WE","WNE, WE","China","21°55'39,000N","101°15'55,000E","working farm","Alley cropping","WNE + WE",TRUE,TRUE,FALSE
"2650","3768",2,1,1,0,0,1,1,2,"WE","WNE, WE","China","21°55'39,000N","101°15'55,000E","working farm","Alley cropping","WNE + WE",TRUE,TRUE,FALSE
"2651","3769",2,0,1,1,0,0,1,1,"HE","WNE, HE","China",NA,NA,"working farm","Alley cropping","WNE + HE",TRUE,FALSE,TRUE
"2652","3770",2,0,1,1,0,0,1,1,"HE","WNE, HE","China",NA,NA,"working farm","Alley cropping","WNE + HE",TRUE,FALSE,TRUE
"2653","3772",2,0,1,1,0,0,1,1,"HE","WNE, HE","China",NA,NA,"working farm","Alley cropping","WNE + HE",TRUE,FALSE,TRUE
"2654","3773",2,0,1,1,0,0,1,1,"HE","WNE, HE","China",NA,NA,"working farm","Alley cropping","WNE + HE",TRUE,FALSE,TRUE
"2655","3775",2,0,1,1,0,0,1,1,"HE","WNE, HE","China",NA,NA,"working farm","Alley cropping","WNE + HE",TRUE,FALSE,TRUE
"2656","3776",2,0,1,1,0,0,1,1,"HE","WNE, HE","China",NA,NA,"working farm","Alley cropping","WNE + HE",TRUE,FALSE,TRUE
"2657","3778",3,2,0,1,0,0,3,2,"WE","HE, WE","Trinidad and Tobago","10.3974","-61.2522","working farm","Alley cropping","Edible only",FALSE,TRUE,TRUE
"2658","3779",5,3,0,2,0,0,5,3,"WE","HE, WE","Trinidad and Tobago","10.3974","-61.2522","working farm","Alley cropping","Edible only",FALSE,TRUE,TRUE
"2659","3780",3,2,0,1,0,0,3,2,"WE","HE, WE","Trinidad and Tobago","10.3974","-61.2522","working farm","Alley cropping","Edible only",FALSE,TRUE,TRUE
"2660","3781",5,3,0,2,0,0,5,3,"WE","HE, WE","Trinidad and Tobago","10.3974","-61.2522","working farm","Alley cropping","Edible only",FALSE,TRUE,TRUE
"2661","3782",3,2,0,1,0,0,3,2,"WE","HE, WE","Trinidad and Tobago","10.3974","-61.2522","working farm","Alley cropping","Edible only",FALSE,TRUE,TRUE
"2662","3783",5,3,0,2,0,0,5,3,"WE","HE, WE","Trinidad and Tobago","10.3974","-61.2522","working farm","Alley cropping","Edible only",FALSE,TRUE,TRUE
"2663","3784",2,1,1,0,0,1,1,2,"WE","WNE, WE","Uganda","1°52'12,000N","34°19'19,000E","working farm","Multi-strata systems","WNE + WE",TRUE,TRUE,FALSE
"2664","3785",2,1,0,1,0,1,2,1,"HE","HE, WE","Uganda","1°52'12,000N","34°19'19,000E","working farm","Alley cropping","Edible only",FALSE,TRUE,TRUE
"2665","3786",8,3,0,2,3,4,5,3,"WE","HNE, HE, WE","Virgin Islands","17°45'00,000N","64°45'00,000W","experimental site","Alley cropping","Edible only",FALSE,TRUE,TRUE
"2666","3787",8,3,0,2,3,3,5,3,"WE","HNE, HE, WE","Virgin Islands","17°45'00,000N","64°45'00,000W","experimental site","Alley cropping","Edible only",FALSE,TRUE,TRUE
"2667","3788",4,1,2,1,0,0,2,3,"WNE","WNE, HE, WE","Benin","6°27'00,000N","2°30'00,000E","working farm","Alley cropping","Multi-type",TRUE,TRUE,TRUE
"2668","3789",4,1,2,1,0,0,2,3,"WNE","WNE, HE, WE","Benin","6°41'00,000N","2°30'00,000E","working farm","Alley cropping","Multi-type",TRUE,TRUE,TRUE
"2669","3790",4,1,2,1,0,0,2,3,"WNE","WNE, HE, WE","Benin","7°58'00,000N","2°30'00,000E","working farm","Alley cropping","Multi-type",TRUE,TRUE,TRUE
"2670","3791",4,1,2,1,0,0,2,3,"WNE","WNE, HE, WE","Benin","6°27'00,000N","2°30'00,000E","working farm","Alley cropping","Multi-type",TRUE,TRUE,TRUE
"2671","3792",4,1,2,1,0,0,2,3,"WNE","WNE, HE, WE","Benin","6°41'00,000N","2°30'00,000E","working farm","Alley cropping","Multi-type",TRUE,TRUE,TRUE
"2672","3793",4,1,2,1,0,0,2,3,"WNE","WNE, HE, WE","Benin","7°58'00,000N","2°30'00,000E","working farm","Alley cropping","Multi-type",TRUE,TRUE,TRUE
"2673","3794",4,1,2,1,0,0,2,3,"WNE","WNE, HE, WE","Benin","6°27'00,000N","2°30'00,000E","working farm","Alley cropping","Multi-type",TRUE,TRUE,TRUE
"2674","3795",4,1,2,1,0,0,2,3,"WNE","WNE, HE, WE","Benin","6°41'00,000N","2°30'00,000E","working farm","Alley cropping","Multi-type",TRUE,TRUE,TRUE
"2675","3796",4,1,2,1,0,0,2,3,"WNE","WNE, HE, WE","Benin","7°58'00,000N","2°30'00,000E","working farm","Alley cropping","Multi-type",TRUE,TRUE,TRUE
"2676","3797",4,1,2,1,0,0,2,3,"WNE","WNE, HE, WE","Benin","6°27'00,000N","2°30'00,000E","working farm","Alley cropping","Multi-type",TRUE,TRUE,TRUE
"2677","3798",4,1,2,1,0,0,2,3,"WNE","WNE, HE, WE","Benin","6°41'00,000N","2°30'00,000E","working farm","Alley cropping","Multi-type",TRUE,TRUE,TRUE
"2678","3799",4,1,2,1,0,0,2,3,"WNE","WNE, HE, WE","Benin","7°58'00,000N","2°30'00,000E","working farm","Alley cropping","Multi-type",TRUE,TRUE,TRUE
"2679","38",3,1,1,1,0,1,2,2,"HE","WNE, HE, WE","Panama","9°23'00,000N","82°34'00,000W","working farm","Alley cropping","Multi-type",TRUE,TRUE,TRUE
"2680","3800",2,0,1,1,0,0,1,1,"HE","WNE, HE","Gabon","2°00'00,000N","11°30'00,000E","working farm","Alley cropping","WNE + HE",TRUE,FALSE,TRUE
"2681","3801",2,1,1,0,0,0,1,2,"WE","WNE, WE","Gabon","2°00'00,000N","11°30'00,000E","working farm","Alley cropping","WNE + WE",TRUE,TRUE,FALSE
"2682","3802",2,1,1,0,0,0,1,2,"WE","WNE, WE","Gabon","2°00'00,000N","11°30'00,000E","working farm","Alley cropping","WNE + WE",TRUE,TRUE,FALSE
"2683","3803",4,1,1,2,0,0,3,2,"HE","WNE, HE, WE","Gabon","2°00'00,000N","11°30'00,000E","working farm","Alley cropping","Multi-type",TRUE,TRUE,TRUE
"2684","3804",2,0,1,1,0,0,1,1,"HE","WNE, HE","Gabon","2°00'00,000N","11°30'00,000E","working farm","Alley cropping","WNE + HE",TRUE,FALSE,TRUE
"2685","3805",3,1,1,1,0,0,2,2,"HE","WNE, HE, WE","Gabon","2°00'00,000N","11°30'00,000E","working farm","Alley cropping","Multi-type",TRUE,TRUE,TRUE
"2686","3806",4,1,1,2,0,0,3,2,"HE","WNE, HE, WE","Gabon","2°00'00,000N","11°30'00,000E","working farm","Alley cropping","Multi-type",TRUE,TRUE,TRUE
"2687","3807",2,0,1,1,0,0,1,1,"HE","WNE, HE","Gabon","2°00'00,000N","11°30'00,000E","working farm","Alley cropping","WNE + HE",TRUE,FALSE,TRUE
"2688","3808",3,1,1,1,0,0,2,2,"HE","WNE, HE, WE","Gabon","2°00'00,000N","11°30'00,000E","working farm","Alley cropping","Multi-type",TRUE,TRUE,TRUE
"2689","3809",2,1,1,0,0,0,1,2,"WE","WNE, WE","Gabon","2°00'00,000N","11°30'00,000E","working farm","Alley cropping","WNE + WE",TRUE,TRUE,FALSE
"2690","381",2,0,1,1,0,0,1,1,"HE","WNE, HE","India","23°54'03,000N","91°19′19,000E","experimental site","Alley cropping","WNE + HE",TRUE,FALSE,TRUE
"2691","3810",2,0,1,1,0,0,1,1,"HE","WNE, HE","Gabon","2°00'00,000N","11°30'00,000E","working farm","Alley cropping","WNE + HE",TRUE,FALSE,TRUE
"2692","3811",3,1,1,1,0,0,2,2,"HE","WNE, HE, WE","Gabon","2°00'00,000N","11°30'00,000E","working farm","Alley cropping","Multi-type",TRUE,TRUE,TRUE
"2693","3812",2,1,1,0,0,0,1,2,"WE","WNE, WE","Gabon","2°00'00,000N","11°30'00,000E","working farm","Alley cropping","WNE + WE",TRUE,TRUE,FALSE
"2694","3813",2,1,1,0,0,0,1,2,"WE","WNE, WE","Nigeria",NA,NA,"working farm","Alley cropping","WNE + WE",TRUE,TRUE,FALSE
"2695","3814",2,1,1,0,0,0,1,2,"WE","WNE, WE","Nigeria",NA,NA,"working farm","Alley cropping","WNE + WE",TRUE,TRUE,FALSE
"2696","3815",2,1,1,0,0,0,1,2,"WE","WNE, WE","Nigeria",NA,NA,"working farm","Alley cropping","WNE + WE",TRUE,TRUE,FALSE
"2697","3816",2,1,1,0,0,0,1,2,"WE","WNE, WE","Nigeria",NA,NA,"working farm","Alley cropping","WNE + WE",TRUE,TRUE,FALSE
"2698","3817",2,1,1,0,0,0,1,2,"WE","WNE, WE","Nigeria",NA,NA,"working farm","Alley cropping","WNE + WE",TRUE,TRUE,FALSE
"2699","3818",2,1,1,0,0,0,1,2,"WE","WNE, WE","Nigeria",NA,NA,"working farm","Alley cropping","WNE + WE",TRUE,TRUE,FALSE
"2700","3819",3,1,2,0,0,0,1,3,"WNE","WNE, WE","Nigeria",NA,NA,"working farm","Alley cropping","WNE + WE",TRUE,TRUE,FALSE
"2701","382",2,0,1,1,0,0,1,1,"HE","WNE, HE","India","23°54'03,000N","91°19′19,000E","experimental site","Alley cropping","WNE + HE",TRUE,FALSE,TRUE
"2702","3820",3,1,2,0,0,0,1,3,"WNE","WNE, WE","Nigeria",NA,NA,"working farm","Alley cropping","WNE + WE",TRUE,TRUE,FALSE
"2703","3821",3,1,2,0,0,0,1,3,"WNE","WNE, WE","Nigeria",NA,NA,"working farm","Alley cropping","WNE + WE",TRUE,TRUE,FALSE
"2704","3822",2,1,1,0,0,0,1,2,"WE","WNE, WE","Nigeria",NA,NA,"working farm","Alley cropping","WNE + WE",TRUE,TRUE,FALSE
"2705","3823",2,1,1,0,0,0,1,2,"WE","WNE, WE","Nigeria",NA,NA,"working farm","Alley cropping","WNE + WE",TRUE,TRUE,FALSE
"2706","3824",2,1,1,0,0,0,1,2,"WE","WNE, WE","Nigeria",NA,NA,"working farm","Alley cropping","WNE + WE",TRUE,TRUE,FALSE
"2707","3825",2,1,1,0,0,0,1,2,"WE","WNE, WE","Nigeria",NA,NA,"working farm","Alley cropping","WNE + WE",TRUE,TRUE,FALSE
"2708","3826",2,1,1,0,0,0,1,2,"WE","WNE, WE","Nigeria",NA,NA,"working farm","Alley cropping","WNE + WE",TRUE,TRUE,FALSE
"2709","3827",2,1,1,0,0,0,1,2,"WE","WNE, WE","Nigeria",NA,NA,"working farm","Alley cropping","WNE + WE",TRUE,TRUE,FALSE
"2710","3828",3,1,2,0,0,0,1,3,"WNE","WNE, WE","Nigeria",NA,NA,"working farm","Alley cropping","WNE + WE",TRUE,TRUE,FALSE
"2711","3829",3,1,2,0,0,0,1,3,"WNE","WNE, WE","Nigeria",NA,NA,"working farm","Alley cropping","WNE + WE",TRUE,TRUE,FALSE
"2712","383",2,0,1,1,0,1,1,1,"HE","HE, WE","India","23°54'03,000N","91°19′19,000E","experimental site","Alley cropping","Edible only",FALSE,TRUE,TRUE
"2713","3830",3,1,2,0,0,0,1,3,"WNE","WNE, WE","Nigeria",NA,NA,"working farm","Alley cropping","WNE + WE",TRUE,TRUE,FALSE
"2714","3831",2,1,1,0,0,0,1,2,"WE","WNE, WE","Nigeria",NA,NA,"working farm","Alley cropping","WNE + WE",TRUE,TRUE,FALSE
"2715","3832",2,1,1,0,0,0,1,2,"WE","WNE, WE","Nigeria",NA,NA,"working farm","Alley cropping","WNE + WE",TRUE,TRUE,FALSE
"2716","3833",2,1,1,0,0,0,1,2,"WE","WNE, WE","Nigeria",NA,NA,"working farm","Alley cropping","WNE + WE",TRUE,TRUE,FALSE
"2717","3834",2,1,1,0,0,0,1,2,"WE","WNE, WE","Nigeria",NA,NA,"working farm","Alley cropping","WNE + WE",TRUE,TRUE,FALSE
"2718","3835",2,1,1,0,0,0,1,2,"WE","WNE, WE","Nigeria",NA,NA,"working farm","Alley cropping","WNE + WE",TRUE,TRUE,FALSE
"2719","3836",2,1,1,0,0,0,1,2,"WE","WNE, WE","Nigeria",NA,NA,"working farm","Alley cropping","WNE + WE",TRUE,TRUE,FALSE
"2720","3837",3,1,2,0,0,0,1,3,"WNE","WNE, WE","Nigeria",NA,NA,"working farm","Alley cropping","WNE + WE",TRUE,TRUE,FALSE
"2721","3838",3,1,2,0,0,0,1,3,"WNE","WNE, WE","Nigeria",NA,NA,"working farm","Alley cropping","WNE + WE",TRUE,TRUE,FALSE
"2722","3839",3,1,2,0,0,0,1,3,"WNE","WNE, WE","Nigeria",NA,NA,"working farm","Alley cropping","WNE + WE",TRUE,TRUE,FALSE
"2723","384",2,0,1,1,0,1,1,1,"HE","HE, WE","India","23°54'03,000N","91°19′19,000E","experimental site","Alley cropping","Edible only",FALSE,TRUE,TRUE
"2724","3840",2,1,1,0,0,0,1,2,"WE","WNE, WE","Nigeria",NA,NA,"working farm","Alley cropping","WNE + WE",TRUE,TRUE,FALSE
"2725","3841",2,1,1,0,0,0,1,2,"WE","WNE, WE","Nigeria",NA,NA,"working farm","Alley cropping","WNE + WE",TRUE,TRUE,FALSE
"2726","3842",2,1,1,0,0,0,1,2,"WE","WNE, WE","Nigeria",NA,NA,"working farm","Alley cropping","WNE + WE",TRUE,TRUE,FALSE
"2727","3843",2,1,1,0,0,0,1,2,"WE","WNE, WE","Nigeria",NA,NA,"working farm","Alley cropping","WNE + WE",TRUE,TRUE,FALSE
"2728","3844",2,1,1,0,0,0,1,2,"WE","WNE, WE","Nigeria",NA,NA,"working farm","Alley cropping","WNE + WE",TRUE,TRUE,FALSE
"2729","3845",2,1,1,0,0,0,1,2,"WE","WNE, WE","Nigeria",NA,NA,"working farm","Alley cropping","WNE + WE",TRUE,TRUE,FALSE
"2730","3846",3,1,2,0,0,0,1,3,"WNE","WNE, WE","Nigeria",NA,NA,"working farm","Alley cropping","WNE + WE",TRUE,TRUE,FALSE
"2731","3847",3,1,2,0,0,0,1,3,"WNE","WNE, WE","Nigeria",NA,NA,"working farm","Alley cropping","WNE + WE",TRUE,TRUE,FALSE
"2732","3848",3,1,2,0,0,0,1,3,"WNE","WNE, WE","Nigeria",NA,NA,"working farm","Alley cropping","WNE + WE",TRUE,TRUE,FALSE
"2733","3849",2,0,1,1,0,0,1,1,"HE","WNE, HE","India",NA,NA,"working farm","Alley cropping","WNE + HE",TRUE,FALSE,TRUE
"2734","385",3,1,1,1,0,0,2,2,"HE","WNE, HE, WE","Costa Rica","9°37'00,000N","82°48'00,000W","working farm","Alley cropping","Multi-type",TRUE,TRUE,TRUE
"2735","3850",2,0,1,1,0,0,1,1,"HE","WNE, HE","India",NA,NA,"working farm","Alley cropping","WNE + HE",TRUE,FALSE,TRUE
"2736","3851",2,0,1,1,0,0,1,1,"HE","WNE, HE","India",NA,NA,"working farm","Alley cropping","WNE + HE",TRUE,FALSE,TRUE
"2737","3852",2,0,1,1,0,0,1,1,"HE","WNE, HE","India",NA,NA,"working farm","Alley cropping","WNE + HE",TRUE,FALSE,TRUE
"2738","3853",2,0,1,1,0,0,1,1,"HE","WNE, HE","India",NA,NA,"working farm","Alley cropping","WNE + HE",TRUE,FALSE,TRUE
"2739","3854",2,0,1,1,0,0,1,1,"HE","WNE, HE","India",NA,NA,"working farm","Alley cropping","WNE + HE",TRUE,FALSE,TRUE
"2740","3855",2,0,1,1,0,0,1,1,"HE","WNE, HE","India",NA,NA,"working farm","Alley cropping","WNE + HE",TRUE,FALSE,TRUE
"2741","3856",2,0,1,1,0,0,1,1,"HE","WNE, HE","India",NA,NA,"working farm","Alley cropping","WNE + HE",TRUE,FALSE,TRUE
"2742","3857",2,0,1,1,0,0,1,1,"HE","WNE, HE","India",NA,NA,"working farm","Alley cropping","WNE + HE",TRUE,FALSE,TRUE
"2743","3858",2,0,1,1,0,0,1,1,"HE","WNE, HE","India",NA,NA,"working farm","Alley cropping","WNE + HE",TRUE,FALSE,TRUE
"2744","3859",2,0,1,1,0,0,1,1,"HE","WNE, HE","India",NA,NA,"working farm","Alley cropping","WNE + HE",TRUE,FALSE,TRUE
"2745","385_1",3,1,1,1,0,0,2,2,"HE","WNE, HE, WE","Costa Rica","9°37'00,000N","82°48'00,000W","working farm","Alley cropping","Multi-type",TRUE,TRUE,TRUE
"2746","385_2",3,1,1,1,0,0,2,2,"HE","WNE, HE, WE","Costa Rica","9°37'00,000N","82°48'00,000W","working farm","Alley cropping","Multi-type",TRUE,TRUE,TRUE
"2747","386",3,1,1,1,0,0,2,2,"HE","WNE, HE, WE","Costa Rica","9°37'00,000N","82°48'00,000W","working farm","Alley cropping","Multi-type",TRUE,TRUE,TRUE
"2748","3860",2,0,1,1,0,0,1,1,"HE","WNE, HE","India",NA,NA,"working farm","Alley cropping","WNE + HE",TRUE,FALSE,TRUE
"2749","3861",2,0,1,1,0,0,1,1,"HE","WNE, HE","Rwanda",NA,NA,"working farm","Alley cropping","WNE + HE",TRUE,FALSE,TRUE
"2750","3862",2,0,1,1,0,0,1,1,"HE","WNE, HE","Rwanda",NA,NA,"working farm","Alley cropping","WNE + HE",TRUE,FALSE,TRUE
"2751","3863",2,0,1,1,0,0,1,1,"HE","WNE, HE","Rwanda",NA,NA,"working farm","Alley cropping","WNE + HE",TRUE,FALSE,TRUE
"2752","3864",2,0,1,1,0,0,1,1,"HE","WNE, HE","Rwanda",NA,NA,"working farm","Alley cropping","WNE + HE",TRUE,FALSE,TRUE
"2753","3865",2,0,1,1,0,0,1,1,"HE","WNE, HE","Rwanda",NA,NA,"working farm","Alley cropping","WNE + HE",TRUE,FALSE,TRUE
"2754","3866",2,0,1,1,0,0,1,1,"HE","WNE, HE","Rwanda",NA,NA,"working farm","Alley cropping","WNE + HE",TRUE,FALSE,TRUE
"2755","3867",2,1,1,0,0,0,1,2,"WE","WNE, WE","Nigeria","6°50'00,000N","4°33'00,000E","experimental site","Alley cropping","WNE + WE",TRUE,TRUE,FALSE
"2756","3868",2,1,1,0,0,0,1,2,"WE","WNE, WE","Nigeria","6°04'00,000N","5°52'00,000E","experimental site","Alley cropping","WNE + WE",TRUE,TRUE,FALSE
"2757","3869",2,1,1,0,0,0,1,2,"WE","WNE, WE","Nigeria","4.8786","6.7445","experimental site","Alley cropping","WNE + WE",TRUE,TRUE,FALSE
"2758","387",3,1,1,1,0,0,2,2,"HE","WNE, HE, WE","Costa Rica","9°37'00,000N","82°48'00,000W","working farm","Alley cropping","Multi-type",TRUE,TRUE,TRUE
"2759","3870",2,1,1,0,0,0,1,2,"WE","WNE, WE","Nigeria","5°30'00,000N","7°32'00,000E","experimental site","Alley cropping","WNE + WE",TRUE,TRUE,FALSE
"2760","3871",2,1,1,0,0,0,1,2,"WE","WNE, WE","Nigeria","5°00'00,000N","8°30'00,000E","experimental site","Alley cropping","WNE + WE",TRUE,TRUE,FALSE
"2761","3872",2,1,1,0,0,0,1,2,"WE","WNE, WE","Nigeria","6°15'00,000N","8°15'00,000E","experimental site","Alley cropping","WNE + WE",TRUE,TRUE,FALSE
"2762","3873",2,1,1,0,0,0,1,2,"WE","WNE, WE","Nigeria","6°50'00,000N","4°33'00,000E","experimental site","Alley cropping","WNE + WE",TRUE,TRUE,FALSE
"2763","3874",2,1,1,0,0,0,1,2,"WE","WNE, WE","Nigeria","6°04'00,000N","5°52'00,000E","experimental site","Alley cropping","WNE + WE",TRUE,TRUE,FALSE
"2764","3875",2,1,1,0,0,0,1,2,"WE","WNE, WE","Nigeria","4.8786","6.7445","experimental site","Alley cropping","WNE + WE",TRUE,TRUE,FALSE
"2765","3876",2,1,1,0,0,0,1,2,"WE","WNE, WE","Nigeria","5°30'00,000N","7°32'00,000E","experimental site","Alley cropping","WNE + WE",TRUE,TRUE,FALSE
"2766","3877",2,1,1,0,0,0,1,2,"WE","WNE, WE","Nigeria","5°00'00,000N","8°30'00,000E","experimental site","Alley cropping","WNE + WE",TRUE,TRUE,FALSE
"2767","3878",2,1,1,0,0,0,1,2,"WE","WNE, WE","Nigeria","6°15'00,000N","8°15'00,000E","experimental site","Alley cropping","WNE + WE",TRUE,TRUE,FALSE
"2768","3879",2,1,1,0,0,0,1,2,"WE","WNE, WE","Nigeria","6°50'00,000N","4°33'00,000E","experimental site","Alley cropping","WNE + WE",TRUE,TRUE,FALSE
"2769","388",3,1,1,1,0,0,2,2,"HE","WNE, HE, WE","Costa Rica","9°37'00,000N","82°48'00,000W","working farm","Alley cropping","Multi-type",TRUE,TRUE,TRUE
"2770","3880",2,1,1,0,0,0,1,2,"WE","WNE, WE","Nigeria","6°04'00,000N","5°52'00,000E","experimental site","Alley cropping","WNE + WE",TRUE,TRUE,FALSE
"2771","3881",2,1,1,0,0,0,1,2,"WE","WNE, WE","Nigeria","4.8786","6.7445","experimental site","Alley cropping","WNE + WE",TRUE,TRUE,FALSE
"2772","3882",2,1,1,0,0,0,1,2,"WE","WNE, WE","Nigeria","5°30'00,000N","7°32'00,000E","experimental site","Alley cropping","WNE + WE",TRUE,TRUE,FALSE
"2773","3883",2,1,1,0,0,0,1,2,"WE","WNE, WE","Nigeria","5°00'00,000N","8°30'00,000E","experimental site","Alley cropping","WNE + WE",TRUE,TRUE,FALSE
"2774","3884",2,1,1,0,0,0,1,2,"WE","WNE, WE","Nigeria","6°15'00,000N","8°15'00,000E","experimental site","Alley cropping","WNE + WE",TRUE,TRUE,FALSE
"2775","3885",2,1,1,0,0,0,1,2,"WE","WNE, WE","Nigeria","8.26588","4.33325","experimental site","Alley cropping","WNE + WE",TRUE,TRUE,FALSE
"2776","3886",2,1,1,0,0,0,1,2,"WE","WNE, WE","Nigeria","6°04'00,000N","5°52'00,000E","experimental site","Alley cropping","WNE + WE",TRUE,TRUE,FALSE
"2777","3887",2,1,1,0,0,0,1,2,"WE","WNE, WE","Nigeria","4.8786","6.7445","experimental site","Alley cropping","WNE + WE",TRUE,TRUE,FALSE
"2778","3888",2,1,1,0,0,0,1,2,"WE","WNE, WE","Nigeria","5°30'00,000N","7°32'00,000E","experimental site","Alley cropping","WNE + WE",TRUE,TRUE,FALSE
"2779","3889",2,1,1,0,0,0,1,2,"WE","WNE, WE","Nigeria","5°00'00,000N","8°30'00,000E","experimental site","Alley cropping","WNE + WE",TRUE,TRUE,FALSE
"2780","389",3,1,1,1,0,0,2,2,"HE","WNE, HE, WE","Costa Rica","9°37'00,000N","82°48'00,000W","working farm","Alley cropping","Multi-type",TRUE,TRUE,TRUE
"2781","3890",2,1,1,0,0,0,1,2,"WE","WNE, WE","Nigeria","6°15'00,000N","8°15'00,000E","experimental site","Alley cropping","WNE + WE",TRUE,TRUE,FALSE
"2782","3891",2,1,1,0,0,0,1,2,"WE","WNE, WE","Nigeria","6°50'00,000N","4°33'00,000E","experimental site","Alley cropping","WNE + WE",TRUE,TRUE,FALSE
"2783","3892",2,1,1,0,0,0,1,2,"WE","WNE, WE","Nigeria","6°04'00,000N","5°52'00,000E","experimental site","Alley cropping","WNE + WE",TRUE,TRUE,FALSE
"2784","3893",2,1,1,0,0,0,1,2,"WE","WNE, WE","Nigeria","4.8786","6.7445","experimental site","Alley cropping","WNE + WE",TRUE,TRUE,FALSE
"2785","3894",2,1,1,0,0,0,1,2,"WE","WNE, WE","Nigeria","5°30'00,000N","7°32'00,000E","experimental site","Alley cropping","WNE + WE",TRUE,TRUE,FALSE
"2786","3895",2,1,1,0,0,0,1,2,"WE","WNE, WE","Nigeria","5°00'00,000N","8°30'00,000E","experimental site","Alley cropping","WNE + WE",TRUE,TRUE,FALSE
"2787","3896",2,1,1,0,0,0,1,2,"WE","WNE, WE","Nigeria","6°15'00,000N","8°15'00,000E","experimental site","Alley cropping","WNE + WE",TRUE,TRUE,FALSE
"2788","3897",2,1,1,0,0,0,1,2,"WE","WNE, WE","Nigeria","6°50'00,000N","4°33'00,000E","experimental site","Alley cropping","WNE + WE",TRUE,TRUE,FALSE
"2789","3898",2,1,1,0,0,0,1,2,"WE","WNE, WE","Nigeria","6°04'00,000N","5°52'00,000E","experimental site","Alley cropping","WNE + WE",TRUE,TRUE,FALSE
"2790","3899",2,1,1,0,0,0,1,2,"WE","WNE, WE","Nigeria","4.8786","6.7445","experimental site","Alley cropping","WNE + WE",TRUE,TRUE,FALSE
"2791","39",3,1,1,1,0,1,2,2,"HE","WNE, HE, WE","Panama","9°23'00,000N","82°34'00,000W","working farm","Alley cropping","Multi-type",TRUE,TRUE,TRUE
"2792","390",3,1,1,1,0,0,2,2,"HE","WNE, HE, WE","Costa Rica","9°37'00,000N","82°48'00,000W","working farm","Alley cropping","Multi-type",TRUE,TRUE,TRUE
"2793","3900",2,1,1,0,0,0,1,2,"WE","WNE, WE","Nigeria","5°30'00,000N","7°32'00,000E","experimental site","Alley cropping","WNE + WE",TRUE,TRUE,FALSE
"2794","3901",2,1,1,0,0,0,1,2,"WE","WNE, WE","Nigeria","5°00'00,000N","8°30'00,000E","experimental site","Alley cropping","WNE + WE",TRUE,TRUE,FALSE
"2795","3902",2,1,1,0,0,0,1,2,"WE","WNE, WE","Nigeria","6°15'00,000N","8°15'00,000E","experimental site","Alley cropping","WNE + WE",TRUE,TRUE,FALSE
"2796","3903",2,1,1,0,0,0,1,2,"WE","WNE, WE","Nigeria","6°50'00,000N","4°33'00,000E","experimental site","Alley cropping","WNE + WE",TRUE,TRUE,FALSE
"2797","3904",2,1,1,0,0,0,1,2,"WE","WNE, WE","Nigeria","6°04'00,000N","5°52'00,000E","experimental site","Alley cropping","WNE + WE",TRUE,TRUE,FALSE
"2798","3905",2,1,1,0,0,0,1,2,"WE","WNE, WE","Nigeria","4.8786","6.7445","experimental site","Alley cropping","WNE + WE",TRUE,TRUE,FALSE
"2799","3906",2,1,1,0,0,0,1,2,"WE","WNE, WE","Nigeria","5°30'00,000N","7°32'00,000E","experimental site","Alley cropping","WNE + WE",TRUE,TRUE,FALSE
"2800","3907",2,1,1,0,0,0,1,2,"WE","WNE, WE","Nigeria","5°00'00,000N","8°30'00,000E","experimental site","Alley cropping","WNE + WE",TRUE,TRUE,FALSE
"2801","3908",2,1,1,0,0,0,1,2,"WE","WNE, WE","Nigeria","6°15'00,000N","8°15'00,000E","experimental site","Alley cropping","WNE + WE",TRUE,TRUE,FALSE
"2802","3909",2,1,1,0,0,0,1,2,"WE","WNE, WE","Nigeria","6°50'00,000N","4°33'00,000E","experimental site","Alley cropping","WNE + WE",TRUE,TRUE,FALSE
"2803","391",3,1,1,1,0,0,2,2,"HE","WNE, HE, WE","Costa Rica","9°37'00,000N","82°48'00,000W","working farm","Alley cropping","Multi-type",TRUE,TRUE,TRUE
"2804","3910",2,1,1,0,0,0,1,2,"WE","WNE, WE","Nigeria","6°04'00,000N","5°52'00,000E","experimental site","Alley cropping","WNE + WE",TRUE,TRUE,FALSE
"2805","3911",2,1,1,0,0,0,1,2,"WE","WNE, WE","Nigeria","4.8786","6.7445","experimental site","Alley cropping","WNE + WE",TRUE,TRUE,FALSE
"2806","3912",2,1,1,0,0,0,1,2,"WE","WNE, WE","Nigeria","5°30'00,000N","7°32'00,000E","experimental site","Alley cropping","WNE + WE",TRUE,TRUE,FALSE
"2807","3913",2,1,1,0,0,0,1,2,"WE","WNE, WE","Nigeria","5°00'00,000N","8°30'00,000E","experimental site","Alley cropping","WNE + WE",TRUE,TRUE,FALSE
"2808","3914",2,1,1,0,0,0,1,2,"WE","WNE, WE","Nigeria","6°15'00,000N","8°15'00,000E","experimental site","Alley cropping","WNE + WE",TRUE,TRUE,FALSE
"2809","3915",2,1,1,0,0,0,1,2,"WE","WNE, WE","Nigeria","6°50'00,000N","4°33'00,000E","experimental site","Alley cropping","WNE + WE",TRUE,TRUE,FALSE
"2810","3916",2,1,1,0,0,0,1,2,"WE","WNE, WE","Nigeria","6°04'00,000N","5°52'00,000E","experimental site","Alley cropping","WNE + WE",TRUE,TRUE,FALSE
"2811","3917",2,1,1,0,0,0,1,2,"WE","WNE, WE","Nigeria","4.8786","6.7445","experimental site","Alley cropping","WNE + WE",TRUE,TRUE,FALSE
"2812","3918",2,1,1,0,0,0,1,2,"WE","WNE, WE","Nigeria","5°30'00,000N","7°32'00,000E","experimental site","Alley cropping","WNE + WE",TRUE,TRUE,FALSE
"2813","3919",2,1,1,0,0,0,1,2,"WE","WNE, WE","Nigeria","5°00'00,000N","8°30'00,000E","experimental site","Alley cropping","WNE + WE",TRUE,TRUE,FALSE
"2814","392",3,1,1,1,0,0,2,2,"HE","WNE, HE, WE","Costa Rica","9°37'00,000N","82°48'00,000W","working farm","Alley cropping","Multi-type",TRUE,TRUE,TRUE
"2815","3920",2,1,1,0,0,0,1,2,"WE","WNE, WE","Nigeria","6°15'00,000N","8°15'00,000E","experimental site","Alley cropping","WNE + WE",TRUE,TRUE,FALSE
"2816","3921",2,1,1,0,0,0,1,2,"WE","WNE, WE","Nigeria","6°50'00,000N","4°33'00,000E","experimental site","Alley cropping","WNE + WE",TRUE,TRUE,FALSE
"2817","3922",2,1,1,0,0,0,1,2,"WE","WNE, WE","Nigeria","6°04'00,000N","5°52'00,000E","experimental site","Alley cropping","WNE + WE",TRUE,TRUE,FALSE
"2818","3923",2,1,1,0,0,0,1,2,"WE","WNE, WE","Nigeria","4.8786","6.7445","experimental site","Alley cropping","WNE + WE",TRUE,TRUE,FALSE
"2819","3924",2,1,1,0,0,0,1,2,"WE","WNE, WE","Nigeria","5°30'00,000N","7°32'00,000E","experimental site","Alley cropping","WNE + WE",TRUE,TRUE,FALSE
"2820","3925",2,1,1,0,0,0,1,2,"WE","WNE, WE","Nigeria","5°00'00,000N","8°30'00,000E","experimental site","Alley cropping","WNE + WE",TRUE,TRUE,FALSE
"2821","3926",2,1,1,0,0,0,1,2,"WE","WNE, WE","Nigeria","6°15'00,000N","8°15'00,000E","experimental site","Alley cropping","WNE + WE",TRUE,TRUE,FALSE
"2822","3927",2,1,1,0,0,0,1,2,"WE","WNE, WE","Nigeria","6°50'00,000N","4°33'00,000E","experimental site","Alley cropping","WNE + WE",TRUE,TRUE,FALSE
"2823","3928",2,1,1,0,0,0,1,2,"WE","WNE, WE","Nigeria","6°04'00,000N","5°52'00,000E","experimental site","Alley cropping","WNE + WE",TRUE,TRUE,FALSE
"2824","3929",2,1,1,0,0,0,1,2,"WE","WNE, WE","Nigeria","4.8786","6.7445","experimental site","Alley cropping","WNE + WE",TRUE,TRUE,FALSE
"2825","393",3,1,1,1,0,0,2,2,"HE","WNE, HE, WE","Costa Rica","9°37'00,000N","82°48'00,000W","working farm","Alley cropping","Multi-type",TRUE,TRUE,TRUE
"2826","3930",2,1,1,0,0,0,1,2,"WE","WNE, WE","Nigeria","5°30'00,000N","7°32'00,000E","experimental site","Alley cropping","WNE + WE",TRUE,TRUE,FALSE
"2827","3931",2,1,1,0,0,0,1,2,"WE","WNE, WE","Nigeria","5°00'00,000N","8°30'00,000E","experimental site","Alley cropping","WNE + WE",TRUE,TRUE,FALSE
"2828","3932",2,1,1,0,0,0,1,2,"WE","WNE, WE","Nigeria","6°15'00,000N","8°15'00,000E","experimental site","Alley cropping","WNE + WE",TRUE,TRUE,FALSE
"2829","3933",2,1,1,0,0,0,1,2,"WE","WNE, WE","Nigeria","6°50'00,000N","4°33'00,000E","experimental site","Alley cropping","WNE + WE",TRUE,TRUE,FALSE
"2830","3934",2,1,1,0,0,0,1,2,"WE","WNE, WE","Nigeria","6°04'00,000N","5°52'00,000E","experimental site","Alley cropping","WNE + WE",TRUE,TRUE,FALSE
"2831","3935",2,1,1,0,0,0,1,2,"WE","WNE, WE","Nigeria","4.8786","6.7445","experimental site","Alley cropping","WNE + WE",TRUE,TRUE,FALSE
"2832","3936",2,1,1,0,0,0,1,2,"WE","WNE, WE","Nigeria","5°30'00,000N","7°32'00,000E","experimental site","Alley cropping","WNE + WE",TRUE,TRUE,FALSE
"2833","3937",2,1,1,0,0,0,1,2,"WE","WNE, WE","Nigeria","5°00'00,000N","8°30'00,000E","experimental site","Alley cropping","WNE + WE",TRUE,TRUE,FALSE
"2834","3938",2,1,1,0,0,0,1,2,"WE","WNE, WE","Nigeria","6°15'00,000N","8°15'00,000E","experimental site","Alley cropping","WNE + WE",TRUE,TRUE,FALSE
"2835","3939",2,1,1,0,0,0,1,2,"WE","WNE, WE","Nigeria","6°50'00,000N","4°33'00,000E","experimental site","Alley cropping","WNE + WE",TRUE,TRUE,FALSE
"2836","394",3,1,1,1,0,0,2,2,"HE","WNE, HE, WE","Costa Rica","9°37'00,000N","82°48'00,000W","working farm","Alley cropping","Multi-type",TRUE,TRUE,TRUE
"2837","3940",2,1,1,0,0,0,1,2,"WE","WNE, WE","Nigeria","6°04'00,000N","5°52'00,000E","experimental site","Alley cropping","WNE + WE",TRUE,TRUE,FALSE
"2838","3941",2,1,1,0,0,0,1,2,"WE","WNE, WE","Nigeria","4.8786","6.7445","experimental site","Alley cropping","WNE + WE",TRUE,TRUE,FALSE
"2839","3942",2,1,1,0,0,0,1,2,"WE","WNE, WE","Nigeria","5°30'00,000N","7°32'00,000E","experimental site","Alley cropping","WNE + WE",TRUE,TRUE,FALSE
"2840","3943",2,1,1,0,0,0,1,2,"WE","WNE, WE","Nigeria","5°00'00,000N","8°30'00,000E","experimental site","Alley cropping","WNE + WE",TRUE,TRUE,FALSE
"2841","3944",2,1,1,0,0,0,1,2,"WE","WNE, WE","Nigeria","6°15'00,000N","8°15'00,000E","experimental site","Alley cropping","WNE + WE",TRUE,TRUE,FALSE
"2842","3945",2,1,1,0,0,0,1,2,"WE","WNE, WE","Nigeria","6°50'00,000N","4°33'00,000E","experimental site","Alley cropping","WNE + WE",TRUE,TRUE,FALSE
"2843","3946",2,1,1,0,0,0,1,2,"WE","WNE, WE","Nigeria","6°04'00,000N","5°52'00,000E","experimental site","Alley cropping","WNE + WE",TRUE,TRUE,FALSE
"2844","3947",2,1,1,0,0,0,1,2,"WE","WNE, WE","Nigeria","4.8786","6.7445","experimental site","Alley cropping","WNE + WE",TRUE,TRUE,FALSE
"2845","3948",2,1,1,0,0,0,1,2,"WE","WNE, WE","Nigeria","5°30'00,000N","7°32'00,000E","experimental site","Alley cropping","WNE + WE",TRUE,TRUE,FALSE
"2846","3949",2,1,1,0,0,0,1,2,"WE","WNE, WE","Nigeria","5°00'00,000N","8°30'00,000E","experimental site","Alley cropping","WNE + WE",TRUE,TRUE,FALSE
"2847","394_1",3,1,1,1,0,0,2,2,"HE","WNE, HE, WE","Costa Rica","9°37'00,000N","82°48'00,000W","working farm","Alley cropping","Multi-type",TRUE,TRUE,TRUE
"2848","394_2",3,1,1,1,0,0,2,2,"HE","WNE, HE, WE","Costa Rica","9°37'00,000N","82°48'00,000W","working farm","Alley cropping","Multi-type",TRUE,TRUE,TRUE
"2849","395",2,2,0,0,0,0,2,2,"WE","WE","France",NA,NA,"experimental site","Alley cropping","Edible only",FALSE,TRUE,FALSE
"2850","3950",2,1,1,0,0,0,1,2,"WE","WNE, WE","Nigeria","6°15'00,000N","8°15'00,000E","experimental site","Alley cropping","WNE + WE",TRUE,TRUE,FALSE
"2851","3951",2,1,1,0,0,0,1,2,"WE","WNE, WE","Nigeria","6°50'00,000N","4°33'00,000E","experimental site","Alley cropping","WNE + WE",TRUE,TRUE,FALSE
"2852","3952",2,1,1,0,0,0,1,2,"WE","WNE, WE","Nigeria","6°04'00,000N","5°52'00,000E","experimental site","Alley cropping","WNE + WE",TRUE,TRUE,FALSE
"2853","3953",2,1,1,0,0,0,1,2,"WE","WNE, WE","Nigeria","4.8786","6.7445","experimental site","Alley cropping","WNE + WE",TRUE,TRUE,FALSE
"2854","3954",2,1,1,0,0,0,1,2,"WE","WNE, WE","Nigeria","5°30'00,000N","7°32'00,000E","experimental site","Alley cropping","WNE + WE",TRUE,TRUE,FALSE
"2855","3955",2,1,1,0,0,0,1,2,"WE","WNE, WE","Nigeria","5°00'00,000N","8°30'00,000E","experimental site","Alley cropping","WNE + WE",TRUE,TRUE,FALSE
"2856","3956",2,1,1,0,0,0,1,2,"WE","WNE, WE","Nigeria","6°15'00,000N","8°15'00,000E","experimental site","Alley cropping","WNE + WE",TRUE,TRUE,FALSE
"2857","3957",2,1,1,0,0,0,1,2,"WE","WNE, WE","Nigeria","6°50'00,000N","4°33'00,000E","experimental site","Alley cropping","WNE + WE",TRUE,TRUE,FALSE
"2858","3958",2,1,1,0,0,0,1,2,"WE","WNE, WE","Nigeria","6°04'00,000N","5°52'00,000E","experimental site","Alley cropping","WNE + WE",TRUE,TRUE,FALSE
"2859","3959",2,1,1,0,0,0,1,2,"WE","WNE, WE","Nigeria","4.8786","6.7445","experimental site","Alley cropping","WNE + WE",TRUE,TRUE,FALSE
"2860","396",2,2,0,0,0,0,2,2,"WE","WE","France",NA,NA,"experimental site","Alley cropping","Edible only",FALSE,TRUE,FALSE
"2861","3960",2,1,1,0,0,0,1,2,"WE","WNE, WE","Nigeria","5°30'00,000N","7°32'00,000E","experimental site","Alley cropping","WNE + WE",TRUE,TRUE,FALSE
"2862","3961",2,1,1,0,0,0,1,2,"WE","WNE, WE","Nigeria","5°00'00,000N","8°30'00,000E","experimental site","Alley cropping","WNE + WE",TRUE,TRUE,FALSE
"2863","3962",2,1,1,0,0,0,1,2,"WE","WNE, WE","Nigeria","6°15'00,000N","8°15'00,000E","experimental site","Alley cropping","WNE + WE",TRUE,TRUE,FALSE
"2864","3963",2,1,1,0,0,0,1,2,"WE","WNE, WE","Nigeria","6°50'00,000N","4°33'00,000E","experimental site","Alley cropping","WNE + WE",TRUE,TRUE,FALSE
"2865","3964",2,1,1,0,0,0,1,2,"WE","WNE, WE","Nigeria","6°04'00,000N","5°52'00,000E","experimental site","Alley cropping","WNE + WE",TRUE,TRUE,FALSE
"2866","3965",2,1,1,0,0,0,1,2,"WE","WNE, WE","Nigeria","4.8786","6.7445","experimental site","Alley cropping","WNE + WE",TRUE,TRUE,FALSE
"2867","3966",2,1,1,0,0,0,1,2,"WE","WNE, WE","Nigeria","5°30'00,000N","7°32'00,000E","experimental site","Alley cropping","WNE + WE",TRUE,TRUE,FALSE
"2868","3967",2,1,1,0,0,0,1,2,"WE","WNE, WE","Nigeria","5°00'00,000N","8°30'00,000E","experimental site","Alley cropping","WNE + WE",TRUE,TRUE,FALSE
"2869","3968",2,1,1,0,0,0,1,2,"WE","WNE, WE","Nigeria","6°15'00,000N","8°15'00,000E","experimental site","Alley cropping","WNE + WE",TRUE,TRUE,FALSE
"2870","3969",2,1,1,0,0,0,1,2,"WE","WNE, WE","Nigeria","6°50'00,000N","4°33'00,000E","experimental site","Alley cropping","WNE + WE",TRUE,TRUE,FALSE
"2871","397",3,1,1,1,0,1,2,2,"HE","WNE, HE, WE","India","10°13'00,000N","76°13'00,000E","working farm","Multi-strata systems","Multi-type",TRUE,TRUE,TRUE
"2872","3970",2,1,1,0,0,0,1,2,"WE","WNE, WE","Nigeria","6°04'00,000N","5°52'00,000E","experimental site","Alley cropping","WNE + WE",TRUE,TRUE,FALSE
"2873","3971",2,1,1,0,0,0,1,2,"WE","WNE, WE","Nigeria","4.8786","6.7445","experimental site","Alley cropping","WNE + WE",TRUE,TRUE,FALSE
"2874","3972",2,1,1,0,0,0,1,2,"WE","WNE, WE","Nigeria","5°30'00,000N","7°32'00,000E","experimental site","Alley cropping","WNE + WE",TRUE,TRUE,FALSE
"2875","3973",2,1,1,0,0,0,1,2,"WE","WNE, WE","Nigeria","5°00'00,000N","8°30'00,000E","experimental site","Alley cropping","WNE + WE",TRUE,TRUE,FALSE
"2876","3974",2,1,1,0,0,0,1,2,"WE","WNE, WE","Nigeria","6°15'00,000N","8°15'00,000E","experimental site","Alley cropping","WNE + WE",TRUE,TRUE,FALSE
"2877","3975",2,0,1,1,0,0,1,1,"HE","WNE, WE","Nigeria","6°50'00,000N","4°33'00,000E","experimental site","Alley cropping","WNE + WE",TRUE,TRUE,FALSE
"2878","3976",2,0,1,1,0,0,1,1,"HE","WNE, WE","Nigeria","6°04'00,000N","5°52'00,000E","experimental site","Alley cropping","WNE + WE",TRUE,TRUE,FALSE
"2879","3977",2,0,1,1,0,0,1,1,"HE","WNE, WE","Nigeria","4.8786","6.7445","experimental site","Alley cropping","WNE + WE",TRUE,TRUE,FALSE
"2880","3978",2,0,1,1,0,0,1,1,"HE","WNE, WE","Nigeria","5°30'00,000N","7°32'00,000E","experimental site","Alley cropping","WNE + WE",TRUE,TRUE,FALSE
"2881","3979",2,0,1,1,0,0,1,1,"HE","WNE, WE","Nigeria","5°00'00,000N","8°30'00,000E","experimental site","Alley cropping","WNE + WE",TRUE,TRUE,FALSE
"2882","398",3,1,1,1,0,1,2,2,"HE","WNE, HE, WE","India","10°13'00,000N","76°13'00,000E","working farm","Multi-strata systems","Multi-type",TRUE,TRUE,TRUE
"2883","3980",2,0,1,1,0,0,1,1,"HE","WNE, WE","Nigeria","6°15'00,000N","8°15'00,000E","experimental site","Alley cropping","WNE + WE",TRUE,TRUE,FALSE
"2884","3981",2,0,1,1,0,0,1,1,"HE","WNE, WE","Nigeria","6°50'00,000N","4°33'00,000E","experimental site","Alley cropping","WNE + WE",TRUE,TRUE,FALSE
"2885","3982",2,0,1,1,0,0,1,1,"HE","WNE, WE","Nigeria","6°04'00,000N","5°52'00,000E","experimental site","Alley cropping","WNE + WE",TRUE,TRUE,FALSE
"2886","3983",2,0,1,1,0,0,1,1,"HE","WNE, WE","Nigeria","4.8786","6.7445","experimental site","Alley cropping","WNE + WE",TRUE,TRUE,FALSE
"2887","3984",2,0,1,1,0,0,1,1,"HE","WNE, WE","Nigeria","5°30'00,000N","7°32'00,000E","experimental site","Alley cropping","WNE + WE",TRUE,TRUE,FALSE
"2888","3985",2,0,1,1,0,0,1,1,"HE","WNE, WE","Nigeria","5°00'00,000N","8°30'00,000E","experimental site","Alley cropping","WNE + WE",TRUE,TRUE,FALSE
"2889","3986",2,0,1,1,0,0,1,1,"HE","WNE, WE","Nigeria","6°15'00,000N","8°15'00,000E","experimental site","Alley cropping","WNE + WE",TRUE,TRUE,FALSE
"2890","3987",2,0,1,1,0,0,1,1,"HE","WNE, WE","Nigeria","6°50'00,000N","4°33'00,000E","experimental site","Alley cropping","WNE + WE",TRUE,TRUE,FALSE
"2891","3988",2,0,1,1,0,0,1,1,"HE","WNE, WE","Nigeria","6°04'00,000N","5°52'00,000E","experimental site","Alley cropping","WNE + WE",TRUE,TRUE,FALSE
"2892","3989",2,0,1,1,0,0,1,1,"HE","WNE, WE","Nigeria","4.8786","6.7445","experimental site","Alley cropping","WNE + WE",TRUE,TRUE,FALSE
"2893","399",3,1,1,1,0,1,2,2,"HE","WNE, HE, WE","India","10°13'00,000N","76°13'00,000E","working farm","Multi-strata systems","Multi-type",TRUE,TRUE,TRUE
"2894","3990",2,0,1,1,0,0,1,1,"HE","WNE, WE","Nigeria","5°30'00,000N","7°32'00,000E","experimental site","Alley cropping","WNE + WE",TRUE,TRUE,FALSE
"2895","3991",2,0,1,1,0,0,1,1,"HE","WNE, WE","Nigeria","5°00'00,000N","8°30'00,000E","experimental site","Alley cropping","WNE + WE",TRUE,TRUE,FALSE
"2896","3992",2,0,1,1,0,0,1,1,"HE","WNE, WE","Nigeria","6°15'00,000N","8°15'00,000E","experimental site","Alley cropping","WNE + WE",TRUE,TRUE,FALSE
"2897","3993",2,0,1,1,0,0,1,1,"HE","WNE, WE","Nigeria","6°50'00,000N","4°33'00,000E","experimental site","Alley cropping","WNE + WE",TRUE,TRUE,FALSE
"2898","3994",2,0,1,1,0,0,1,1,"HE","WNE, WE","Nigeria","6°04'00,000N","5°52'00,000E","experimental site","Alley cropping","WNE + WE",TRUE,TRUE,FALSE
"2899","3995",2,0,1,1,0,0,1,1,"HE","WNE, WE","Nigeria","4.8786","6.7445","experimental site","Alley cropping","WNE + WE",TRUE,TRUE,FALSE
"2900","3996",2,0,1,1,0,0,1,1,"HE","WNE, WE","Nigeria","5°30'00,000N","7°32'00,000E","experimental site","Alley cropping","WNE + WE",TRUE,TRUE,FALSE
"2901","3997",2,0,1,1,0,0,1,1,"HE","WNE, WE","Nigeria","5°00'00,000N","8°30'00,000E","experimental site","Alley cropping","WNE + WE",TRUE,TRUE,FALSE
"2902","3998",2,0,1,1,0,0,1,1,"HE","WNE, WE","Nigeria","6°15'00,000N","8°15'00,000E","experimental site","Alley cropping","WNE + WE",TRUE,TRUE,FALSE
"2903","3999",2,0,1,1,0,0,1,1,"HE","WNE, WE","Nigeria","6°50'00,000N","4°33'00,000E","experimental site","Alley cropping","WNE + WE",TRUE,TRUE,FALSE
"2904","4",3,1,0,2,0,0,3,1,"HE","HE, WE","Philippines","10°44'00,000N","124°48'00,000E","experimental site","Alley cropping","Edible only",FALSE,TRUE,TRUE
"2905","40",3,1,1,1,0,1,2,2,"HE","WNE, HE, WE","Panama","9°23'00,000N","82°34'00,000W","working farm","Alley cropping","Multi-type",TRUE,TRUE,TRUE
"2906","400",3,1,1,1,0,1,2,2,"HE","WNE, HE, WE","India","10°13'00,000N","76°13'00,000E","working farm","Multi-strata systems","Multi-type",TRUE,TRUE,TRUE
"2907","4000",2,0,1,1,0,0,1,1,"HE","WNE, WE","Nigeria","6°04'00,000N","5°52'00,000E","experimental site","Alley cropping","WNE + WE",TRUE,TRUE,FALSE
"2908","4001",2,0,1,1,0,0,1,1,"HE","WNE, WE","Nigeria","4.8786","6.7445","experimental site","Alley cropping","WNE + WE",TRUE,TRUE,FALSE
"2909","4002",2,0,1,1,0,0,1,1,"HE","WNE, WE","Nigeria","5°30'00,000N","7°32'00,000E","experimental site","Alley cropping","WNE + WE",TRUE,TRUE,FALSE
"2910","4003",2,0,1,1,0,0,1,1,"HE","WNE, WE","Nigeria","5°00'00,000N","8°30'00,000E","experimental site","Alley cropping","WNE + WE",TRUE,TRUE,FALSE
"2911","4004",2,0,1,1,0,0,1,1,"HE","WNE, WE","Nigeria","6°15'00,000N","8°15'00,000E","experimental site","Alley cropping","WNE + WE",TRUE,TRUE,FALSE
"2912","4005",2,0,1,1,0,0,1,1,"HE","WNE, WE","Nigeria","6°50'00,000N","4°33'00,000E","experimental site","Alley cropping","WNE + WE",TRUE,TRUE,FALSE
"2913","4006",2,0,1,1,0,0,1,1,"HE","WNE, WE","Nigeria","6°04'00,000N","5°52'00,000E","experimental site","Alley cropping","WNE + WE",TRUE,TRUE,FALSE
"2914","4007",2,0,1,1,0,0,1,1,"HE","WNE, WE","Nigeria","4.8786","6.7445","experimental site","Alley cropping","WNE + WE",TRUE,TRUE,FALSE
"2915","4008",2,0,1,1,0,0,1,1,"HE","WNE, WE","Nigeria","5°30'00,000N","7°32'00,000E","experimental site","Alley cropping","WNE + WE",TRUE,TRUE,FALSE
"2916","4009",2,0,1,1,0,0,1,1,"HE","WNE, WE","Nigeria","5°00'00,000N","8°30'00,000E","experimental site","Alley cropping","WNE + WE",TRUE,TRUE,FALSE
"2917","401",3,1,1,1,0,2,2,2,"HE","HE, WE","India","10°13'00,000N","76°13'00,000E","working farm","Multi-strata systems","Edible only",FALSE,TRUE,TRUE
"2918","4010",2,0,1,1,0,0,1,1,"HE","WNE, WE","Nigeria","6°15'00,000N","8°15'00,000E","experimental site","Alley cropping","WNE + WE",TRUE,TRUE,FALSE
"2919","4011",2,0,1,1,0,0,1,1,"HE","WNE, WE","Nigeria","6°50'00,000N","4°33'00,000E","experimental site","Alley cropping","WNE + WE",TRUE,TRUE,FALSE
"2920","4012",2,0,1,1,0,0,1,1,"HE","WNE, WE","Nigeria","6°04'00,000N","5°52'00,000E","experimental site","Alley cropping","WNE + WE",TRUE,TRUE,FALSE
"2921","4013",2,0,1,1,0,0,1,1,"HE","WNE, WE","Nigeria","4.8786","6.7445","experimental site","Alley cropping","WNE + WE",TRUE,TRUE,FALSE
"2922","4014",2,0,1,1,0,0,1,1,"HE","WNE, WE","Nigeria","5°30'00,000N","7°32'00,000E","experimental site","Alley cropping","WNE + WE",TRUE,TRUE,FALSE
"2923","4015",2,0,1,1,0,0,1,1,"HE","WNE, WE","Nigeria","5°00'00,000N","8°30'00,000E","experimental site","Alley cropping","WNE + WE",TRUE,TRUE,FALSE
"2924","4016",2,0,1,1,0,0,1,1,"HE","WNE, WE","Nigeria","6°15'00,000N","8°15'00,000E","experimental site","Alley cropping","WNE + WE",TRUE,TRUE,FALSE
"2925","4017",2,0,1,1,0,0,1,1,"HE","WNE, WE","Nigeria","6°50'00,000N","4°33'00,000E","experimental site","Alley cropping","WNE + WE",TRUE,TRUE,FALSE
"2926","4018",2,0,1,1,0,0,1,1,"HE","WNE, WE","Nigeria","6°04'00,000N","5°52'00,000E","experimental site","Alley cropping","WNE + WE",TRUE,TRUE,FALSE
"2927","4019",2,0,1,1,0,0,1,1,"HE","WNE, WE","Nigeria","4.8786","6.7445","experimental site","Alley cropping","WNE + WE",TRUE,TRUE,FALSE
"2928","402",3,1,1,1,0,2,2,2,"HE","HE, WE","India","10°13'00,000N","76°13'00,000E","working farm","Multi-strata systems","Edible only",FALSE,TRUE,TRUE
"2929","4020",2,0,1,1,0,0,1,1,"HE","WNE, WE","Nigeria","5°30'00,000N","7°32'00,000E","experimental site","Alley cropping","WNE + WE",TRUE,TRUE,FALSE
"2930","4021",2,0,1,1,0,0,1,1,"HE","WNE, WE","Nigeria","5°00'00,000N","8°30'00,000E","experimental site","Alley cropping","WNE + WE",TRUE,TRUE,FALSE
"2931","4022",2,0,1,1,0,0,1,1,"HE","WNE, WE","Nigeria","6°15'00,000N","8°15'00,000E","experimental site","Alley cropping","WNE + WE",TRUE,TRUE,FALSE
"2932","4023",2,0,1,1,0,0,1,1,"HE","WNE, WE","Nigeria","6°50'00,000N","4°33'00,000E","experimental site","Alley cropping","WNE + WE",TRUE,TRUE,FALSE
"2933","4024",2,0,1,1,0,0,1,1,"HE","WNE, WE","Nigeria","6°04'00,000N","5°52'00,000E","experimental site","Alley cropping","WNE + WE",TRUE,TRUE,FALSE
"2934","4025",2,0,1,1,0,0,1,1,"HE","WNE, WE","Nigeria","4.8786","6.7445","experimental site","Alley cropping","WNE + WE",TRUE,TRUE,FALSE
"2935","4026",2,0,1,1,0,0,1,1,"HE","WNE, WE","Nigeria","5°30'00,000N","7°32'00,000E","experimental site","Alley cropping","WNE + WE",TRUE,TRUE,FALSE
"2936","4027",2,0,1,1,0,0,1,1,"HE","WNE, WE","Nigeria","5°00'00,000N","8°30'00,000E","experimental site","Alley cropping","WNE + WE",TRUE,TRUE,FALSE
"2937","4028",2,0,1,1,0,0,1,1,"HE","WNE, WE","Nigeria","6°15'00,000N","8°15'00,000E","experimental site","Alley cropping","WNE + WE",TRUE,TRUE,FALSE
"2938","4029",2,0,1,1,0,0,1,1,"HE","WNE, WE","Nigeria","6°50'00,000N","4°33'00,000E","experimental site","Alley cropping","WNE + WE",TRUE,TRUE,FALSE
"2939","403",2,1,0,1,0,1,2,1,"HE","HE, WE","India","10°13'00,000N","76°13'00,000E","working farm","Multi-strata systems","Edible only",FALSE,TRUE,TRUE
"2940","4030",2,0,1,1,0,0,1,1,"HE","WNE, WE","Nigeria","6°04'00,000N","5°52'00,000E","experimental site","Alley cropping","WNE + WE",TRUE,TRUE,FALSE
"2941","4031",2,0,1,1,0,0,1,1,"HE","WNE, WE","Nigeria","4.8786","6.7445","experimental site","Alley cropping","WNE + WE",TRUE,TRUE,FALSE
"2942","4032",2,0,1,1,0,0,1,1,"HE","WNE, WE","Nigeria","5°30'00,000N","7°32'00,000E","experimental site","Alley cropping","WNE + WE",TRUE,TRUE,FALSE
"2943","4033",2,0,1,1,0,0,1,1,"HE","WNE, WE","Nigeria","5°00'00,000N","8°30'00,000E","experimental site","Alley cropping","WNE + WE",TRUE,TRUE,FALSE
"2944","4034",2,0,1,1,0,0,1,1,"HE","WNE, WE","Nigeria","6°15'00,000N","8°15'00,000E","experimental site","Alley cropping","WNE + WE",TRUE,TRUE,FALSE
"2945","4035",2,0,1,1,0,0,1,1,"HE","WNE, WE","Nigeria","6°50'00,000N","4°33'00,000E","experimental site","Alley cropping","WNE + WE",TRUE,TRUE,FALSE
"2946","4036",2,0,1,1,0,0,1,1,"HE","WNE, WE","Nigeria","6°04'00,000N","5°52'00,000E","experimental site","Alley cropping","WNE + WE",TRUE,TRUE,FALSE
"2947","4037",2,0,1,1,0,0,1,1,"HE","WNE, WE","Nigeria","4.8786","6.7445","experimental site","Alley cropping","WNE + WE",TRUE,TRUE,FALSE
"2948","4038",2,0,1,1,0,0,1,1,"HE","WNE, WE","Nigeria","5°30'00,000N","7°32'00,000E","experimental site","Alley cropping","WNE + WE",TRUE,TRUE,FALSE
"2949","4039",2,0,1,1,0,0,1,1,"HE","WNE, WE","Nigeria","5°00'00,000N","8°30'00,000E","experimental site","Alley cropping","WNE + WE",TRUE,TRUE,FALSE
"2950","404",2,1,0,1,0,0,2,1,"HE","HE, WE","Italy","42°43'00,000N","12°02'00,000E","working farm","Alley cropping","Edible only",FALSE,TRUE,TRUE
"2951","4040",2,0,1,1,0,0,1,1,"HE","WNE, WE","Nigeria","6°15'00,000N","8°15'00,000E","experimental site","Alley cropping","WNE + WE",TRUE,TRUE,FALSE
"2952","4041",2,0,1,1,0,0,1,1,"HE","WNE, WE","Nigeria","6°50'00,000N","4°33'00,000E","experimental site","Alley cropping","WNE + WE",TRUE,TRUE,FALSE
"2953","4042",2,0,1,1,0,0,1,1,"HE","WNE, WE","Nigeria","6°04'00,000N","5°52'00,000E","experimental site","Alley cropping","WNE + WE",TRUE,TRUE,FALSE
"2954","4043",2,0,1,1,0,0,1,1,"HE","WNE, WE","Nigeria","4.8786","6.7445","experimental site","Alley cropping","WNE + WE",TRUE,TRUE,FALSE
"2955","4044",2,0,1,1,0,0,1,1,"HE","WNE, WE","Nigeria","5°30'00,000N","7°32'00,000E","experimental site","Alley cropping","WNE + WE",TRUE,TRUE,FALSE
"2956","4045",2,0,1,1,0,0,1,1,"HE","WNE, WE","Nigeria","5°00'00,000N","8°30'00,000E","experimental site","Alley cropping","WNE + WE",TRUE,TRUE,FALSE
"2957","4046",2,0,1,1,0,0,1,1,"HE","WNE, WE","Nigeria","6°15'00,000N","8°15'00,000E","experimental site","Alley cropping","WNE + WE",TRUE,TRUE,FALSE
"2958","4047",2,0,1,1,0,0,1,1,"HE","WNE, WE","Nigeria","6°50'00,000N","4°33'00,000E","experimental site","Alley cropping","WNE + WE",TRUE,TRUE,FALSE
"2959","4048",2,0,1,1,0,0,1,1,"HE","WNE, WE","Nigeria","6°04'00,000N","5°52'00,000E","experimental site","Alley cropping","WNE + WE",TRUE,TRUE,FALSE
"2960","4049",2,0,1,1,0,0,1,1,"HE","WNE, WE","Nigeria","4.8786","6.7445","experimental site","Alley cropping","WNE + WE",TRUE,TRUE,FALSE
"2961","405",2,1,0,1,0,0,2,1,"HE","HE, WE","Italy","42°43'00,000N","12°02'00,000E","working farm","Alley cropping","Edible only",FALSE,TRUE,TRUE
"2962","4050",2,0,1,1,0,0,1,1,"HE","WNE, WE","Nigeria","5°30'00,000N","7°32'00,000E","experimental site","Alley cropping","WNE + WE",TRUE,TRUE,FALSE
"2963","4051",2,0,1,1,0,0,1,1,"HE","WNE, WE","Nigeria","5°00'00,000N","8°30'00,000E","experimental site","Alley cropping","WNE + WE",TRUE,TRUE,FALSE
"2964","4052",2,0,1,1,0,0,1,1,"HE","WNE, WE","Nigeria","6°15'00,000N","8°15'00,000E","experimental site","Alley cropping","WNE + WE",TRUE,TRUE,FALSE
"2965","4053",2,0,1,1,0,0,1,1,"HE","WNE, WE","Nigeria","6°50'00,000N","4°33'00,000E","experimental site","Alley cropping","WNE + WE",TRUE,TRUE,FALSE
"2966","4054",2,0,1,1,0,0,1,1,"HE","WNE, WE","Nigeria","6°04'00,000N","5°52'00,000E","experimental site","Alley cropping","WNE + WE",TRUE,TRUE,FALSE
"2967","4055",2,0,1,1,0,0,1,1,"HE","WNE, WE","Nigeria","4.8786","6.7445","experimental site","Alley cropping","WNE + WE",TRUE,TRUE,FALSE
"2968","4056",2,0,1,1,0,0,1,1,"HE","WNE, WE","Nigeria","5°30'00,000N","7°32'00,000E","experimental site","Alley cropping","WNE + WE",TRUE,TRUE,FALSE
"2969","4057",2,0,1,1,0,0,1,1,"HE","WNE, WE","Nigeria","5°00'00,000N","8°30'00,000E","experimental site","Alley cropping","WNE + WE",TRUE,TRUE,FALSE
"2970","4058",2,0,1,1,0,0,1,1,"HE","WNE, WE","Nigeria","6°15'00,000N","8°15'00,000E","experimental site","Alley cropping","WNE + WE",TRUE,TRUE,FALSE
"2971","4059",2,0,1,1,0,0,1,1,"HE","WNE, WE","Nigeria","6°50'00,000N","4°33'00,000E","experimental site","Alley cropping","WNE + WE",TRUE,TRUE,FALSE
"2972","406",2,0,1,1,0,0,1,1,"HE","WNE, HE","Italy","42°43'00,000N","12°02'00,000E","working farm","Alley cropping","WNE + HE",TRUE,FALSE,TRUE
"2973","4060",2,0,1,1,0,0,1,1,"HE","WNE, WE","Nigeria","6°04'00,000N","5°52'00,000E","experimental site","Alley cropping","WNE + WE",TRUE,TRUE,FALSE
"2974","4061",2,0,1,1,0,0,1,1,"HE","WNE, WE","Nigeria","4.8786","6.7445","experimental site","Alley cropping","WNE + WE",TRUE,TRUE,FALSE
"2975","4062",2,0,1,1,0,0,1,1,"HE","WNE, WE","Nigeria","5°30'00,000N","7°32'00,000E","experimental site","Alley cropping","WNE + WE",TRUE,TRUE,FALSE
"2976","4063",2,0,1,1,0,0,1,1,"HE","WNE, WE","Nigeria","5°00'00,000N","8°30'00,000E","experimental site","Alley cropping","WNE + WE",TRUE,TRUE,FALSE
"2977","4064",2,0,1,1,0,0,1,1,"HE","WNE, WE","Nigeria","6°15'00,000N","8°15'00,000E","experimental site","Alley cropping","WNE + WE",TRUE,TRUE,FALSE
"2978","4065",2,0,1,1,0,0,1,1,"HE","WNE, WE","Nigeria","6°50'00,000N","4°33'00,000E","experimental site","Alley cropping","WNE + WE",TRUE,TRUE,FALSE
"2979","4066",2,0,1,1,0,0,1,1,"HE","WNE, WE","Nigeria","6°04'00,000N","5°52'00,000E","experimental site","Alley cropping","WNE + WE",TRUE,TRUE,FALSE
"2980","4067",2,0,1,1,0,0,1,1,"HE","WNE, WE","Nigeria","4.8786","6.7445","experimental site","Alley cropping","WNE + WE",TRUE,TRUE,FALSE
"2981","4068",2,0,1,1,0,0,1,1,"HE","WNE, WE","Nigeria","5°30'00,000N","7°32'00,000E","experimental site","Alley cropping","WNE + WE",TRUE,TRUE,FALSE
"2982","4069",2,0,1,1,0,0,1,1,"HE","WNE, WE","Nigeria","5°00'00,000N","8°30'00,000E","experimental site","Alley cropping","WNE + WE",TRUE,TRUE,FALSE
"2983","407",2,0,1,1,0,0,1,1,"HE","WNE, HE","Italy","42°43'00,000N","12°02'00,000E","working farm","Alley cropping","WNE + HE",TRUE,FALSE,TRUE
"2984","4070",2,0,1,1,0,0,1,1,"HE","WNE, WE","Nigeria","6°15'00,000N","8°15'00,000E","experimental site","Alley cropping","WNE + WE",TRUE,TRUE,FALSE
"2985","4071",2,0,1,1,0,0,1,1,"HE","WNE, WE","Nigeria","6°50'00,000N","4°33'00,000E","experimental site","Alley cropping","WNE + WE",TRUE,TRUE,FALSE
"2986","4072",2,0,1,1,0,0,1,1,"HE","WNE, WE","Nigeria","6°04'00,000N","5°52'00,000E","experimental site","Alley cropping","WNE + WE",TRUE,TRUE,FALSE
"2987","4073",2,0,1,1,0,0,1,1,"HE","WNE, WE","Nigeria","4.8786","6.7445","experimental site","Alley cropping","WNE + WE",TRUE,TRUE,FALSE
"2988","4074",2,0,1,1,0,0,1,1,"HE","WNE, WE","Nigeria","5°30'00,000N","7°32'00,000E","experimental site","Alley cropping","WNE + WE",TRUE,TRUE,FALSE
"2989","4075",2,0,1,1,0,0,1,1,"HE","WNE, WE","Nigeria","5°00'00,000N","8°30'00,000E","experimental site","Alley cropping","WNE + WE",TRUE,TRUE,FALSE
"2990","4076",2,0,1,1,0,0,1,1,"HE","WNE, WE","Nigeria","6°15'00,000N","8°15'00,000E","experimental site","Alley cropping","WNE + WE",TRUE,TRUE,FALSE
"2991","4077",2,0,1,1,0,0,1,1,"HE","WNE, WE","Nigeria","6°50'00,000N","4°33'00,000E","experimental site","Alley cropping","WNE + WE",TRUE,TRUE,FALSE
"2992","4078",2,0,1,1,0,0,1,1,"HE","WNE, WE","Nigeria","6°04'00,000N","5°52'00,000E","experimental site","Alley cropping","WNE + WE",TRUE,TRUE,FALSE
"2993","4079",2,0,1,1,0,0,1,1,"HE","WNE, WE","Nigeria","4.8786","6.7445","experimental site","Alley cropping","WNE + WE",TRUE,TRUE,FALSE
"2994","408",2,0,1,1,0,0,1,1,"HE","WNE, HE","India","29°40'0.0012N","76°49'59.9988E","experimental site","Alley cropping","WNE + HE",TRUE,FALSE,TRUE
"2995","4080",2,0,1,1,0,0,1,1,"HE","WNE, WE","Nigeria","5°30'00,000N","7°32'00,000E","experimental site","Alley cropping","WNE + WE",TRUE,TRUE,FALSE
"2996","4081",2,0,1,1,0,0,1,1,"HE","WNE, WE","Nigeria","5°00'00,000N","8°30'00,000E","experimental site","Alley cropping","WNE + WE",TRUE,TRUE,FALSE
"2997","4082",2,0,1,1,0,0,1,1,"HE","WNE, WE","Nigeria","6°15'00,000N","8°15'00,000E","experimental site","Alley cropping","WNE + WE",TRUE,TRUE,FALSE
"2998","4087",2,1,0,1,0,0,2,1,"HE","HE, WE","Tanzania","6°50'00,000S","37°40'00,000E","working farm","Alley cropping","Edible only",FALSE,TRUE,TRUE
"2999","4088",2,1,0,1,0,0,2,1,"HE","HE, WE","Tanzania","6°50'00,000S","37°40'00,000E","working farm","Alley cropping","Edible only",FALSE,TRUE,TRUE
"3000","4089",2,1,0,1,0,0,2,1,"HE","HE, WE","Tanzania","6°50'00,000S","37°40'00,000E","working farm","Alley cropping","Edible only",FALSE,TRUE,TRUE
"3001","4090",2,1,0,1,0,0,2,1,"HE","HE, WE","Tanzania","6°50'00,000S","37°40'00,000E","working farm","Alley cropping","Edible only",FALSE,TRUE,TRUE
"3002","4091",2,1,0,1,0,0,2,1,"HE","HE, WE","Tanzania","6°50'00,000S","37°40'00,000E","working farm","Alley cropping","Edible only",FALSE,TRUE,TRUE
"3003","4092",2,1,0,1,0,0,2,1,"HE","HE, WE","Tanzania","6°50'00,000S","37°40'00,000E","working farm","Alley cropping","Edible only",FALSE,TRUE,TRUE
"3004","4093",2,0,1,1,0,0,1,1,"HE","WNE, HE","Tanzania","6°50'00,000S","37°40'00,000E","working farm","Alley cropping","WNE + HE",TRUE,FALSE,TRUE
"3005","4094",2,0,1,1,0,0,1,1,"HE","WNE, HE","Tanzania","6°50'00,000S","37°40'00,000E","working farm","Alley cropping","WNE + HE",TRUE,FALSE,TRUE
"3006","4095",2,1,0,1,0,0,2,1,"HE","HE, WE","United Kingdom",NA,NA,"working farm","Alley cropping","Edible only",FALSE,TRUE,TRUE
"3007","4096",2,1,0,1,0,0,2,1,"HE","HE, WE","United Kingdom",NA,NA,"working farm","Alley cropping","Edible only",FALSE,TRUE,TRUE
"3008","4097",2,1,0,1,0,0,2,1,"HE","HE, WE","United Kingdom",NA,NA,"working farm","Alley cropping","Edible only",FALSE,TRUE,TRUE
"3009","4098",2,1,0,1,0,0,2,1,"HE","HE, WE","United Kingdom",NA,NA,"working farm","Alley cropping","Edible only",FALSE,TRUE,TRUE
"3010","4099",2,1,0,1,0,0,2,1,"HE","HE, WE","United Kingdom",NA,NA,"working farm","Alley cropping","Edible only",FALSE,TRUE,TRUE
"3011","41",3,1,1,1,0,1,2,2,"HE","WNE, HE, WE","Panama","9°23'00,000N","82°34'00,000W","working farm","Alley cropping","Multi-type",TRUE,TRUE,TRUE
"3012","4100",2,1,0,1,0,0,2,1,"HE","HE, WE","United Kingdom",NA,NA,"working farm","Alley cropping","Edible only",FALSE,TRUE,TRUE
"3013","4101",3,1,0,2,0,0,3,1,"HE","HE, WE","Nigeria",NA,NA,"working farm","Hedgerows","Edible only",FALSE,TRUE,TRUE
"3014","4102",3,1,0,2,0,0,3,1,"HE","HE, WE","Nigeria",NA,NA,"working farm","Hedgerows","Edible only",FALSE,TRUE,TRUE
"3015","4103",3,0,1,2,0,0,2,1,"HE","WNE, HE","Nigeria",NA,NA,"working farm","Hedgerows","WNE + HE",TRUE,FALSE,TRUE
"3016","4104",3,0,1,2,0,0,2,1,"HE","WNE, HE","Nigeria",NA,NA,"working farm","Hedgerows","WNE + HE",TRUE,FALSE,TRUE
"3017","4105",3,1,0,2,0,0,3,1,"HE","HE, WE","Nigeria",NA,NA,"working farm","Hedgerows","Edible only",FALSE,TRUE,TRUE
"3018","4106",3,1,0,2,0,0,3,1,"HE","HE, WE","Nigeria",NA,NA,"working farm","Hedgerows","Edible only",FALSE,TRUE,TRUE
"3019","4107",3,0,1,2,0,0,2,1,"HE","WNE, HE","Nigeria",NA,NA,"working farm","Hedgerows","WNE + HE",TRUE,FALSE,TRUE
"3020","4108",3,0,1,2,0,0,2,1,"HE","WNE, HE","Nigeria",NA,NA,"working farm","Hedgerows","WNE + HE",TRUE,FALSE,TRUE
"3021","4109",3,2,0,1,0,0,3,2,"WE","HE, WE","India",NA,NA,"experimental site","Alley cropping","Edible only",FALSE,TRUE,TRUE
"3022","410_1",2,1,1,0,0,0,1,2,"WE","WNE, WE","Zambia","13°39'00,000S","32°34'00,000E","experimental site","Fallows","WNE + WE",TRUE,TRUE,FALSE
"3023","410_10",2,1,1,0,0,0,1,2,"WE","WNE, WE","Zambia","13°39'00,000S","32°34'00,000E","experimental site","Fallows","WNE + WE",TRUE,TRUE,FALSE
"3024","410_11",2,1,1,0,0,0,1,2,"WE","WNE, WE","Zambia","13°39'00,000S","32°34'00,000E","experimental site","Fallows","WNE + WE",TRUE,TRUE,FALSE
"3025","410_12",2,1,1,0,0,0,1,2,"WE","WNE, WE","Zambia","13°39'00,000S","32°34'00,000E","experimental site","Fallows","WNE + WE",TRUE,TRUE,FALSE
"3026","410_13",2,1,1,0,0,0,1,2,"WE","WNE, WE","Zambia","13°39'00,000S","32°34'00,000E","experimental site","Fallows","WNE + WE",TRUE,TRUE,FALSE
"3027","410_14",2,1,1,0,0,0,1,2,"WE","WNE, WE","Zambia","13°39'00,000S","32°34'00,000E","experimental site","Fallows","WNE + WE",TRUE,TRUE,FALSE
"3028","410_15",2,1,1,0,0,0,1,2,"WE","WNE, WE","Zambia","13°39'00,000S","32°34'00,000E","experimental site","Fallows","WNE + WE",TRUE,TRUE,FALSE
"3029","410_155",2,1,1,0,0,0,1,2,"WE","WNE, WE","Zambia","13°39'00,000S","32°34'00,000E","experimental site","Fallows","WNE + WE",TRUE,TRUE,FALSE
"3030","410_16",2,1,1,0,0,0,1,2,"WE","WNE, WE","Zambia","13°39'00,000S","32°34'00,000E","experimental site","Fallows","WNE + WE",TRUE,TRUE,FALSE
"3031","410_17",2,1,1,0,0,0,1,2,"WE","WNE, WE","Zambia","13°39'00,000S","32°34'00,000E","experimental site","Fallows","WNE + WE",TRUE,TRUE,FALSE
"3032","410_2",2,1,1,0,0,0,1,2,"WE","WNE, WE","Zambia","13°39'00,000S","32°34'00,000E","experimental site","Fallows","WNE + WE",TRUE,TRUE,FALSE
"3033","410_3",2,1,1,0,0,0,1,2,"WE","WNE, WE","Zambia","13°39'00,000S","32°34'00,000E","experimental site","Fallows","WNE + WE",TRUE,TRUE,FALSE
"3034","410_6",2,1,1,0,0,0,1,2,"WE","WNE, WE","Zambia","13°39'00,000S","32°34'00,000E","experimental site","Fallows","WNE + WE",TRUE,TRUE,FALSE
"3035","410_7",2,1,1,0,0,0,1,2,"WE","WNE, WE","Zambia","13°39'00,000S","32°34'00,000E","experimental site","Fallows","WNE + WE",TRUE,TRUE,FALSE
"3036","410_8",2,1,1,0,0,0,1,2,"WE","WNE, WE","Zambia","13°39'00,000S","32°34'00,000E","experimental site","Fallows","WNE + WE",TRUE,TRUE,FALSE
"3037","410_9",2,1,1,0,0,0,1,2,"WE","WNE, WE","Zambia","13°39'00,000S","32°34'00,000E","experimental site","Fallows","WNE + WE",TRUE,TRUE,FALSE
"3038","4110",3,2,0,1,0,0,3,2,"WE","HE, WE","India",NA,NA,"experimental site","Alley cropping","Edible only",FALSE,TRUE,TRUE
"3039","4111",3,2,0,1,0,0,3,2,"WE","HE, WE","India",NA,NA,"experimental site","Alley cropping","Edible only",FALSE,TRUE,TRUE
"3040","4112",3,2,0,1,0,0,3,2,"WE","HE, WE","India",NA,NA,"experimental site","Alley cropping","Edible only",FALSE,TRUE,TRUE
"3041","4113",3,2,0,1,0,0,3,2,"WE","HE, WE","India",NA,NA,"experimental site","Alley cropping","Edible only",FALSE,TRUE,TRUE
"3042","4114",3,2,0,1,0,0,3,2,"WE","HE, WE","India",NA,NA,"experimental site","Alley cropping","Edible only",FALSE,TRUE,TRUE
"3043","4115",3,2,0,1,0,0,3,2,"WE","HE, WE","India",NA,NA,"experimental site","Alley cropping","Edible only",FALSE,TRUE,TRUE
"3044","4116",3,2,0,1,0,0,3,2,"WE","HE, WE","India",NA,NA,"experimental site","Alley cropping","Edible only",FALSE,TRUE,TRUE
"3045","4117",3,2,0,1,0,0,3,2,"WE","HE, WE","India",NA,NA,"experimental site","Alley cropping","Edible only",FALSE,TRUE,TRUE
"3046","4118",3,2,0,1,0,0,3,2,"WE","HE, WE","India",NA,NA,"experimental site","Alley cropping","Edible only",FALSE,TRUE,TRUE
"3047","4119",3,2,0,1,0,0,3,2,"WE","HE, WE","India",NA,NA,"experimental site","Alley cropping","Edible only",FALSE,TRUE,TRUE
"3048","4120",3,2,0,1,0,0,3,2,"WE","HE, WE","India",NA,NA,"experimental site","Alley cropping","Edible only",FALSE,TRUE,TRUE
"3049","4121",2,0,1,1,0,0,1,1,"HE","WNE, HE","India","26°45'00,000N","72°03'00,000E","experimental site","Alley cropping","WNE + HE",TRUE,FALSE,TRUE
"3050","4122",2,0,1,1,0,1,1,1,"HE","HE, WE","India","26°45'00,000N","72°03'00,000E","experimental site","Alley cropping","Edible only",FALSE,TRUE,TRUE
"3051","4123",2,0,1,1,0,0,1,1,"HE","WNE, HE","India","26°45'00,000N","72°03'00,000E","experimental site","Alley cropping","WNE + HE",TRUE,FALSE,TRUE
"3052","4124",2,1,1,0,0,1,1,2,"WE","WNE, WE","Ghana",NA,NA,"working farm","Alley cropping","WNE + WE",TRUE,TRUE,FALSE
"3053","4125",2,1,1,0,0,1,1,2,"WE","WNE, WE","Ghana",NA,NA,"working farm","Alley cropping","WNE + WE",TRUE,TRUE,FALSE
"3054","4126",2,1,1,0,0,1,1,2,"WE","WNE, WE","Ghana",NA,NA,"working farm","Alley cropping","WNE + WE",TRUE,TRUE,FALSE
"3055","4127",2,1,1,0,0,1,1,2,"WE","WNE, WE","Ghana",NA,NA,"working farm","Alley cropping","WNE + WE",TRUE,TRUE,FALSE
"3056","4128",2,1,1,0,0,1,1,2,"WE","WNE, WE","Ghana",NA,NA,"working farm","Alley cropping","WNE + WE",TRUE,TRUE,FALSE
"3057","4129",2,1,1,0,0,1,1,2,"WE","WNE, WE","Ghana",NA,NA,"working farm","Alley cropping","WNE + WE",TRUE,TRUE,FALSE
"3058","4130",2,1,1,0,0,1,1,2,"WE","WNE, WE","Ghana",NA,NA,"working farm","Alley cropping","WNE + WE",TRUE,TRUE,FALSE
"3059","4131",2,1,1,0,0,1,1,2,"WE","WNE, WE","Ghana",NA,NA,"working farm","Alley cropping","WNE + WE",TRUE,TRUE,FALSE
"3060","4132",2,1,1,0,0,1,1,2,"WE","WNE, WE","Ghana",NA,NA,"working farm","Alley cropping","WNE + WE",TRUE,TRUE,FALSE
"3061","4133",2,1,1,0,0,1,1,2,"WE","WNE, WE","Ghana",NA,NA,"working farm","Alley cropping","WNE + WE",TRUE,TRUE,FALSE
"3062","4134",2,1,1,0,0,1,1,2,"WE","WNE, WE","Ghana",NA,NA,"working farm","Alley cropping","WNE + WE",TRUE,TRUE,FALSE
"3063","4135",2,1,1,0,0,1,1,2,"WE","WNE, WE","Ghana",NA,NA,"working farm","Alley cropping","WNE + WE",TRUE,TRUE,FALSE
"3064","4136",2,1,1,0,0,1,1,2,"WE","WNE, WE","Ghana",NA,NA,"working farm","Alley cropping","WNE + WE",TRUE,TRUE,FALSE
"3065","4137",2,1,1,0,0,1,1,2,"WE","WNE, WE","Ghana",NA,NA,"working farm","Alley cropping","WNE + WE",TRUE,TRUE,FALSE
"3066","4138",2,1,1,0,0,1,1,2,"WE","WNE, WE","Ghana",NA,NA,"working farm","Alley cropping","WNE + WE",TRUE,TRUE,FALSE
"3067","4139",2,1,1,0,0,1,1,2,"WE","WNE, WE","Ghana",NA,NA,"working farm","Alley cropping","WNE + WE",TRUE,TRUE,FALSE
"3068","414",2,0,1,1,0,0,1,1,"HE","WNE, HE","India","29°40'0.0012N","76°49'59.9988E","experimental site","Alley cropping","WNE + HE",TRUE,FALSE,TRUE
"3069","4140",2,1,1,0,0,1,1,2,"WE","WNE, WE","Ghana",NA,NA,"working farm","Alley cropping","WNE + WE",TRUE,TRUE,FALSE
"3070","4141",2,1,1,0,0,1,1,2,"WE","WNE, WE","Ghana",NA,NA,"working farm","Alley cropping","WNE + WE",TRUE,TRUE,FALSE
"3071","4142",2,1,1,0,0,1,1,2,"WE","WNE, WE","Ghana",NA,NA,"working farm","Alley cropping","WNE + WE",TRUE,TRUE,FALSE
"3072","4143",2,1,1,0,0,1,1,2,"WE","WNE, WE","Ghana",NA,NA,"working farm","Alley cropping","WNE + WE",TRUE,TRUE,FALSE
"3073","4144",2,1,1,0,0,1,1,2,"WE","WNE, WE","Ghana",NA,NA,"working farm","Alley cropping","WNE + WE",TRUE,TRUE,FALSE
"3074","4145",2,1,1,0,0,1,1,2,"WE","WNE, WE","Ghana",NA,NA,"working farm","Alley cropping","WNE + WE",TRUE,TRUE,FALSE
"3075","4146",2,1,1,0,0,1,1,2,"WE","WNE, WE","Ghana",NA,NA,"working farm","Alley cropping","WNE + WE",TRUE,TRUE,FALSE
"3076","4147",2,1,1,0,0,1,1,2,"WE","WNE, WE","Ghana",NA,NA,"working farm","Alley cropping","WNE + WE",TRUE,TRUE,FALSE
"3077","4148",2,1,1,0,0,1,1,2,"WE","WNE, WE","Ghana",NA,NA,"working farm","Alley cropping","WNE + WE",TRUE,TRUE,FALSE
"3078","4149",2,1,1,0,0,1,1,2,"WE","WNE, WE","Ghana",NA,NA,"working farm","Alley cropping","WNE + WE",TRUE,TRUE,FALSE
"3079","415",2,0,1,1,0,0,1,1,"HE","WNE, HE","India","29°40'0.0012N","76°49'59.9988E","experimental site","Alley cropping","WNE + HE",TRUE,FALSE,TRUE
"3080","4150",2,1,1,0,0,1,1,2,"WE","WNE, WE","Ghana",NA,NA,"working farm","Alley cropping","WNE + WE",TRUE,TRUE,FALSE
"3081","4151",2,1,1,0,0,1,1,2,"WE","WNE, WE","Ghana",NA,NA,"working farm","Alley cropping","WNE + WE",TRUE,TRUE,FALSE
"3082","4152",2,1,1,0,0,1,1,2,"WE","WNE, WE","Ghana",NA,NA,"working farm","Alley cropping","WNE + WE",TRUE,TRUE,FALSE
"3083","4153",2,1,1,0,0,1,1,2,"WE","WNE, WE","Ghana",NA,NA,"working farm","Alley cropping","WNE + WE",TRUE,TRUE,FALSE
"3084","4154",2,1,1,0,0,1,1,2,"WE","WNE, WE","Ghana",NA,NA,"working farm","Alley cropping","WNE + WE",TRUE,TRUE,FALSE
"3085","4155",2,1,1,0,0,1,1,2,"WE","WNE, WE","Ghana",NA,NA,"working farm","Alley cropping","WNE + WE",TRUE,TRUE,FALSE
"3086","4156",2,1,1,0,0,1,1,2,"WE","WNE, WE","Ghana",NA,NA,"working farm","Alley cropping","WNE + WE",TRUE,TRUE,FALSE
"3087","4157",2,1,1,0,0,1,1,2,"WE","WNE, WE","Ghana",NA,NA,"working farm","Alley cropping","WNE + WE",TRUE,TRUE,FALSE
"3088","4158",2,1,1,0,0,1,1,2,"WE","WNE, WE","Ghana",NA,NA,"working farm","Alley cropping","WNE + WE",TRUE,TRUE,FALSE
"3089","4159",2,1,1,0,0,1,1,2,"WE","WNE, WE","Ghana",NA,NA,"working farm","Alley cropping","WNE + WE",TRUE,TRUE,FALSE
"3090","416",2,0,1,1,0,0,1,1,"HE","WNE, HE","India","29°40'0.0012N","76°49'59.9988E","experimental site","Alley cropping","WNE + HE",TRUE,FALSE,TRUE
"3091","4160",2,1,1,0,0,1,1,2,"WE","WNE, WE","Ghana",NA,NA,"working farm","Alley cropping","WNE + WE",TRUE,TRUE,FALSE
"3092","4161",2,1,1,0,0,1,1,2,"WE","WNE, WE","Ghana",NA,NA,"working farm","Alley cropping","WNE + WE",TRUE,TRUE,FALSE
"3093","4162",2,1,1,0,0,1,1,2,"WE","WNE, WE","Ghana",NA,NA,"working farm","Alley cropping","WNE + WE",TRUE,TRUE,FALSE
"3094","4163",2,1,1,0,0,1,1,2,"WE","WNE, WE","Ghana",NA,NA,"working farm","Alley cropping","WNE + WE",TRUE,TRUE,FALSE
"3095","4164",2,1,1,0,0,1,1,2,"WE","WNE, WE","Ghana",NA,NA,"working farm","Alley cropping","WNE + WE",TRUE,TRUE,FALSE
"3096","4165",2,1,1,0,0,1,1,2,"WE","WNE, WE","Ghana",NA,NA,"working farm","Alley cropping","WNE + WE",TRUE,TRUE,FALSE
"3097","4166",2,1,1,0,0,1,1,2,"WE","WNE, WE","Ghana",NA,NA,"working farm","Alley cropping","WNE + WE",TRUE,TRUE,FALSE
"3098","4167",2,1,1,0,0,1,1,2,"WE","WNE, WE","Ghana",NA,NA,"working farm","Alley cropping","WNE + WE",TRUE,TRUE,FALSE
"3099","4168",2,1,1,0,0,1,1,2,"WE","WNE, WE","Ghana",NA,NA,"working farm","Alley cropping","WNE + WE",TRUE,TRUE,FALSE
"3100","4169",2,1,1,0,0,1,1,2,"WE","WNE, WE","Ghana",NA,NA,"working farm","Alley cropping","WNE + WE",TRUE,TRUE,FALSE
"3101","4170",2,1,1,0,0,1,1,2,"WE","WNE, WE","Ghana",NA,NA,"working farm","Alley cropping","WNE + WE",TRUE,TRUE,FALSE
"3102","4171",2,1,1,0,0,1,1,2,"WE","WNE, WE","Ghana",NA,NA,"working farm","Alley cropping","WNE + WE",TRUE,TRUE,FALSE
"3103","4172",2,1,1,0,0,1,1,2,"WE","WNE, WE","Ghana",NA,NA,"working farm","Alley cropping","WNE + WE",TRUE,TRUE,FALSE
"3104","4173",2,1,1,0,0,1,1,2,"WE","WNE, WE","Ghana",NA,NA,"working farm","Alley cropping","WNE + WE",TRUE,TRUE,FALSE
"3105","4174",2,1,1,0,0,1,1,2,"WE","WNE, WE","Ghana",NA,NA,"working farm","Alley cropping","WNE + WE",TRUE,TRUE,FALSE
"3106","4175",2,1,1,0,0,1,1,2,"WE","WNE, WE","Ghana",NA,NA,"working farm","Alley cropping","WNE + WE",TRUE,TRUE,FALSE
"3107","4176",2,1,1,0,0,1,1,2,"WE","WNE, WE","Ghana",NA,NA,"working farm","Alley cropping","WNE + WE",TRUE,TRUE,FALSE
"3108","4177",2,1,1,0,0,1,1,2,"WE","WNE, WE","Ghana",NA,NA,"working farm","Alley cropping","WNE + WE",TRUE,TRUE,FALSE
"3109","4178",2,1,1,0,0,1,1,2,"WE","WNE, WE","Ghana",NA,NA,"working farm","Alley cropping","WNE + WE",TRUE,TRUE,FALSE
"3110","4179",2,1,1,0,0,1,1,2,"WE","WNE, WE","Ghana",NA,NA,"working farm","Alley cropping","WNE + WE",TRUE,TRUE,FALSE
"3111","4180",2,1,1,0,0,1,1,2,"WE","WNE, WE","Ghana",NA,NA,"working farm","Alley cropping","WNE + WE",TRUE,TRUE,FALSE
"3112","4181",2,1,1,0,0,1,1,2,"WE","WNE, WE","Ghana",NA,NA,"working farm","Alley cropping","WNE + WE",TRUE,TRUE,FALSE
"3113","4182",2,1,1,0,0,1,1,2,"WE","WNE, WE","Ghana",NA,NA,"working farm","Alley cropping","WNE + WE",TRUE,TRUE,FALSE
"3114","4183",2,1,1,0,0,1,1,2,"WE","WNE, WE","Ghana",NA,NA,"working farm","Alley cropping","WNE + WE",TRUE,TRUE,FALSE
"3115","4184",2,1,1,0,0,1,1,2,"WE","WNE, WE","Ghana",NA,NA,"working farm","Alley cropping","WNE + WE",TRUE,TRUE,FALSE
"3116","4185",2,1,1,0,0,1,1,2,"WE","WNE, WE","Ghana",NA,NA,"working farm","Alley cropping","WNE + WE",TRUE,TRUE,FALSE
"3117","4186",2,1,1,0,0,1,1,2,"WE","WNE, WE","Ghana",NA,NA,"working farm","Alley cropping","WNE + WE",TRUE,TRUE,FALSE
"3118","4187",2,1,1,0,0,1,1,2,"WE","WNE, WE","Ghana",NA,NA,"working farm","Alley cropping","WNE + WE",TRUE,TRUE,FALSE
"3119","4188",2,1,1,0,0,1,1,2,"WE","WNE, WE","Ghana",NA,NA,"working farm","Alley cropping","WNE + WE",TRUE,TRUE,FALSE
"3120","4189",2,1,1,0,0,1,1,2,"WE","WNE, WE","Ghana",NA,NA,"working farm","Alley cropping","WNE + WE",TRUE,TRUE,FALSE
"3121","4190",2,1,1,0,0,1,1,2,"WE","WNE, WE","Ghana",NA,NA,"working farm","Alley cropping","WNE + WE",TRUE,TRUE,FALSE
"3122","4191",2,1,1,0,0,1,1,2,"WE","WNE, WE","Ghana",NA,NA,"working farm","Alley cropping","WNE + WE",TRUE,TRUE,FALSE
"3123","4192",2,1,1,0,0,1,1,2,"WE","WNE, WE","Ghana",NA,NA,"working farm","Alley cropping","WNE + WE",TRUE,TRUE,FALSE
"3124","4193",2,1,1,0,0,1,1,2,"WE","WNE, WE","Ghana",NA,NA,"working farm","Alley cropping","WNE + WE",TRUE,TRUE,FALSE
"3125","4194",2,1,1,0,0,1,1,2,"WE","WNE, WE","Ghana",NA,NA,"working farm","Alley cropping","WNE + WE",TRUE,TRUE,FALSE
"3126","4195",2,1,1,0,0,1,1,2,"WE","WNE, WE","Ghana",NA,NA,"working farm","Alley cropping","WNE + WE",TRUE,TRUE,FALSE
"3127","4196",2,1,1,0,0,1,1,2,"WE","WNE, WE","Ghana",NA,NA,"working farm","Alley cropping","WNE + WE",TRUE,TRUE,FALSE
"3128","4197",2,1,1,0,0,1,1,2,"WE","WNE, WE","Ghana",NA,NA,"working farm","Alley cropping","WNE + WE",TRUE,TRUE,FALSE
"3129","4198",2,1,1,0,0,1,1,2,"WE","WNE, WE","Ghana",NA,NA,"working farm","Alley cropping","WNE + WE",TRUE,TRUE,FALSE
"3130","4199",2,1,1,0,0,1,1,2,"WE","WNE, WE","Ghana",NA,NA,"working farm","Alley cropping","WNE + WE",TRUE,TRUE,FALSE
"3131","42",3,1,1,1,0,1,2,2,"HE","WNE, HE, WE","Panama","9°23'00,000N","82°34'00,000W","working farm","Alley cropping","Multi-type",TRUE,TRUE,TRUE
"3132","4200",2,1,1,0,0,1,1,2,"WE","WNE, WE","Ghana",NA,NA,"working farm","Alley cropping","WNE + WE",TRUE,TRUE,FALSE
"3133","4201",2,1,1,0,0,1,1,2,"WE","WNE, WE","Ghana",NA,NA,"working farm","Alley cropping","WNE + WE",TRUE,TRUE,FALSE
"3134","4202",2,1,1,0,0,1,1,2,"WE","WNE, WE","Ghana",NA,NA,"working farm","Alley cropping","WNE + WE",TRUE,TRUE,FALSE
"3135","4203",2,1,1,0,0,1,1,2,"WE","WNE, WE","Ghana",NA,NA,"working farm","Alley cropping","WNE + WE",TRUE,TRUE,FALSE
"3136","4204",2,1,1,0,0,1,1,2,"WE","WNE, WE","Ghana",NA,NA,"working farm","Alley cropping","WNE + WE",TRUE,TRUE,FALSE
"3137","4205",2,1,1,0,0,1,1,2,"WE","WNE, WE","Ghana",NA,NA,"working farm","Alley cropping","WNE + WE",TRUE,TRUE,FALSE
"3138","4206",2,1,1,0,0,1,1,2,"WE","WNE, WE","Ghana",NA,NA,"working farm","Alley cropping","WNE + WE",TRUE,TRUE,FALSE
"3139","4207",2,1,1,0,0,1,1,2,"WE","WNE, WE","Ghana",NA,NA,"working farm","Alley cropping","WNE + WE",TRUE,TRUE,FALSE
"3140","4208",2,1,1,0,0,1,1,2,"WE","WNE, WE","Ghana",NA,NA,"working farm","Alley cropping","WNE + WE",TRUE,TRUE,FALSE
"3141","4209",2,1,1,0,0,1,1,2,"WE","WNE, WE","Ghana",NA,NA,"working farm","Alley cropping","WNE + WE",TRUE,TRUE,FALSE
"3142","4210",2,1,1,0,0,1,1,2,"WE","WNE, WE","Ghana",NA,NA,"working farm","Alley cropping","WNE + WE",TRUE,TRUE,FALSE
"3143","4211",2,1,1,0,0,1,1,2,"WE","WNE, WE","Ghana",NA,NA,"working farm","Alley cropping","WNE + WE",TRUE,TRUE,FALSE
"3144","4212",2,1,1,0,0,1,1,2,"WE","WNE, WE","Ghana",NA,NA,"working farm","Alley cropping","WNE + WE",TRUE,TRUE,FALSE
"3145","4213",2,1,1,0,0,1,1,2,"WE","WNE, WE","Ghana",NA,NA,"working farm","Alley cropping","WNE + WE",TRUE,TRUE,FALSE
"3146","4214",2,1,1,0,0,1,1,2,"WE","WNE, WE","Ghana",NA,NA,"working farm","Alley cropping","WNE + WE",TRUE,TRUE,FALSE
"3147","4215",2,1,1,0,0,1,1,2,"WE","WNE, WE","Ghana",NA,NA,"working farm","Alley cropping","WNE + WE",TRUE,TRUE,FALSE
"3148","4216",2,1,1,0,0,1,1,2,"WE","WNE, WE","Ghana",NA,NA,"working farm","Alley cropping","WNE + WE",TRUE,TRUE,FALSE
"3149","4217",2,1,1,0,0,1,1,2,"WE","WNE, WE","Ghana",NA,NA,"working farm","Alley cropping","WNE + WE",TRUE,TRUE,FALSE
"3150","4218",2,1,1,0,0,1,1,2,"WE","WNE, WE","Ghana",NA,NA,"working farm","Alley cropping","WNE + WE",TRUE,TRUE,FALSE
"3151","4219",2,1,1,0,0,1,1,2,"WE","WNE, WE","Ghana",NA,NA,"working farm","Alley cropping","WNE + WE",TRUE,TRUE,FALSE
"3152","422",2,0,1,1,0,0,1,1,"HE","WNE, HE","India","29°40'0.0012N","76°49'59.9988E","experimental site","Alley cropping","WNE + HE",TRUE,FALSE,TRUE
"3153","4220",2,1,1,0,0,1,1,2,"WE","WNE, WE","Ghana",NA,NA,"working farm","Alley cropping","WNE + WE",TRUE,TRUE,FALSE
"3154","4221",2,1,1,0,0,1,1,2,"WE","WNE, WE","Ghana",NA,NA,"working farm","Alley cropping","WNE + WE",TRUE,TRUE,FALSE
"3155","4222",2,1,1,0,0,1,1,2,"WE","WNE, WE","Ghana",NA,NA,"working farm","Alley cropping","WNE + WE",TRUE,TRUE,FALSE
"3156","4223",2,1,1,0,0,1,1,2,"WE","WNE, WE","Ghana",NA,NA,"working farm","Alley cropping","WNE + WE",TRUE,TRUE,FALSE
"3157","4224",2,1,1,0,0,1,1,2,"WE","WNE, WE","Ghana",NA,NA,"working farm","Alley cropping","WNE + WE",TRUE,TRUE,FALSE
"3158","4225",2,1,1,0,0,1,1,2,"WE","WNE, WE","Ghana",NA,NA,"working farm","Alley cropping","WNE + WE",TRUE,TRUE,FALSE
"3159","4226",2,1,1,0,0,1,1,2,"WE","WNE, WE","Ghana",NA,NA,"working farm","Alley cropping","WNE + WE",TRUE,TRUE,FALSE
"3160","4227",2,1,1,0,0,1,1,2,"WE","WNE, WE","Ghana",NA,NA,"working farm","Alley cropping","WNE + WE",TRUE,TRUE,FALSE
"3161","4228",2,1,1,0,0,1,1,2,"WE","WNE, WE","Ghana",NA,NA,"working farm","Alley cropping","WNE + WE",TRUE,TRUE,FALSE
"3162","4229",2,1,1,0,0,1,1,2,"WE","WNE, WE","Ghana",NA,NA,"working farm","Alley cropping","WNE + WE",TRUE,TRUE,FALSE
"3163","423",2,0,1,1,0,0,1,1,"HE","WNE, HE","India","29°40'0.0012N","76°49'59.9988E","experimental site","Alley cropping","WNE + HE",TRUE,FALSE,TRUE
"3164","4230",2,1,1,0,0,1,1,2,"WE","WNE, WE","Ghana",NA,NA,"working farm","Alley cropping","WNE + WE",TRUE,TRUE,FALSE
"3165","4231",2,1,1,0,0,1,1,2,"WE","WNE, WE","Ghana",NA,NA,"working farm","Alley cropping","WNE + WE",TRUE,TRUE,FALSE
"3166","4232",2,0,1,1,0,0,1,1,"HE","WNE, HE","Tanzania",NA,NA,"experimental site","Alley cropping","WNE + HE",TRUE,FALSE,TRUE
"3167","4233",2,0,1,1,0,0,1,1,"HE","WNE, HE","Tanzania",NA,NA,"experimental site","Alley cropping","WNE + HE",TRUE,FALSE,TRUE
"3168","4234",2,0,1,1,0,0,1,1,"HE","WNE, HE","Tanzania",NA,NA,"experimental site","Alley cropping","WNE + HE",TRUE,FALSE,TRUE
"3169","4235",2,0,1,1,0,0,1,1,"HE","WNE, HE","Tanzania",NA,NA,"experimental site","Alley cropping","WNE + HE",TRUE,FALSE,TRUE
"3170","4236",2,0,1,1,0,0,1,1,"HE","WNE, HE","Tanzania",NA,NA,"experimental site","Alley cropping","WNE + HE",TRUE,FALSE,TRUE
"3171","4237",2,0,1,1,0,0,1,1,"HE","WNE, HE","Tanzania",NA,NA,"experimental site","Alley cropping","WNE + HE",TRUE,FALSE,TRUE
"3172","4238",2,2,0,0,0,0,2,2,"WE","WE","India","8°29'00,000N","76°57'00,000E","experimental site","Alley cropping","Edible only",FALSE,TRUE,FALSE
"3173","4239",2,2,0,0,0,0,2,2,"WE","WE","India","8°29'00,000N","76°57'00,000E","experimental site","Alley cropping","Edible only",FALSE,TRUE,FALSE
"3174","424",2,1,0,1,0,0,2,1,"HE","HE, WE","India","29°40'0.0012N","76°49'59.9988E","experimental site","Alley cropping","Edible only",FALSE,TRUE,TRUE
"3175","4240",3,2,0,1,0,0,3,2,"WE","HE, WE","India","8°29'00,000N","76°57'00,000E","experimental site","Alley cropping","Edible only",FALSE,TRUE,TRUE
"3176","4241",3,2,0,1,0,0,3,2,"WE","HE, WE","India","8°29'00,000N","76°57'00,000E","experimental site","Alley cropping","Edible only",FALSE,TRUE,TRUE
"3177","4243",3,2,0,1,0,0,3,2,"WE","HE, WE","India","8°29'00,000N","76°57'00,000E","experimental site","Alley cropping","Edible only",FALSE,TRUE,TRUE
"3178","4244",3,2,0,1,0,0,3,2,"WE","HE, WE","India","8°29'00,000N","76°57'00,000E","experimental site","Alley cropping","Edible only",FALSE,TRUE,TRUE
"3179","4246",2,1,1,0,0,0,1,2,"WE","WNE, WE","India","8°29'00,000N","76°57'00,000E","experimental site","Alley cropping","WNE + WE",TRUE,TRUE,FALSE
"3180","4247",2,1,1,0,0,0,1,2,"WE","WNE, WE","India","8°29'00,000N","76°57'00,000E","experimental site","Alley cropping","WNE + WE",TRUE,TRUE,FALSE
"3181","4248",3,1,1,1,0,0,2,2,"HE","WNE, HE, WE","India","8°29'00,000N","76°57'00,000E","experimental site","Alley cropping","Multi-type",TRUE,TRUE,TRUE
"3182","4249",3,1,1,1,0,0,2,2,"HE","WNE, HE, WE","India","8°29'00,000N","76°57'00,000E","experimental site","Alley cropping","Multi-type",TRUE,TRUE,TRUE
"3183","4251",3,1,1,1,0,0,2,2,"HE","WNE, HE, WE","India","8°29'00,000N","76°57'00,000E","experimental site","Alley cropping","Multi-type",TRUE,TRUE,TRUE
"3184","4252",3,1,1,1,0,0,2,2,"HE","WNE, HE, WE","India","8°29'00,000N","76°57'00,000E","experimental site","Alley cropping","Multi-type",TRUE,TRUE,TRUE
"3185","4254",2,1,0,1,0,0,2,1,"HE","HE, WE","Tanzania","6°30'00,000S","37°38'00,000E","experimental site","Alley cropping","Edible only",FALSE,TRUE,TRUE
"3186","4255",2,1,0,1,0,0,2,1,"HE","HE, WE","Tanzania","6°30'00,000S","37°38'00,000E","experimental site","Alley cropping","Edible only",FALSE,TRUE,TRUE
"3187","4256",2,1,0,1,0,0,2,1,"HE","HE, WE","Tanzania","6°30'00,000S","37°38'00,000E","experimental site","Alley cropping","Edible only",FALSE,TRUE,TRUE
"3188","4257",2,1,0,1,0,0,2,1,"HE","HE, WE","Tanzania","6°30'00,000S","37°38'00,000E","experimental site","Alley cropping","Edible only",FALSE,TRUE,TRUE
"3189","4258",2,1,0,1,0,0,2,1,"HE","HE, WE","Tanzania","6°50'00,000S","37°38'00,000E","experimental site","Alley cropping","Edible only",FALSE,TRUE,TRUE
"3190","4259",2,1,0,1,0,0,2,1,"HE","HE, WE","Tanzania","6°50'00,000S","37°38'00,000E","experimental site","Alley cropping","Edible only",FALSE,TRUE,TRUE
"3191","426",2,1,0,0,1,0,1,1,"WE","HNE, WE","India","29°40'0.0012N","76°49'59.9988E","experimental site","Alley cropping","Edible only",FALSE,TRUE,FALSE
"3192","4260",2,1,0,1,0,0,2,1,"HE","HE, WE","Tanzania","6°50'00,000S","37°38'00,000E","experimental site","Alley cropping","Edible only",FALSE,TRUE,TRUE
"3193","4261",2,1,0,1,0,0,2,1,"HE","HE, WE","Tanzania","6°50'00,000S","37°38'00,000E","experimental site","Alley cropping","Edible only",FALSE,TRUE,TRUE
"3194","4262",2,1,1,0,0,2,1,2,"WE","WE","Nigeria",NA,NA,"experimental site","Alley cropping","Edible only",FALSE,TRUE,FALSE
"3195","4263",2,1,1,0,0,2,1,2,"WE","WE","Nigeria",NA,NA,"experimental site","Alley cropping","Edible only",FALSE,TRUE,FALSE
"3196","4264",2,1,1,0,0,2,1,2,"WE","WE","Nigeria",NA,NA,"experimental site","Alley cropping","Edible only",FALSE,TRUE,FALSE
"3197","4265",2,1,1,0,0,2,1,2,"WE","WE","Nigeria",NA,NA,"experimental site","Alley cropping","Edible only",FALSE,TRUE,FALSE
"3198","4266",2,0,1,1,0,0,1,1,"HE","WNE, HE","Nigeria",NA,NA,"experimental site","Alley cropping","WNE + HE",TRUE,FALSE,TRUE
"3199","4267",2,1,0,1,0,0,2,1,"HE","HE, WE","Nigeria",NA,NA,"experimental site","Alley cropping","Edible only",FALSE,TRUE,TRUE
"3200","4268",2,0,1,1,0,0,1,1,"HE","WNE, HE","Nigeria",NA,NA,"experimental site","Alley cropping","WNE + HE",TRUE,FALSE,TRUE
"3201","4269",2,0,1,1,0,0,1,1,"HE","WNE, HE","Nigeria",NA,NA,"experimental site","Alley cropping","WNE + HE",TRUE,FALSE,TRUE
"3202","4270",2,1,0,1,0,0,2,1,"HE","HE, WE","Nigeria",NA,NA,"experimental site","Alley cropping","Edible only",FALSE,TRUE,TRUE
"3203","4271",2,0,1,1,0,0,1,1,"HE","WNE, HE","Nigeria",NA,NA,"experimental site","Alley cropping","WNE + HE",TRUE,FALSE,TRUE
"3204","4272",2,1,0,1,0,0,2,1,"HE","HE, WE","United Kingdom",NA,NA,"working farm","Alley cropping","Edible only",FALSE,TRUE,TRUE
"3205","4273",2,1,0,1,0,0,2,1,"HE","HE, WE","United Kingdom",NA,NA,"working farm","Alley cropping","Edible only",FALSE,TRUE,TRUE
"3206","4274",2,1,0,1,0,0,2,1,"HE","HE, WE","United Kingdom",NA,NA,"working farm","Alley cropping","Edible only",FALSE,TRUE,TRUE
"3207","4275",2,1,0,1,0,0,2,1,"HE","HE, WE","United Kingdom",NA,NA,"working farm","Alley cropping","Edible only",FALSE,TRUE,TRUE
"3208","4277",2,1,1,0,0,0,1,2,"WE","WNE, WE","Costa Rica","9°53'00,000N",NA,"experimental site","Alley cropping","WNE + WE",TRUE,TRUE,FALSE
"3209","4278",2,0,1,1,0,0,1,1,"HE","WNE, HE","Costa Rica","9°53'00,000N",NA,"experimental site","Alley cropping","WNE + HE",TRUE,FALSE,TRUE
"3210","4279",2,0,1,1,0,0,1,1,"HE","WNE, HE","Costa Rica","9°53'00,000N",NA,"experimental site","Alley cropping","WNE + HE",TRUE,FALSE,TRUE
"3211","4280",2,0,1,1,0,0,1,1,"HE","WNE, HE","Costa Rica","9°53'00,000N",NA,"experimental site","Alley cropping","WNE + HE",TRUE,FALSE,TRUE
"3212","4282",2,0,1,1,0,0,1,1,"HE","WNE, HE","Bangladesh",NA,NA,"working farm","Alley cropping","WNE + HE",TRUE,FALSE,TRUE
"3213","4283",2,0,1,1,0,0,1,1,"HE","WNE, HE","Bangladesh",NA,NA,"working farm","Alley cropping","WNE + HE",TRUE,FALSE,TRUE
"3214","4284",2,0,1,1,0,0,1,1,"HE","WNE, HE","Bangladesh",NA,NA,"working farm","Alley cropping","WNE + HE",TRUE,FALSE,TRUE
"3215","4285",2,0,1,1,0,0,1,1,"HE","WNE, HE","Bangladesh",NA,NA,"working farm","Alley cropping","WNE + HE",TRUE,FALSE,TRUE
"3216","4286",2,0,1,1,0,0,1,1,"HE","WNE, HE","Bangladesh",NA,NA,"working farm","Alley cropping","WNE + HE",TRUE,FALSE,TRUE
"3217","4287",2,0,1,1,0,0,1,1,"HE","WNE, HE","Bangladesh",NA,NA,"working farm","Alley cropping","WNE + HE",TRUE,FALSE,TRUE
"3218","4288",2,0,1,1,0,1,1,1,"HE","HE, WE","Bangladesh",NA,NA,"working farm","Alley cropping","Edible only",FALSE,TRUE,TRUE
"3219","4289",2,0,1,1,0,0,1,1,"HE","WNE, HE","Bangladesh",NA,NA,"working farm","Alley cropping","WNE + HE",TRUE,FALSE,TRUE
"3220","4290",2,0,1,1,0,0,1,1,"HE","WNE, HE","Bangladesh",NA,NA,"working farm","Alley cropping","WNE + HE",TRUE,FALSE,TRUE
"3221","4291",2,0,1,1,0,0,1,1,"HE","WNE, HE","Bangladesh",NA,NA,"working farm","Alley cropping","WNE + HE",TRUE,FALSE,TRUE
"3222","4292",2,0,1,1,0,0,1,1,"HE","WNE, HE","Bangladesh",NA,NA,"working farm","Alley cropping","WNE + HE",TRUE,FALSE,TRUE
"3223","4293",2,0,1,1,0,0,1,1,"HE","WNE, HE","Bangladesh",NA,NA,"working farm","Alley cropping","WNE + HE",TRUE,FALSE,TRUE
"3224","4294",2,1,0,1,0,0,2,1,"HE","HE, WE","Bangladesh",NA,NA,"working farm","Alley cropping","Edible only",FALSE,TRUE,TRUE
"3225","4295",2,0,1,1,0,0,1,1,"HE","WNE, HE","Bangladesh",NA,NA,"working farm","Alley cropping","WNE + HE",TRUE,FALSE,TRUE
"3226","4296",2,0,1,1,0,0,1,1,"HE","WNE, HE","Bangladesh",NA,NA,"working farm","Alley cropping","WNE + HE",TRUE,FALSE,TRUE
"3227","4297",2,0,1,1,0,1,1,1,"HE","HE, WE","Bangladesh",NA,NA,"working farm","Alley cropping","Edible only",FALSE,TRUE,TRUE
"3228","4298",2,0,1,1,0,0,1,1,"HE","WNE, HE","Bangladesh",NA,NA,"working farm","Alley cropping","WNE + HE",TRUE,FALSE,TRUE
"3229","4299",2,0,1,1,0,0,1,1,"HE","WNE, HE","Bangladesh",NA,NA,"working farm","Alley cropping","WNE + HE",TRUE,FALSE,TRUE
"3230","43",3,1,1,1,0,1,2,2,"HE","WNE, HE, WE","Panama","9°23'00,000N","82°34'00,000W","working farm","Alley cropping","Multi-type",TRUE,TRUE,TRUE
"3231","430",2,1,0,1,0,0,2,1,"HE","HE, WE","India","29°40'0.0012N","76°49'59.9988E","experimental site","Alley cropping","Edible only",FALSE,TRUE,TRUE
"3232","4300",2,0,1,1,0,0,1,1,"HE","WNE, HE","Bangladesh",NA,NA,"working farm","Alley cropping","WNE + HE",TRUE,FALSE,TRUE
"3233","4301",2,0,1,1,0,0,1,1,"HE","WNE, HE","Bangladesh",NA,NA,"working farm","Alley cropping","WNE + HE",TRUE,FALSE,TRUE
"3234","4302",2,0,1,1,0,0,1,1,"HE","WNE, HE","Bangladesh",NA,NA,"working farm","Alley cropping","WNE + HE",TRUE,FALSE,TRUE
"3235","4303",2,0,1,1,0,0,1,1,"HE","WNE, HE","Bangladesh",NA,NA,"working farm","Alley cropping","WNE + HE",TRUE,FALSE,TRUE
"3236","4304",2,0,1,1,0,0,1,1,"HE","WNE, HE","Bangladesh",NA,NA,"working farm","Alley cropping","WNE + HE",TRUE,FALSE,TRUE
"3237","4305",2,0,1,1,0,1,1,1,"HE","HE, WE","Bangladesh",NA,NA,"working farm","Alley cropping","Edible only",FALSE,TRUE,TRUE
"3238","4306",2,0,1,1,0,0,1,1,"HE","WNE, HE","Bangladesh",NA,NA,"working farm","Alley cropping","WNE + HE",TRUE,FALSE,TRUE
"3239","4307",2,0,1,1,0,0,1,1,"HE","WNE, HE","Bangladesh",NA,NA,"working farm","Alley cropping","WNE + HE",TRUE,FALSE,TRUE
"3240","4308",2,0,1,1,0,0,1,1,"HE","WNE, HE","Bangladesh",NA,NA,"working farm","Alley cropping","WNE + HE",TRUE,FALSE,TRUE
"3241","4309",2,0,1,1,0,0,1,1,"HE","WNE, HE","Bangladesh",NA,NA,"working farm","Alley cropping","WNE + HE",TRUE,FALSE,TRUE
"3242","431",2,1,0,1,0,0,2,1,"HE","HE, WE","India","29°40'0.0012N","76°49'59.9988E","experimental site","Alley cropping","Edible only",FALSE,TRUE,TRUE
"3243","4310",2,0,1,1,0,0,1,1,"HE","WNE, HE","Bangladesh",NA,NA,"working farm","Alley cropping","WNE + HE",TRUE,FALSE,TRUE
"3244","4311",2,1,0,1,0,0,2,1,"HE","HE, WE","Bangladesh",NA,NA,"working farm","Alley cropping","Edible only",FALSE,TRUE,TRUE
"3245","4312",2,0,1,1,0,0,1,1,"HE","WNE, HE","Bangladesh",NA,NA,"working farm","Alley cropping","WNE + HE",TRUE,FALSE,TRUE
"3246","4313",2,0,1,1,0,0,1,1,"HE","WNE, HE","Bangladesh",NA,NA,"working farm","Alley cropping","WNE + HE",TRUE,FALSE,TRUE
"3247","4314",2,0,1,1,0,1,1,1,"HE","HE, WE","Bangladesh",NA,NA,"working farm","Alley cropping","Edible only",FALSE,TRUE,TRUE
"3248","4315",2,0,1,1,0,0,1,1,"HE","WNE, HE","Bangladesh",NA,NA,"working farm","Alley cropping","WNE + HE",TRUE,FALSE,TRUE
"3249","4317",2,0,1,1,0,0,1,1,"HE","WNE, HE","Sri Lanka","7°30'00,000N","80°30'00,000E","working farm","Alley cropping","WNE + HE",TRUE,FALSE,TRUE
"3250","4318",2,0,1,1,0,0,1,1,"HE","WNE, HE","Sri Lanka","7°30'00,000N","80°30'00,000E","working farm","Alley cropping","WNE + HE",TRUE,FALSE,TRUE
"3251","4319",2,0,1,1,0,0,1,1,"HE","WNE, HE","Sri Lanka","7°30'00,000N","80°30'00,000E","working farm","Alley cropping","WNE + HE",TRUE,FALSE,TRUE
"3252","432",2,2,0,0,0,0,2,2,"WE","WE","USA",NA,NA,"working farm","Alley cropping","Edible only",FALSE,TRUE,FALSE
"3253","4320",2,0,1,1,0,0,1,1,"HE","WNE, HE","Sri Lanka","7°30'00,000N","80°30'00,000E","working farm","Alley cropping","WNE + HE",TRUE,FALSE,TRUE
"3254","4323",2,0,1,1,0,0,1,1,"HE","WNE, HE","Sri Lanka","7°30'00,000N","80°30'00,000E","working farm","Alley cropping","WNE + HE",TRUE,FALSE,TRUE
"3255","4324",2,0,1,1,0,0,1,1,"HE","WNE, HE","Sri Lanka","7°30'00,000N","80°30'00,000E","working farm","Alley cropping","WNE + HE",TRUE,FALSE,TRUE
"3256","4325",2,0,1,1,0,0,1,1,"HE","WNE, HE","Sri Lanka","7°30'00,000N","80°30'00,000E","working farm","Alley cropping","WNE + HE",TRUE,FALSE,TRUE
"3257","4326",2,0,1,1,0,0,1,1,"HE","WNE, HE","Sri Lanka","7°30'00,000N","80°30'00,000E","working farm","Alley cropping","WNE + HE",TRUE,FALSE,TRUE
"3258","4328",2,1,1,0,0,1,1,2,"WE","WNE, WE","Brazil","1°45'00,000S","47°07'00,000W","working farm","Alley cropping","WNE + WE",TRUE,TRUE,FALSE
"3259","4329",8,1,2,2,3,0,3,3,"HE","HNE, WNE, HE, WE","USA","40°01'00,000N","92°11'00,000W","working farm","Hedgerows","Multi-type",TRUE,TRUE,TRUE
"3260","433",2,2,0,0,0,0,2,2,"WE","WE","USA",NA,NA,"working farm","Alley cropping","Edible only",FALSE,TRUE,FALSE
"3261","4330",8,1,2,2,3,0,3,3,"HE","HNE, WNE, HE, WE","USA","40°01'00,000N","92°11'00,000W","working farm","Hedgerows","Multi-type",TRUE,TRUE,TRUE
"3262","4331",3,1,2,0,0,1,1,3,"WNE","WNE, WE","Argentina",NA,NA,"experimental site","Alley cropping","WNE + WE",TRUE,TRUE,FALSE
"3263","4332",2,1,1,0,0,1,1,2,"WE","WNE, WE","Argentina",NA,NA,"experimental site","Alley cropping","WNE + WE",TRUE,TRUE,FALSE
"3264","4333",2,1,1,0,0,1,1,2,"WE","WNE, WE","Argentina",NA,NA,"experimental site","Alley cropping","WNE + WE",TRUE,TRUE,FALSE
"3265","4334",3,1,2,0,0,1,1,3,"WNE","WNE, WE","Argentina",NA,NA,"experimental site","Alley cropping","WNE + WE",TRUE,TRUE,FALSE
"3266","4335",2,1,1,0,0,1,1,2,"WE","WNE, WE","Argentina",NA,NA,"experimental site","Alley cropping","WNE + WE",TRUE,TRUE,FALSE
"3267","4336",2,1,1,0,0,1,1,2,"WE","WNE, WE","Argentina",NA,NA,"experimental site","Alley cropping","WNE + WE",TRUE,TRUE,FALSE
"3268","4337",2,0,1,1,0,0,1,1,"HE","WNE, HE","India","29°10'00,000N","75°46'00,000E","experimental site","Alley cropping","WNE + HE",TRUE,FALSE,TRUE
"3269","4338",2,2,0,0,0,0,2,2,"WE","WE","Bulgaria",NA,NA,"working farm","Alley cropping","Edible only",FALSE,TRUE,FALSE
"3270","4339",2,0,1,1,0,0,1,1,"HE","WNE, HE","Sudan","13°16'00,000N","30°29'00,000E","experimental site","Alley cropping","WNE + HE",TRUE,FALSE,TRUE
"3271","434",2,2,0,0,0,0,2,2,"WE","WE","USA",NA,NA,"working farm","Alley cropping","Edible only",FALSE,TRUE,FALSE
"3272","4340",2,0,1,1,0,0,1,1,"HE","WNE, HE","Sudan","13°16'00,000N","30°29'00,000E","experimental site","Alley cropping","WNE + HE",TRUE,FALSE,TRUE
"3273","4341",2,0,1,1,0,0,1,1,"HE","WNE, HE","Sudan","13°16'00,000N","30°29'00,000E","experimental site","Alley cropping","WNE + HE",TRUE,FALSE,TRUE
"3274","4342",2,0,1,1,0,0,1,1,"HE","WNE, HE","Sudan","13°16'00,000N","30°29'00,000E","experimental site","Alley cropping","WNE + HE",TRUE,FALSE,TRUE
"3275","4343",2,0,1,1,0,0,1,1,"HE","WNE, HE","Sudan","13°16'00,000N","30°29'00,000E","experimental site","Alley cropping","WNE + HE",TRUE,FALSE,TRUE
"3276","4344",2,0,1,1,0,0,1,1,"HE","WNE, HE","Sudan","13°16'00,000N","30°29'00,000E","experimental site","Alley cropping","WNE + HE",TRUE,FALSE,TRUE
"3277","4345",2,0,1,1,0,0,1,1,"HE","WNE, HE","Sudan","13°16'00,000N","30°29'00,000E","experimental site","Alley cropping","WNE + HE",TRUE,FALSE,TRUE
"3278","4346",2,0,1,1,0,0,1,1,"HE","WNE, HE","Sudan","13°16'00,000N","30°29'00,000E","experimental site","Alley cropping","WNE + HE",TRUE,FALSE,TRUE
"3279","4347",2,0,1,1,0,0,1,1,"HE","WNE, HE","Sudan","13°16'00,000N","30°29'00,000E","experimental site","Alley cropping","WNE + HE",TRUE,FALSE,TRUE
"3280","4348",2,0,1,1,0,0,1,1,"HE","WNE, HE","Sudan","13°16'00,000N","30°29'00,000E","experimental site","Alley cropping","WNE + HE",TRUE,FALSE,TRUE
"3281","4349",2,0,1,1,0,0,1,1,"HE","WNE, HE","Sudan","13°16'00,000N","30°29'00,000E","experimental site","Alley cropping","WNE + HE",TRUE,FALSE,TRUE
"3282","435",2,2,0,0,0,0,2,2,"WE","WE","USA",NA,NA,"working farm","Alley cropping","Edible only",FALSE,TRUE,FALSE
"3283","4350",2,0,1,1,0,0,1,1,"HE","WNE, HE","Sudan","13°16'00,000N","30°29'00,000E","experimental site","Alley cropping","WNE + HE",TRUE,FALSE,TRUE
"3284","4353",2,1,1,0,0,0,1,2,"WE","WNE, WE","Zambia","14°15'00,000S","32°00'00,000E","working farm","Fallows","WNE + WE",TRUE,TRUE,FALSE
"3285","4354",2,1,1,0,0,0,1,2,"WE","WNE, WE","Zambia","14°15'00,000S","32°00'00,000E","working farm","Fallows","WNE + WE",TRUE,TRUE,FALSE
"3286","4359",2,1,1,0,0,0,1,2,"WE","WNE, WE","Kenya","0°06'00,000N","34°34'00,000E","working farm","Fallows","WNE + WE",TRUE,TRUE,FALSE
"3287","436",2,1,1,0,0,1,1,2,"WE","WNE, WE","Brazil","4°00'00,000S","39°20'00,000W","working farm","Multi-strata systems","WNE + WE",TRUE,TRUE,FALSE
"3288","4360",2,1,1,0,0,0,1,2,"WE","WNE, WE","Kenya","0°06'00,000N","34°34'00,000E","working farm","Fallows","WNE + WE",TRUE,TRUE,FALSE
"3289","4362",2,0,1,1,0,0,1,1,"HE","WNE, HE","Bangladesh",NA,NA,"experimental site","Alley cropping","WNE + HE",TRUE,FALSE,TRUE
"3290","4363",2,0,1,1,0,0,1,1,"HE","WNE, HE","Bangladesh",NA,NA,"experimental site","Alley cropping","WNE + HE",TRUE,FALSE,TRUE
"3291","4364",2,0,1,1,0,0,1,1,"HE","WNE, HE","Bangladesh",NA,NA,"experimental site","Alley cropping","WNE + HE",TRUE,FALSE,TRUE
"3292","4365",2,0,1,1,0,0,1,1,"HE","WNE, HE","Bangladesh",NA,NA,"experimental site","Alley cropping","WNE + HE",TRUE,FALSE,TRUE
"3293","4366",2,0,1,1,0,0,1,1,"HE","WNE, HE","Bangladesh",NA,NA,"experimental site","Alley cropping","WNE + HE",TRUE,FALSE,TRUE
"3294","4367",2,0,1,1,0,0,1,1,"HE","WNE, HE","Bangladesh",NA,NA,"experimental site","Alley cropping","WNE + HE",TRUE,FALSE,TRUE
"3295","4368",2,0,1,1,0,0,1,1,"HE","WNE, HE","Bangladesh",NA,NA,"experimental site","Alley cropping","WNE + HE",TRUE,FALSE,TRUE
"3296","4369",2,0,1,1,0,0,1,1,"HE","WNE, HE","Bangladesh",NA,NA,"experimental site","Alley cropping","WNE + HE",TRUE,FALSE,TRUE
"3297","437",2,1,1,0,0,1,1,2,"WE","WNE, WE","Brazil","4°00'00,000S","39°20'00,000W","working farm","Multi-strata systems","WNE + WE",TRUE,TRUE,FALSE
"3298","4370",2,0,1,1,0,0,1,1,"HE","WNE, HE","Bangladesh",NA,NA,"experimental site","Alley cropping","WNE + HE",TRUE,FALSE,TRUE
"3299","4371",2,0,1,1,0,0,1,1,"HE","WNE, HE","Bangladesh",NA,NA,"experimental site","Alley cropping","WNE + HE",TRUE,FALSE,TRUE
"3300","4372",2,0,1,1,0,0,1,1,"HE","WNE, HE","Bangladesh",NA,NA,"experimental site","Alley cropping","WNE + HE",TRUE,FALSE,TRUE
"3301","4373",2,0,1,1,0,0,1,1,"HE","WNE, HE","Bangladesh",NA,NA,"experimental site","Alley cropping","WNE + HE",TRUE,FALSE,TRUE
"3302","4374",2,1,1,0,0,1,1,2,"WE","WNE, WE","Malaysia","2°34'60,000N","102°59'60,000E","working farm","Alley cropping","WNE + WE",TRUE,TRUE,FALSE
"3303","4376",2,1,1,0,0,1,1,2,"WE","WNE, WE","Costa Rica","9°53'44,000N","83°40'07,000W","experimental site","Alley cropping","WNE + WE",TRUE,TRUE,FALSE
"3304","4377",2,1,1,0,0,1,1,2,"WE","WNE, WE","Costa Rica","9°53'44,000N","83°40'07,000W","experimental site","Alley cropping","WNE + WE",TRUE,TRUE,FALSE
"3305","4378",2,1,1,0,0,1,1,2,"WE","WNE, WE","Costa Rica","9°53'44,000N","83°40'07,000W","experimental site","Alley cropping","WNE + WE",TRUE,TRUE,FALSE
"3306","4379",2,1,1,0,0,1,1,2,"WE","WNE, WE","Costa Rica","9°53'44,000N","83°40'07,000W","experimental site","Alley cropping","WNE + WE",TRUE,TRUE,FALSE
"3307","438",2,1,1,0,0,1,1,2,"WE","WNE, WE","Brazil","4°00'00,000S","39°20'00,000W","working farm","Multi-strata systems","WNE + WE",TRUE,TRUE,FALSE
"3308","4380",2,1,1,0,0,1,1,2,"WE","WNE, WE","Costa Rica","9°53'44,000N","83°40'07,000W","experimental site","Alley cropping","WNE + WE",TRUE,TRUE,FALSE
"3309","4381",2,1,1,0,0,1,1,2,"WE","WNE, WE","Costa Rica","9°53'44,000N","83°40'07,000W","experimental site","Alley cropping","WNE + WE",TRUE,TRUE,FALSE
"3310","4382",2,1,1,0,0,1,1,2,"WE","WNE, WE","Costa Rica","9°53'44,000N","83°40'07,000W","experimental site","Alley cropping","WNE + WE",TRUE,TRUE,FALSE
"3311","4383",2,1,1,0,0,1,1,2,"WE","WNE, WE","Costa Rica","9°53'44,000N","83°40'07,000W","experimental site","Alley cropping","WNE + WE",TRUE,TRUE,FALSE
"3312","4384",2,1,1,0,0,1,1,2,"WE","WNE, WE","Costa Rica","9°53'44,000N","83°40'07,000W","experimental site","Alley cropping","WNE + WE",TRUE,TRUE,FALSE
"3313","4385",2,1,1,0,0,1,1,2,"WE","WNE, WE","Costa Rica","9°53'44,000N","83°40'07,000W","experimental site","Alley cropping","WNE + WE",TRUE,TRUE,FALSE
"3314","4386",3,1,2,0,0,1,1,3,"WNE","WNE, WE","Costa Rica","9°53'44,000N","83°40'07,000W","experimental site","Alley cropping","WNE + WE",TRUE,TRUE,FALSE
"3315","4387",3,1,2,0,0,1,1,3,"WNE","WNE, WE","Costa Rica","9°53'44,000N","83°40'07,000W","experimental site","Alley cropping","WNE + WE",TRUE,TRUE,FALSE
"3316","4388",3,1,2,0,0,1,1,3,"WNE","WNE, WE","Costa Rica","9°53'44,000N","83°40'07,000W","experimental site","Alley cropping","WNE + WE",TRUE,TRUE,FALSE
"3317","4389",3,1,2,0,0,1,1,3,"WNE","WNE, WE","Costa Rica","9°53'44,000N","83°40'07,000W","experimental site","Alley cropping","WNE + WE",TRUE,TRUE,FALSE
"3318","439",2,1,1,0,0,1,1,2,"WE","WNE, WE","Brazil","4°00'00,000S","39°20'00,000W","working farm","Multi-strata systems","WNE + WE",TRUE,TRUE,FALSE
"3319","4390",3,1,2,0,0,1,1,3,"WNE","WNE, WE","Costa Rica","9°53'44,000N","83°40'07,000W","experimental site","Alley cropping","WNE + WE",TRUE,TRUE,FALSE
"3320","4391",3,1,2,0,0,1,1,3,"WNE","WNE, WE","Costa Rica","9°53'44,000N","83°40'07,000W","experimental site","Alley cropping","WNE + WE",TRUE,TRUE,FALSE
"3321","4392",3,1,2,0,0,1,1,3,"WNE","WNE, WE","Costa Rica","9°53'44,000N","83°40'07,000W","experimental site","Alley cropping","WNE + WE",TRUE,TRUE,FALSE
"3322","4393",3,1,2,0,0,1,1,3,"WNE","WNE, WE","Costa Rica","9°53'44,000N","83°40'07,000W","experimental site","Alley cropping","WNE + WE",TRUE,TRUE,FALSE
"3323","4394",2,1,1,0,0,1,1,2,"WE","WNE, WE","Costa Rica","9°53'44,000N","83°40'07,000W","experimental site","Alley cropping","WNE + WE",TRUE,TRUE,FALSE
"3324","4395",2,1,1,0,0,1,1,2,"WE","WNE, WE","Costa Rica","9°53'44,000N","83°40'07,000W","experimental site","Alley cropping","WNE + WE",TRUE,TRUE,FALSE
"3325","4396",2,1,1,0,0,1,1,2,"WE","WNE, WE","Costa Rica","9°53'44,000N","83°40'07,000W","experimental site","Alley cropping","WNE + WE",TRUE,TRUE,FALSE
"3326","4397",2,1,1,0,0,1,1,2,"WE","WNE, WE","Costa Rica","9°53'44,000N","83°40'07,000W","experimental site","Alley cropping","WNE + WE",TRUE,TRUE,FALSE
"3327","4398",2,1,1,0,0,1,1,2,"WE","WNE, WE","Costa Rica","9°53'44,000N","83°40'07,000W","experimental site","Alley cropping","WNE + WE",TRUE,TRUE,FALSE
"3328","4399",2,1,1,0,0,1,1,2,"WE","WNE, WE","Costa Rica","9°53'44,000N","83°40'07,000W","experimental site","Alley cropping","WNE + WE",TRUE,TRUE,FALSE
"3329","44",3,1,1,1,0,1,2,2,"HE","WNE, HE, WE","Panama","9°23'00,000N","82°34'00,000W","working farm","Alley cropping","Multi-type",TRUE,TRUE,TRUE
"3330","440",3,1,2,0,0,1,1,3,"WNE","WNE, WE","Brazil","4°00'00,000S","39°20'00,000W","working farm","Multi-strata systems","WNE + WE",TRUE,TRUE,FALSE
"3331","4400",2,1,1,0,0,1,1,2,"WE","WNE, WE","Costa Rica","9°53'44,000N","83°40'07,000W","experimental site","Alley cropping","WNE + WE",TRUE,TRUE,FALSE
"3332","4401",2,1,1,0,0,1,1,2,"WE","WNE, WE","Costa Rica","9°53'44,000N","83°40'07,000W","experimental site","Alley cropping","WNE + WE",TRUE,TRUE,FALSE
"3333","4402",2,1,1,0,0,1,1,2,"WE","WNE, WE","Costa Rica","9°53'44,000N","83°40'07,000W","experimental site","Alley cropping","WNE + WE",TRUE,TRUE,FALSE
"3334","4403",2,1,1,0,0,1,1,2,"WE","WNE, WE","Costa Rica","9°53'44,000N","83°40'07,000W","experimental site","Alley cropping","WNE + WE",TRUE,TRUE,FALSE
"3335","4404",3,1,2,0,0,1,1,3,"WNE","WNE, WE","Costa Rica","9°53'44,000N","83°40'07,000W","experimental site","Alley cropping","WNE + WE",TRUE,TRUE,FALSE
"3336","4405",3,1,2,0,0,1,1,3,"WNE","WNE, WE","Costa Rica","9°53'44,000N","83°40'07,000W","experimental site","Alley cropping","WNE + WE",TRUE,TRUE,FALSE
"3337","4406",3,1,2,0,0,1,1,3,"WNE","WNE, WE","Costa Rica","9°53'44,000N","83°40'07,000W","experimental site","Alley cropping","WNE + WE",TRUE,TRUE,FALSE
"3338","4407",3,1,2,0,0,1,1,3,"WNE","WNE, WE","Costa Rica","9°53'44,000N","83°40'07,000W","experimental site","Alley cropping","WNE + WE",TRUE,TRUE,FALSE
"3339","4408",3,1,2,0,0,1,1,3,"WNE","WNE, WE","Costa Rica","9°53'44,000N","83°40'07,000W","experimental site","Alley cropping","WNE + WE",TRUE,TRUE,FALSE
"3340","4409",3,1,2,0,0,1,1,3,"WNE","WNE, WE","Costa Rica","9°53'44,000N","83°40'07,000W","experimental site","Alley cropping","WNE + WE",TRUE,TRUE,FALSE
"3341","441",6,2,1,3,0,0,5,3,"HE","WNE, HE, WE","Kyrgyzstan",NA,NA,"working farm","Alley cropping","Multi-type",TRUE,TRUE,TRUE
"3342","4410",3,1,2,0,0,1,1,3,"WNE","WNE, WE","Costa Rica","9°53'44,000N","83°40'07,000W","experimental site","Alley cropping","WNE + WE",TRUE,TRUE,FALSE
"3343","4411",3,1,2,0,0,1,1,3,"WNE","WNE, WE","Costa Rica","9°53'44,000N","83°40'07,000W","experimental site","Alley cropping","WNE + WE",TRUE,TRUE,FALSE
"3344","4412",2,1,0,1,0,0,2,1,"HE","HE, WE","India","35°34'00,000N","75°01'30,000E","working farm","Alley cropping","Edible only",FALSE,TRUE,TRUE
"3345","4413",2,1,0,1,0,0,2,1,"HE","HE, WE","India","35°34'00,000N","75°01'30,000E","working farm","Alley cropping","Edible only",FALSE,TRUE,TRUE
"3346","4414",2,1,0,1,0,0,2,1,"HE","HE, WE","India","35°34'00,000N","75°01'30,000E","working farm","Alley cropping","Edible only",FALSE,TRUE,TRUE
"3347","4415",2,1,0,1,0,0,2,1,"HE","HE, WE","India","35°34'00,000N","75°01'30,000E","working farm","Alley cropping","Edible only",FALSE,TRUE,TRUE
"3348","4416",2,1,0,1,0,0,2,1,"HE","HE, WE","India","35°34'00,000N","75°01'30,000E","working farm","Alley cropping","Edible only",FALSE,TRUE,TRUE
"3349","4417",2,1,0,1,0,1,2,1,"HE","HE, WE","Uganda",NA,NA,"working farm","Multi-strata systems","Edible only",FALSE,TRUE,TRUE
"3350","4418",3,1,1,1,0,1,2,2,"HE","WNE, HE, WE","Uganda",NA,NA,"working farm","Multi-strata systems","Multi-type",TRUE,TRUE,TRUE
"3351","4419",2,1,0,1,0,1,2,1,"HE","HE, WE","Uganda",NA,NA,"working farm","Multi-strata systems","Edible only",FALSE,TRUE,TRUE
"3352","442",6,2,1,3,0,0,5,3,"HE","WNE, HE, WE","Kyrgyzstan",NA,NA,"working farm","Alley cropping","Multi-type",TRUE,TRUE,TRUE
"3353","4421",3,1,1,1,0,1,2,2,"HE","WNE, HE, WE","Uganda",NA,NA,"working farm","Multi-strata systems","Multi-type",TRUE,TRUE,TRUE
"3354","4422",2,1,0,1,0,1,2,1,"HE","HE, WE","Uganda",NA,NA,"working farm","Multi-strata systems","Edible only",FALSE,TRUE,TRUE
"3355","4423",3,1,1,1,0,1,2,2,"HE","WNE, HE, WE","Uganda",NA,NA,"working farm","Multi-strata systems","Multi-type",TRUE,TRUE,TRUE
"3356","4424",3,1,1,1,0,1,2,2,"HE","WNE, HE, WE","Uganda",NA,NA,"working farm","Multi-strata systems","Multi-type",TRUE,TRUE,TRUE
"3357","4427",2,1,1,0,0,1,1,2,"WE","WNE, WE","Uganda",NA,NA,"working farm","Multi-strata systems","WNE + WE",TRUE,TRUE,FALSE
"3358","443",6,2,1,3,0,0,5,3,"HE","WNE, HE, WE","Kyrgyzstan",NA,NA,"working farm","Alley cropping","Multi-type",TRUE,TRUE,TRUE
"3359","4432",3,1,1,1,0,1,2,2,"HE","WNE, HE, WE","Uganda",NA,NA,"working farm","Multi-strata systems","Multi-type",TRUE,TRUE,TRUE
"3360","444",6,2,1,3,0,0,5,3,"HE","WNE, HE, WE","Kyrgyzstan",NA,NA,"working farm","Alley cropping","Multi-type",TRUE,TRUE,TRUE
"3361","4440",3,1,1,1,0,1,2,2,"HE","WNE, HE, WE","India","18.7416030","82.83534","experimental site","Alley cropping","Multi-type",TRUE,TRUE,TRUE
"3362","4441",4,1,1,2,0,1,3,2,"HE","WNE, HE, WE","India","18.7416030","82.83534","experimental site","Alley cropping","Multi-type",TRUE,TRUE,TRUE
"3363","4442",3,2,1,0,0,0,2,3,"WE","WNE, WE","India","18.7416030","82.83534","experimental site","Alley cropping","WNE + WE",TRUE,TRUE,FALSE
"3364","4443",4,2,1,1,0,0,3,3,"WE","WNE, HE, WE","India","18.7416030","82.83534","experimental site","Alley cropping","Multi-type",TRUE,TRUE,TRUE
"3365","4444",3,1,1,1,0,1,2,2,"HE","HE, WE","Indonesia","7°52'00,000S","111°27'00,000E","working farm","Alley cropping","Edible only",FALSE,TRUE,TRUE
"3366","4445",3,1,1,1,0,1,2,2,"HE","HE, WE","Indonesia","7°52'00,000S","111°27'00,000E","working farm","Alley cropping","Edible only",FALSE,TRUE,TRUE
"3367","4446",3,1,1,1,0,1,2,2,"HE","HE, WE","Indonesia","7°52'00,000S","111°27'00,000E","working farm","Alley cropping","Edible only",FALSE,TRUE,TRUE
"3368","4447",3,1,1,1,0,1,2,2,"HE","HE, WE","Indonesia","7°52'00,000S","111°27'00,000E","working farm","Alley cropping","Edible only",FALSE,TRUE,TRUE
"3369","4448",3,1,1,1,0,1,2,2,"HE","HE, WE","Indonesia","7°52'00,000S","111°27'00,000E","working farm","Alley cropping","Edible only",FALSE,TRUE,TRUE
"3370","4449",3,1,1,1,0,1,2,2,"HE","HE, WE","Indonesia","7°52'00,000S","111°27'00,000E","working farm","Alley cropping","Edible only",FALSE,TRUE,TRUE
"3371","445",7,4,2,1,0,1,5,6,"WE","WNE, HE, WE","Brazil","22°44'38,000S","43°42'28,000W","working farm","Multi-strata systems","Multi-type",TRUE,TRUE,TRUE
"3372","4450",3,1,1,1,0,1,2,2,"HE","HE, WE","Indonesia","7°52'00,000S","111°27'00,000E","working farm","Alley cropping","Edible only",FALSE,TRUE,TRUE
"3373","4451",2,1,1,0,0,0,1,2,"WE","WNE, WE","Vietnam",NA,NA,"working farm","Alley cropping","WNE + WE",TRUE,TRUE,FALSE
"3374","4452",3,1,1,1,0,0,2,2,"HE","WNE, HE, WE","Vietnam",NA,NA,"working farm","Alley cropping","Multi-type",TRUE,TRUE,TRUE
"3375","4453",3,1,1,0,1,1,1,2,"WE","HNE, WNE, WE","Brazil","13°09'29,400S","60°37'50,600W","working farm","Alley cropping","WNE + WE",TRUE,TRUE,FALSE
"3376","4454",3,1,1,0,1,1,1,2,"WE","HNE, WNE, WE","Brazil","13°09'29,400S","60°37'50,600W","working farm","Alley cropping","WNE + WE",TRUE,TRUE,FALSE
"3377","4455",3,1,1,0,1,1,1,2,"WE","HNE, WNE, WE","Brazil","13°09'29,400S","60°37'50,600W","working farm","Alley cropping","WNE + WE",TRUE,TRUE,FALSE
"3378","4456",3,1,1,0,1,1,1,2,"WE","HNE, WNE, WE","Brazil","13°09'29,400S","60°37'50,600W","working farm","Alley cropping","WNE + WE",TRUE,TRUE,FALSE
"3379","4457",2,1,1,0,0,1,1,2,"WE","WNE, WE","Brazil","13°09'29,400S","60°37'50,600W","working farm","Alley cropping","WNE + WE",TRUE,TRUE,FALSE
"3380","4458",2,1,1,0,0,1,1,2,"WE","WNE, WE","Brazil","13°09'29,400S","60°37'50,600W","working farm","Alley cropping","WNE + WE",TRUE,TRUE,FALSE
"3381","4459",2,1,1,0,0,1,1,2,"WE","WNE, WE","Brazil","13°09'29,400S","60°37'50,600W","working farm","Alley cropping","WNE + WE",TRUE,TRUE,FALSE
"3382","446",2,1,1,0,0,1,1,2,"WE","WNE, WE","Brazil","22°44'38,000S","43°42'28,000W","working farm","Alley cropping","WNE + WE",TRUE,TRUE,FALSE
"3383","4460",3,2,1,0,0,0,2,3,"WE","WNE, WE","India","22°30'00,000N","87°00'00,000E","experimental site","Alley cropping","WNE + WE",TRUE,TRUE,FALSE
"3384","4461",4,1,1,2,0,0,3,2,"HE","WNE, HE, WE","India","22°30'00,000N","87°00'00,000E","experimental site","Alley cropping","Multi-type",TRUE,TRUE,TRUE
"3385","4462",4,1,1,2,0,0,3,2,"HE","WNE, HE, WE","India","22°30'00,000N","87°00'00,000E","experimental site","Alley cropping","Multi-type",TRUE,TRUE,TRUE
"3386","4463",4,1,1,2,0,0,3,2,"HE","WNE, HE, WE","India","22°30'00,000N","87°00'00,000E","experimental site","Alley cropping","Multi-type",TRUE,TRUE,TRUE
"3387","4464",4,1,1,2,0,0,3,2,"HE","WNE, HE, WE","India","22°30'00,000N","87°00'00,000E","experimental site","Alley cropping","Multi-type",TRUE,TRUE,TRUE
"3388","4465",2,1,1,0,0,0,1,2,"WE","WNE, WE","India","22°30'00,000N","87°00'00,000E","experimental site","Alley cropping","WNE + WE",TRUE,TRUE,FALSE
"3389","4466",3,2,1,0,0,0,2,3,"WE","WNE, WE","India","22°30'00,000N","87°00'00,000E","experimental site","Alley cropping","WNE + WE",TRUE,TRUE,FALSE
"3390","4467",4,1,1,2,0,0,3,2,"HE","WNE, HE, WE","India","22°30'00,000N","87°00'00,000E","experimental site","Alley cropping","Multi-type",TRUE,TRUE,TRUE
"3391","4468",4,1,1,2,0,0,3,2,"HE","WNE, HE, WE","India","22°30'00,000N","87°00'00,000E","experimental site","Alley cropping","Multi-type",TRUE,TRUE,TRUE
"3392","4469",4,1,1,2,0,0,3,2,"HE","WNE, HE, WE","India","22°30'00,000N","87°00'00,000E","experimental site","Alley cropping","Multi-type",TRUE,TRUE,TRUE
"3393","447",2,0,1,1,0,0,1,1,"HE","WNE, HE","Brazil","22°44'38,000S","43°42'28,000W","working farm","Alley cropping","WNE + HE",TRUE,FALSE,TRUE
"3394","4470",4,1,1,2,0,0,3,2,"HE","WNE, HE, WE","India","22°30'00,000N","87°00'00,000E","experimental site","Alley cropping","Multi-type",TRUE,TRUE,TRUE
"3395","4471",2,1,1,0,0,0,1,2,"WE","WNE, WE","India","22°30'00,000N","87°00'00,000E","experimental site","Alley cropping","WNE + WE",TRUE,TRUE,FALSE
"3396","4472",2,0,1,1,0,1,1,1,"HE","HE, WE","India","26°18'37,000N","75°25'50,000E","experimental site","Alley cropping","Edible only",FALSE,TRUE,TRUE
"3397","4473",2,1,0,1,0,1,2,1,"HE","HE, WE","India",NA,NA,"experimental site","Alley cropping","Edible only",FALSE,TRUE,TRUE
"3398","4474",2,1,0,1,0,1,2,1,"HE","HE, WE","India",NA,NA,"experimental site","Alley cropping","Edible only",FALSE,TRUE,TRUE
"3399","4475",2,1,0,1,0,1,2,1,"HE","HE, WE","India",NA,NA,"experimental site","Alley cropping","Edible only",FALSE,TRUE,TRUE
"3400","4476",2,1,0,1,0,1,2,1,"HE","HE, WE","India",NA,NA,"experimental site","Alley cropping","Edible only",FALSE,TRUE,TRUE
"3401","4477",2,1,1,0,0,1,1,2,"WE","WNE, WE","Indonesia",NA,NA,"working farm","Multi-strata systems","WNE + WE",TRUE,TRUE,FALSE
"3402","4478",2,1,1,0,0,1,1,2,"WE","WNE, WE","Indonesia",NA,NA,"working farm","Multi-strata systems","WNE + WE",TRUE,TRUE,FALSE
"3403","4479",2,2,0,0,0,1,2,2,"WE","WE","Indonesia",NA,NA,"working farm","Multi-strata systems","Edible only",FALSE,TRUE,FALSE
"3404","448",7,4,2,1,0,1,5,6,"WE","WNE, HE, WE","Brazil","22°44'38,000S","43°42'28,000W","working farm","Multi-strata systems","Multi-type",TRUE,TRUE,TRUE
"3405","4480",2,1,1,0,0,1,1,2,"WE","WNE, WE","Indonesia",NA,NA,"working farm","Multi-strata systems","WNE + WE",TRUE,TRUE,FALSE
"3406","4481",2,1,0,1,0,1,2,1,"HE","HE, WE","Israel",NA,NA,"working farm","Alley cropping","Edible only",FALSE,TRUE,TRUE
"3407","4482",2,1,0,0,1,1,1,1,"WE","HNE, WE","Israel",NA,NA,"working farm","Alley cropping","Edible only",FALSE,TRUE,FALSE
"3408","4483",2,1,0,1,0,1,2,1,"HE","HE, WE","Israel",NA,NA,"working farm","Alley cropping","Edible only",FALSE,TRUE,TRUE
"3409","4484",2,1,0,0,1,1,1,1,"WE","HNE, WE","Israel",NA,NA,"working farm","Alley cropping","Edible only",FALSE,TRUE,FALSE
"3410","4485",2,1,0,1,0,0,2,1,"HE","HE, WE","India","31°58'00,000N","77°06'04,000E","working farm","Alley cropping","Edible only",FALSE,TRUE,TRUE
"3411","4486",3,0,1,2,0,0,2,1,"HE","WNE, HE","India","31°58'00,000N","77°06'04,000E","working farm","Alley cropping","WNE + HE",TRUE,FALSE,TRUE
"3412","4487",3,0,1,2,0,0,2,1,"HE","WNE, HE","India","31°58'00,000N","77°06'04,000E","working farm","Alley cropping","WNE + HE",TRUE,FALSE,TRUE
"3413","4488",3,0,1,2,0,0,2,1,"HE","WNE, HE","India","31°58'00,000N","77°06'04,000E","working farm","Alley cropping","WNE + HE",TRUE,FALSE,TRUE
"3414","4489",3,0,1,2,0,0,2,1,"HE","WNE, HE","India","31°58'00,000N","77°06'04,000E","working farm","Alley cropping","WNE + HE",TRUE,FALSE,TRUE
"3415","449",2,1,1,0,0,1,1,2,"WE","WNE, WE","Brazil","22°44'38,000S","43°42'28,000W","working farm","Other/unknown","WNE + WE",TRUE,TRUE,FALSE
"3416","4490",2,0,1,1,0,1,1,1,"HE","WNE, HE","India","31°58'00,000N","77°06'04,000E","working farm","Alley cropping","WNE + HE",TRUE,FALSE,TRUE
"3417","4491",2,0,1,1,0,1,1,1,"HE","WNE, HE","India","31°58'00,000N","77°06'04,000E","working farm","Alley cropping","WNE + HE",TRUE,FALSE,TRUE
"3418","4492",3,1,0,2,0,0,3,1,"HE","HE, WE","India","31°58'00,000N","77°06'04,000E","working farm","Alley cropping","Edible only",FALSE,TRUE,TRUE
"3419","4493",3,0,1,2,0,0,2,1,"HE","WNE, HE","India","31°58'00,000N","77°06'04,000E","working farm","Alley cropping","WNE + HE",TRUE,FALSE,TRUE
"3420","4494",3,0,1,2,0,0,2,1,"HE","WNE, HE","India","31°58'00,000N","77°06'04,000E","working farm","Alley cropping","WNE + HE",TRUE,FALSE,TRUE
"3421","4495",3,0,1,2,0,0,2,1,"HE","WNE, HE","India","31°58'00,000N","77°06'04,000E","working farm","Alley cropping","WNE + HE",TRUE,FALSE,TRUE
"3422","4496",3,0,1,2,0,0,2,1,"HE","WNE, HE","India","31°58'00,000N","77°06'04,000E","working farm","Alley cropping","WNE + HE",TRUE,FALSE,TRUE
"3423","4497",3,0,1,2,0,1,2,1,"HE","WNE, HE","India","31°58'00,000N","77°06'04,000E","working farm","Alley cropping","WNE + HE",TRUE,FALSE,TRUE
"3424","4498",3,0,1,2,0,1,2,1,"HE","WNE, HE","India","31°58'00,000N","77°06'04,000E","working farm","Alley cropping","WNE + HE",TRUE,FALSE,TRUE
"3425","4499",3,0,1,2,0,1,2,1,"HE","WNE, HE","India","31°58'00,000N","77°06'04,000E","working farm","Alley cropping","WNE + HE",TRUE,FALSE,TRUE
"3426","45",3,1,1,1,0,1,2,2,"HE","WNE, HE, WE","Panama","9°23'00,000N","82°34'00,000W","working farm","Alley cropping","Multi-type",TRUE,TRUE,TRUE
"3427","450",2,0,1,1,0,0,1,1,"HE","WNE, HE","Brazil","22°44'38,000S","43°42'28,000W","working farm","Alley cropping","WNE + HE",TRUE,FALSE,TRUE
"3428","4500",3,0,1,2,0,0,2,1,"HE","WNE, HE","France","43°42'00,000N","3°51'00,000E","working farm","Alley cropping","WNE + HE",TRUE,FALSE,TRUE
"3429","4501",3,0,1,2,0,0,2,1,"HE","WNE, HE","France","43°42'00,000N","3°51'00,000E","working farm","Alley cropping","WNE + HE",TRUE,FALSE,TRUE
"3430","4502",3,2,1,0,0,0,2,3,"WE","WNE, WE","India","22°50'00,000N","87°00'00,000E","experimental site","Alley cropping","WNE + WE",TRUE,TRUE,FALSE
"3431","4503",4,1,1,2,0,0,3,2,"HE","WNE, HE, WE","India","22°50'00,000N","87°00'00,000E","experimental site","Alley cropping","Multi-type",TRUE,TRUE,TRUE
"3432","4504",4,1,1,2,0,0,3,2,"HE","WNE, HE, WE","India","22°50'00,000N","87°00'00,000E","experimental site","Alley cropping","Multi-type",TRUE,TRUE,TRUE
"3433","4505",4,1,1,2,0,0,3,2,"HE","WNE, HE, WE","India","22°50'00,000N","87°00'00,000E","experimental site","Alley cropping","Multi-type",TRUE,TRUE,TRUE
"3434","4506",4,1,1,2,0,0,3,2,"HE","WNE, HE, WE","India","22°50'00,000N","87°00'00,000E","experimental site","Alley cropping","Multi-type",TRUE,TRUE,TRUE
"3435","4507",2,1,1,0,0,0,1,2,"WE","WNE, WE","India","22°50'00,000N","87°00'00,000E","experimental site","Alley cropping","WNE + WE",TRUE,TRUE,FALSE
"3436","4508",3,2,1,0,0,0,2,3,"WE","WNE, WE","India","22°50'00,000N","87°00'00,000E","experimental site","Alley cropping","WNE + WE",TRUE,TRUE,FALSE
"3437","4509",4,1,1,2,0,0,3,2,"HE","WNE, HE, WE","India","22°50'00,000N","87°00'00,000E","experimental site","Alley cropping","Multi-type",TRUE,TRUE,TRUE
"3438","451",5,3,2,0,0,2,3,5,"WE","WNE, WE","Colombia","4°08'33,000N","73°37'46,000W","working farm","Multi-strata systems","WNE + WE",TRUE,TRUE,FALSE
"3439","4510",4,1,1,2,0,0,3,2,"HE","WNE, HE, WE","India","22°50'00,000N","87°00'00,000E","experimental site","Alley cropping","Multi-type",TRUE,TRUE,TRUE
"3440","4511",4,1,1,2,0,0,3,2,"HE","WNE, HE, WE","India","22°50'00,000N","87°00'00,000E","experimental site","Alley cropping","Multi-type",TRUE,TRUE,TRUE
"3441","4512",4,1,1,2,0,0,3,2,"HE","WNE, HE, WE","India","22°50'00,000N","87°00'00,000E","experimental site","Alley cropping","Multi-type",TRUE,TRUE,TRUE
"3442","4513",2,1,1,0,0,0,1,2,"WE","WNE, WE","India","22°50'00,000N","87°00'00,000E","experimental site","Alley cropping","WNE + WE",TRUE,TRUE,FALSE
"3443","4514",2,2,0,0,0,1,2,2,"WE","WE","Brazil",NA,NA,"experimental site","Alley cropping","Edible only",FALSE,TRUE,FALSE
"3444","4515",2,1,0,0,1,1,1,1,"WE","HNE, WE","Bolivia","15°27'36,600S","67°28'20,650W","experimental site","Alley cropping","Edible only",FALSE,TRUE,FALSE
"3445","4516",10,4,4,1,1,1,5,8,"WE","HNE, WNE, HE, WE","Bolivia","15°27'36,600S","67°28'20,650W","experimental site","Multi-strata systems","Multi-type",TRUE,TRUE,TRUE
"3446","4517",9,4,4,1,0,1,5,8,"WE","WNE, HE, WE","Bolivia","15°27'36,600S","67°28'20,650W","experimental site","Multi-strata systems","Multi-type",TRUE,TRUE,TRUE
"3447","4518",11,4,5,2,0,1,6,9,"WNE","WNE, HE, WE","Bolivia","15°27'36,600S","67°28'20,650W","experimental site","Multi-strata systems","Multi-type",TRUE,TRUE,TRUE
"3448","4519",2,1,0,0,1,1,1,1,"WE","HNE, WE","Bolivia","15°27'36,600S","67°28'20,650W","experimental site","Alley cropping","Edible only",FALSE,TRUE,FALSE
"3449","452",5,3,1,1,0,1,4,4,"WE","WNE, HE, WE","Colombia","4°08'33,000N","73°37'46,000W","working farm","Multi-strata systems","Multi-type",TRUE,TRUE,TRUE
"3450","4520",10,4,4,1,1,1,5,8,"WE","HNE, WNE, HE, WE","Bolivia","15°27'36,600S","67°28'20,650W","experimental site","Multi-strata systems","Multi-type",TRUE,TRUE,TRUE
"3451","4521",9,4,4,1,0,1,5,8,"WE","WNE, HE, WE","Bolivia","15°27'36,600S","67°28'20,650W","experimental site","Multi-strata systems","Multi-type",TRUE,TRUE,TRUE
"3452","4522",11,4,5,2,0,1,6,9,"WNE","WNE, HE, WE","Bolivia","15°27'36,600S","67°28'20,650W","experimental site","Multi-strata systems","Multi-type",TRUE,TRUE,TRUE
"3453","4523",2,1,0,0,1,1,1,1,"WE","HNE, WE","Bolivia","15°27'36,600S","67°28'20,650W","experimental site","Alley cropping","Edible only",FALSE,TRUE,FALSE
"3454","4524",10,4,4,1,1,1,5,8,"WE","HNE, WNE, HE, WE","Bolivia","15°27'36,600S","67°28'20,650W","experimental site","Multi-strata systems","Multi-type",TRUE,TRUE,TRUE
"3455","4525",9,4,4,1,0,1,5,8,"WE","WNE, HE, WE","Bolivia","15°27'36,600S","67°28'20,650W","experimental site","Multi-strata systems","Multi-type",TRUE,TRUE,TRUE
"3456","4526",11,4,5,2,0,1,6,9,"WNE","WNE, HE, WE","Bolivia","15°27'36,600S","67°28'20,650W","experimental site","Multi-strata systems","Multi-type",TRUE,TRUE,TRUE
"3457","4527",2,0,1,1,0,1,1,1,"HE","HE, WE","India",NA,NA,"working farm","Alley cropping","Edible only",FALSE,TRUE,TRUE
"3458","4528",2,0,1,1,0,1,1,1,"HE","HE, WE","India",NA,NA,"working farm","Alley cropping","Edible only",FALSE,TRUE,TRUE
"3459","4529",2,0,1,1,0,1,1,1,"HE","HE, WE","India",NA,NA,"working farm","Alley cropping","Edible only",FALSE,TRUE,TRUE
"3460","453",2,1,1,0,0,0,1,2,"WE","WNE, WE","Vietnam",NA,NA,"working farm","Alley cropping","WNE + WE",TRUE,TRUE,FALSE
"3461","4530",2,0,1,1,0,1,1,1,"HE","HE, WE","India",NA,NA,"working farm","Alley cropping","Edible only",FALSE,TRUE,TRUE
"3462","4531",2,0,1,1,0,1,1,1,"HE","HE, WE","India",NA,NA,"working farm","Alley cropping","Edible only",FALSE,TRUE,TRUE
"3463","4532",2,0,1,1,0,1,1,1,"HE","HE, WE","India",NA,NA,"working farm","Alley cropping","Edible only",FALSE,TRUE,TRUE
"3464","4533",2,0,1,1,0,1,1,1,"HE","HE, WE","India",NA,NA,"working farm","Alley cropping","Edible only",FALSE,TRUE,TRUE
"3465","4534",2,0,1,1,0,1,1,1,"HE","HE, WE","India",NA,NA,"working farm","Alley cropping","Edible only",FALSE,TRUE,TRUE
"3466","4535",2,0,1,1,0,1,1,1,"HE","HE, WE","India",NA,NA,"working farm","Alley cropping","Edible only",FALSE,TRUE,TRUE
"3467","4536",2,0,1,1,0,1,1,1,"HE","HE, WE","India",NA,NA,"working farm","Alley cropping","Edible only",FALSE,TRUE,TRUE
"3468","4537",2,1,1,0,0,0,1,2,"WE","WNE, WE","India","10.54799","76.28164","experimental site","Alley cropping","WNE + WE",TRUE,TRUE,FALSE
"3469","4538",2,1,1,0,0,0,1,2,"WE","WNE, WE","India","10.54799","76.28164","experimental site","Alley cropping","WNE + WE",TRUE,TRUE,FALSE
"3470","4539",2,1,1,0,0,0,1,2,"WE","WNE, WE","India","10.54799","76.28164","experimental site","Alley cropping","WNE + WE",TRUE,TRUE,FALSE
"3471","454",2,1,1,0,0,0,1,2,"WE","WNE, WE","Vietnam",NA,NA,"working farm","Alley cropping","WNE + WE",TRUE,TRUE,FALSE
"3472","4540",2,1,1,0,0,0,1,2,"WE","WNE, WE","India","10.54799","76.28164","experimental site","Alley cropping","WNE + WE",TRUE,TRUE,FALSE
"3473","4541",2,1,1,0,0,0,1,2,"WE","WNE, WE","India","10.54799","76.28164","experimental site","Alley cropping","WNE + WE",TRUE,TRUE,FALSE
"3474","4542",2,1,1,0,0,0,1,2,"WE","WNE, WE","India","10.54799","76.28164","experimental site","Alley cropping","WNE + WE",TRUE,TRUE,FALSE
"3475","455",24,3,6,15,0,4,18,9,"HE","WNE, HE, WE","India","30°49'52,500N","77°09'25,000E","working farm","Multi-strata systems","Multi-type",TRUE,TRUE,TRUE
"3476","4553",6,2,4,0,0,1,2,6,"WNE","WNE, WE","Mexico","15°33'08,000N","92°53'03,000W","working farm","Alley cropping","WNE + WE",TRUE,TRUE,FALSE
"3477","4554",8,1,6,0,1,1,1,7,"WNE","HNE, WNE, WE","Mexico","15°33'08,000N","92°53'03,000W","working farm","Alley cropping","WNE + WE",TRUE,TRUE,FALSE
"3478","4555",6,2,4,0,0,1,2,6,"WNE","WNE, WE","Mexico","15°33'08,000N","92°53'03,000W","working farm","Alley cropping","WNE + WE",TRUE,TRUE,FALSE
"3479","4556",8,1,6,0,1,1,1,7,"WNE","HNE, WNE, WE","Mexico","15°33'08,000N","92°53'03,000W","working farm","Alley cropping","WNE + WE",TRUE,TRUE,FALSE
"3480","4557",6,2,4,0,0,1,2,6,"WNE","WNE, WE","Mexico","15°33'08,000N","92°53'03,000W","working farm","Alley cropping","WNE + WE",TRUE,TRUE,FALSE
"3481","4558",8,1,6,0,1,1,1,7,"WNE","HNE, WNE, WE","Mexico","15°33'08,000N","92°53'03,000W","working farm","Alley cropping","WNE + WE",TRUE,TRUE,FALSE
"3482","4559",6,2,4,0,0,1,2,6,"WNE","WNE, WE","Mexico","15°33'08,000N","92°53'03,000W","working farm","Alley cropping","WNE + WE",TRUE,TRUE,FALSE
"3483","456",23,4,4,15,0,4,19,8,"HE","WNE, HE, WE","India","30°49'52,500N","77°09'25,000E","working farm","Multi-strata systems","Multi-type",TRUE,TRUE,TRUE
"3484","4560",8,1,6,0,1,1,1,7,"WNE","HNE, WNE, WE","Mexico","15°33'08,000N","92°53'03,000W","working farm","Alley cropping","WNE + WE",TRUE,TRUE,FALSE
"3485","4561",2,2,0,0,0,1,2,2,"WE","WE","Costa Rica","10°02'00,000N","84°08'00,000W","experimental site","Alley cropping","Edible only",FALSE,TRUE,FALSE
"3486","4562",2,2,0,0,0,1,2,2,"WE","WE","Costa Rica","10°02'00,000N","84°08'00,000W","experimental site","Alley cropping","Edible only",FALSE,TRUE,FALSE
"3487","4563",2,2,0,0,0,1,2,2,"WE","WE","Costa Rica","10°02'00,000N","84°08'00,000W","experimental site","Alley cropping","Edible only",FALSE,TRUE,FALSE
"3488","4564",2,2,0,0,0,1,2,2,"WE","WE","Costa Rica","10°02'00,000N","84°08'00,000W","experimental site","Alley cropping","Edible only",FALSE,TRUE,FALSE
"3489","4565",3,0,1,2,0,0,2,1,"HE","WNE, HE","Kenya","3°50'00,000S","39°45'00,000E","working farm","Alley cropping","WNE + HE",TRUE,FALSE,TRUE
"3490","4566",3,0,1,2,0,0,2,1,"HE","WNE, HE","Kenya","3°50'00,000S","39°45'00,000E","working farm","Alley cropping","WNE + HE",TRUE,FALSE,TRUE
"3491","4567",3,0,1,2,0,0,2,1,"HE","WNE, HE","Kenya","3°50'00,000S","39°45'00,000E","working farm","Alley cropping","WNE + HE",TRUE,FALSE,TRUE
"3492","4568",3,0,1,2,0,0,2,1,"HE","WNE, HE","Kenya","3°50'00,000S","39°45'00,000E","working farm","Alley cropping","WNE + HE",TRUE,FALSE,TRUE
"3493","4569",3,0,1,2,0,0,2,1,"HE","WNE, HE","Kenya","3°50'00,000S","39°45'00,000E","working farm","Alley cropping","WNE + HE",TRUE,FALSE,TRUE
"3494","457",17,1,6,10,0,2,11,7,"HE","WNE, HE, WE","India","30°49'52,500N","77°09'25,000E","working farm","Multi-strata systems","Multi-type",TRUE,TRUE,TRUE
"3495","4570",3,0,1,2,0,0,2,1,"HE","WNE, HE","Kenya","3°50'00,000S","39°45'00,000E","working farm","Alley cropping","WNE + HE",TRUE,FALSE,TRUE
"3496","4571",3,0,1,2,0,0,2,1,"HE","WNE, HE","Kenya","3°50'00,000S","39°45'00,000E","working farm","Alley cropping","WNE + HE",TRUE,FALSE,TRUE
"3497","4572",3,0,1,2,0,0,2,1,"HE","WNE, HE","Kenya","3°50'00,000S","39°45'00,000E","working farm","Alley cropping","WNE + HE",TRUE,FALSE,TRUE
"3498","4573",3,0,1,2,0,0,2,1,"HE","WNE, HE","Kenya","3°50'00,000S","39°45'00,000E","working farm","Alley cropping","WNE + HE",TRUE,FALSE,TRUE
"3499","4574",3,0,1,2,0,0,2,1,"HE","WNE, HE","Kenya","3°50'00,000S","39°45'00,000E","working farm","Alley cropping","WNE + HE",TRUE,FALSE,TRUE
"3500","4575",3,0,1,2,0,0,2,1,"HE","WNE, HE","Kenya","3°50'00,000S","39°45'00,000E","working farm","Alley cropping","WNE + HE",TRUE,FALSE,TRUE
"3501","4576",3,0,1,2,0,0,2,1,"HE","WNE, HE","Kenya","3°50'00,000S","39°45'00,000E","working farm","Alley cropping","WNE + HE",TRUE,FALSE,TRUE
"3502","4577",3,0,1,2,0,0,2,1,"HE","WNE, HE","Kenya","3°50'00,000S","39°45'00,000E","working farm","Alley cropping","WNE + HE",TRUE,FALSE,TRUE
"3503","4578",3,0,1,2,0,0,2,1,"HE","WNE, HE","Kenya","3°50'00,000S","39°45'00,000E","working farm","Alley cropping","WNE + HE",TRUE,FALSE,TRUE
"3504","4579",3,0,1,2,0,0,2,1,"HE","WNE, HE","Kenya","3°50'00,000S","39°45'00,000E","working farm","Alley cropping","WNE + HE",TRUE,FALSE,TRUE
"3505","458",12,3,1,8,0,4,11,4,"HE","HE, WE","India","30°49'52,500N","77°09'25,000E","working farm","Multi-strata systems","Edible only",FALSE,TRUE,TRUE
"3506","4580",3,0,1,2,0,0,2,1,"HE","WNE, HE","Kenya","3°50'00,000S","39°45'00,000E","working farm","Alley cropping","WNE + HE",TRUE,FALSE,TRUE
"3507","4581",3,0,1,2,0,0,2,1,"HE","WNE, HE","Kenya","3°50'00,000S","39°45'00,000E","working farm","Alley cropping","WNE + HE",TRUE,FALSE,TRUE
"3508","4582",3,0,1,2,0,0,2,1,"HE","WNE, HE","Kenya","3°50'00,000S","39°45'00,000E","working farm","Alley cropping","WNE + HE",TRUE,FALSE,TRUE
"3509","4583",3,0,1,2,0,0,2,1,"HE","WNE, HE","Kenya","3°50'00,000S","39°45'00,000E","working farm","Alley cropping","WNE + HE",TRUE,FALSE,TRUE
"3510","4584",3,0,1,2,0,0,2,1,"HE","WNE, HE","Kenya","3°50'00,000S","39°45'00,000E","working farm","Alley cropping","WNE + HE",TRUE,FALSE,TRUE
"3511","4585",3,0,1,2,0,0,2,1,"HE","WNE, HE","Kenya","3°50'00,000S","39°45'00,000E","working farm","Alley cropping","WNE + HE",TRUE,FALSE,TRUE
"3512","4586",3,0,1,2,0,0,2,1,"HE","WNE, HE","Kenya","3°50'00,000S","39°45'00,000E","working farm","Alley cropping","WNE + HE",TRUE,FALSE,TRUE
"3513","4587",3,0,1,2,0,0,2,1,"HE","WNE, HE","Kenya","3°50'00,000S","39°45'00,000E","working farm","Alley cropping","WNE + HE",TRUE,FALSE,TRUE
"3514","4588",3,0,1,2,0,0,2,1,"HE","WNE, HE","Kenya","3°50'00,000S","39°45'00,000E","working farm","Alley cropping","WNE + HE",TRUE,FALSE,TRUE
"3515","4589",2,2,0,0,0,1,2,2,"WE","WE","Costa Rica","10°02'00,000N","84°08'00,000W","experimental site","Alley cropping","Edible only",FALSE,TRUE,FALSE
"3516","4590",2,2,0,0,0,1,2,2,"WE","WE","Costa Rica","10°02'00,000N","84°08'00,000W","experimental site","Alley cropping","Edible only",FALSE,TRUE,FALSE
"3517","4591",2,2,0,0,0,1,2,2,"WE","WE","Costa Rica","10°02'00,000N","84°08'00,000W","experimental site","Alley cropping","Edible only",FALSE,TRUE,FALSE
"3518","4592",2,2,0,0,0,1,2,2,"WE","WE","Costa Rica","10°02'00,000N","84°08'00,000W","experimental site","Alley cropping","Edible only",FALSE,TRUE,FALSE
"3519","4593",3,1,0,2,0,0,3,1,"HE","HE, WE","Nigeria","7°30'00,000N","3°54'00,000E","working farm","Multi-strata systems","Edible only",FALSE,TRUE,TRUE
"3520","4594",3,1,0,2,0,0,3,1,"HE","HE, WE","Nigeria","7°30'00,000N","3°54'00,000E","working farm","Multi-strata systems","Edible only",FALSE,TRUE,TRUE
"3521","4595",3,0,1,2,0,0,2,1,"HE","WNE, HE","Nigeria","7°30'00,000N","3°54'00,000E","working farm","Multi-strata systems","WNE + HE",TRUE,FALSE,TRUE
"3522","4596",3,0,1,2,0,0,2,1,"HE","WNE, HE","Nigeria","7°30'00,000N","3°54'00,000E","working farm","Multi-strata systems","WNE + HE",TRUE,FALSE,TRUE
"3523","4597",3,1,0,2,0,0,3,1,"HE","HE, WE","Nigeria","7°30'00,000N","3°54'00,000E","working farm","Multi-strata systems","Edible only",FALSE,TRUE,TRUE
"3524","4598",3,1,0,2,0,0,3,1,"HE","HE, WE","Nigeria","7°30'00,000N","3°54'00,000E","working farm","Multi-strata systems","Edible only",FALSE,TRUE,TRUE
"3525","4599",3,0,1,2,0,0,2,1,"HE","WNE, HE","Nigeria","7°30'00,000N","3°54'00,000E","working farm","Multi-strata systems","WNE + HE",TRUE,FALSE,TRUE
"3526","460",24,3,6,15,0,4,18,9,"HE","WNE, HE, WE","India","30°49'52,500N","77°09'25,000E","working farm","Multi-strata systems","Multi-type",TRUE,TRUE,TRUE
"3527","4600",3,0,1,2,0,0,2,1,"HE","WNE, HE","Nigeria","7°30'00,000N","3°54'00,000E","working farm","Multi-strata systems","WNE + HE",TRUE,FALSE,TRUE
"3528","4601",2,1,0,1,0,0,2,1,"HE","HE, WE","Nigeria","7°12'00,000N","3°20'00,000E","experimental site","Alley cropping","Edible only",FALSE,TRUE,TRUE
"3529","4602",2,1,0,1,0,0,2,1,"HE","HE, WE","Nigeria","7°12'00,000N","3°20'00,000E","experimental site","Alley cropping","Edible only",FALSE,TRUE,TRUE
"3530","4603",2,0,1,1,0,0,1,1,"HE","WNE, HE","Russia",NA,NA,"working farm","Hedgerows","WNE + HE",TRUE,FALSE,TRUE
"3531","4604",2,0,1,1,0,0,1,1,"HE","WNE, HE","Russia",NA,NA,"working farm","Hedgerows","WNE + HE",TRUE,FALSE,TRUE
"3532","4605",2,0,1,1,0,0,1,1,"HE","WNE, HE","Russia",NA,NA,"working farm","Hedgerows","WNE + HE",TRUE,FALSE,TRUE
"3533","4606",3,0,1,2,0,1,2,1,"HE","HE, WE","Kenya","1°33'00,000S","37°08'00,000E","working farm","Alley cropping","Edible only",FALSE,TRUE,TRUE
"3534","4607",3,0,1,2,0,1,2,1,"HE","HE, WE","Kenya","1°33'00,000S","37°08'00,000E","working farm","Alley cropping","Edible only",FALSE,TRUE,TRUE
"3535","4608",2,1,1,0,0,1,1,2,"WE","WNE, WE","Puerto Rico","18.16275","-66.72315","working farm","Alley cropping","WNE + WE",TRUE,TRUE,FALSE
"3536","4609",3,1,0,0,2,0,1,1,"WE","HNE, WE","France","43°42'00,000N","3°50'00,000E","working farm","Alley cropping","Edible only",FALSE,TRUE,FALSE
"3537","461",23,4,4,15,0,4,19,8,"HE","WNE, HE, WE","India","30°49'52,500N","77°09'25,000E","working farm","Multi-strata systems","Multi-type",TRUE,TRUE,TRUE
"3538","4610",2,1,0,1,0,0,2,1,"HE","HE, WE","USA","37°50'00,000N","93°50'00,000W","working farm","Alley cropping","Edible only",FALSE,TRUE,TRUE
"3539","4611",2,1,0,1,0,0,2,1,"HE","HE, WE","USA","37°50'00,000N","93°50'00,000W","working farm","Alley cropping","Edible only",FALSE,TRUE,TRUE
"3540","4612",2,1,0,1,0,0,2,1,"HE","HE, WE","Brazil","-24.685","-51.636","working farm","Other/unknown","Edible only",FALSE,TRUE,TRUE
"3541","4613",2,1,0,1,0,0,2,1,"HE","HE, WE","Brazil","-24.685","-51.636","working farm","Other/unknown","Edible only",FALSE,TRUE,TRUE
"3542","4614",2,1,0,1,0,0,2,1,"HE","HE, WE","Brazil","-24.685","-51.636","working farm","Other/unknown","Edible only",FALSE,TRUE,TRUE
"3543","4615",2,1,0,1,0,0,2,1,"HE","HE, WE","Brazil","-24.685","-51.636","working farm","Other/unknown","Edible only",FALSE,TRUE,TRUE
"3544","4616",2,1,0,1,0,0,2,1,"HE","HE, WE","Brazil","-24.685","-51.636","working farm","Other/unknown","Edible only",FALSE,TRUE,TRUE
"3545","4617",2,1,0,1,0,0,2,1,"HE","HE, WE","Brazil","-24.685","-51.636","working farm","Other/unknown","Edible only",FALSE,TRUE,TRUE
"3546","4618",2,1,0,1,0,0,2,1,"HE","HE, WE","Brazil","-24.685","-51.636","working farm","Other/unknown","Edible only",FALSE,TRUE,TRUE
"3547","4619",2,1,0,1,0,0,2,1,"HE","HE, WE","Brazil","-24.685","-51.636","working farm","Other/unknown","Edible only",FALSE,TRUE,TRUE
"3548","462",17,1,6,10,0,2,11,7,"HE","WNE, HE, WE","India","30°49'52,500N","77°09'25,000E","working farm","Multi-strata systems","Multi-type",TRUE,TRUE,TRUE
"3549","4620",2,1,0,1,0,0,2,1,"HE","HE, WE","Brazil","-24.685","-51.636","working farm","Other/unknown","Edible only",FALSE,TRUE,TRUE
"3550","4621",2,1,0,1,0,0,2,1,"HE","HE, WE","Brazil","-24.685","-51.636","working farm","Other/unknown","Edible only",FALSE,TRUE,TRUE
"3551","4622",2,1,0,1,0,0,2,1,"HE","HE, WE","Brazil","-24.685","-51.636","working farm","Other/unknown","Edible only",FALSE,TRUE,TRUE
"3552","4623",2,1,0,1,0,0,2,1,"HE","HE, WE","Brazil","-24.685","-51.636","working farm","Other/unknown","Edible only",FALSE,TRUE,TRUE
"3553","4624",2,1,0,1,0,0,2,1,"HE","HE, WE","Brazil","-24.685","-51.636","working farm","Other/unknown","Edible only",FALSE,TRUE,TRUE
"3554","4625",2,1,0,1,0,0,2,1,"HE","HE, WE","Brazil","-24.685","-51.636","working farm","Other/unknown","Edible only",FALSE,TRUE,TRUE
"3555","4626",2,1,0,1,0,0,2,1,"HE","HE, WE","Brazil","-24.685","-51.636","working farm","Other/unknown","Edible only",FALSE,TRUE,TRUE
"3556","4627",2,1,0,1,0,0,2,1,"HE","HE, WE","Brazil","-24.685","-51.636","working farm","Other/unknown","Edible only",FALSE,TRUE,TRUE
"3557","4628",2,1,0,1,0,0,2,1,"HE","HE, WE","Brazil","-24.685","-51.636","working farm","Other/unknown","Edible only",FALSE,TRUE,TRUE
"3558","4629",2,1,0,1,0,0,2,1,"HE","HE, WE","Brazil","-24.685","-51.636","working farm","Other/unknown","Edible only",FALSE,TRUE,TRUE
"3559","463",12,3,1,8,0,4,11,4,"HE","HE, WE","India","30°49'52,500N","77°09'25,000E","working farm","Multi-strata systems","Edible only",FALSE,TRUE,TRUE
"3560","4630",2,1,0,1,0,0,2,1,"HE","HE, WE","Brazil","-24.685","-51.636","working farm","Other/unknown","Edible only",FALSE,TRUE,TRUE
"3561","4631",2,1,0,1,0,0,2,1,"HE","HE, WE","Brazil","-24.685","-51.636","working farm","Other/unknown","Edible only",FALSE,TRUE,TRUE
"3562","4632",2,1,0,1,0,0,2,1,"HE","HE, WE","Brazil","-24.685","-51.636","working farm","Other/unknown","Edible only",FALSE,TRUE,TRUE
"3563","4633",3,0,1,2,0,0,2,1,"HE","WNE, HE","Uganda","1°15'00,000S","29°55'00,000E","experimental site","Hedgerows","WNE + HE",TRUE,FALSE,TRUE
"3564","4635",3,0,1,2,0,0,2,1,"HE","WNE, HE","Uganda","1°15'00,000S","29°55'00,000E","experimental site","Hedgerows","WNE + HE",TRUE,FALSE,TRUE
"3565","4636",5,0,2,3,0,0,3,2,"HE","WNE, HE","Uganda","1°15'00,000S","29°55'00,000E","experimental site","Hedgerows","WNE + HE",TRUE,FALSE,TRUE
"3566","4637",3,0,1,2,0,0,2,1,"HE","WNE, HE","Uganda","1°15'00,000S","29°55'00,000E","experimental site","Hedgerows","WNE + HE",TRUE,FALSE,TRUE
"3567","4639",3,0,1,2,0,0,2,1,"HE","WNE, HE","Uganda","1°15'00,000S","29°55'00,000E","experimental site","Hedgerows","WNE + HE",TRUE,FALSE,TRUE
"3568","4640",5,0,2,3,0,0,3,2,"HE","WNE, HE","Uganda","1°15'00,000S","29°55'00,000E","experimental site","Hedgerows","WNE + HE",TRUE,FALSE,TRUE
"3569","4641",3,0,1,2,0,0,2,1,"HE","WNE, HE","Uganda","1°15'00,000S","29°55'00,000E","experimental site","Hedgerows","WNE + HE",TRUE,FALSE,TRUE
"3570","4643",3,0,1,2,0,0,2,1,"HE","WNE, HE","Uganda","1°15'00,000S","29°55'00,000E","experimental site","Hedgerows","WNE + HE",TRUE,FALSE,TRUE
"3571","4644",5,0,2,3,0,0,3,2,"HE","WNE, HE","Uganda","1°15'00,000S","29°55'00,000E","experimental site","Hedgerows","WNE + HE",TRUE,FALSE,TRUE
"3572","4645",3,0,1,2,0,0,2,1,"HE","WNE, HE","Uganda","1°15'00,000S","29°55'00,000E","experimental site","Hedgerows","WNE + HE",TRUE,FALSE,TRUE
"3573","4647",3,0,1,2,0,0,2,1,"HE","WNE, HE","Uganda","1°15'00,000S","29°55'00,000E","experimental site","Hedgerows","WNE + HE",TRUE,FALSE,TRUE
"3574","4648",5,0,2,3,0,0,3,2,"HE","WNE, HE","Uganda","1°15'00,000S","29°55'00,000E","experimental site","Hedgerows","WNE + HE",TRUE,FALSE,TRUE
"3575","4649",2,2,0,0,0,1,2,2,"WE","WE","Hawaii","19°32'00,000N","155°05'00,000W","working farm","shaded","Edible only",FALSE,TRUE,FALSE
"3576","465",24,3,6,15,0,4,18,9,"HE","WNE, HE, WE","India","30°49'52,500N","77°09'25,000E","working farm","Multi-strata systems","Multi-type",TRUE,TRUE,TRUE
"3577","4650",2,1,1,0,0,1,1,2,"WE","WNE, WE","Thailand","18°51'57,940N","99°21'07,000E","working farm","Multi-strata systems","WNE + WE",TRUE,TRUE,FALSE
"3578","4651",2,1,1,0,0,1,1,2,"WE","WNE, WE","Thailand","19°15'33,050N","98°55'17,460E","working farm","Alley cropping","WNE + WE",TRUE,TRUE,FALSE
"3579","4652",2,1,0,1,0,1,2,1,"HE","HE, WE","China","46°46'00,000N","130°27'00,000E","experimental site","Alley cropping","Edible only",FALSE,TRUE,TRUE
"3580","4653",2,1,0,1,0,1,2,1,"HE","HE, WE","China","46°46'00,000N","130°27'00,000E","experimental site","Alley cropping","Edible only",FALSE,TRUE,TRUE
"3581","4654",2,1,0,0,1,1,1,1,"WE","HNE, WE","Brazil","23°05'00,000S","52°26'00,000W","working farm","Alley cropping","Edible only",FALSE,TRUE,FALSE
"3582","4655",2,1,0,0,1,1,1,1,"WE","HNE, WE","Brazil","23°05'00,000S","52°26'00,000W","working farm","Alley cropping","Edible only",FALSE,TRUE,FALSE
"3583","4656",2,1,0,0,1,1,1,1,"WE","HNE, WE","Brazil","23°05'00,000S","52°26'00,000W","working farm","Alley cropping","Edible only",FALSE,TRUE,FALSE
"3584","4657",2,1,0,0,1,1,1,1,"WE","HNE, WE","Brazil","23°05'00,000S","52°26'00,000W","working farm","Alley cropping","Edible only",FALSE,TRUE,FALSE
"3585","4658",2,1,0,0,1,1,1,1,"WE","HNE, WE","Brazil","23°05'00,000S","52°26'00,000W","working farm","Alley cropping","Edible only",FALSE,TRUE,FALSE
"3586","4659",2,1,0,0,1,1,1,1,"WE","HNE, WE","Brazil","23°05'00,000S","52°26'00,000W","working farm","Alley cropping","Edible only",FALSE,TRUE,FALSE
"3587","466",23,4,4,15,0,4,19,8,"HE","WNE, HE, WE","India","30°49'52,500N","77°09'25,000E","working farm","Multi-strata systems","Multi-type",TRUE,TRUE,TRUE
"3588","4660",2,1,0,0,1,1,1,1,"WE","HNE, WE","Brazil","23°05'00,000S","52°26'00,000W","working farm","Alley cropping","Edible only",FALSE,TRUE,FALSE
"3589","4661",2,1,0,0,1,1,1,1,"WE","HNE, WE","Brazil","23°05'00,000S","52°26'00,000W","working farm","Alley cropping","Edible only",FALSE,TRUE,FALSE
"3590","4662",3,0,1,2,0,0,2,1,"HE","WNE, HE","Uganda","1°15'00,000S","29°55'00,000E","experimental site","Fallows","WNE + HE",TRUE,FALSE,TRUE
"3591","4664",3,0,1,2,0,0,2,1,"HE","WNE, HE","Uganda","1°15'00,000S","29°55'00,000E","experimental site","Fallows","WNE + HE",TRUE,FALSE,TRUE
"3592","4665",5,0,2,3,0,0,3,2,"HE","WNE, HE","Uganda","1°15'00,000S","29°55'00,000E","experimental site","Fallows","WNE + HE",TRUE,FALSE,TRUE
"3593","4666",3,0,1,2,0,0,2,1,"HE","WNE, HE","Uganda","1°15'00,000S","29°55'00,000E","experimental site","Fallows","WNE + HE",TRUE,FALSE,TRUE
"3594","4668",3,0,1,2,0,0,2,1,"HE","WNE, HE","Uganda","1°15'00,000S","29°55'00,000E","experimental site","Fallows","WNE + HE",TRUE,FALSE,TRUE
"3595","4669",5,0,2,3,0,0,3,2,"HE","WNE, HE","Uganda","1°15'00,000S","29°55'00,000E","experimental site","Fallows","WNE + HE",TRUE,FALSE,TRUE
"3596","467",23,4,4,15,0,4,19,8,"HE","WNE, HE, WE","India","30°49'52,500N","77°09'25,000E","working farm","Multi-strata systems","Multi-type",TRUE,TRUE,TRUE
"3597","4670",3,0,1,2,0,0,2,1,"HE","WNE, HE","Uganda","1°15'00,000S","29°55'00,000E","experimental site","Fallows","WNE + HE",TRUE,FALSE,TRUE
"3598","4672",3,0,1,2,0,0,2,1,"HE","WNE, HE","Uganda","1°15'00,000S","29°55'00,000E","experimental site","Fallows","WNE + HE",TRUE,FALSE,TRUE
"3599","4673",5,0,2,3,0,0,3,2,"HE","WNE, HE","Uganda","1°15'00,000S","29°55'00,000E","experimental site","Fallows","WNE + HE",TRUE,FALSE,TRUE
"3600","4674",3,0,1,2,0,0,2,1,"HE","WNE, HE","Uganda","1°15'00,000S","29°55'00,000E","experimental site","Fallows","WNE + HE",TRUE,FALSE,TRUE
"3601","4676",3,0,1,2,0,0,2,1,"HE","WNE, HE","Uganda","1°15'00,000S","29°55'00,000E","experimental site","Fallows","WNE + HE",TRUE,FALSE,TRUE
"3602","4677",5,0,2,3,0,0,3,2,"HE","WNE, HE","Uganda","1°15'00,000S","29°55'00,000E","experimental site","Fallows","WNE + HE",TRUE,FALSE,TRUE
"3603","4678",2,2,0,0,0,2,2,2,"WE","WE","USA","27,432947°N","80,429000°W","experimental site","Alley cropping","Edible only",FALSE,TRUE,FALSE
"3604","4679",2,2,0,0,0,2,2,2,"WE","WE","USA","27,432947°N","80,429000°W","experimental site","Alley cropping","Edible only",FALSE,TRUE,FALSE
"3605","468",12,3,1,8,0,4,11,4,"HE","HE, WE","India","30°49'52,500N","77°09'25,000E","working farm","Multi-strata systems","Edible only",FALSE,TRUE,TRUE
"3606","4680",2,2,0,0,0,2,2,2,"WE","WE","USA","27,432947°N","80,429000°W","experimental site","Alley cropping","Edible only",FALSE,TRUE,FALSE
"3607","4681",2,2,0,0,0,2,2,2,"WE","WE","USA","27,432947°N","80,429000°W","experimental site","Alley cropping","Edible only",FALSE,TRUE,FALSE
"3608","4682",2,2,0,0,0,2,2,2,"WE","WE","USA","27,432947°N","80,429000°W","experimental site","Alley cropping","Edible only",FALSE,TRUE,FALSE
"3609","4683",2,2,0,0,0,2,2,2,"WE","WE","USA","27,432947°N","80,429000°W","experimental site","Alley cropping","Edible only",FALSE,TRUE,FALSE
"3610","4684",2,2,0,0,0,2,2,2,"WE","WE","USA","27,432947°N","80,429000°W","experimental site","Alley cropping","Edible only",FALSE,TRUE,FALSE
"3611","4685",2,1,0,1,0,0,2,1,"HE","HE, WE","Brazil","16°36'11,000S","49°16'47,000W","working farm","Alley cropping","Edible only",FALSE,TRUE,TRUE
"3612","4686",2,1,0,0,1,0,1,1,"WE","HNE, WE","Brazil","16°36'11,000S","49°16'47,000W","working farm","Alley cropping","Edible only",FALSE,TRUE,FALSE
"3613","4687",2,2,0,0,0,0,2,2,"WE","WE","Brazil","16°36'11,000S","49°16'47,000W","working farm","Alley cropping","Edible only",FALSE,TRUE,FALSE
"3614","4688",5,1,0,0,4,1,1,1,"WE","HNE, HE, WE","Brazil","16°36'11,000S","49°16'47,000W","working farm","Alley cropping","Edible only",FALSE,TRUE,TRUE
"3615","4689",2,1,0,1,0,1,2,1,"HE","HE, WE","Brazil","20°45'14,000S","42°52'53,000W","experimental site","Alley cropping","Edible only",FALSE,TRUE,TRUE
"3616","4690",2,1,0,1,0,1,2,1,"HE","HE, WE","Brazil","20°45'14,000S","42°52'53,000W","experimental site","Alley cropping","Edible only",FALSE,TRUE,TRUE
"3617","4691",2,1,0,1,0,1,2,1,"HE","HE, WE","Brazil","20°45'14,000S","42°52'53,000W","experimental site","Alley cropping","Edible only",FALSE,TRUE,TRUE
"3618","4692",2,1,0,1,0,1,2,1,"HE","HE, WE","Brazil","20°45'14,000S","42°52'53,000W","experimental site","Alley cropping","Edible only",FALSE,TRUE,TRUE
"3619","4693",2,1,0,1,0,1,2,1,"HE","HE, WE","Brazil","20°45'14,000S","42°52'53,000W","experimental site","Alley cropping","Edible only",FALSE,TRUE,TRUE
"3620","4694",2,1,0,1,0,1,2,1,"HE","HE, WE","Brazil","20°45'14,000S","42°52'53,000W","experimental site","Alley cropping","Edible only",FALSE,TRUE,TRUE
"3621","4695",2,1,0,1,0,1,2,1,"HE","HE, WE","Brazil","20°45'14,000S","42°52'53,000W","experimental site","Alley cropping","Edible only",FALSE,TRUE,TRUE
"3622","4696",2,1,0,1,0,1,2,1,"HE","HE, WE","Brazil","20°45'14,000S","42°52'53,000W","experimental site","Alley cropping","Edible only",FALSE,TRUE,TRUE
"3623","4697",2,1,0,1,0,1,2,1,"HE","HE, WE","Brazil","20°45'14,000S","42°52'53,000W","experimental site","Alley cropping","Edible only",FALSE,TRUE,TRUE
"3624","4698",2,1,0,1,0,1,2,1,"HE","HE, WE","Brazil","20°45'14,000S","42°52'53,000W","experimental site","Alley cropping","Edible only",FALSE,TRUE,TRUE
"3625","4699",2,1,0,1,0,1,2,1,"HE","HE, WE","Brazil","20°45'14,000S","42°52'53,000W","experimental site","Alley cropping","Edible only",FALSE,TRUE,TRUE
"3626","470",14,0,10,4,0,0,4,10,"WNE","WNE, HE","Mexico",NA,NA,"working farm","Alley cropping","WNE + HE",TRUE,FALSE,TRUE
"3627","4700",2,1,0,1,0,1,2,1,"HE","HE, WE","Brazil","20°45'14,000S","42°52'53,000W","experimental site","Alley cropping","Edible only",FALSE,TRUE,TRUE
"3628","4701",2,1,0,1,0,1,2,1,"HE","HE, WE","Brazil","20°45'14,000S","42°52'53,000W","experimental site","Alley cropping","Edible only",FALSE,TRUE,TRUE
"3629","4702",2,1,0,1,0,1,2,1,"HE","HE, WE","Brazil","20°45'14,000S","42°52'53,000W","experimental site","Alley cropping","Edible only",FALSE,TRUE,TRUE
"3630","4703",2,1,0,1,0,1,2,1,"HE","HE, WE","Brazil","20°45'14,000S","42°52'53,000W","experimental site","Alley cropping","Edible only",FALSE,TRUE,TRUE
"3631","4704",2,1,0,1,0,1,2,1,"HE","HE, WE","Brazil","20°45'14,000S","42°52'53,000W","experimental site","Alley cropping","Edible only",FALSE,TRUE,TRUE
"3632","4705",3,1,0,2,0,0,3,1,"HE","HE, WE","Peru",NA,NA,"working farm","Multi-strata systems","Edible only",FALSE,TRUE,TRUE
"3633","4706",3,1,0,2,0,0,3,1,"HE","HE, WE","Peru",NA,NA,"working farm","Other/unknown","Edible only",FALSE,TRUE,TRUE
"3634","4707",2,1,1,0,0,0,1,2,"WE","WNE, WE","China","26°44'39,000N","115°03'33,000E","working farm","Multi-strata systems","WNE + WE",TRUE,TRUE,FALSE
"3635","4708",2,1,1,0,0,0,1,2,"WE","WNE, WE","China","26°44'39,000N","115°03'33,000E","working farm","Multi-strata systems","WNE + WE",TRUE,TRUE,FALSE
"3636","4709",7,2,2,3,0,1,5,4,"HE","WNE, HE, WE","Ethiopia",NA,NA,"working farm","Multi-strata systems","Multi-type",TRUE,TRUE,TRUE
"3637","471",12,1,7,0,4,0,1,8,"WNE","HNE, WNE, WE","Mexico",NA,NA,"working farm","Parkland","WNE + WE",TRUE,TRUE,FALSE
"3638","4710",8,4,2,2,0,1,6,6,"WE","WNE, HE, WE","Ethiopia",NA,NA,"working farm","Multi-strata systems","Multi-type",TRUE,TRUE,TRUE
"3639","4711",2,2,0,0,0,1,2,2,"WE","WE","Ethiopia",NA,NA,"working farm","Multi-strata systems","Edible only",FALSE,TRUE,FALSE
"3640","4712",2,2,0,0,0,1,2,2,"WE","WE","Ethiopia",NA,NA,"working farm","Multi-strata systems","Edible only",FALSE,TRUE,FALSE
"3641","4713",2,2,0,0,0,1,2,2,"WE","WE","Ethiopia",NA,NA,"working farm","Multi-strata systems","Edible only",FALSE,TRUE,FALSE
"3642","4714",2,2,0,0,0,1,2,2,"WE","WE","Ethiopia",NA,NA,"working farm","Multi-strata systems","Edible only",FALSE,TRUE,FALSE
"3643","4715",2,2,0,0,0,1,2,2,"WE","WE","Ethiopia",NA,NA,"working farm","Multi-strata systems","Edible only",FALSE,TRUE,FALSE
"3644","4716",2,2,0,0,0,1,2,2,"WE","WE","Ethiopia",NA,NA,"working farm","Multi-strata systems","Edible only",FALSE,TRUE,FALSE
"3645","4717",2,2,0,0,0,1,2,2,"WE","WE","Ethiopia",NA,NA,"working farm","Multi-strata systems","Edible only",FALSE,TRUE,FALSE
"3646","4718",2,2,0,0,0,1,2,2,"WE","WE","Ethiopia",NA,NA,"working farm","Multi-strata systems","Edible only",FALSE,TRUE,FALSE
"3647","4719",2,2,0,0,0,1,2,2,"WE","WE","Ethiopia",NA,NA,"working farm","Multi-strata systems","Edible only",FALSE,TRUE,FALSE
"3648","4720",2,2,0,0,0,1,2,2,"WE","WE","Ethiopia",NA,NA,"working farm","Multi-strata systems","Edible only",FALSE,TRUE,FALSE
"3649","4721",2,2,0,0,0,1,2,2,"WE","WE","Ethiopia",NA,NA,"working farm","Multi-strata systems","Edible only",FALSE,TRUE,FALSE
"3650","4722",2,2,0,0,0,1,2,2,"WE","WE","Ethiopia",NA,NA,"working farm","Multi-strata systems","Edible only",FALSE,TRUE,FALSE
"3651","4723",2,1,0,0,1,0,1,1,"WE","HNE, WE","Ethiopia",NA,NA,"working farm","Multi-strata systems","Edible only",FALSE,TRUE,FALSE
"3652","4724",2,1,0,0,1,0,1,1,"WE","HNE, WE","Ethiopia",NA,NA,"working farm","Multi-strata systems","Edible only",FALSE,TRUE,FALSE
"3653","4725",2,1,0,0,1,0,1,1,"WE","HNE, WE","Ethiopia",NA,NA,"working farm","Multi-strata systems","Edible only",FALSE,TRUE,FALSE
"3654","4726",2,1,0,0,1,0,1,1,"WE","HNE, WE","Ethiopia",NA,NA,"working farm","Multi-strata systems","Edible only",FALSE,TRUE,FALSE
"3655","4727",2,1,0,0,1,0,1,1,"WE","HNE, WE","Ethiopia",NA,NA,"working farm","Multi-strata systems","Edible only",FALSE,TRUE,FALSE
"3656","4728",2,1,0,0,1,0,1,1,"WE","HNE, WE","Ethiopia",NA,NA,"working farm","Multi-strata systems","Edible only",FALSE,TRUE,FALSE
"3657","4729",2,1,0,0,1,0,1,1,"WE","HNE, WE","Ethiopia",NA,NA,"working farm","Multi-strata systems","Edible only",FALSE,TRUE,FALSE
"3658","473",3,1,2,0,0,1,1,3,"WNE","WNE, WE","Mexico",NA,NA,"working farm","Alley cropping","WNE + WE",TRUE,TRUE,FALSE
"3659","4730",2,1,0,0,1,0,1,1,"WE","HNE, WE","Ethiopia",NA,NA,"working farm","Multi-strata systems","Edible only",FALSE,TRUE,FALSE
"3660","4731",2,1,0,0,1,0,1,1,"WE","HNE, WE","Ethiopia",NA,NA,"working farm","Multi-strata systems","Edible only",FALSE,TRUE,FALSE
"3661","4732",2,1,0,0,1,0,1,1,"WE","HNE, WE","Ethiopia",NA,NA,"working farm","Multi-strata systems","Edible only",FALSE,TRUE,FALSE
"3662","4733",2,1,0,0,1,0,1,1,"WE","HNE, WE","Ethiopia",NA,NA,"working farm","Multi-strata systems","Edible only",FALSE,TRUE,FALSE
"3663","4734",2,1,0,0,1,0,1,1,"WE","HNE, WE","Ethiopia",NA,NA,"working farm","Multi-strata systems","Edible only",FALSE,TRUE,FALSE
"3664","4735",2,0,1,1,0,0,1,1,"HE","WNE, HE","India",NA,NA,"experimental site","Alley cropping","WNE + HE",TRUE,FALSE,TRUE
"3665","4736",2,0,1,1,0,0,1,1,"HE","WNE, HE","India",NA,NA,"experimental site","Alley cropping","WNE + HE",TRUE,FALSE,TRUE
"3666","4737",2,0,1,1,0,0,1,1,"HE","WNE, HE","India",NA,NA,"experimental site","Alley cropping","WNE + HE",TRUE,FALSE,TRUE
"3667","4738",2,0,1,1,0,0,1,1,"HE","WNE, HE","India",NA,NA,"experimental site","Alley cropping","WNE + HE",TRUE,FALSE,TRUE
"3668","4739",2,0,1,1,0,0,1,1,"HE","WNE, HE","India",NA,NA,"experimental site","Alley cropping","WNE + HE",TRUE,FALSE,TRUE
"3669","474",2,1,1,0,0,1,1,2,"WE","WNE, WE","Mexico",NA,NA,"working farm","Alley cropping","WNE + WE",TRUE,TRUE,FALSE
"3670","4740",2,0,1,1,0,0,1,1,"HE","WNE, HE","India",NA,NA,"experimental site","Alley cropping","WNE + HE",TRUE,FALSE,TRUE
"3671","4741",2,0,1,1,0,0,1,1,"HE","WNE, HE","India",NA,NA,"experimental site","Alley cropping","WNE + HE",TRUE,FALSE,TRUE
"3672","4742",2,0,1,1,0,0,1,1,"HE","WNE, HE","India",NA,NA,"experimental site","Alley cropping","WNE + HE",TRUE,FALSE,TRUE
"3673","4743",2,0,1,1,0,0,1,1,"HE","WNE, HE","India",NA,NA,"experimental site","Alley cropping","WNE + HE",TRUE,FALSE,TRUE
"3674","4744",2,1,1,0,0,1,1,2,"WE","WNE, WE","Argentina","26°30'00,000S","54°30'00,000W","working farm","Alley cropping","WNE + WE",TRUE,TRUE,FALSE
"3675","4745",3,1,2,0,0,1,1,3,"WNE","WNE, WE","Argentina","26°30'00,000S","54°30'00,000W","working farm","Alley cropping","WNE + WE",TRUE,TRUE,FALSE
"3676","4746",4,1,3,0,0,1,1,4,"WNE","WNE, WE","Argentina","26°30'00,000S","54°30'00,000W","working farm","Alley cropping","WNE + WE",TRUE,TRUE,FALSE
"3677","4747",2,1,1,0,0,1,1,2,"WE","WNE, WE","Argentina","26°30'00,000S","54°30'00,000W","working farm","Alley cropping","WNE + WE",TRUE,TRUE,FALSE
"3678","4748",2,1,1,0,0,1,1,2,"WE","WNE, WE","Argentina","26°30'00,000S","54°30'00,000W","working farm","Alley cropping","WNE + WE",TRUE,TRUE,FALSE
"3679","4749",3,1,2,0,0,1,1,3,"WNE","WNE, WE","Argentina","26°30'00,000S","54°30'00,000W","working farm","Alley cropping","WNE + WE",TRUE,TRUE,FALSE
"3680","475",2,1,1,0,0,1,1,2,"WE","WNE, WE","Mexico",NA,NA,"working farm","Alley cropping","WNE + WE",TRUE,TRUE,FALSE
"3681","476",5,0,1,4,0,0,4,1,"HE","WNE, HE","Mexico",NA,NA,"working farm","Alley cropping","WNE + HE",TRUE,FALSE,TRUE
"3682","477",14,0,10,4,0,0,4,10,"WNE","WNE, HE","Mexico",NA,NA,"working farm","Alley cropping","WNE + HE",TRUE,FALSE,TRUE
"3683","478",12,1,7,0,4,0,1,8,"WNE","HNE, WNE, WE","Mexico",NA,NA,"working farm","Parkland","WNE + WE",TRUE,TRUE,FALSE
"3684","480",3,1,2,0,0,1,1,3,"WNE","WNE, WE","Mexico",NA,NA,"working farm","Alley cropping","WNE + WE",TRUE,TRUE,FALSE
"3685","481",2,1,1,0,0,1,1,2,"WE","WNE, WE","Mexico",NA,NA,"working farm","Alley cropping","WNE + WE",TRUE,TRUE,FALSE
"3686","4810",2,1,1,0,0,1,1,2,"WE","WNE, WE","Brazil;Argentina;Paraguay",NA,NA,"working farm","Alley cropping","WNE + WE",TRUE,TRUE,FALSE
"3687","4811",2,1,1,0,0,1,1,2,"WE","WNE, WE","Cameroon",NA,NA,"working farm","Alley cropping","WNE + WE",TRUE,TRUE,FALSE
"3688","4812",2,1,1,0,0,1,1,2,"WE","WNE, WE","Bolivia",NA,NA,"working farm","Alley cropping","WNE + WE",TRUE,TRUE,FALSE
"3689","4813",2,1,1,0,0,1,1,2,"WE","WNE, WE","Cameroon",NA,NA,"working farm","Alley cropping","WNE + WE",TRUE,TRUE,FALSE
"3690","4814",2,1,1,0,0,1,1,2,"WE","WNE, WE","Indonesia",NA,NA,"working farm","Alley cropping","WNE + WE",TRUE,TRUE,FALSE
"3691","4815",2,1,1,0,0,1,1,2,"WE","WNE, WE","Bolivia",NA,NA,"working farm","Alley cropping","WNE + WE",TRUE,TRUE,FALSE
"3692","4816",2,1,1,0,0,1,1,2,"WE","WNE, WE","Bolivia",NA,NA,"working farm","Alley cropping","WNE + WE",TRUE,TRUE,FALSE
"3693","4817",2,1,1,0,0,1,1,2,"WE","WNE, WE","Guatemala",NA,NA,"working farm","Alley cropping","WNE + WE",TRUE,TRUE,FALSE
"3694","4818",2,1,1,0,0,1,1,2,"WE","WNE, WE","Indonesia",NA,NA,"working farm","Alley cropping","WNE + WE",TRUE,TRUE,FALSE
"3695","4819",2,1,1,0,0,1,1,2,"WE","WNE, WE","Indonesia",NA,NA,"working farm","Alley cropping","WNE + WE",TRUE,TRUE,FALSE
"3696","482",2,1,1,0,0,1,1,2,"WE","WNE, WE","Mexico",NA,NA,"working farm","Alley cropping","WNE + WE",TRUE,TRUE,FALSE
"3697","4820",2,1,1,0,0,1,1,2,"WE","WNE, WE","Nicaragua",NA,NA,"working farm","Alley cropping","WNE + WE",TRUE,TRUE,FALSE
"3698","4821",2,1,1,0,0,1,1,2,"WE","WNE, WE","Honduras",NA,NA,"working farm","Alley cropping","WNE + WE",TRUE,TRUE,FALSE
"3699","4822",2,1,1,0,0,1,1,2,"WE","WNE, WE","Costa Rica",NA,NA,"working farm","Alley cropping","WNE + WE",TRUE,TRUE,FALSE
"3700","4823",2,1,1,0,0,1,1,2,"WE","WNE, WE","Panama",NA,NA,"working farm","Alley cropping","WNE + WE",TRUE,TRUE,FALSE
"3701","4824",2,1,1,0,0,1,1,2,"WE","WNE, WE","Guatemala",NA,NA,"working farm","Alley cropping","WNE + WE",TRUE,TRUE,FALSE
"3702","4825",2,1,1,0,0,1,1,2,"WE","WNE, WE","Cameroon",NA,NA,"working farm","Alley cropping","WNE + WE",TRUE,TRUE,FALSE
"3703","4826",2,1,1,0,0,1,1,2,"WE","WNE, WE","Cameroon",NA,NA,"working farm","Alley cropping","WNE + WE",TRUE,TRUE,FALSE
"3704","4827",2,1,1,0,0,1,1,2,"WE","WNE, WE","Cameroon",NA,NA,"working farm","Alley cropping","WNE + WE",TRUE,TRUE,FALSE
"3705","4828",2,1,1,0,0,1,1,2,"WE","WNE, WE","Ghana","6°36'00,000N","0°58'00,000W","experimental site","Alley cropping","WNE + WE",TRUE,TRUE,FALSE
"3706","4829",2,1,1,0,0,1,1,2,"WE","WNE, WE","Ghana","6°36'00,000N","0°58'00,000W","experimental site","Alley cropping","WNE + WE",TRUE,TRUE,FALSE
"3707","483",5,0,1,4,0,0,4,1,"HE","WNE, HE","Mexico",NA,NA,"working farm","Alley cropping","WNE + HE",TRUE,FALSE,TRUE
"3708","4830",2,1,1,0,0,1,1,2,"WE","WNE, WE","Costa Rica","9°53'44,000N","83°40'07,000W","experimental site","Alley cropping","WNE + WE",TRUE,TRUE,FALSE
"3709","4831",2,1,1,0,0,1,1,2,"WE","WNE, WE","Costa Rica","9°53'44,000N","83°40'07,000W","experimental site","Alley cropping","WNE + WE",TRUE,TRUE,FALSE
"3710","4832",3,1,2,0,0,1,1,3,"WNE","WNE, WE","Costa Rica","9°53'44,000N","83°40'07,000W","experimental site","Alley cropping","WNE + WE",TRUE,TRUE,FALSE
"3711","4833",3,1,2,0,0,1,1,3,"WNE","WNE, WE","Costa Rica","9°53'44,000N","83°40'07,000W","experimental site","Alley cropping","WNE + WE",TRUE,TRUE,FALSE
"3712","4834",2,0,1,1,0,0,1,1,"HE","WNE, HE","Australia","33,640000°S","122,880000°E","working farm","Hedgerows","WNE + HE",TRUE,FALSE,TRUE
"3713","4835",2,0,1,1,0,0,1,1,"HE","WNE, HE","Australia","33,640000°S","122,880000°E","working farm","Hedgerows","WNE + HE",TRUE,FALSE,TRUE
"3714","4836",2,0,1,1,0,0,1,1,"HE","WNE, HE","Australia","33,640000°S","122,880000°E","working farm","Hedgerows","WNE + HE",TRUE,FALSE,TRUE
"3715","4837",2,0,1,1,0,0,1,1,"HE","WNE, HE","Australia","33,640000°S","122,880000°E","working farm","Hedgerows","WNE + HE",TRUE,FALSE,TRUE
"3716","4838",2,0,1,1,0,0,1,1,"HE","WNE, HE","Australia","33,640000°S","122,880000°E","working farm","Hedgerows","WNE + HE",TRUE,FALSE,TRUE
"3717","4839",2,0,1,1,0,0,1,1,"HE","WNE, HE","Australia","33,640000°S","122,880000°E","working farm","Hedgerows","WNE + HE",TRUE,FALSE,TRUE
"3718","484",14,0,10,4,0,0,4,10,"WNE","WNE, HE","Mexico",NA,NA,"working farm","Alley cropping","WNE + HE",TRUE,FALSE,TRUE
"3719","4840",2,0,1,1,0,0,1,1,"HE","WNE, HE","Australia","33,640000°S","122,880000°E","working farm","Hedgerows","WNE + HE",TRUE,FALSE,TRUE
"3720","4841",2,0,1,1,0,0,1,1,"HE","WNE, HE","Australia","33,640000°S","122,880000°E","working farm","Hedgerows","WNE + HE",TRUE,FALSE,TRUE
"3721","4842",2,0,1,1,0,0,1,1,"HE","WNE, HE","Australia","33,640000°S","122,880000°E","working farm","Hedgerows","WNE + HE",TRUE,FALSE,TRUE
"3722","4843",2,0,1,1,0,0,1,1,"HE","WNE, HE","Australia","33,640000°S","122,880000°E","working farm","Hedgerows","WNE + HE",TRUE,FALSE,TRUE
"3723","4844",2,0,1,1,0,0,1,1,"HE","WNE, HE","Australia","33,640000°S","122,880000°E","working farm","Hedgerows","WNE + HE",TRUE,FALSE,TRUE
"3724","4845",2,0,1,1,0,0,1,1,"HE","WNE, HE","Australia","33,640000°S","122,880000°E","working farm","Hedgerows","WNE + HE",TRUE,FALSE,TRUE
"3725","4846",2,0,1,1,0,0,1,1,"HE","WNE, HE","Australia","33,640000°S","122,880000°E","working farm","Hedgerows","WNE + HE",TRUE,FALSE,TRUE
"3726","4847",2,0,1,1,0,0,1,1,"HE","WNE, HE","Australia","33,640000°S","122,880000°E","working farm","Hedgerows","WNE + HE",TRUE,FALSE,TRUE
"3727","4848",2,0,1,1,0,0,1,1,"HE","WNE, HE","Australia","33,640000°S","122,880000°E","working farm","Hedgerows","WNE + HE",TRUE,FALSE,TRUE
"3728","4849",2,0,1,1,0,0,1,1,"HE","WNE, HE","Australia","33,640000°S","122,880000°E","working farm","Hedgerows","WNE + HE",TRUE,FALSE,TRUE
"3729","485",12,1,7,0,4,0,1,8,"WNE","HNE, WNE, WE","Mexico",NA,NA,"working farm","Parkland","WNE + WE",TRUE,TRUE,FALSE
"3730","4850",2,0,1,1,0,0,1,1,"HE","WNE, HE","Australia","33,640000°S","122,880000°E","working farm","Hedgerows","WNE + HE",TRUE,FALSE,TRUE
"3731","4851",2,0,1,1,0,0,1,1,"HE","WNE, HE","Australia","33,640000°S","122,880000°E","working farm","Hedgerows","WNE + HE",TRUE,FALSE,TRUE
"3732","4852",2,0,1,1,0,0,1,1,"HE","WNE, HE","Australia","33,640000°S","122,880000°E","working farm","Hedgerows","WNE + HE",TRUE,FALSE,TRUE
"3733","4853",2,0,1,1,0,0,1,1,"HE","WNE, HE","Australia","33,640000°S","122,880000°E","working farm","Hedgerows","WNE + HE",TRUE,FALSE,TRUE
"3734","4854",2,0,1,1,0,0,1,1,"HE","WNE, HE","Australia","33,640000°S","122,880000°E","working farm","Hedgerows","WNE + HE",TRUE,FALSE,TRUE
"3735","4855",2,0,1,1,0,0,1,1,"HE","WNE, HE","Australia","33,640000°S","122,880000°E","working farm","Hedgerows","WNE + HE",TRUE,FALSE,TRUE
"3736","4856",2,0,1,1,0,0,1,1,"HE","WNE, HE","Australia","33,640000°S","122,880000°E","working farm","Hedgerows","WNE + HE",TRUE,FALSE,TRUE
"3737","4857",2,0,1,1,0,0,1,1,"HE","WNE, HE","Australia","33,640000°S","122,880000°E","working farm","Hedgerows","WNE + HE",TRUE,FALSE,TRUE
"3738","4858",2,0,1,1,0,0,1,1,"HE","WNE, HE","Australia","33,640000°S","122,880000°E","working farm","Hedgerows","WNE + HE",TRUE,FALSE,TRUE
"3739","4859",2,0,1,1,0,0,1,1,"HE","WNE, HE","Australia","33,640000°S","122,880000°E","working farm","Hedgerows","WNE + HE",TRUE,FALSE,TRUE
"3740","4860",2,0,1,1,0,0,1,1,"HE","WNE, HE","Australia","33,640000°S","122,880000°E","working farm","Hedgerows","WNE + HE",TRUE,FALSE,TRUE
"3741","4861",2,0,1,1,0,0,1,1,"HE","WNE, HE","Australia","33,640000°S","122,880000°E","working farm","Hedgerows","WNE + HE",TRUE,FALSE,TRUE
"3742","4862",2,0,1,1,0,0,1,1,"HE","WNE, HE","Australia","33,640000°S","122,880000°E","working farm","Hedgerows","WNE + HE",TRUE,FALSE,TRUE
"3743","4863",2,0,1,1,0,0,1,1,"HE","WNE, HE","Australia","33,640000°S","122,880000°E","working farm","Hedgerows","WNE + HE",TRUE,FALSE,TRUE
"3744","4864",2,0,1,1,0,0,1,1,"HE","WNE, HE","Australia","33,640000°S","122,880000°E","working farm","Hedgerows","WNE + HE",TRUE,FALSE,TRUE
"3745","4865",2,0,1,1,0,0,1,1,"HE","WNE, HE","Australia","33,640000°S","122,880000°E","working farm","Hedgerows","WNE + HE",TRUE,FALSE,TRUE
"3746","4866",2,0,1,1,0,0,1,1,"HE","WNE, HE","Australia","33,640000°S","122,880000°E","working farm","Hedgerows","WNE + HE",TRUE,FALSE,TRUE
"3747","4867",2,0,1,1,0,0,1,1,"HE","WNE, HE","Australia","33,640000°S","122,880000°E","working farm","Hedgerows","WNE + HE",TRUE,FALSE,TRUE
"3748","4868",2,0,1,1,0,0,1,1,"HE","WNE, HE","Australia","33,640000°S","122,880000°E","working farm","Hedgerows","WNE + HE",TRUE,FALSE,TRUE
"3749","4869",8,1,2,3,2,0,4,3,"HE","HNE, WNE, HE, WE","Canada","45°05'00,000N","75°25'00,000W","working farm","Hedgerows","Multi-type",TRUE,TRUE,TRUE
"3750","487",3,1,2,0,0,1,1,3,"WNE","WNE, WE","Mexico",NA,NA,"working farm","Alley cropping","WNE + WE",TRUE,TRUE,FALSE
"3751","488",2,1,1,0,0,1,1,2,"WE","WNE, WE","Mexico",NA,NA,"working farm","Alley cropping","WNE + WE",TRUE,TRUE,FALSE
"3752","4888",2,1,0,1,0,1,2,1,"HE","HE, WE","China","46°46'00,000N","130°27'00,000E","experimental site","Alley cropping","Edible only",FALSE,TRUE,TRUE
"3753","4889",2,1,0,1,0,1,2,1,"HE","HE, WE","China","46°46'00,000N","130°27'00,000E","experimental site","Alley cropping","Edible only",FALSE,TRUE,TRUE
"3754","489",2,1,1,0,0,1,1,2,"WE","WNE, WE","Mexico",NA,NA,"working farm","Alley cropping","WNE + WE",TRUE,TRUE,FALSE
"3755","4890",2,0,1,1,0,0,1,1,"HE","WNE, HE","China","31°41'00,000N","103°53'00,000E","working farm","Alley cropping","WNE + HE",TRUE,FALSE,TRUE
"3756","4891",2,0,1,1,0,0,1,1,"HE","WNE, HE","China","31°41'00,000N","103°53'00,000E","working farm","Alley cropping","WNE + HE",TRUE,FALSE,TRUE
"3757","4892",2,0,1,1,0,0,1,1,"HE","WNE, HE","China","31°41'00,000N","103°53'00,000E","working farm","Alley cropping","WNE + HE",TRUE,FALSE,TRUE
"3758","4893",2,0,1,1,0,0,1,1,"HE","WNE, HE","China","31°41'00,000N","103°53'00,000E","working farm","Alley cropping","WNE + HE",TRUE,FALSE,TRUE
"3759","4894",7,4,3,0,0,2,4,7,"WE","WNE, WE","Brazil","2°15'00,000N","60°39'54,000W","experimental site","Multi-strata systems","WNE + WE",TRUE,TRUE,FALSE
"3760","4895",7,4,3,0,0,2,4,7,"WE","WNE, WE","Brazil","2°15'00,000N","60°39'54,000W","experimental site","Multi-strata systems","WNE + WE",TRUE,TRUE,FALSE
"3761","4896",3,1,2,0,0,2,1,3,"WNE","WNE, WE","Bangladesh","24°91'30,000N","91°90'30,000E","working farm","Alley cropping","WNE + WE",TRUE,TRUE,FALSE
"3762","4897",3,1,2,0,0,2,1,3,"WNE","WNE, WE","Bangladesh","24°91'30,000N","91°90'30,000E","working farm","Alley cropping","WNE + WE",TRUE,TRUE,FALSE
"3763","4898",3,1,2,0,0,2,1,3,"WNE","WNE, WE","Bangladesh","24°91'30,000N","91°90'30,000E","working farm","Alley cropping","WNE + WE",TRUE,TRUE,FALSE
"3764","4899",3,1,2,0,0,2,1,3,"WNE","WNE, WE","Bangladesh","24°91'30,000N","91°90'30,000E","working farm","Alley cropping","WNE + WE",TRUE,TRUE,FALSE
"3765","490",5,0,1,4,0,0,4,1,"HE","WNE, HE","Mexico",NA,NA,"working farm","Alley cropping","WNE + HE",TRUE,FALSE,TRUE
"3766","4900",2,2,0,0,0,1,2,2,"WE","WE","Nigeria",NA,NA,"experimental site","Alley cropping","Edible only",FALSE,TRUE,FALSE
"3767","4901",2,2,0,0,0,1,2,2,"WE","WE","Nigeria",NA,NA,"experimental site","Alley cropping","Edible only",FALSE,TRUE,FALSE
"3768","4902",2,2,0,0,0,1,2,2,"WE","WE","Nigeria",NA,NA,"experimental site","Alley cropping","Edible only",FALSE,TRUE,FALSE
"3769","4903",2,2,0,0,0,1,2,2,"WE","WE","Nigeria",NA,NA,"experimental site","Alley cropping","Edible only",FALSE,TRUE,FALSE
"3770","4904",2,2,0,0,0,1,2,2,"WE","WE","Nigeria",NA,NA,"experimental site","Alley cropping","Edible only",FALSE,TRUE,FALSE
"3771","4905",2,2,0,0,0,1,2,2,"WE","WE","Nigeria",NA,NA,"experimental site","Alley cropping","Edible only",FALSE,TRUE,FALSE
"3772","4906",2,2,0,0,0,1,2,2,"WE","WE","Nigeria",NA,NA,"experimental site","Alley cropping","Edible only",FALSE,TRUE,FALSE
"3773","4907",2,2,0,0,0,1,2,2,"WE","WE","Nigeria",NA,NA,"experimental site","Alley cropping","Edible only",FALSE,TRUE,FALSE
"3774","4908",3,1,0,2,0,0,3,1,"HE","HE, WE","Nigeria",NA,NA,"experimental site","Alley cropping","Edible only",FALSE,TRUE,TRUE
"3775","4909",3,1,0,2,0,0,3,1,"HE","HE, WE","Nigeria",NA,NA,"experimental site","Alley cropping","Edible only",FALSE,TRUE,TRUE
"3776","491",3,1,2,0,0,1,1,3,"WNE","WNE, WE","India","10,235000°N","76,865000°E","Large areas","Alley cropping","WNE + WE",TRUE,TRUE,FALSE
"3777","4910",3,0,1,2,0,0,2,1,"HE","WNE, HE","Nigeria",NA,NA,"experimental site","Alley cropping","WNE + HE",TRUE,FALSE,TRUE
"3778","4911",3,0,1,2,0,0,2,1,"HE","WNE, HE","Nigeria",NA,NA,"experimental site","Alley cropping","WNE + HE",TRUE,FALSE,TRUE
"3779","4912",3,1,0,2,0,0,3,1,"HE","HE, WE","Nigeria",NA,NA,"experimental site","Alley cropping","Edible only",FALSE,TRUE,TRUE
"3780","4913",3,1,0,2,0,0,3,1,"HE","HE, WE","Nigeria",NA,NA,"experimental site","Alley cropping","Edible only",FALSE,TRUE,TRUE
"3781","4914",3,0,1,2,0,0,2,1,"HE","WNE, HE","Nigeria",NA,NA,"experimental site","Alley cropping","WNE + HE",TRUE,FALSE,TRUE
"3782","4915",3,0,1,2,0,0,2,1,"HE","WNE, HE","Nigeria",NA,NA,"experimental site","Alley cropping","WNE + HE",TRUE,FALSE,TRUE
"3783","492",2,1,1,0,0,1,1,2,"WE","WNE, WE","Mexico",NA,NA,"working farm","Alley cropping","WNE + WE",TRUE,TRUE,FALSE
"3784","493",2,1,1,0,0,1,1,2,"WE","WNE, WE","Mexico",NA,NA,"working farm","Alley cropping","WNE + WE",TRUE,TRUE,FALSE
"3785","494",2,1,1,0,0,1,1,2,"WE","WNE, WE","Mexico",NA,NA,"working farm","Alley cropping","WNE + WE",TRUE,TRUE,FALSE
"3786","495",2,1,1,0,0,1,1,2,"WE","WNE, WE","Mexico",NA,NA,"working farm","Alley cropping","WNE + WE",TRUE,TRUE,FALSE
"3787","4952",2,1,1,0,0,0,1,2,"WE","WNE, WE","India","11°21'00,000N","76°20'00,000E","working farm","Alley cropping","WNE + WE",TRUE,TRUE,FALSE
"3788","4953",2,1,1,0,0,0,1,2,"WE","WNE, WE","India","11°21'00,000N","76°20'00,000E","working farm","Alley cropping","WNE + WE",TRUE,TRUE,FALSE
"3789","4954",2,1,1,0,0,0,1,2,"WE","WNE, WE","India","11°21'00,000N","76°20'00,000E","working farm","Alley cropping","WNE + WE",TRUE,TRUE,FALSE
"3790","4955",2,1,1,0,0,0,1,2,"WE","WNE, WE","India","11°21'00,000N","76°20'00,000E","working farm","Alley cropping","WNE + WE",TRUE,TRUE,FALSE
"3791","4956",2,1,1,0,0,0,1,2,"WE","WNE, WE","India","11°21'00,000N","76°20'00,000E","working farm","Alley cropping","WNE + WE",TRUE,TRUE,FALSE
"3792","4957",2,1,1,0,0,0,1,2,"WE","WNE, WE","India","11°21'00,000N","76°20'00,000E","working farm","Alley cropping","WNE + WE",TRUE,TRUE,FALSE
"3793","4958",2,1,1,0,0,0,1,2,"WE","WNE, WE","India","11°21'00,000N","76°20'00,000E","working farm","Alley cropping","WNE + WE",TRUE,TRUE,FALSE
"3794","4959",2,1,1,0,0,0,1,2,"WE","WNE, WE","India","11°21'00,000N","76°20'00,000E","working farm","Alley cropping","WNE + WE",TRUE,TRUE,FALSE
"3795","496",2,1,1,0,0,1,1,2,"WE","WNE, WE","Mexico",NA,NA,"working farm","Alley cropping","WNE + WE",TRUE,TRUE,FALSE
"3796","497",2,1,1,0,0,1,1,2,"WE","WNE, WE","Mexico",NA,NA,"working farm","Alley cropping","WNE + WE",TRUE,TRUE,FALSE
"3797","498",2,1,1,0,0,1,1,2,"WE","WNE, WE","Mexico",NA,NA,"working farm","Alley cropping","WNE + WE",TRUE,TRUE,FALSE
"3798","4982",3,1,0,2,0,0,3,1,"HE","HE, WE","Nigeria","7°30'00,000N","3°54'00,000E","experimental site","Alley cropping","Edible only",FALSE,TRUE,TRUE
"3799","4983",3,0,1,2,0,0,2,1,"HE","WNE, HE","Nigeria","7°30'00,000N","3°54'00,000E","experimental site","Alley cropping","WNE + HE",TRUE,FALSE,TRUE
"3800","4984",3,1,0,2,0,0,3,1,"HE","HE, WE","Nigeria","7°30'00,000N","3°54'00,000E","experimental site","Alley cropping","Edible only",FALSE,TRUE,TRUE
"3801","4985",3,0,1,2,0,0,2,1,"HE","WNE, HE","Nigeria","7°30'00,000N","3°54'00,000E","experimental site","Alley cropping","WNE + HE",TRUE,FALSE,TRUE
"3802","4986",3,2,0,1,0,0,3,2,"WE","HE, WE","Nigeria","7°30'00,000N","3°54'00,000E","experimental site","Alley cropping","Edible only",FALSE,TRUE,TRUE
"3803","4987",3,2,0,1,0,0,3,2,"WE","HE, WE","Nigeria","7°30'00,000N","3°54'00,000E","experimental site","Alley cropping","Edible only",FALSE,TRUE,TRUE
"3804","4988",2,2,0,0,0,0,2,2,"WE","WE","USA",NA,NA,"experimental site","Alley cropping","Edible only",FALSE,TRUE,FALSE
"3805","4989",2,2,0,0,0,0,2,2,"WE","WE","USA",NA,NA,"experimental site","Alley cropping","Edible only",FALSE,TRUE,FALSE
"3806","499",2,1,1,0,0,1,1,2,"WE","WNE, WE","Mexico",NA,NA,"working farm","Alley cropping","WNE + WE",TRUE,TRUE,FALSE
"3807","4990",2,2,0,0,0,0,2,2,"WE","WE","USA",NA,NA,"experimental site","Alley cropping","Edible only",FALSE,TRUE,FALSE
"3808","4991",2,2,0,0,0,0,2,2,"WE","WE","USA",NA,NA,"experimental site","Alley cropping","Edible only",FALSE,TRUE,FALSE
"3809","4992",2,2,0,0,0,0,2,2,"WE","WE","USA",NA,NA,"experimental site","Alley cropping","Edible only",FALSE,TRUE,FALSE
"3810","4993",2,2,0,0,0,0,2,2,"WE","WE","USA",NA,NA,"experimental site","Alley cropping","Edible only",FALSE,TRUE,FALSE
"3811","4994",2,2,0,0,0,0,2,2,"WE","WE","USA",NA,NA,"experimental site","Alley cropping","Edible only",FALSE,TRUE,FALSE
"3812","4995",2,2,0,0,0,0,2,2,"WE","WE","USA",NA,NA,"experimental site","Alley cropping","Edible only",FALSE,TRUE,FALSE
"3813","4996",2,2,0,0,0,0,2,2,"WE","WE","USA",NA,NA,"experimental site","Alley cropping","Edible only",FALSE,TRUE,FALSE
"3814","4997",2,2,0,0,0,0,2,2,"WE","WE","USA",NA,NA,"experimental site","Alley cropping","Edible only",FALSE,TRUE,FALSE
"3815","4998",2,2,0,0,0,0,2,2,"WE","WE","USA",NA,NA,"experimental site","Alley cropping","Edible only",FALSE,TRUE,FALSE
"3816","4999",2,2,0,0,0,0,2,2,"WE","WE","USA",NA,NA,"experimental site","Alley cropping","Edible only",FALSE,TRUE,FALSE
"3817","5",3,1,0,2,0,0,3,1,"HE","HE, WE","Philippines","10°44'00,000N","124°48'00,000E","experimental site","Alley cropping","Edible only",FALSE,TRUE,TRUE
"3818","50",2,2,0,0,0,0,2,2,"WE","WE","Nigeria","7°30'00,000N","3°54'00,000E","experimental site","Fallows","Edible only",FALSE,TRUE,FALSE
"3819","500",2,1,1,0,0,1,1,2,"WE","WNE, WE","Mexico",NA,NA,"working farm","Alley cropping","WNE + WE",TRUE,TRUE,FALSE
"3820","5000",2,2,0,0,0,0,2,2,"WE","WE","USA",NA,NA,"experimental site","Alley cropping","Edible only",FALSE,TRUE,FALSE
"3821","5001",2,2,0,0,0,0,2,2,"WE","WE","USA",NA,NA,"experimental site","Alley cropping","Edible only",FALSE,TRUE,FALSE
"3822","5002",2,2,0,0,0,0,2,2,"WE","WE","USA",NA,NA,"experimental site","Alley cropping","Edible only",FALSE,TRUE,FALSE
"3823","5003",2,2,0,0,0,0,2,2,"WE","WE","USA",NA,NA,"experimental site","Alley cropping","Edible only",FALSE,TRUE,FALSE
"3824","5004",2,2,0,0,0,0,2,2,"WE","WE","USA",NA,NA,"experimental site","Alley cropping","Edible only",FALSE,TRUE,FALSE
"3825","5005",2,2,0,0,0,0,2,2,"WE","WE","USA",NA,NA,"experimental site","Alley cropping","Edible only",FALSE,TRUE,FALSE
"3826","5006",2,2,0,0,0,0,2,2,"WE","WE","USA",NA,NA,"experimental site","Alley cropping","Edible only",FALSE,TRUE,FALSE
"3827","5007",2,2,0,0,0,0,2,2,"WE","WE","USA",NA,NA,"experimental site","Alley cropping","Edible only",FALSE,TRUE,FALSE
"3828","5008",2,2,0,0,0,0,2,2,"WE","WE","USA",NA,NA,"experimental site","Alley cropping","Edible only",FALSE,TRUE,FALSE
"3829","5009",2,2,0,0,0,0,2,2,"WE","WE","USA",NA,NA,"experimental site","Alley cropping","Edible only",FALSE,TRUE,FALSE
"3830","501",2,1,1,0,0,1,1,2,"WE","WNE, WE","Mexico",NA,NA,"working farm","Alley cropping","WNE + WE",TRUE,TRUE,FALSE
"3831","5010",2,2,0,0,0,0,2,2,"WE","WE","USA",NA,NA,"experimental site","Alley cropping","Edible only",FALSE,TRUE,FALSE
"3832","5011",2,2,0,0,0,0,2,2,"WE","WE","USA",NA,NA,"experimental site","Alley cropping","Edible only",FALSE,TRUE,FALSE
"3833","5012",2,2,0,0,0,0,2,2,"WE","WE","USA",NA,NA,"experimental site","Alley cropping","Edible only",FALSE,TRUE,FALSE
"3834","5013",2,2,0,0,0,0,2,2,"WE","WE","USA",NA,NA,"experimental site","Alley cropping","Edible only",FALSE,TRUE,FALSE
"3835","5014",2,2,0,0,0,0,2,2,"WE","WE","USA",NA,NA,"experimental site","Alley cropping","Edible only",FALSE,TRUE,FALSE
"3836","5015",2,2,0,0,0,0,2,2,"WE","WE","USA",NA,NA,"experimental site","Alley cropping","Edible only",FALSE,TRUE,FALSE
"3837","5016",2,2,0,0,0,0,2,2,"WE","WE","USA",NA,NA,"experimental site","Alley cropping","Edible only",FALSE,TRUE,FALSE
"3838","5017",2,2,0,0,0,0,2,2,"WE","WE","USA",NA,NA,"experimental site","Alley cropping","Edible only",FALSE,TRUE,FALSE
"3839","5018",2,2,0,0,0,0,2,2,"WE","WE","USA",NA,NA,"experimental site","Alley cropping","Edible only",FALSE,TRUE,FALSE
"3840","5019",2,2,0,0,0,0,2,2,"WE","WE","USA",NA,NA,"experimental site","Alley cropping","Edible only",FALSE,TRUE,FALSE
"3841","502",2,1,1,0,0,1,1,2,"WE","WNE, WE","Mexico",NA,NA,"working farm","Alley cropping","WNE + WE",TRUE,TRUE,FALSE
"3842","5020",2,2,0,0,0,0,2,2,"WE","WE","USA",NA,NA,"experimental site","Alley cropping","Edible only",FALSE,TRUE,FALSE
"3843","5021",2,2,0,0,0,0,2,2,"WE","WE","USA",NA,NA,"experimental site","Alley cropping","Edible only",FALSE,TRUE,FALSE
"3844","5022",2,2,0,0,0,0,2,2,"WE","WE","USA",NA,NA,"experimental site","Alley cropping","Edible only",FALSE,TRUE,FALSE
"3845","5023",2,2,0,0,0,0,2,2,"WE","WE","USA",NA,NA,"experimental site","Alley cropping","Edible only",FALSE,TRUE,FALSE
"3846","5024",2,2,0,0,0,0,2,2,"WE","WE","USA",NA,NA,"experimental site","Alley cropping","Edible only",FALSE,TRUE,FALSE
"3847","5025",2,2,0,0,0,0,2,2,"WE","WE","USA",NA,NA,"experimental site","Alley cropping","Edible only",FALSE,TRUE,FALSE
"3848","5026",2,2,0,0,0,0,2,2,"WE","WE","USA",NA,NA,"experimental site","Alley cropping","Edible only",FALSE,TRUE,FALSE
"3849","5027",2,2,0,0,0,0,2,2,"WE","WE","USA",NA,NA,"experimental site","Alley cropping","Edible only",FALSE,TRUE,FALSE
"3850","5028",2,2,0,0,0,0,2,2,"WE","WE","USA",NA,NA,"experimental site","Alley cropping","Edible only",FALSE,TRUE,FALSE
"3851","5029",2,2,0,0,0,0,2,2,"WE","WE","USA",NA,NA,"experimental site","Alley cropping","Edible only",FALSE,TRUE,FALSE
"3852","503",2,1,1,0,0,1,1,2,"WE","WNE, WE","Mexico",NA,NA,"working farm","Alley cropping","WNE + WE",TRUE,TRUE,FALSE
"3853","5030",2,2,0,0,0,0,2,2,"WE","WE","USA",NA,NA,"experimental site","Alley cropping","Edible only",FALSE,TRUE,FALSE
"3854","5031",2,2,0,0,0,0,2,2,"WE","WE","USA",NA,NA,"experimental site","Alley cropping","Edible only",FALSE,TRUE,FALSE
"3855","5032",2,2,0,0,0,0,2,2,"WE","WE","USA",NA,NA,"experimental site","Alley cropping","Edible only",FALSE,TRUE,FALSE
"3856","5033",2,2,0,0,0,0,2,2,"WE","WE","USA",NA,NA,"experimental site","Alley cropping","Edible only",FALSE,TRUE,FALSE
"3857","5034",2,2,0,0,0,0,2,2,"WE","WE","USA",NA,NA,"experimental site","Alley cropping","Edible only",FALSE,TRUE,FALSE
"3858","5035",2,2,0,0,0,0,2,2,"WE","WE","USA",NA,NA,"experimental site","Alley cropping","Edible only",FALSE,TRUE,FALSE
"3859","5036",2,2,0,0,0,0,2,2,"WE","WE","USA",NA,NA,"experimental site","Alley cropping","Edible only",FALSE,TRUE,FALSE
"3860","5037",2,2,0,0,0,0,2,2,"WE","WE","USA",NA,NA,"experimental site","Alley cropping","Edible only",FALSE,TRUE,FALSE
"3861","5038",2,2,0,0,0,0,2,2,"WE","WE","USA",NA,NA,"experimental site","Alley cropping","Edible only",FALSE,TRUE,FALSE
"3862","5039",2,2,0,0,0,0,2,2,"WE","WE","USA",NA,NA,"experimental site","Alley cropping","Edible only",FALSE,TRUE,FALSE
"3863","504",2,1,1,0,0,1,1,2,"WE","WNE, WE","Mexico",NA,NA,"working farm","Alley cropping","WNE + WE",TRUE,TRUE,FALSE
"3864","5040",2,2,0,0,0,0,2,2,"WE","WE","USA",NA,NA,"experimental site","Alley cropping","Edible only",FALSE,TRUE,FALSE
"3865","5041",2,2,0,0,0,0,2,2,"WE","WE","USA",NA,NA,"experimental site","Alley cropping","Edible only",FALSE,TRUE,FALSE
"3866","5042",2,2,0,0,0,0,2,2,"WE","WE","USA",NA,NA,"experimental site","Alley cropping","Edible only",FALSE,TRUE,FALSE
"3867","5049",2,0,1,1,0,0,1,1,"HE","WNE, HE","China","31°12'00,000N","110°42'00,000E","working farm","Hedgerows","WNE + HE",TRUE,FALSE,TRUE
"3868","505",2,1,1,0,0,1,1,2,"WE","WNE, WE","Mexico",NA,NA,"working farm","Alley cropping","WNE + WE",TRUE,TRUE,FALSE
"3869","5050",2,0,1,1,0,0,1,1,"HE","WNE, HE","China","31°12'00,000N","110°42'00,000E","working farm","Hedgerows","WNE + HE",TRUE,FALSE,TRUE
"3870","5051",2,1,1,0,0,1,1,2,"WE","WNE, WE","China","19°32'55,000N","109°18'30,000E","experimental site","Alley cropping","WNE + WE",TRUE,TRUE,FALSE
"3871","5052",2,1,1,0,0,1,1,2,"WE","WNE, WE","China","19°32'55,000N","109°18'30,000E","experimental site","Alley cropping","WNE + WE",TRUE,TRUE,FALSE
"3872","5053",2,0,1,1,0,0,1,1,"HE","WNE, HE","China","19°32'55,000N","109°18'30,000E","experimental site","Alley cropping","WNE + HE",TRUE,FALSE,TRUE
"3873","5054",2,0,1,1,0,0,1,1,"HE","WNE, HE","China","19°32'55,000N","109°18'30,000E","experimental site","Alley cropping","WNE + HE",TRUE,FALSE,TRUE
"3874","5055",2,0,1,1,0,0,1,1,"HE","WNE, HE","China","19°32'55,000N","109°18'30,000E","experimental site","Alley cropping","WNE + HE",TRUE,FALSE,TRUE
"3875","5056",2,0,1,1,0,0,1,1,"HE","WNE, HE","China","19°32'55,000N","109°18'30,000E","experimental site","Alley cropping","WNE + HE",TRUE,FALSE,TRUE
"3876","5057",2,0,1,1,0,0,1,1,"HE","WNE, HE","China","19°32'55,000N","109°18'30,000E","experimental site","Alley cropping","WNE + HE",TRUE,FALSE,TRUE
"3877","5058",2,0,1,1,0,0,1,1,"HE","WNE, HE","China","19°32'55,000N","109°18'30,000E","experimental site","Alley cropping","WNE + HE",TRUE,FALSE,TRUE
"3878","5059",2,0,1,1,0,0,1,1,"HE","WNE, HE","China","19°32'55,000N","109°18'30,000E","experimental site","Alley cropping","WNE + HE",TRUE,FALSE,TRUE
"3879","506",2,1,1,0,0,1,1,2,"WE","WNE, WE","Mexico",NA,NA,"working farm","Alley cropping","WNE + WE",TRUE,TRUE,FALSE
"3880","5060",2,0,1,1,0,0,1,1,"HE","WNE, HE","China","19°32'55,000N","109°18'30,000E","experimental site","Alley cropping","WNE + HE",TRUE,FALSE,TRUE
"3881","5061",2,1,0,1,0,0,2,1,"HE","HE, WE","Sweden",NA,NA,"experimental site","Alley cropping","Edible only",FALSE,TRUE,TRUE
"3882","5062",3,2,0,1,0,0,3,2,"WE","HE, WE","Benin","6°24'00,000N","2°20'00,000E","working farm","Alley cropping","Edible only",FALSE,TRUE,TRUE
"3883","5063",3,2,0,1,0,0,3,2,"WE","HE, WE","Benin","6°24'00,000N","2°20'00,000E","working farm","Alley cropping","Edible only",FALSE,TRUE,TRUE
"3884","5064",3,2,0,1,0,0,3,2,"WE","HE, WE","Benin","6°24'00,000N","2°20'00,000E","working farm","Alley cropping","Edible only",FALSE,TRUE,TRUE
"3885","5065",3,2,0,1,0,0,3,2,"WE","HE, WE","Benin","6°24'00,000N","2°20'00,000E","working farm","Alley cropping","Edible only",FALSE,TRUE,TRUE
"3886","507",2,1,1,0,0,1,1,2,"WE","WNE, WE","Mexico",NA,NA,"working farm","Alley cropping","WNE + WE",TRUE,TRUE,FALSE
"3887","5070",2,1,0,1,0,0,2,1,"HE","HE, WE","India","30°20'40,000N","77°52'12,000E","experimental site","Alley cropping","Edible only",FALSE,TRUE,TRUE
"3888","5071",2,0,1,1,0,0,1,1,"HE","WNE, HE","India",NA,NA,"experimental site","Alley cropping","WNE + HE",TRUE,FALSE,TRUE
"3889","5072",2,1,0,1,0,0,2,1,"HE","HE, WE","India",NA,NA,"experimental site","Alley cropping","Edible only",FALSE,TRUE,TRUE
"3890","5073",2,1,1,0,0,0,1,2,"WE","WNE, WE","Zambia","13°39'00,000S","32°34'00,000E","experimental site","Fallows","WNE + WE",TRUE,TRUE,FALSE
"3891","5074",2,1,1,0,0,0,1,2,"WE","WNE, WE","Zambia","13°39'00,000S","32°34'00,000E","experimental site","Fallows","WNE + WE",TRUE,TRUE,FALSE
"3892","5077",2,1,1,0,0,0,1,2,"WE","WNE, WE","Zambia","13°39'00,000S","32°34'00,000E","experimental site","Fallows","WNE + WE",TRUE,TRUE,FALSE
"3893","5078",2,1,1,0,0,0,1,2,"WE","WNE, WE","Zambia","13°39'00,000S","32°34'00,000E","experimental site","Fallows","WNE + WE",TRUE,TRUE,FALSE
"3894","508",2,1,1,0,0,1,1,2,"WE","WNE, WE","Mexico",NA,NA,"working farm","Alley cropping","WNE + WE",TRUE,TRUE,FALSE
"3895","5081",2,1,1,0,0,0,1,2,"WE","WNE, WE","Zambia","13°39'00,000S","32°34'00,000E","experimental site","Fallows","WNE + WE",TRUE,TRUE,FALSE
"3896","5082",2,1,1,0,0,0,1,2,"WE","WNE, WE","Zambia","13°39'00,000S","32°34'00,000E","experimental site","Fallows","WNE + WE",TRUE,TRUE,FALSE
"3897","5085",2,1,1,0,0,0,1,2,"WE","WNE, WE","Kenya","0°06'00,000N","34°34'00,000E","working farm","Fallows","WNE + WE",TRUE,TRUE,FALSE
"3898","5088",2,0,1,1,0,0,1,1,"HE","WNE, HE","Kenya","0°06'00,000N","34°34'00,000E","working farm","Fallows","WNE + HE",TRUE,FALSE,TRUE
"3899","5089",2,1,1,0,0,0,1,2,"WE","WNE, WE","Kenya","0°06'00,000N","34°34'00,000E","working farm","Fallows","WNE + WE",TRUE,TRUE,FALSE
"3900","509",2,1,1,0,0,1,1,2,"WE","WNE, WE","Mexico",NA,NA,"working farm","Alley cropping","WNE + WE",TRUE,TRUE,FALSE
"3901","5092",2,0,1,1,0,0,1,1,"HE","WNE, HE","Kenya","0°06'00,000N","34°34'00,000E","working farm","Fallows","WNE + HE",TRUE,FALSE,TRUE
"3902","5093",2,1,1,0,0,0,1,2,"WE","WNE, WE","Kenya","0°06'00,000N","34°34'00,000E","working farm","Fallows","WNE + WE",TRUE,TRUE,FALSE
"3903","5096",2,0,1,1,0,0,1,1,"HE","WNE, HE","Kenya","0°06'00,000N","34°34'00,000E","working farm","Fallows","WNE + HE",TRUE,FALSE,TRUE
"3904","5097",2,1,1,0,0,0,1,2,"WE","WNE, WE","Kenya","0°06'00,000N","34°34'00,000E","working farm","Fallows","WNE + WE",TRUE,TRUE,FALSE
"3905","51",2,2,0,0,0,0,2,2,"WE","WE","Nigeria","7°30'00,000N","3°54'00,000E","experimental site","Fallows","Edible only",FALSE,TRUE,FALSE
"3906","510",2,1,1,0,0,1,1,2,"WE","WNE, WE","Mexico",NA,NA,"working farm","Alley cropping","WNE + WE",TRUE,TRUE,FALSE
"3907","5100",2,0,1,1,0,0,1,1,"HE","WNE, HE","Kenya","0°06'00,000N","34°34'00,000E","working farm","Fallows","WNE + HE",TRUE,FALSE,TRUE
"3908","5101",2,0,1,0,1,1,0,1,"WNE","WNE, HE","India","30°51'00,000N","76°11'00,000E","experimental site","Alley cropping","WNE + HE",TRUE,FALSE,TRUE
"3909","5102",2,0,2,0,0,1,0,2,"WNE","WNE, WE","India","30°51'00,000N","76°11'00,000E","experimental site","Alley cropping","WNE + WE",TRUE,TRUE,FALSE
"3910","5104",2,0,1,1,0,0,1,1,"HE","WNE, HE","India","30°51'00,000N","76°11'00,000E","experimental site","Alley cropping","WNE + HE",TRUE,FALSE,TRUE
"3911","5105",2,0,1,0,1,1,0,1,"WNE","WNE, HE","India","30°51'00,000N","76°11'00,000E","experimental site","Alley cropping","WNE + HE",TRUE,FALSE,TRUE
"3912","5106",2,0,2,0,0,1,0,2,"WNE","WNE, WE","India","30°51'00,000N","76°11'00,000E","experimental site","Alley cropping","WNE + WE",TRUE,TRUE,FALSE
"3913","5108",2,0,1,1,0,0,1,1,"HE","WNE, HE","India","30°51'00,000N","76°11'00,000E","experimental site","Alley cropping","WNE + HE",TRUE,FALSE,TRUE
"3914","5109",2,0,1,0,1,1,0,1,"WNE","WNE, HE","India","30°51'00,000N","76°11'00,000E","experimental site","Alley cropping","WNE + HE",TRUE,FALSE,TRUE
"3915","511",2,1,1,0,0,1,1,2,"WE","WNE, WE","Mexico",NA,NA,"working farm","Alley cropping","WNE + WE",TRUE,TRUE,FALSE
"3916","5110",2,0,2,0,0,1,0,2,"WNE","WNE, WE","India","30°51'00,000N","76°11'00,000E","experimental site","Alley cropping","WNE + WE",TRUE,TRUE,FALSE
"3917","5112",2,0,1,1,0,0,1,1,"HE","WNE, HE","India","30°51'00,000N","76°11'00,000E","experimental site","Alley cropping","WNE + HE",TRUE,FALSE,TRUE
"3918","5113",2,0,1,0,1,1,0,1,"WNE","WNE, HE","India","30°51'00,000N","76°11'00,000E","experimental site","Alley cropping","WNE + HE",TRUE,FALSE,TRUE
"3919","5114",2,0,2,0,0,1,0,2,"WNE","WNE, WE","India","30°51'00,000N","76°11'00,000E","experimental site","Alley cropping","WNE + WE",TRUE,TRUE,FALSE
"3920","5116",2,0,1,1,0,0,1,1,"HE","WNE, HE","India","30°51'00,000N","76°11'00,000E","experimental site","Alley cropping","WNE + HE",TRUE,FALSE,TRUE
"3921","5117",2,0,1,0,1,1,0,1,"WNE","WNE, HE","India","30°51'00,000N","76°11'00,000E","experimental site","Alley cropping","WNE + HE",TRUE,FALSE,TRUE
"3922","5118",2,0,2,0,0,1,0,2,"WNE","WNE, WE","India","30°51'00,000N","76°11'00,000E","experimental site","Alley cropping","WNE + WE",TRUE,TRUE,FALSE
"3923","512",2,1,1,0,0,1,1,2,"WE","WNE, WE","Mexico",NA,NA,"working farm","Alley cropping","WNE + WE",TRUE,TRUE,FALSE
"3924","5120",2,0,1,1,0,0,1,1,"HE","WNE, HE","India","30°51'00,000N","76°11'00,000E","experimental site","Alley cropping","WNE + HE",TRUE,FALSE,TRUE
"3925","5121",2,0,1,0,1,1,0,1,"WNE","WNE, HE","India","30°51'00,000N","76°11'00,000E","experimental site","Alley cropping","WNE + HE",TRUE,FALSE,TRUE
"3926","5122",2,0,2,0,0,1,0,2,"WNE","WNE, WE","India","30°51'00,000N","76°11'00,000E","experimental site","Alley cropping","WNE + WE",TRUE,TRUE,FALSE
"3927","5124",2,0,1,1,0,0,1,1,"HE","WNE, HE","India","30°51'00,000N","76°11'00,000E","experimental site","Alley cropping","WNE + HE",TRUE,FALSE,TRUE
"3928","5125",2,0,1,0,1,1,0,1,"WNE","WNE, HE","India","30°51'00,000N","76°11'00,000E","experimental site","Alley cropping","WNE + HE",TRUE,FALSE,TRUE
"3929","5126",2,0,2,0,0,1,0,2,"WNE","WNE, WE","India","30°51'00,000N","76°11'00,000E","experimental site","Alley cropping","WNE + WE",TRUE,TRUE,FALSE
"3930","5128",2,0,1,1,0,0,1,1,"HE","WNE, HE","India","30°51'00,000N","76°11'00,000E","experimental site","Alley cropping","WNE + HE",TRUE,FALSE,TRUE
"3931","5129",2,0,1,0,1,1,0,1,"WNE","WNE, HE","India","30°51'00,000N","76°11'00,000E","experimental site","Alley cropping","WNE + HE",TRUE,FALSE,TRUE
"3932","513",2,1,1,0,0,1,1,2,"WE","WNE, WE","Mexico",NA,NA,"working farm","Alley cropping","WNE + WE",TRUE,TRUE,FALSE
"3933","5130",2,0,2,0,0,1,0,2,"WNE","WNE, WE","India","30°51'00,000N","76°11'00,000E","experimental site","Alley cropping","WNE + WE",TRUE,TRUE,FALSE
"3934","5132",2,0,1,1,0,0,1,1,"HE","WNE, HE","India","30°51'00,000N","76°11'00,000E","experimental site","Alley cropping","WNE + HE",TRUE,FALSE,TRUE
"3935","5133",2,0,1,0,1,1,0,1,"WNE","WNE, HE","India","30°51'00,000N","76°11'00,000E","experimental site","Alley cropping","WNE + HE",TRUE,FALSE,TRUE
"3936","5134",2,0,2,0,0,1,0,2,"WNE","WNE, WE","India","30°51'00,000N","76°11'00,000E","experimental site","Alley cropping","WNE + WE",TRUE,TRUE,FALSE
"3937","5136",2,0,1,1,0,0,1,1,"HE","WNE, HE","India","30°51'00,000N","76°11'00,000E","experimental site","Alley cropping","WNE + HE",TRUE,FALSE,TRUE
"3938","5137",2,0,1,1,0,0,1,1,"HE","WNE, HE","France","43°42'26,000N","3°51'34,000E","working farm","Alley cropping","WNE + HE",TRUE,FALSE,TRUE
"3939","5138",2,0,1,1,0,0,1,1,"HE","WNE, HE","France","43°42'26,000N","3°51'34,000E","working farm","Alley cropping","WNE + HE",TRUE,FALSE,TRUE
"3940","5139",2,0,1,1,0,0,1,1,"HE","WNE, HE","France","43°42'26,000N","3°51'34,000E","working farm","Alley cropping","WNE + HE",TRUE,FALSE,TRUE
"3941","514",2,1,1,0,0,1,1,2,"WE","WNE, WE","Mexico",NA,NA,"working farm","Alley cropping","WNE + WE",TRUE,TRUE,FALSE
"3942","5140",2,0,1,1,0,0,1,1,"HE","WNE, HE","France","43°42'26,000N","3°51'34,000E","working farm","Alley cropping","WNE + HE",TRUE,FALSE,TRUE
"3943","5141",2,0,1,1,0,0,1,1,"HE","WNE, HE","France","43°42'26,000N","3°51'34,000E","working farm","Alley cropping","WNE + HE",TRUE,FALSE,TRUE
"3944","5142",2,0,1,1,0,0,1,1,"HE","WNE, HE","France","43°42'26,000N","3°51'34,000E","working farm","Alley cropping","WNE + HE",TRUE,FALSE,TRUE
"3945","5143",2,1,1,0,0,1,1,2,"WE","WNE, WE","Hawaii",NA,NA,"working farm","shaded","WNE + WE",TRUE,TRUE,FALSE
"3946","5144",5,3,1,1,0,1,4,4,"WE","WNE, HE, WE","Costa Rica","10.28647941947297","-83.61190262386354","working farm","Multi-strata systems","Multi-type",TRUE,TRUE,TRUE
"3947","5145",5,3,1,1,0,1,4,4,"WE","WNE, HE, WE","Costa Rica","10.28647941947297","-83.61190262386354","working farm","Multi-strata systems","Multi-type",TRUE,TRUE,TRUE
"3948","5147",3,0,1,2,0,0,2,1,"HE","WNE, HE","Ivory Coast","6°17'00,000N","5°13'00,000W","working farm","Alley cropping","WNE + HE",TRUE,FALSE,TRUE
"3949","5148",3,0,1,2,0,0,2,1,"HE","WNE, HE","Ivory Coast","6°17'00,000N","5°13'00,000W","working farm","Alley cropping","WNE + HE",TRUE,FALSE,TRUE
"3950","5149",3,0,1,2,0,0,2,1,"HE","WNE, HE","Ivory Coast","6°17'00,000N","5°13'00,000W","working farm","Alley cropping","WNE + HE",TRUE,FALSE,TRUE
"3951","515",2,1,1,0,0,1,1,2,"WE","WNE, WE","Mexico",NA,NA,"working farm","Alley cropping","WNE + WE",TRUE,TRUE,FALSE
"3952","5150",3,0,1,2,0,0,2,1,"HE","WNE, HE","Ivory Coast","6°17'00,000N","5°13'00,000W","working farm","Alley cropping","WNE + HE",TRUE,FALSE,TRUE
"3953","5151",3,0,1,2,0,0,2,1,"HE","WNE, HE","Ivory Coast","6°17'00,000N","5°13'00,000W","working farm","Alley cropping","WNE + HE",TRUE,FALSE,TRUE
"3954","5152",3,0,1,2,0,0,2,1,"HE","WNE, HE","Ivory Coast","6°17'00,000N","5°13'00,000W","working farm","Alley cropping","WNE + HE",TRUE,FALSE,TRUE
"3955","516",4,1,3,0,0,1,1,4,"WNE","WNE, WE","Panama","8°38'15.36N","80°58'46.2W","working farm","Multi-strata systems","WNE + WE",TRUE,TRUE,FALSE
"3956","5163",4,2,1,0,1,1,2,3,"WE","HNE, WNE, WE","India","19°45'30,000N","82°56'00,000E","experimental site","Multi-strata systems","WNE + WE",TRUE,TRUE,FALSE
"3957","5164",3,2,0,0,1,1,2,2,"WE","HNE, WE","India","19°45'30,000N","82°56'00,000E","experimental site","Multi-strata systems","Edible only",FALSE,TRUE,FALSE
"3958","5165",3,1,1,0,1,0,1,2,"WE","HNE, WNE, WE","India","19°45'30,000N","82°56'00,000E","experimental site","Multi-strata systems","WNE + WE",TRUE,TRUE,FALSE
"3959","5166",4,2,1,1,0,2,3,3,"WE","WNE, HE, WE","India","19°45'30,000N","82°56'00,000E","experimental site","Multi-strata systems","Multi-type",TRUE,TRUE,TRUE
"3960","5166_1",3,1,1,1,0,0,2,2,"HE","WNE, HE, WE","Malawi","15°30'00,000S","35°15'00,000E","experimental site","Alley cropping","Multi-type",TRUE,TRUE,TRUE
"3961","5167",4,2,1,0,1,1,2,3,"WE","HNE, WNE, WE","India","19°45'30,000N","82°56'00,000E","experimental site","Multi-strata systems","WNE + WE",TRUE,TRUE,FALSE
"3962","5167_1",3,1,1,1,0,0,2,2,"HE","WNE, HE, WE","Malawi","15°30'00,000S","35°15'00,000E","experimental site","Alley cropping","Multi-type",TRUE,TRUE,TRUE
"3963","5168",4,2,1,0,1,1,2,3,"WE","HNE, WNE, WE","India","19°45'30,000N","82°56'00,000E","experimental site","Multi-strata systems","WNE + WE",TRUE,TRUE,FALSE
"3964","5168_1",3,1,1,1,0,0,2,2,"HE","WNE, HE, WE","Malawi","15°30'00,000S","35°15'00,000E","experimental site","Alley cropping","Multi-type",TRUE,TRUE,TRUE
"3965","5169",3,2,0,1,0,2,3,2,"WE","HE, WE","India","19°45'30,000N","82°56'00,000E","experimental site","Multi-strata systems","Edible only",FALSE,TRUE,TRUE
"3966","517",4,1,3,0,0,1,1,4,"WNE","WNE, WE","Panama","8°38'15.36N","80°58'46.2W","working farm","Multi-strata systems","WNE + WE",TRUE,TRUE,FALSE
"3967","5170",3,2,0,0,1,1,2,2,"WE","HNE, WE","India","19°45'30,000N","82°56'00,000E","experimental site","Multi-strata systems","Edible only",FALSE,TRUE,FALSE
"3968","5170_1",3,1,1,1,0,0,2,2,"HE","WNE, HE, WE","Malawi","15°30'00,000S","35°15'00,000E","experimental site","Alley cropping","Multi-type",TRUE,TRUE,TRUE
"3969","5171",3,2,0,0,1,1,2,2,"WE","HNE, WE","India","19°45'30,000N","82°56'00,000E","experimental site","Multi-strata systems","Edible only",FALSE,TRUE,FALSE
"3970","5171_1",3,1,1,1,0,0,2,2,"HE","WNE, HE, WE","Malawi","15°30'00,000S","35°15'00,000E","experimental site","Alley cropping","Multi-type",TRUE,TRUE,TRUE
"3971","5172",3,1,1,1,0,1,2,2,"HE","WNE, HE, WE","India","19°45'30,000N","82°56'00,000E","experimental site","Multi-strata systems","Multi-type",TRUE,TRUE,TRUE
"3972","5172_1",3,1,1,1,0,0,2,2,"HE","WNE, HE, WE","Malawi","15°30'00,000S","35°15'00,000E","experimental site","Alley cropping","Multi-type",TRUE,TRUE,TRUE
"3973","5173",3,1,1,0,1,0,1,2,"WE","HNE, WNE, WE","India","19°45'30,000N","82°56'00,000E","experimental site","Multi-strata systems","WNE + WE",TRUE,TRUE,FALSE
"3974","5174",3,1,1,1,0,0,2,2,"HE","WNE, HE, WE","Tanzania","5°33'56,161S","36°17'29,853E","working farm","Alley cropping","Multi-type",TRUE,TRUE,TRUE
"3975","5174_1",3,1,1,0,1,0,1,2,"WE","HNE, WNE, WE","India","19°45'30,000N","82°56'00,000E","experimental site","Multi-strata systems","WNE + WE",TRUE,TRUE,FALSE
"3976","5175",3,1,1,1,0,0,2,2,"HE","WNE, HE, WE","Tanzania","5°33'56,161S","36°17'29,853E","working farm","Alley cropping","Multi-type",TRUE,TRUE,TRUE
"3977","5176",3,1,1,1,0,0,2,2,"HE","WNE, HE, WE","Tanzania","5°33'56,161S","36°17'29,853E","working farm","Alley cropping","Multi-type",TRUE,TRUE,TRUE
"3978","5177",3,1,1,1,0,0,2,2,"HE","WNE, HE, WE","Tanzania","5°33'56,161S","36°17'29,853E","working farm","Alley cropping","Multi-type",TRUE,TRUE,TRUE
"3979","5178",3,1,1,1,0,0,2,2,"HE","WNE, HE, WE","Tanzania","5°33'56,161S","36°17'29,853E","working farm","Alley cropping","Multi-type",TRUE,TRUE,TRUE
"3980","5179",3,1,1,1,0,0,2,2,"HE","WNE, HE, WE","Tanzania","5°33'56,161S","36°17'29,853E","working farm","Alley cropping","Multi-type",TRUE,TRUE,TRUE
"3981","518",4,1,3,0,0,1,1,4,"WNE","WNE, WE","Panama","8°38'15.36N","80°58'46.2W","working farm","Multi-strata systems","WNE + WE",TRUE,TRUE,FALSE
"3982","5180",3,1,1,1,0,0,2,2,"HE","WNE, HE, WE","Tanzania","5°33'56,161S","36°17'29,853E","working farm","Alley cropping","Multi-type",TRUE,TRUE,TRUE
"3983","5181",3,1,1,1,0,0,2,2,"HE","WNE, HE, WE","Tanzania","5°33'56,161S","36°17'29,853E","working farm","Alley cropping","Multi-type",TRUE,TRUE,TRUE
"3984","5182",3,1,1,1,0,0,2,2,"HE","WNE, HE, WE","Tanzania","5°33'56,161S","36°17'29,853E","working farm","Alley cropping","Multi-type",TRUE,TRUE,TRUE
"3985","5183",3,1,1,1,0,0,2,2,"HE","WNE, HE, WE","Tanzania","5°33'56,161S","36°17'29,853E","working farm","Alley cropping","Multi-type",TRUE,TRUE,TRUE
"3986","5184",3,1,1,1,0,0,2,2,"HE","WNE, HE, WE","Tanzania","5°33'56,161S","36°17'29,853E","working farm","Alley cropping","Multi-type",TRUE,TRUE,TRUE
"3987","5185",3,1,1,1,0,0,2,2,"HE","WNE, HE, WE","Tanzania","5°33'56,161S","36°17'29,853E","working farm","Alley cropping","Multi-type",TRUE,TRUE,TRUE
"3988","519",4,1,3,0,0,1,1,4,"WNE","WNE, WE","Panama","8°38'15.36N","80°58'46.2W","working farm","Multi-strata systems","WNE + WE",TRUE,TRUE,FALSE
"3989","5194",2,1,0,1,0,0,2,1,"HE","HE, WE","Niger","13°15'00,000N","2°18'00,000E","experimental site","Alley cropping","Edible only",FALSE,TRUE,TRUE
"3990","5195",2,1,0,1,0,0,2,1,"HE","HE, WE","Niger","13°15'00,000N","2°18'00,000E","experimental site","Alley cropping","Edible only",FALSE,TRUE,TRUE
"3991","5196",2,1,0,1,0,0,2,1,"HE","HE, WE","Niger","13°15'00,000N","2°18'00,000E","experimental site","Alley cropping","Edible only",FALSE,TRUE,TRUE
"3992","5197",2,1,0,1,0,0,2,1,"HE","HE, WE","Niger","13°15'00,000N","2°18'00,000E","experimental site","Alley cropping","Edible only",FALSE,TRUE,TRUE
"3993","5198",3,1,0,2,0,0,3,1,"HE","HE, WE","Niger","13°15'00,000N","2°18'00,000E","experimental site","Alley cropping","Edible only",FALSE,TRUE,TRUE
"3994","5199",3,1,0,2,0,0,3,1,"HE","HE, WE","Niger","13°15'00,000N","2°18'00,000E","experimental site","Alley cropping","Edible only",FALSE,TRUE,TRUE
"3995","52",2,2,0,0,0,0,2,2,"WE","WE","Nigeria","7°30'00,000N","3°54'00,000E","experimental site","Fallows","Edible only",FALSE,TRUE,FALSE
"3996","520",4,1,3,0,0,1,1,4,"WNE","WNE, WE","Panama","8°38'15.36N","80°58'46.2W","working farm","Multi-strata systems","WNE + WE",TRUE,TRUE,FALSE
"3997","5200",3,1,0,2,0,0,3,1,"HE","HE, WE","Niger","13°15'00,000N","2°18'00,000E","experimental site","Alley cropping","Edible only",FALSE,TRUE,TRUE
"3998","5201",3,1,0,2,0,0,3,1,"HE","HE, WE","Niger","13°15'00,000N","2°18'00,000E","experimental site","Alley cropping","Edible only",FALSE,TRUE,TRUE
"3999","5202",3,1,0,2,0,0,3,1,"HE","HE, WE","Niger","13°15'00,000N","2°18'00,000E","experimental site","Alley cropping","Edible only",FALSE,TRUE,TRUE
"4000","5203",3,1,0,2,0,0,3,1,"HE","HE, WE","Niger","13°15'00,000N","2°18'00,000E","experimental site","Alley cropping","Edible only",FALSE,TRUE,TRUE
"4001","5204",3,1,0,2,0,0,3,1,"HE","HE, WE","Niger","13°15'00,000N","2°18'00,000E","experimental site","Alley cropping","Edible only",FALSE,TRUE,TRUE
"4002","5205",3,1,0,2,0,0,3,1,"HE","HE, WE","Niger","13°15'00,000N","2°18'00,000E","experimental site","Alley cropping","Edible only",FALSE,TRUE,TRUE
"4003","5207",2,1,0,1,0,1,2,1,"HE","HE, WE","Brazil","11°27'52,000S","37°56'11,000W","working farm","Alley cropping","Edible only",FALSE,TRUE,TRUE
"4004","5208",3,1,0,2,0,1,3,1,"HE","HE, WE","Brazil","11°27'52,000S","37°56'11,000W","working farm","Alley cropping","Edible only",FALSE,TRUE,TRUE
"4005","5209",3,1,0,2,0,1,3,1,"HE","HE, WE","Brazil","11°27'52,000S","37°56'11,000W","working farm","Alley cropping","Edible only",FALSE,TRUE,TRUE
"4006","521",4,1,3,0,0,1,1,4,"WNE","WNE, WE","Panama","8°38'15.36N","80°58'46.2W","working farm","Multi-strata systems","WNE + WE",TRUE,TRUE,FALSE
"4007","5210",3,1,0,2,0,0,3,1,"HE","HE, WE","India",NA,NA,"experimental site","Alley cropping","Edible only",FALSE,TRUE,TRUE
"4008","5211",3,1,0,2,0,0,3,1,"HE","HE, WE","India",NA,NA,"experimental site","Alley cropping","Edible only",FALSE,TRUE,TRUE
"4009","5212",3,1,0,2,0,0,3,1,"HE","HE, WE","India",NA,NA,"experimental site","Alley cropping","Edible only",FALSE,TRUE,TRUE
"4010","5213",3,1,0,2,0,0,3,1,"HE","HE, WE","India",NA,NA,"experimental site","Alley cropping","Edible only",FALSE,TRUE,TRUE
"4011","5214",3,1,0,2,0,0,3,1,"HE","HE, WE","India",NA,NA,"experimental site","Alley cropping","Edible only",FALSE,TRUE,TRUE
"4012","5215",3,1,0,2,0,0,3,1,"HE","HE, WE","India",NA,NA,"experimental site","Alley cropping","Edible only",FALSE,TRUE,TRUE
"4013","5216",4,1,0,3,0,0,4,1,"HE","HE, WE","India",NA,NA,"experimental site","Alley cropping","Edible only",FALSE,TRUE,TRUE
"4014","5217",4,1,0,3,0,0,4,1,"HE","HE, WE","India",NA,NA,"experimental site","Alley cropping","Edible only",FALSE,TRUE,TRUE
"4015","5218",4,1,0,3,0,0,4,1,"HE","HE, WE","India",NA,NA,"experimental site","Alley cropping","Edible only",FALSE,TRUE,TRUE
"4016","5219",4,1,0,3,0,0,4,1,"HE","HE, WE","India",NA,NA,"experimental site","Alley cropping","Edible only",FALSE,TRUE,TRUE
"4017","522",3,1,1,1,0,0,2,2,"HE","WNE, HE, WE","Brazil","1°07′41,000S","47°47′15,000W","experimental site","Alley cropping","Multi-type",TRUE,TRUE,TRUE
"4018","5220",4,1,0,3,0,0,4,1,"HE","HE, WE","India",NA,NA,"experimental site","Alley cropping","Edible only",FALSE,TRUE,TRUE
"4019","5221",4,1,0,3,0,0,4,1,"HE","HE, WE","India",NA,NA,"experimental site","Alley cropping","Edible only",FALSE,TRUE,TRUE
"4020","5222",4,0,2,2,0,0,2,2,"HE","WNE, HE","Indonesia","4°31'00,000S","104°55'00,000E","experimental site","Alley cropping","WNE + HE",TRUE,FALSE,TRUE
"4021","5223",3,0,1,2,0,0,2,1,"HE","WNE, HE","Indonesia","4°31'00,000S","104°55'00,000E","experimental site","Alley cropping","WNE + HE",TRUE,FALSE,TRUE
"4022","5224",3,0,1,2,0,0,2,1,"HE","WNE, HE","Indonesia","4°31'00,000S","104°55'00,000E","experimental site","Alley cropping","WNE + HE",TRUE,FALSE,TRUE
"4023","5225",4,0,2,2,0,0,2,2,"HE","WNE, HE","Indonesia","4°31'00,000S","104°55'00,000E","experimental site","Alley cropping","WNE + HE",TRUE,FALSE,TRUE
"4024","5226",3,0,1,2,0,0,2,1,"HE","WNE, HE","Indonesia","4°31'00,000S","104°55'00,000E","experimental site","Alley cropping","WNE + HE",TRUE,FALSE,TRUE
"4025","5227",3,0,1,2,0,0,2,1,"HE","WNE, HE","Indonesia","4°31'00,000S","104°55'00,000E","experimental site","Alley cropping","WNE + HE",TRUE,FALSE,TRUE
"4026","5228",4,0,2,2,0,0,2,2,"HE","WNE, HE","Indonesia","4°31'00,000S","104°55'00,000E","experimental site","Alley cropping","WNE + HE",TRUE,FALSE,TRUE
"4027","5229",3,0,1,2,0,0,2,1,"HE","WNE, HE","Indonesia","4°31'00,000S","104°55'00,000E","experimental site","Alley cropping","WNE + HE",TRUE,FALSE,TRUE
"4028","523",3,2,0,1,0,0,3,2,"WE","HE, WE","Brazil","1°07′41,000S","47°47′15,000W","experimental site","Alley cropping","Edible only",FALSE,TRUE,TRUE
"4029","5230",3,0,1,2,0,0,2,1,"HE","WNE, HE","Indonesia","4°31'00,000S","104°55'00,000E","experimental site","Alley cropping","WNE + HE",TRUE,FALSE,TRUE
"4030","5231",4,0,2,2,0,0,2,2,"HE","WNE, HE","Indonesia","4°31'00,000S","104°55'00,000E","experimental site","Alley cropping","WNE + HE",TRUE,FALSE,TRUE
"4031","5232",3,0,1,2,0,0,2,1,"HE","WNE, HE","Indonesia","4°31'00,000S","104°55'00,000E","experimental site","Alley cropping","WNE + HE",TRUE,FALSE,TRUE
"4032","5233",3,0,1,2,0,0,2,1,"HE","WNE, HE","Indonesia","4°31'00,000S","104°55'00,000E","experimental site","Alley cropping","WNE + HE",TRUE,FALSE,TRUE
"4033","5234",4,0,2,2,0,0,2,2,"HE","WNE, HE","Indonesia","4°31'00,000S","104°55'00,000E","experimental site","Alley cropping","WNE + HE",TRUE,FALSE,TRUE
"4034","5235",3,0,1,2,0,0,2,1,"HE","WNE, HE","Indonesia","4°31'00,000S","104°55'00,000E","experimental site","Alley cropping","WNE + HE",TRUE,FALSE,TRUE
"4035","5236",3,0,1,2,0,0,2,1,"HE","WNE, HE","Indonesia","4°31'00,000S","104°55'00,000E","experimental site","Alley cropping","WNE + HE",TRUE,FALSE,TRUE
"4036","5237",4,0,2,2,0,0,2,2,"HE","WNE, HE","Indonesia","4°31'00,000S","104°55'00,000E","experimental site","Alley cropping","WNE + HE",TRUE,FALSE,TRUE
"4037","5238",3,0,1,2,0,0,2,1,"HE","WNE, HE","Indonesia","4°31'00,000S","104°55'00,000E","experimental site","Alley cropping","WNE + HE",TRUE,FALSE,TRUE
"4038","5239",3,0,1,2,0,0,2,1,"HE","WNE, HE","Indonesia","4°31'00,000S","104°55'00,000E","experimental site","Alley cropping","WNE + HE",TRUE,FALSE,TRUE
"4039","524",3,1,1,1,0,0,2,2,"HE","WNE, HE, WE","Cameroon","3°51'00,000N","11°27'00,000E","experimental site","Alley cropping","Multi-type",TRUE,TRUE,TRUE
"4040","5240",4,0,2,2,0,0,2,2,"HE","WNE, HE","Indonesia","4°31'00,000S","104°55'00,000E","experimental site","Alley cropping","WNE + HE",TRUE,FALSE,TRUE
"4041","5241",3,0,1,2,0,0,2,1,"HE","WNE, HE","Indonesia","4°31'00,000S","104°55'00,000E","experimental site","Alley cropping","WNE + HE",TRUE,FALSE,TRUE
"4042","5242",3,0,1,2,0,0,2,1,"HE","WNE, HE","Indonesia","4°31'00,000S","104°55'00,000E","experimental site","Alley cropping","WNE + HE",TRUE,FALSE,TRUE
"4043","5243",4,0,2,2,0,0,2,2,"HE","WNE, HE","Indonesia","4°31'00,000S","104°55'00,000E","experimental site","Alley cropping","WNE + HE",TRUE,FALSE,TRUE
"4044","5244",3,0,1,2,0,0,2,1,"HE","WNE, HE","Indonesia","4°31'00,000S","104°55'00,000E","experimental site","Alley cropping","WNE + HE",TRUE,FALSE,TRUE
"4045","5245",3,0,1,2,0,0,2,1,"HE","WNE, HE","Indonesia","4°31'00,000S","104°55'00,000E","experimental site","Alley cropping","WNE + HE",TRUE,FALSE,TRUE
"4046","5246",4,0,2,2,0,0,2,2,"HE","WNE, HE","Indonesia","4°31'00,000S","104°55'00,000E","experimental site","Alley cropping","WNE + HE",TRUE,FALSE,TRUE
"4047","5247",3,0,1,2,0,0,2,1,"HE","WNE, HE","Indonesia","4°31'00,000S","104°55'00,000E","experimental site","Alley cropping","WNE + HE",TRUE,FALSE,TRUE
"4048","5248",3,0,1,2,0,0,2,1,"HE","WNE, HE","Indonesia","4°31'00,000S","104°55'00,000E","experimental site","Alley cropping","WNE + HE",TRUE,FALSE,TRUE
"4049","5249",4,0,2,2,0,0,2,2,"HE","WNE, HE","Indonesia","4°31'00,000S","104°55'00,000E","experimental site","Alley cropping","WNE + HE",TRUE,FALSE,TRUE
"4050","525",3,1,1,1,0,0,2,2,"HE","WNE, HE, WE","Cameroon","3°51'00,000N","11°27'00,000E","experimental site","Alley cropping","Multi-type",TRUE,TRUE,TRUE
"4051","5250",3,0,1,2,0,0,2,1,"HE","WNE, HE","Indonesia","4°31'00,000S","104°55'00,000E","experimental site","Alley cropping","WNE + HE",TRUE,FALSE,TRUE
"4052","5251",3,0,1,2,0,0,2,1,"HE","WNE, HE","Indonesia","4°31'00,000S","104°55'00,000E","experimental site","Alley cropping","WNE + HE",TRUE,FALSE,TRUE
"4053","5252",4,0,2,2,0,0,2,2,"HE","WNE, HE","Indonesia","4°31'00,000S","104°55'00,000E","experimental site","Alley cropping","WNE + HE",TRUE,FALSE,TRUE
"4054","5253",3,0,1,2,0,0,2,1,"HE","WNE, HE","Indonesia","4°31'00,000S","104°55'00,000E","experimental site","Alley cropping","WNE + HE",TRUE,FALSE,TRUE
"4055","5254",3,0,1,2,0,0,2,1,"HE","WNE, HE","Indonesia","4°31'00,000S","104°55'00,000E","experimental site","Alley cropping","WNE + HE",TRUE,FALSE,TRUE
"4056","5255",4,0,2,2,0,0,2,2,"HE","WNE, HE","Indonesia","4°31'00,000S","104°55'00,000E","experimental site","Alley cropping","WNE + HE",TRUE,FALSE,TRUE
"4057","5256",3,0,1,2,0,0,2,1,"HE","WNE, HE","Indonesia","4°31'00,000S","104°55'00,000E","experimental site","Alley cropping","WNE + HE",TRUE,FALSE,TRUE
"4058","5257",3,0,1,2,0,0,2,1,"HE","WNE, HE","Indonesia","4°31'00,000S","104°55'00,000E","experimental site","Alley cropping","WNE + HE",TRUE,FALSE,TRUE
"4059","526",2,0,1,1,0,0,1,1,"HE","WNE, HE","Rwanda",NA,NA,"working farm","Alley cropping","WNE + HE",TRUE,FALSE,TRUE
"4060","5260",3,1,1,1,0,0,2,2,"HE","WNE, HE, WE","Malawi","15°30'00,000S","35°15'00,000E","working farm","Fallows","Multi-type",TRUE,TRUE,TRUE
"4061","5261",3,1,1,1,0,0,2,2,"HE","WNE, HE, WE","Malawi","15°30'00,000S","35°15'00,000E","working farm","Fallows","Multi-type",TRUE,TRUE,TRUE
"4062","5264",3,1,1,1,0,0,2,2,"HE","WNE, HE, WE","Malawi","15°30'00,000S","35°15'00,000E","working farm","Fallows","Multi-type",TRUE,TRUE,TRUE
"4063","5265",3,1,1,1,0,0,2,2,"HE","WNE, HE, WE","Malawi","15°30'00,000S","35°15'00,000E","working farm","Fallows","Multi-type",TRUE,TRUE,TRUE
"4064","5268",3,0,1,2,0,0,2,1,"HE","WNE, HE","Philippines","7.250935750973464","125.06318145011916","working farm","Alley cropping","WNE + HE",TRUE,FALSE,TRUE
"4065","5269",3,0,1,2,0,0,2,1,"HE","WNE, HE","Philippines","7.250935750973464","125.06318145011916","working farm","Alley cropping","WNE + HE",TRUE,FALSE,TRUE
"4066","527",2,0,1,1,0,0,1,1,"HE","WNE, HE","Rwanda",NA,NA,"working farm","Alley cropping","WNE + HE",TRUE,FALSE,TRUE
"4067","5270",3,0,1,2,0,0,2,1,"HE","WNE, HE","Philippines","7.250935750973464","125.06318145011916","working farm","Alley cropping","WNE + HE",TRUE,FALSE,TRUE
"4068","5271",3,0,1,2,0,0,2,1,"HE","WNE, HE","Philippines","7.250935750973464","125.06318145011916","working farm","Alley cropping","WNE + HE",TRUE,FALSE,TRUE
"4069","528",2,0,1,1,0,0,1,1,"HE","WNE, HE","Rwanda",NA,NA,"working farm","Alley cropping","WNE + HE",TRUE,FALSE,TRUE
"4070","529",3,1,0,2,0,0,3,1,"HE","HE, WE","Nigeria","7°03'00,000N","3°54'00,000E","experimental site","Alley cropping","Edible only",FALSE,TRUE,TRUE
"4071","53",2,2,0,0,0,0,2,2,"WE","WE","Nigeria","7°30'00,000N","3°54'00,000E","experimental site","Fallows","Edible only",FALSE,TRUE,FALSE
"4072","530",4,2,0,2,0,0,4,2,"HE","HE, WE","Nigeria","7°03'00,000N","3°54'00,000E","experimental site","Alley cropping","Edible only",FALSE,TRUE,TRUE
"4073","5308",2,0,1,1,0,0,1,1,"HE","WNE, HE","Philippines","7.250935750973464","125.06318145011916","working farm","Alley cropping","WNE + HE",TRUE,FALSE,TRUE
"4074","5309",2,0,1,1,0,0,1,1,"HE","WNE, HE","Philippines","7.250935750973464","125.06318145011916","working farm","Alley cropping","WNE + HE",TRUE,FALSE,TRUE
"4075","531",4,2,0,2,0,0,4,2,"HE","HE, WE","Nigeria","7°03'00,000N","3°54'00,000E","experimental site","Alley cropping","Edible only",FALSE,TRUE,TRUE
"4076","5310",2,0,1,1,0,0,1,1,"HE","WNE, HE","Philippines","7.250935750973464","125.06318145011916","working farm","Alley cropping","WNE + HE",TRUE,FALSE,TRUE
"4077","5311",2,0,1,1,0,0,1,1,"HE","WNE, HE","Philippines","7.250935750973464","125.06318145011916","working farm","Alley cropping","WNE + HE",TRUE,FALSE,TRUE
"4078","532",4,2,0,2,0,0,4,2,"HE","HE, WE","Nigeria","7°03'00,000N","3°54'00,000E","experimental site","Alley cropping","Edible only",FALSE,TRUE,TRUE
"4079","533",3,1,0,2,0,0,3,1,"HE","HE, WE","Nigeria","7°03'00,000N","3°54'00,000E","experimental site","Alley cropping","Edible only",FALSE,TRUE,TRUE
"4080","534",4,2,0,2,0,0,4,2,"HE","HE, WE","Nigeria","7°03'00,000N","3°54'00,000E","experimental site","Alley cropping","Edible only",FALSE,TRUE,TRUE
"4081","535",4,2,0,2,0,0,4,2,"HE","HE, WE","Nigeria","7°03'00,000N","3°54'00,000E","experimental site","Alley cropping","Edible only",FALSE,TRUE,TRUE
"4082","536",3,1,0,2,0,0,3,1,"HE","HE, WE","Nigeria","7°03'00,000N","3°54'00,000E","experimental site","Alley cropping","Edible only",FALSE,TRUE,TRUE
"4083","537",4,2,0,2,0,0,4,2,"HE","HE, WE","Nigeria","7°03'00,000N","3°54'00,000E","experimental site","Alley cropping","Edible only",FALSE,TRUE,TRUE
"4084","538",4,2,0,2,0,0,4,2,"HE","HE, WE","Nigeria","7°03'00,000N","3°54'00,000E","experimental site","Alley cropping","Edible only",FALSE,TRUE,TRUE
"4085","539",4,2,0,2,0,0,4,2,"HE","HE, WE","Nigeria","7°03'00,000N","3°54'00,000E","experimental site","Alley cropping","Edible only",FALSE,TRUE,TRUE
"4086","54",26,12,13,0,1,2,12,25,"WNE","HNE, WNE, WE","Brazil",NA,NA,"working farm","Multi-strata systems","WNE + WE",TRUE,TRUE,FALSE
"4087","540",3,1,0,2,0,0,3,1,"HE","HE, WE","Nigeria","7°03'00,000N","3°54'00,000E","experimental site","Alley cropping","Edible only",FALSE,TRUE,TRUE
"4088","541",4,2,0,2,0,0,4,2,"HE","HE, WE","Nigeria","7°03'00,000N","3°54'00,000E","experimental site","Alley cropping","Edible only",FALSE,TRUE,TRUE
"4089","542",4,2,0,2,0,0,4,2,"HE","HE, WE","Nigeria","7°03'00,000N","3°54'00,000E","experimental site","Alley cropping","Edible only",FALSE,TRUE,TRUE
"4090","543",2,1,0,1,0,0,2,1,"HE","HE, WE","Venezuela",NA,NA,"experimental site","Alley cropping","Edible only",FALSE,TRUE,TRUE
"4091","544",2,1,0,1,0,0,2,1,"HE","HE, WE","Venezuela",NA,NA,"experimental site","Alley cropping","Edible only",FALSE,TRUE,TRUE
"4092","545",2,1,0,1,0,0,2,1,"HE","HE, WE","Venezuela",NA,NA,"experimental site","Alley cropping","Edible only",FALSE,TRUE,TRUE
"4093","547",2,1,0,1,0,0,2,1,"HE","HE, WE","Venezuela",NA,NA,"experimental site","Alley cropping","Edible only",FALSE,TRUE,TRUE
"4094","548",2,1,0,1,0,0,2,1,"HE","HE, WE","Venezuela",NA,NA,"experimental site","Alley cropping","Edible only",FALSE,TRUE,TRUE
"4095","549",2,1,0,1,0,0,2,1,"HE","HE, WE","Venezuela",NA,NA,"experimental site","Alley cropping","Edible only",FALSE,TRUE,TRUE
"4096","55",2,0,1,1,0,0,1,1,"HE","WNE, HE","India","27°12'07,000N","88°22'18,000E","Large areas","Other/unknown","WNE + HE",TRUE,FALSE,TRUE
"4097","550",2,1,0,1,0,0,2,1,"HE","HE, WE","Venezuela",NA,NA,"experimental site","Alley cropping","Edible only",FALSE,TRUE,TRUE
"4098","551",2,1,0,1,0,0,2,1,"HE","HE, WE","Venezuela",NA,NA,"experimental site","Alley cropping","Edible only",FALSE,TRUE,TRUE
"4099","552",15,0,13,2,0,3,2,13,"WNE","WNE, HE, WE","Uganda","1°16'00,000S","29°57'00,000E","experimental site","Multi-strata systems","Multi-type",TRUE,TRUE,TRUE
"4100","553",10,0,8,2,0,2,2,8,"WNE","WNE, HE, WE","Uganda","0°28'00,000N","32°27'00,000E","experimental site","Multi-strata systems","Multi-type",TRUE,TRUE,TRUE
"4101","554",10,0,8,2,0,1,2,8,"WNE","WNE, HE, WE","Uganda","0°34'00,000S","30°13'00,000E","experimental site","Multi-strata systems","Multi-type",TRUE,TRUE,TRUE
"4102","556",5,0,1,4,0,0,4,1,"HE","WNE, HE, WE","Ivory Coast","6°17'00,000N","5°13'00,000W","experimental site","Alley cropping","Multi-type",TRUE,TRUE,TRUE
"4103","557",5,0,1,4,0,0,4,1,"HE","WNE, HE, WE","Ivory Coast","6°17'00,000N","5°13'00,000W","experimental site","Alley cropping","Multi-type",TRUE,TRUE,TRUE
"4104","558",5,0,1,4,0,0,4,1,"HE","WNE, HE, WE","Ivory Coast","6°17'00,000N","5°13'00,000W","experimental site","Alley cropping","Multi-type",TRUE,TRUE,TRUE
"4105","559",5,0,1,4,0,0,4,1,"HE","WNE, HE, WE","Ivory Coast","6°17'00,000N","5°13'00,000W","experimental site","Alley cropping","Multi-type",TRUE,TRUE,TRUE
"4106","56",2,0,1,1,0,0,1,1,"HE","WNE, HE","India","27°12'07,000N","88°22'18,000E","Large areas","Other/unknown","WNE + HE",TRUE,FALSE,TRUE
"4107","560",5,0,1,4,0,0,4,1,"HE","WNE, HE, WE","Ivory Coast","6°17'00,000N","5°13'00,000W","experimental site","Alley cropping","Multi-type",TRUE,TRUE,TRUE
"4108","561",5,0,1,4,0,0,4,1,"HE","WNE, HE, WE","Ivory Coast","6°17'00,000N","5°13'00,000W","experimental site","Alley cropping","Multi-type",TRUE,TRUE,TRUE
"4109","562",5,0,1,4,0,0,4,1,"HE","WNE, HE, WE","Ivory Coast","6°17'00,000N","5°13'00,000W","experimental site","Alley cropping","Multi-type",TRUE,TRUE,TRUE
"4110","563",5,0,1,4,0,0,4,1,"HE","WNE, HE, WE","Ivory Coast","6°17'00,000N","5°13'00,000W","experimental site","Alley cropping","Multi-type",TRUE,TRUE,TRUE
"4111","564",5,0,1,4,0,0,4,1,"HE","WNE, HE, WE","Ivory Coast","6°17'00,000N","5°13'00,000W","experimental site","Alley cropping","Multi-type",TRUE,TRUE,TRUE
"4112","565",3,1,0,2,0,0,3,1,"HE","HE, WE","Cameroon",NA,NA,"experimental site","Alley cropping","Edible only",FALSE,TRUE,TRUE
"4113","566",3,1,0,2,0,0,3,1,"HE","HE, WE","Cameroon",NA,NA,"experimental site","Alley cropping","Edible only",FALSE,TRUE,TRUE
"4114","567",3,1,0,2,0,0,3,1,"HE","HE, WE","Cameroon",NA,NA,"experimental site","Alley cropping","Edible only",FALSE,TRUE,TRUE
"4115","568",3,0,1,2,0,0,2,1,"HE","WNE, HE","Kenya","1°33'00,000S","37°08'00,000E","experimental site","Alley cropping","WNE + HE",TRUE,FALSE,TRUE
"4116","569",4,1,0,3,0,0,4,1,"HE","HE, WE","Rwanda",NA,NA,"experimental site","Alley cropping","Edible only",FALSE,TRUE,TRUE
"4117","57",2,0,1,1,0,0,1,1,"HE","WNE, HE","India","27°12'07,000N","88°22'18,000E","Large areas","Other/unknown","WNE + HE",TRUE,FALSE,TRUE
"4118","571",5,1,0,4,0,0,5,1,"HE","HE, WE","Rwanda",NA,NA,"experimental site","Alley cropping","Edible only",FALSE,TRUE,TRUE
"4119","572",2,1,1,0,0,0,1,2,"WE","WNE, WE","Nigeria",NA,NA,"experimental site","Alley cropping","WNE + WE",TRUE,TRUE,FALSE
"4120","573",2,1,1,0,0,0,1,2,"WE","WNE, WE","Nigeria",NA,NA,"experimental site","Alley cropping","WNE + WE",TRUE,TRUE,FALSE
"4121","574",2,2,0,0,0,0,2,2,"WE","WE","Nigeria",NA,NA,"experimental site","Alley cropping","Edible only",FALSE,TRUE,FALSE
"4122","574_1_NEW",3,1,0,0,2,0,1,1,"WE","HNE, WE","Brazil","25°59'47,000S","51°08'17,000E","experimental site","Alley cropping","Edible only",FALSE,TRUE,FALSE
"4123","574_NEW",2,1,0,0,1,0,1,1,"WE","HNE, WE","Brazil","25°59'47,000S","51°08'17,000E","experimental site","Alley cropping","Edible only",FALSE,TRUE,FALSE
"4124","575",2,2,0,0,0,0,2,2,"WE","WE","Nigeria",NA,NA,"experimental site","Alley cropping","Edible only",FALSE,TRUE,FALSE
"4125","576",3,2,1,0,0,0,2,3,"WE","WNE, WE","Nigeria",NA,NA,"experimental site","Alley cropping","WNE + WE",TRUE,TRUE,FALSE
"4126","577",3,2,1,0,0,0,2,3,"WE","WNE, WE","Nigeria",NA,NA,"experimental site","Alley cropping","WNE + WE",TRUE,TRUE,FALSE
"4127","578",2,1,0,0,1,0,1,1,"WE","HNE, WE","USA",NA,NA,"experimental site","Alley cropping","Edible only",FALSE,TRUE,FALSE
"4128","579",2,1,0,0,1,0,1,1,"WE","HNE, WE","USA",NA,NA,"experimental site","Alley cropping","Edible only",FALSE,TRUE,FALSE
"4129","58",2,0,1,1,0,0,1,1,"HE","WNE, HE","India","27°12'07,000N","88°22'18,000E","Large areas","Other/unknown","WNE + HE",TRUE,FALSE,TRUE
"4130","580",2,1,0,0,1,0,1,1,"WE","HNE, WE","USA",NA,NA,"experimental site","Alley cropping","Edible only",FALSE,TRUE,FALSE
"4131","581",2,1,0,0,1,0,1,1,"WE","HNE, WE","USA",NA,NA,"experimental site","Alley cropping","Edible only",FALSE,TRUE,FALSE
"4132","582",3,1,0,0,2,0,1,1,"WE","HNE, WE","USA",NA,NA,"experimental site","Alley cropping","Edible only",FALSE,TRUE,FALSE
"4133","583",3,1,0,0,2,0,1,1,"WE","HNE, WE","USA",NA,NA,"experimental site","Alley cropping","Edible only",FALSE,TRUE,FALSE
"4134","584",5,0,3,2,0,0,2,3,"WNE","WNE, HE","USA",NA,NA,"working farm","Hedgerows","WNE + HE",TRUE,FALSE,TRUE
"4135","585",5,1,2,2,0,0,3,3,"HE","WNE, HE, WE","USA",NA,NA,"working farm","Hedgerows","Multi-type",TRUE,TRUE,TRUE
"4136","586",5,1,2,2,0,0,3,3,"HE","WNE, HE, WE","USA",NA,NA,"working farm","Hedgerows","Multi-type",TRUE,TRUE,TRUE
"4137","587",5,1,2,2,0,0,3,3,"HE","WNE, HE, WE","USA",NA,NA,"working farm","Hedgerows","Multi-type",TRUE,TRUE,TRUE
"4138","588",5,1,2,2,0,0,3,3,"HE","WNE, HE, WE","USA",NA,NA,"working farm","Hedgerows","Multi-type",TRUE,TRUE,TRUE
"4139","589",6,3,2,1,0,0,4,5,"WE","WNE, HE, WE","England",NA,NA,"working farm","Alley cropping","Multi-type",TRUE,TRUE,TRUE
"4140","59",2,0,1,1,0,0,1,1,"HE","WNE, HE","India","27°12'07,000N","88°22'18,000E","Large areas","Other/unknown","WNE + HE",TRUE,FALSE,TRUE
"4141","590",6,3,2,1,0,0,4,5,"WE","WNE, HE, WE","England",NA,NA,"working farm","Alley cropping","Multi-type",TRUE,TRUE,TRUE
"4142","591",6,3,2,1,0,0,4,5,"WE","WNE, HE, WE","England",NA,NA,"working farm","Alley cropping","Multi-type",TRUE,TRUE,TRUE
"4143","592",6,3,2,1,0,0,4,5,"WE","WNE, HE, WE","England",NA,NA,"working farm","Alley cropping","Multi-type",TRUE,TRUE,TRUE
"4144","593",6,3,2,1,0,0,4,5,"WE","WNE, HE, WE","England",NA,NA,"working farm","Alley cropping","Multi-type",TRUE,TRUE,TRUE
"4145","594",2,1,0,1,0,0,2,1,"HE","HE, WE","Kenya","0°34'00,000N","35°18'00,000E","experimental site","Alley cropping","Edible only",FALSE,TRUE,TRUE
"4146","595",2,1,0,1,0,0,2,1,"HE","HE, WE","Kenya","0°34'00,000N","35°18'00,000E","experimental site","Alley cropping","Edible only",FALSE,TRUE,TRUE
"4147","596",2,1,0,1,0,0,2,1,"HE","HE, WE","Kenya","0°34'00,000N","35°18'00,000E","experimental site","Alley cropping","Edible only",FALSE,TRUE,TRUE
"4148","597",2,1,0,1,0,0,2,1,"HE","HE, WE","Kenya","0°34'00,000N","35°18'00,000E","experimental site","Alley cropping","Edible only",FALSE,TRUE,TRUE
"4149","598",2,1,0,1,0,0,2,1,"HE","HE, WE","Kenya","0°34'00,000N","35°18'00,000E","experimental site","Alley cropping","Edible only",FALSE,TRUE,TRUE
"4150","599",2,1,0,1,0,0,2,1,"HE","HE, WE","Kenya","0°34'00,000N","35°18'00,000E","experimental site","Alley cropping","Edible only",FALSE,TRUE,TRUE
"4151","599_2.5",5,2,2,1,0,1,3,4,"WE","WNE, HE, WE","South Africa",NA,NA,"experimental site","Alley cropping","Multi-type",TRUE,TRUE,TRUE
"4152","599_6",5,2,2,1,0,1,3,4,"WE","WNE, HE, WE","South Africa",NA,NA,"experimental site","Alley cropping","Multi-type",TRUE,TRUE,TRUE
"4153","6",3,1,0,2,0,0,3,1,"HE","HE, WE","Philippines","10°44'00,000N","124°48'00,000E","experimental site","Alley cropping","Edible only",FALSE,TRUE,TRUE
"4154","60",2,0,1,1,0,0,1,1,"HE","WNE, HE","India","27°12'07,000N","88°22'18,000E","Large areas","Other/unknown","WNE + HE",TRUE,FALSE,TRUE
"4155","600",2,1,0,1,0,1,2,1,"HE","HE, WE","Sri Lanka",NA,NA,"experimental site","Hedgerows","Edible only",FALSE,TRUE,TRUE
"4156","601",2,1,1,0,0,1,1,2,"WE","WNE, WE","Sri Lanka",NA,NA,"experimental site","Hedgerows","WNE + WE",TRUE,TRUE,FALSE
"4157","602",2,1,1,0,0,1,1,2,"WE","WNE, WE","Sri Lanka",NA,NA,"experimental site","Hedgerows","WNE + WE",TRUE,TRUE,FALSE
"4158","603",2,1,1,0,0,1,1,2,"WE","WNE, WE","Sri Lanka",NA,NA,"experimental site","Hedgerows","WNE + WE",TRUE,TRUE,FALSE
"4159","604",2,1,1,0,0,1,1,2,"WE","WNE, WE","Sri Lanka",NA,NA,"experimental site","Hedgerows","WNE + WE",TRUE,TRUE,FALSE
"4160","605",2,1,0,0,1,1,1,1,"WE","HNE, WE","Sri Lanka",NA,NA,"experimental site","Hedgerows","Edible only",FALSE,TRUE,FALSE
"4161","606",8,4,2,2,0,0,6,6,"WE","WNE, HE, WE","Brazil",NA,NA,"experimental site","Multi-strata systems","Multi-type",TRUE,TRUE,TRUE
"4162","607",9,5,2,2,0,0,7,7,"WE","WNE, HE, WE","Brazil",NA,NA,"experimental site","Multi-strata systems","Multi-type",TRUE,TRUE,TRUE
"4163","607_N1",3,1,1,1,0,0,2,2,"HE","WNE, HE, WE","Malawi",NA,NA,"experimental site","Alley cropping","Multi-type",TRUE,TRUE,TRUE
"4164","607_N2",3,1,1,1,0,0,2,2,"HE","WNE, HE, WE","Malawi",NA,NA,"experimental site","Alley cropping","Multi-type",TRUE,TRUE,TRUE
"4165","608",9,5,2,2,0,1,7,7,"WE","WNE, HE, WE","Brazil",NA,NA,"experimental site","Multi-strata systems","Multi-type",TRUE,TRUE,TRUE
"4166","609",8,4,2,2,0,0,6,6,"WE","WNE, HE, WE","Brazil",NA,NA,"experimental site","Multi-strata systems","Multi-type",TRUE,TRUE,TRUE
"4167","61",2,0,1,1,0,0,1,1,"HE","WNE, HE","India","27°12'07,000N","88°22'18,000E","Large areas","Other/unknown","WNE + HE",TRUE,FALSE,TRUE
"4168","610",9,5,2,2,0,0,7,7,"WE","WNE, HE, WE","Brazil",NA,NA,"experimental site","Multi-strata systems","Multi-type",TRUE,TRUE,TRUE
"4169","611",9,5,2,2,0,1,7,7,"WE","WNE, HE, WE","Brazil",NA,NA,"experimental site","Multi-strata systems","Multi-type",TRUE,TRUE,TRUE
"4170","612",8,4,2,2,0,0,6,6,"WE","WNE, HE, WE","Brazil",NA,NA,"experimental site","Multi-strata systems","Multi-type",TRUE,TRUE,TRUE
"4171","613",9,5,2,2,0,0,7,7,"WE","WNE, HE, WE","Brazil",NA,NA,"experimental site","Multi-strata systems","Multi-type",TRUE,TRUE,TRUE
"4172","614",9,5,2,2,0,1,7,7,"WE","WNE, HE, WE","Brazil",NA,NA,"experimental site","Multi-strata systems","Multi-type",TRUE,TRUE,TRUE
"4173","615",8,4,2,2,0,0,6,6,"WE","WNE, HE, WE","Brazil",NA,NA,"experimental site","Multi-strata systems","Multi-type",TRUE,TRUE,TRUE
"4174","616",9,5,2,2,0,0,7,7,"WE","WNE, HE, WE","Brazil",NA,NA,"experimental site","Multi-strata systems","Multi-type",TRUE,TRUE,TRUE
"4175","617",9,5,2,2,0,1,7,7,"WE","WNE, HE, WE","Brazil",NA,NA,"experimental site","Multi-strata systems","Multi-type",TRUE,TRUE,TRUE
"4176","618",8,4,2,2,0,0,6,6,"WE","WNE, HE, WE","Brazil",NA,NA,"experimental site","Multi-strata systems","Multi-type",TRUE,TRUE,TRUE
"4177","619",9,5,2,2,0,0,7,7,"WE","WNE, HE, WE","Brazil",NA,NA,"experimental site","Multi-strata systems","Multi-type",TRUE,TRUE,TRUE
"4178","62",2,1,1,0,0,1,1,2,"WE","WNE, WE","India","27°12'07,000N","88°22'18,000E","Large areas","Other/unknown","WNE + WE",TRUE,TRUE,FALSE
"4179","620",9,5,2,2,0,1,7,7,"WE","WNE, HE, WE","Brazil",NA,NA,"experimental site","Multi-strata systems","Multi-type",TRUE,TRUE,TRUE
"4180","621",8,4,2,2,0,0,6,6,"WE","WNE, HE, WE","Brazil",NA,NA,"experimental site","Multi-strata systems","Multi-type",TRUE,TRUE,TRUE
"4181","622",9,5,2,2,0,0,7,7,"WE","WNE, HE, WE","Brazil",NA,NA,"experimental site","Multi-strata systems","Multi-type",TRUE,TRUE,TRUE
"4182","623",9,5,2,2,0,1,7,7,"WE","WNE, HE, WE","Brazil",NA,NA,"experimental site","Multi-strata systems","Multi-type",TRUE,TRUE,TRUE
"4183","624",8,4,2,2,0,0,6,6,"WE","WNE, HE, WE","Brazil",NA,NA,"experimental site","Multi-strata systems","Multi-type",TRUE,TRUE,TRUE
"4184","625",9,5,2,2,0,0,7,7,"WE","WNE, HE, WE","Brazil",NA,NA,"experimental site","Multi-strata systems","Multi-type",TRUE,TRUE,TRUE
"4185","626",9,5,2,2,0,1,7,7,"WE","WNE, HE, WE","Brazil",NA,NA,"experimental site","Multi-strata systems","Multi-type",TRUE,TRUE,TRUE
"4186","627",8,4,2,2,0,0,6,6,"WE","WNE, HE, WE","Brazil",NA,NA,"experimental site","Multi-strata systems","Multi-type",TRUE,TRUE,TRUE
"4187","628",9,5,2,2,0,0,7,7,"WE","WNE, HE, WE","Brazil",NA,NA,"experimental site","Multi-strata systems","Multi-type",TRUE,TRUE,TRUE
"4188","629",9,5,2,2,0,1,7,7,"WE","WNE, HE, WE","Brazil",NA,NA,"experimental site","Multi-strata systems","Multi-type",TRUE,TRUE,TRUE
"4189","63",2,1,1,0,0,1,1,2,"WE","WNE, WE","India","27°12'07,000N","88°22'18,000E","Large areas","Other/unknown","WNE + WE",TRUE,TRUE,FALSE
"4190","630",8,4,2,2,0,0,6,6,"WE","WNE, HE, WE","Brazil",NA,NA,"experimental site","Multi-strata systems","Multi-type",TRUE,TRUE,TRUE
"4191","631",9,5,2,2,0,0,7,7,"WE","WNE, HE, WE","Brazil",NA,NA,"experimental site","Multi-strata systems","Multi-type",TRUE,TRUE,TRUE
"4192","632",9,5,2,2,0,1,7,7,"WE","WNE, HE, WE","Brazil",NA,NA,"experimental site","Multi-strata systems","Multi-type",TRUE,TRUE,TRUE
"4193","633",8,4,2,2,0,0,6,6,"WE","WNE, HE, WE","Brazil",NA,NA,"experimental site","Multi-strata systems","Multi-type",TRUE,TRUE,TRUE
"4194","634",9,5,2,2,0,0,7,7,"WE","WNE, HE, WE","Brazil",NA,NA,"experimental site","Multi-strata systems","Multi-type",TRUE,TRUE,TRUE
"4195","635",9,5,2,2,0,1,7,7,"WE","WNE, HE, WE","Brazil",NA,NA,"experimental site","Multi-strata systems","Multi-type",TRUE,TRUE,TRUE
"4196","636",2,0,1,1,0,0,1,1,"HE","WNE, HE","Turkey",NA,NA,"experimental site","Alley cropping","WNE + HE",TRUE,FALSE,TRUE
"4197","637",2,0,1,1,0,0,1,1,"HE","WNE, HE","Turkey",NA,NA,"experimental site","Alley cropping","WNE + HE",TRUE,FALSE,TRUE
"4198","638",2,0,1,1,0,0,1,1,"HE","WNE, HE","Turkey",NA,NA,"experimental site","Alley cropping","WNE + HE",TRUE,FALSE,TRUE
"4199","639",2,0,1,1,0,0,1,1,"HE","WNE, HE","Turkey",NA,NA,"experimental site","Alley cropping","WNE + HE",TRUE,FALSE,TRUE
"4200","64",2,1,1,0,0,1,1,2,"WE","WNE, WE","India","27°12'07,000N","88°22'18,000E","Large areas","Other/unknown","WNE + WE",TRUE,TRUE,FALSE
"4201","643",5,2,3,0,0,0,2,5,"WNE","WNE, WE","Benin","6°27'00,000N","2°30'00,000E","working farm","Alley cropping","WNE + WE",TRUE,TRUE,FALSE
"4202","644",5,2,3,0,0,0,2,5,"WNE","WNE, WE","Benin","6°41'00,000N","2°30'00,000E","working farm","Alley cropping","WNE + WE",TRUE,TRUE,FALSE
"4203","645",5,2,3,0,0,0,2,5,"WNE","WNE, WE","Benin","7°58'00,000N","2°30'00,000E","working farm","Alley cropping","WNE + WE",TRUE,TRUE,FALSE
"4204","646",5,2,3,0,0,0,2,5,"WNE","WNE, WE","Benin","6°27'00,000N","2°30'00,000E","working farm","Hedgerows","WNE + WE",TRUE,TRUE,FALSE
"4205","647",5,2,3,0,0,0,2,5,"WNE","WNE, WE","Benin","6°41'00,000N","2°30'00,000E","working farm","Hedgerows","WNE + WE",TRUE,TRUE,FALSE
"4206","648",5,2,3,0,0,0,2,5,"WNE","WNE, WE","Benin","7°58'00,000N","2°30'00,000E","working farm","Hedgerows","WNE + WE",TRUE,TRUE,FALSE
"4207","65",2,1,1,0,0,1,1,2,"WE","WNE, WE","India","27°12'07,000N","88°22'18,000E","Large areas","Other/unknown","WNE + WE",TRUE,TRUE,FALSE
"4208","652",5,2,3,0,0,0,2,5,"WNE","WNE, WE","Benin","6°27'00,000N","2°30'00,000E","working farm","Alley cropping","WNE + WE",TRUE,TRUE,FALSE
"4209","653",5,2,3,0,0,0,2,5,"WNE","WNE, WE","Benin","6°41'00,000N","2°30'00,000E","working farm","Alley cropping","WNE + WE",TRUE,TRUE,FALSE
"4210","654",5,2,3,0,0,0,2,5,"WNE","WNE, WE","Benin","7°58'00,000N","2°30'00,000E","working farm","Alley cropping","WNE + WE",TRUE,TRUE,FALSE
"4211","655",5,2,3,0,0,0,2,5,"WNE","WNE, WE","Benin","6°27'00,000N","2°30'00,000E","working farm","Hedgerows","WNE + WE",TRUE,TRUE,FALSE
"4212","656",5,2,3,0,0,0,2,5,"WNE","WNE, WE","Benin","6°41'00,000N","2°30'00,000E","working farm","Hedgerows","WNE + WE",TRUE,TRUE,FALSE
"4213","657",5,2,3,0,0,0,2,5,"WNE","WNE, WE","Benin","7°58'00,000N","2°30'00,000E","working farm","Hedgerows","WNE + WE",TRUE,TRUE,FALSE
"4214","66",2,1,1,0,0,1,1,2,"WE","WNE, WE","India","27°12'07,000N","88°22'18,000E","Large areas","Other/unknown","WNE + WE",TRUE,TRUE,FALSE
"4215","661",6,2,3,1,0,0,3,5,"WNE","WNE, HE, WE","Benin","6°27'00,000N","2°30'00,000E","working farm","Alley cropping","Multi-type",TRUE,TRUE,TRUE
"4216","662",6,2,3,1,0,0,3,5,"WNE","WNE, HE, WE","Benin","6°41'00,000N","2°30'00,000E","working farm","Alley cropping","Multi-type",TRUE,TRUE,TRUE
"4217","663",6,2,3,1,0,0,3,5,"WNE","WNE, HE, WE","Benin","7°58'00,000N","2°30'00,000E","working farm","Alley cropping","Multi-type",TRUE,TRUE,TRUE
"4218","664",6,2,3,1,0,0,3,5,"WNE","WNE, HE, WE","Benin","6°27'00,000N","2°30'00,000E","working farm","Hedgerows","Multi-type",TRUE,TRUE,TRUE
"4219","665",6,2,3,1,0,0,3,5,"WNE","WNE, HE, WE","Benin","6°41'00,000N","2°30'00,000E","working farm","Hedgerows","Multi-type",TRUE,TRUE,TRUE
"4220","666",6,2,3,1,0,0,3,5,"WNE","WNE, HE, WE","Benin","7°58'00,000N","2°30'00,000E","working farm","Hedgerows","Multi-type",TRUE,TRUE,TRUE
"4221","67",2,1,1,0,0,1,1,2,"WE","WNE, WE","India","27°12'07,000N","88°22'18,000E","Large areas","Other/unknown","WNE + WE",TRUE,TRUE,FALSE
"4222","670",6,2,3,1,0,0,3,5,"WNE","WNE, HE, WE","Benin","6°27'00,000N","2°30'00,000E","working farm","Alley cropping","Multi-type",TRUE,TRUE,TRUE
"4223","671",6,2,3,1,0,0,3,5,"WNE","WNE, HE, WE","Benin","6°41'00,000N","2°30'00,000E","working farm","Alley cropping","Multi-type",TRUE,TRUE,TRUE
"4224","672",6,2,3,1,0,0,3,5,"WNE","WNE, HE, WE","Benin","7°58'00,000N","2°30'00,000E","working farm","Alley cropping","Multi-type",TRUE,TRUE,TRUE
"4225","673",6,2,3,1,0,0,3,5,"WNE","WNE, HE, WE","Benin","6°27'00,000N","2°30'00,000E","working farm","Hedgerows","Multi-type",TRUE,TRUE,TRUE
"4226","674",6,2,3,1,0,0,3,5,"WNE","WNE, HE, WE","Benin","6°41'00,000N","2°30'00,000E","working farm","Hedgerows","Multi-type",TRUE,TRUE,TRUE
"4227","675",6,2,3,1,0,0,3,5,"WNE","WNE, HE, WE","Benin","7°58'00,000N","2°30'00,000E","working farm","Hedgerows","Multi-type",TRUE,TRUE,TRUE
"4228","678",5,1,0,4,0,0,5,1,"HE","HE, WE","France","43°49'19,200N","1°39'57,100E","experimental site","Alley cropping","Edible only",FALSE,TRUE,TRUE
"4229","679",5,1,0,4,0,0,5,1,"HE","HE, WE","France","43°49'19,200N","1°39'57,100E","experimental site","Alley cropping","Edible only",FALSE,TRUE,TRUE
"4230","68",2,1,1,0,0,1,1,2,"WE","WNE, WE","India","27°12'07,000N","88°22'18,000E","Large areas","Other/unknown","WNE + WE",TRUE,TRUE,FALSE
"4231","680",5,0,1,4,0,0,4,1,"HE","WNE, HE","France","43°49'19,200N","1°39'57,100E","experimental site","Alley cropping","WNE + HE",TRUE,FALSE,TRUE
"4232","681",5,0,1,4,0,0,4,1,"HE","WNE, HE","France","43°49'19,200N","1°39'57,100E","experimental site","Alley cropping","WNE + HE",TRUE,FALSE,TRUE
"4233","682",2,1,1,0,0,1,1,2,"WE","WNE, WE","China","19°8'42N","109°43'22,8E","working farm","Alley cropping","WNE + WE",TRUE,TRUE,FALSE
"4234","684",6,5,1,0,0,1,5,6,"WE","WNE, WE","Costa Rica","9°25'00,000N","82°50'00,000W","working farm","Multi-strata systems","WNE + WE",TRUE,TRUE,FALSE
"4235","685",2,0,1,1,0,0,1,1,"HE","WNE, HE","Costa Rica","9°25'00,000N","82°50'00,000W","working farm","Other/unknown","WNE + HE",TRUE,FALSE,TRUE
"4236","686",6,5,1,0,0,1,5,6,"WE","WNE, WE","Costa Rica","9°25'00,000N","82°50'00,000W","working farm","Multi-strata systems","WNE + WE",TRUE,TRUE,FALSE
"4237","687",2,0,1,1,0,0,1,1,"HE","WNE, HE","Costa Rica","9°25'00,000N","82°50'00,000W","working farm","Multi-strata systems","WNE + HE",TRUE,FALSE,TRUE
"4238","688",2,2,0,0,0,0,2,2,"WE","WE","France",NA,NA,"working farm","Alley cropping","Edible only",FALSE,TRUE,FALSE
"4239","689",2,2,0,0,0,0,2,2,"WE","WE","France",NA,NA,"working farm","Alley cropping","Edible only",FALSE,TRUE,FALSE
"4240","69",6,3,0,3,0,0,6,3,"HE","HE, WE","Brazil","9°39'49,500S","65°39'40,000W","working farm","Other/unknown","Edible only",FALSE,TRUE,TRUE
"4241","690",2,2,0,0,0,0,2,2,"WE","WE","France",NA,NA,"working farm","Alley cropping","Edible only",FALSE,TRUE,FALSE
"4242","691",2,2,0,0,0,0,2,2,"WE","WE","France",NA,NA,"working farm","Alley cropping","Edible only",FALSE,TRUE,FALSE
"4243","692",3,0,1,2,0,0,2,1,"HE","WNE, HE","Kenya","1°32'30,000S","37°07'30,000E","experimental site","Hedgerows","WNE + HE",TRUE,FALSE,TRUE
"4244","693",3,0,1,2,0,0,2,1,"HE","WNE, HE","Kenya","1°32'30,000S","37°07'30,000E","experimental site","Hedgerows","WNE + HE",TRUE,FALSE,TRUE
"4245","694",3,0,1,2,0,0,2,1,"HE","WNE, HE","Kenya","1°32'30,000S","37°07'30,000E","experimental site","Hedgerows","WNE + HE",TRUE,FALSE,TRUE
"4246","695",6,4,2,0,0,1,4,6,"WE","WNE, WE","Costa Rica","9°25'00,000N","82°50'00,000W","working farm","Multi-strata systems","WNE + WE",TRUE,TRUE,FALSE
"4247","696",6,4,2,0,0,1,4,6,"WE","WNE, WE","Costa Rica","9°25'00,000N","82°50'00,000W","working farm","Multi-strata systems","WNE + WE",TRUE,TRUE,FALSE
"4248","697",6,3,1,1,1,0,4,4,"WE","HNE, WNE, HE, WE","Costa Rica","9°25'00,000N","82°50'00,000W","working farm","Multi-strata systems","Multi-type",TRUE,TRUE,TRUE
"4249","698",6,3,1,1,1,0,4,4,"WE","HNE, WNE, HE, WE","Costa Rica","9°25'00,000N","82°50'00,000W","working farm","Multi-strata systems","Multi-type",TRUE,TRUE,TRUE
"4250","699",2,0,1,1,0,0,1,1,"HE","WNE, HE","China","28°15'00,000N","116°55'00,000E","experimental site","Alley cropping","WNE + HE",TRUE,FALSE,TRUE
"4251","7",3,1,0,2,0,0,3,1,"HE","HE, WE","Philippines","10°44'00,000N","124°48'00,000E","experimental site","Alley cropping","Edible only",FALSE,TRUE,TRUE
"4252","70",4,1,0,3,0,0,4,1,"HE","HE, WE","Brazil","9°39'49,500S","65°39'40,000W","working farm","Alley cropping","Edible only",FALSE,TRUE,TRUE
"4253","700",2,0,1,1,0,0,1,1,"HE","WNE, HE","China","28°15'00,000N","116°55'00,000E","experimental site","Alley cropping","WNE + HE",TRUE,FALSE,TRUE
"4254","701",2,0,1,1,0,0,1,1,"HE","WNE, HE","China","28°15'00,000N","116°55'00,000E","experimental site","Alley cropping","WNE + HE",TRUE,FALSE,TRUE
"4255","702",2,0,1,1,0,0,1,1,"HE","WNE, HE","China","28°15'00,000N","116°55'00,000E","experimental site","Alley cropping","WNE + HE",TRUE,FALSE,TRUE
"4256","703",2,0,1,1,0,1,1,1,"HE","HE, WE","India","26°45'00,000N","72°03'00,000E","working farm","Alley cropping","Edible only",FALSE,TRUE,TRUE
"4257","704",5,0,1,4,0,1,4,1,"HE","HE, WE","India","26°45'00,000N","72°03'00,000E","working farm","Alley cropping","Edible only",FALSE,TRUE,TRUE
"4258","705",2,1,1,0,0,1,1,2,"WE","WNE, WE","Brazil","22°42'30,000S","47°38'00,000W","experimental site","Alley cropping","WNE + WE",TRUE,TRUE,FALSE
"4259","706",2,1,1,0,0,1,1,2,"WE","WNE, WE","Brazil","22°42'30,000S","47°38'00,000W","experimental site","Alley cropping","WNE + WE",TRUE,TRUE,FALSE
"4260","707",2,1,1,0,0,1,1,2,"WE","WNE, WE","Brazil","22°42'30,000S","47°38'00,000W","experimental site","Alley cropping","WNE + WE",TRUE,TRUE,FALSE
"4261","708",2,1,1,0,0,1,1,2,"WE","WNE, WE","Brazil","22°42'30,000S","47°38'00,000W","experimental site","Alley cropping","WNE + WE",TRUE,TRUE,FALSE
"4262","709",2,2,0,0,0,0,2,2,"WE","WE","Spain","36°57'28.8N","3°27'33.48W","experimental site","Alley cropping","Edible only",FALSE,TRUE,FALSE
"4263","71",3,1,1,1,0,0,2,2,"HE","WNE, HE, WE","Nigeria",NA,NA,"experimental site","Alley cropping","Multi-type",TRUE,TRUE,TRUE
"4264","710",2,2,0,0,0,0,2,2,"WE","WE","Spain","36°57'28.8N","3°27'33.48W","experimental site","Alley cropping","Edible only",FALSE,TRUE,FALSE
"4265","711",2,1,0,0,1,0,1,1,"WE","HNE, WE","Spain","36°57'28.8N","3°27'33.48W","experimental site","Alley cropping","Edible only",FALSE,TRUE,FALSE
"4266","712",3,1,0,2,0,0,3,1,"HE","HE, WE","Thailand","17°33'00,000N","101°01'00,000E","experimental site","Alley cropping","Edible only",FALSE,TRUE,TRUE
"4267","713",3,1,0,2,0,0,3,1,"HE","HE, WE","Thailand","17°33'00,000N","101°01'00,000E","experimental site","Alley cropping","Edible only",FALSE,TRUE,TRUE
"4268","714",3,1,0,2,0,0,3,1,"HE","HE, WE","Thailand","17°33'00,000N","101°01'00,000E","experimental site","Alley cropping","Edible only",FALSE,TRUE,TRUE
"4269","715",3,1,0,2,0,0,3,1,"HE","HE, WE","Thailand","17°33'00,000N","101°01'00,000E","experimental site","Alley cropping","Edible only",FALSE,TRUE,TRUE
"4270","716",3,1,0,2,0,0,3,1,"HE","HE, WE","Thailand","17°33'00,000N","101°01'00,000E","experimental site","Alley cropping","Edible only",FALSE,TRUE,TRUE
"4271","717",3,1,0,2,0,0,3,1,"HE","HE, WE","Thailand","17°33'00,000N","101°01'00,000E","experimental site","Alley cropping","Edible only",FALSE,TRUE,TRUE
"4272","718",2,0,1,1,0,0,1,1,"HE","WNE, HE","Mexico",NA,NA,"experimental site","Alley cropping","WNE + HE",TRUE,FALSE,TRUE
"4273","719",2,0,1,1,0,0,1,1,"HE","WNE, HE","Mexico",NA,NA,"experimental site","Alley cropping","WNE + HE",TRUE,FALSE,TRUE
"4274","72",3,1,1,1,0,0,2,2,"HE","WNE, HE, WE","Nigeria",NA,NA,"experimental site","Alley cropping","Multi-type",TRUE,TRUE,TRUE
"4275","720",2,0,1,1,0,0,1,1,"HE","WNE, HE","Mexico",NA,NA,"experimental site","Alley cropping","WNE + HE",TRUE,FALSE,TRUE
"4276","721",2,0,1,1,0,0,1,1,"HE","WNE, HE","Mexico",NA,NA,"experimental site","Alley cropping","WNE + HE",TRUE,FALSE,TRUE
"4277","722",2,0,1,1,0,0,1,1,"HE","WNE, HE","Mexico",NA,NA,"experimental site","Alley cropping","WNE + HE",TRUE,FALSE,TRUE
"4278","723",2,0,1,1,0,0,1,1,"HE","WNE, HE","Mexico",NA,NA,"experimental site","Alley cropping","WNE + HE",TRUE,FALSE,TRUE
"4279","724",2,0,1,1,0,0,1,1,"HE","WNE, HE","Mexico",NA,NA,"experimental site","Alley cropping","WNE + HE",TRUE,FALSE,TRUE
"4280","725",2,0,1,1,0,0,1,1,"HE","WNE, HE","Mexico",NA,NA,"experimental site","Alley cropping","WNE + HE",TRUE,FALSE,TRUE
"4281","726",3,0,1,2,0,0,2,1,"HE","WNE, HE","China","30°01'00,000N","114°21'00,000E","working farm","Alley cropping","WNE + HE",TRUE,FALSE,TRUE
"4282","727",3,0,1,2,0,0,2,1,"HE","WNE, HE","China","30°01'00,000N","114°21'00,000E","working farm","Alley cropping","WNE + HE",TRUE,FALSE,TRUE
"4283","728",3,0,1,2,0,0,2,1,"HE","WNE, HE","China","30°01'00,000N","114°21'00,000E","working farm","Alley cropping","WNE + HE",TRUE,FALSE,TRUE
"4284","729",3,0,1,2,0,0,2,1,"HE","WNE, HE","China","30°01'00,000N","114°21'00,000E","working farm","Alley cropping","WNE + HE",TRUE,FALSE,TRUE
"4285","73",3,1,1,1,0,0,2,2,"HE","WNE, HE, WE","Nigeria",NA,NA,"experimental site","Alley cropping","Multi-type",TRUE,TRUE,TRUE
"4286","730",2,1,0,1,0,0,2,1,"HE","HE, WE","Canada","43°32'00,000N","80°12'00,000W","experimental site","Alley cropping","Edible only",FALSE,TRUE,TRUE
"4287","731",2,1,0,1,0,0,2,1,"HE","HE, WE","Canada","43°32'00,000N","80°12'00,000W","experimental site","Alley cropping","Edible only",FALSE,TRUE,TRUE
"4288","732",2,0,1,1,0,0,1,1,"HE","WNE, HE","Canada","43°32'00,000N","80°12'00,000W","experimental site","Alley cropping","WNE + HE",TRUE,FALSE,TRUE
"4289","733",2,0,1,1,0,0,1,1,"HE","WNE, HE","Canada","43°32'00,000N","80°12'00,000W","experimental site","Alley cropping","WNE + HE",TRUE,FALSE,TRUE
"4290","734",4,0,1,3,0,0,3,1,"HE","WNE, HE","Sudan","13°16'00,000N","30°29'00,000E","experimental site","Alley cropping","WNE + HE",TRUE,FALSE,TRUE
"4291","735",4,0,1,3,0,0,3,1,"HE","WNE, HE","Sudan","13°10'00,000N","30°12'00,000E","experimental site","Alley cropping","WNE + HE",TRUE,FALSE,TRUE
"4292","736",4,0,1,3,0,0,3,1,"HE","WNE, HE","Sudan","13°16'00,000N","30°29'00,000E","experimental site","Alley cropping","WNE + HE",TRUE,FALSE,TRUE
"4293","737",4,0,1,3,0,0,3,1,"HE","WNE, HE","Sudan","13°10'00,000N","30°12'00,000E","experimental site","Alley cropping","WNE + HE",TRUE,FALSE,TRUE
"4294","738",4,0,1,3,0,0,3,1,"HE","WNE, HE","Sudan","13°16'00,000N","30°29'00,000E","experimental site","Alley cropping","WNE + HE",TRUE,FALSE,TRUE
"4295","739",4,0,1,3,0,0,3,1,"HE","WNE, HE","Sudan","13°10'00,000N","30°12'00,000E","experimental site","Alley cropping","WNE + HE",TRUE,FALSE,TRUE
"4296","74",3,1,1,1,0,0,2,2,"HE","WNE, HE, WE","Nigeria",NA,NA,"experimental site","Alley cropping","Multi-type",TRUE,TRUE,TRUE
"4297","740",4,0,1,3,0,0,3,1,"HE","WNE, HE","Sudan","13°16'00,000N","30°29'00,000E","experimental site","Alley cropping","WNE + HE",TRUE,FALSE,TRUE
"4298","741",4,0,1,3,0,0,3,1,"HE","WNE, HE","Sudan","13°10'00,000N","30°12'00,000E","experimental site","Alley cropping","WNE + HE",TRUE,FALSE,TRUE
"4299","742",2,2,0,0,0,1,2,2,"WE","WE","Costa Rica","10°02'16,000N","84°08'18,000W","experimental site","Alley cropping","Edible only",FALSE,TRUE,FALSE
"4300","743",15,12,2,1,0,5,13,14,"WE","WNE, HE, WE","India","10°23'30,000N","76°24'30,000E","working farm","Multi-strata systems","Multi-type",TRUE,TRUE,TRUE
"4301","744",15,12,2,1,0,5,13,14,"WE","WNE, HE, WE","India","10°23'30,000N","76°24'30,000E","working farm","Multi-strata systems","Multi-type",TRUE,TRUE,TRUE
"4302","745",15,12,2,1,0,5,13,14,"WE","WNE, HE, WE","India","10°23'30,000N","76°24'30,000E","working farm","Multi-strata systems","Multi-type",TRUE,TRUE,TRUE
"4303","746",15,12,2,1,0,5,13,14,"WE","WNE, HE, WE","India","10°23'30,000N","76°24'30,000E","working farm","Multi-strata systems","Multi-type",TRUE,TRUE,TRUE
"4304","747",15,12,2,1,0,5,13,14,"WE","WNE, HE, WE","India","10°23'30,000N","76°24'30,000E","working farm","Multi-strata systems","Multi-type",TRUE,TRUE,TRUE
"4305","748",15,12,2,1,0,5,13,14,"WE","WNE, HE, WE","India","10°23'30,000N","76°24'30,000E","working farm","Multi-strata systems","Multi-type",TRUE,TRUE,TRUE
"4306","749",15,12,2,1,0,5,13,14,"WE","WNE, HE, WE","India","10°23'30,000N","76°24'30,000E","working farm","Multi-strata systems","Multi-type",TRUE,TRUE,TRUE
"4307","75",4,1,2,1,0,0,2,3,"WNE","WNE, HE, WE","Nigeria",NA,NA,"experimental site","Alley cropping","Multi-type",TRUE,TRUE,TRUE
"4308","750",15,12,2,1,0,5,13,14,"WE","WNE, HE, WE","India","10°23'30,000N","76°24'30,000E","working farm","Multi-strata systems","Multi-type",TRUE,TRUE,TRUE
"4309","751",2,1,0,1,0,0,2,1,"HE","HE, WE","India","17°41'19,000N","82°52'05,000E","working farm","Alley cropping","Edible only",FALSE,TRUE,TRUE
"4310","752",2,1,0,1,0,0,2,1,"HE","HE, WE","India","17°41'19,000N","82°52'05,000E","working farm","Alley cropping","Edible only",FALSE,TRUE,TRUE
"4311","753",2,1,0,1,0,0,2,1,"HE","HE, WE","India","17°41'19,000N","82°52'05,000E","working farm","Alley cropping","Edible only",FALSE,TRUE,TRUE
"4312","754",2,1,0,1,0,0,2,1,"HE","HE, WE","India","17°41'19,000N","82°52'05,000E","working farm","Alley cropping","Edible only",FALSE,TRUE,TRUE
"4313","755",2,1,0,1,0,0,2,1,"HE","HE, WE","India","17°41'19,000N","82°52'05,000E","working farm","Alley cropping","Edible only",FALSE,TRUE,TRUE
"4314","756",2,1,0,1,0,0,2,1,"HE","HE, WE","India","17°41'19,000N","82°52'05,000E","working farm","Alley cropping","Edible only",FALSE,TRUE,TRUE
"4315","757",2,1,0,1,0,0,2,1,"HE","HE, WE","India","17°41'19,000N","82°52'05,000E","working farm","Alley cropping","Edible only",FALSE,TRUE,TRUE
"4316","758",2,1,0,1,0,0,2,1,"HE","HE, WE","India","17°41'19,000N","82°52'05,000E","working farm","Alley cropping","Edible only",FALSE,TRUE,TRUE
"4317","759",2,1,0,1,0,0,2,1,"HE","HE, WE","India","17°41'19,000N","82°52'05,000E","working farm","Alley cropping","Edible only",FALSE,TRUE,TRUE
"4318","76",4,1,2,1,0,0,2,3,"WNE","WNE, HE, WE","Nigeria",NA,NA,"experimental site","Alley cropping","Multi-type",TRUE,TRUE,TRUE
"4319","760",2,1,0,1,0,0,2,1,"HE","HE, WE","India","17°41'19,000N","82°52'05,000E","working farm","Alley cropping","Edible only",FALSE,TRUE,TRUE
"4320","761",2,1,0,1,0,0,2,1,"HE","HE, WE","India","17°41'19,000N","82°52'05,000E","working farm","Alley cropping","Edible only",FALSE,TRUE,TRUE
"4321","762",2,1,0,1,0,0,2,1,"HE","HE, WE","India","17°41'19,000N","82°52'05,000E","working farm","Alley cropping","Edible only",FALSE,TRUE,TRUE
"4322","763",2,1,0,1,0,0,2,1,"HE","HE, WE","India","17°41'19,000N","82°52'05,000E","working farm","Alley cropping","Edible only",FALSE,TRUE,TRUE
"4323","764",2,1,0,1,0,0,2,1,"HE","HE, WE","India","17°41'19,000N","82°52'05,000E","working farm","Alley cropping","Edible only",FALSE,TRUE,TRUE
"4324","765",2,1,0,1,0,0,2,1,"HE","HE, WE","India","17°41'19,000N","82°52'05,000E","working farm","Alley cropping","Edible only",FALSE,TRUE,TRUE
"4325","766",2,1,0,1,0,0,2,1,"HE","HE, WE","India","17°41'19,000N","82°52'05,000E","working farm","Alley cropping","Edible only",FALSE,TRUE,TRUE
"4326","767",2,1,0,1,0,1,2,1,"HE","HE, WE","China","28°15'00,000N","116°55'00,000E","experimental site","Alley cropping","Edible only",FALSE,TRUE,TRUE
"4327","769",2,1,0,1,0,0,2,1,"HE","HE, WE","Burkina Faso","11°30'00,000N","0°58'00,000W","working farm","Parkland","Edible only",FALSE,TRUE,TRUE
"4328","771",2,1,0,1,0,0,2,1,"HE","HE, WE","Burkina Faso","11°30'00,000N","0°58'00,000W","working farm","Parkland","Edible only",FALSE,TRUE,TRUE
"4329","772",3,0,2,1,0,0,1,2,"WNE","WNE, HE","Cameroon","3°51'00,000N","11°27'00,000E","experimental site","Alley cropping","WNE + HE",TRUE,FALSE,TRUE
"4330","773",3,0,2,1,0,0,1,2,"WNE","WNE, HE","Cameroon","3°51'00,000N","11°27'00,000E","experimental site","Alley cropping","WNE + HE",TRUE,FALSE,TRUE
"4331","774",3,0,2,1,0,0,1,2,"WNE","WNE, HE","Cameroon","3°51'00,000N","11°27'00,000E","experimental site","Alley cropping","WNE + HE",TRUE,FALSE,TRUE
"4332","775",3,0,2,1,0,0,1,2,"WNE","WNE, HE","Cameroon","3°51'00,000N","11°27'00,000E","experimental site","Alley cropping","WNE + HE",TRUE,FALSE,TRUE
"4333","776",3,0,2,1,0,0,1,2,"WNE","WNE, HE","Cameroon","3°51'00,000N","11°27'00,000E","experimental site","Alley cropping","WNE + HE",TRUE,FALSE,TRUE
"4334","777",3,0,2,1,0,0,1,2,"WNE","WNE, HE","Cameroon","3°51'00,000N","11°27'00,000E","experimental site","Alley cropping","WNE + HE",TRUE,FALSE,TRUE
"4335","780",2,0,1,1,0,0,1,1,"HE","WNE, HE","India","34°17'00,000N","74°33'00,000E","experimental site","Alley cropping","WNE + HE",TRUE,FALSE,TRUE
"4336","781",2,0,1,1,0,0,1,1,"HE","WNE, HE","India","34°17'00,000N","74°33'00,000E","experimental site","Alley cropping","WNE + HE",TRUE,FALSE,TRUE
"4337","782",2,0,1,1,0,0,1,1,"HE","WNE, HE","India","34°17'00,000N","74°33'00,000E","experimental site","Alley cropping","WNE + HE",TRUE,FALSE,TRUE
"4338","783",2,0,1,1,0,0,1,1,"HE","WNE, HE","India","34°17'00,000N","74°33'00,000E","experimental site","Alley cropping","WNE + HE",TRUE,FALSE,TRUE
"4339","784",2,1,0,1,0,1,2,1,"HE","HE, WE","Philippines","8°24'10.8N","124°30'10.8E","experimental site","Alley cropping","Edible only",FALSE,TRUE,TRUE
"4340","785",2,1,0,1,0,1,2,1,"HE","HE, WE","Philippines","8°24'10.8N","124°30'10.8E","experimental site","Alley cropping","Edible only",FALSE,TRUE,TRUE
"4341","786",2,1,0,1,0,1,2,1,"HE","HE, WE","Philippines","8°24'10.8N","124°30'10.8E","experimental site","Alley cropping","Edible only",FALSE,TRUE,TRUE
"4342","787",3,1,1,1,0,1,2,2,"HE","WNE, HE, WE","Tanzania",NA,NA,"experimental site","Multi-strata systems","Multi-type",TRUE,TRUE,TRUE
"4343","788",2,1,1,0,0,1,1,2,"WE","WNE, WE","Tanzania",NA,NA,"experimental site","Alley cropping","WNE + WE",TRUE,TRUE,FALSE
"4344","789",3,1,1,1,0,1,2,2,"HE","WNE, HE, WE","Tanzania",NA,NA,"experimental site","Multi-strata systems","Multi-type",TRUE,TRUE,TRUE
"4345","790",2,1,1,0,0,1,1,2,"WE","WNE, WE","Tanzania",NA,NA,"experimental site","Alley cropping","WNE + WE",TRUE,TRUE,FALSE
"4346","791",3,1,1,1,0,1,2,2,"HE","WNE, HE, WE","Tanzania",NA,NA,"experimental site","Multi-strata systems","Multi-type",TRUE,TRUE,TRUE
"4347","792",2,1,1,0,0,1,1,2,"WE","WNE, WE","Tanzania",NA,NA,"experimental site","Alley cropping","WNE + WE",TRUE,TRUE,FALSE
"4348","793",3,1,1,1,0,1,2,2,"HE","WNE, HE, WE","Tanzania",NA,NA,"experimental site","Multi-strata systems","Multi-type",TRUE,TRUE,TRUE
"4349","794",2,1,1,0,0,1,1,2,"WE","WNE, WE","Tanzania",NA,NA,"experimental site","Alley cropping","WNE + WE",TRUE,TRUE,FALSE
"4350","795",2,1,1,0,0,1,1,2,"WE","WNE, WE","Brazil","1°45'00,000S","47°07'00,000W","experimental site","Alley cropping","WNE + WE",TRUE,TRUE,FALSE
"4351","796",2,1,1,0,0,1,1,2,"WE","WNE, WE","Brazil","1°45'00,000S","47°07'00,000W","experimental site","Alley cropping","WNE + WE",TRUE,TRUE,FALSE
"4352","797",2,0,1,1,0,0,1,1,"HE","WNE, HE","Canada","43°32'28,000N","80°12'32,000W","experimental site","Alley cropping","WNE + HE",TRUE,FALSE,TRUE
"4353","798",2,0,1,1,0,0,1,1,"HE","WNE, HE","Canada","43°32'28,000N","80°12'32,000W","experimental site","Alley cropping","WNE + HE",TRUE,FALSE,TRUE
"4354","799",2,1,0,1,0,0,2,1,"HE","HE, WE","Canada","43°32'28,000N","80°12'32,000W","experimental site","Alley cropping","Edible only",FALSE,TRUE,TRUE
"4355","800",2,1,0,1,0,0,2,1,"HE","HE, WE","Canada","43°32'28,000N","80°12'32,000W","experimental site","Alley cropping","Edible only",FALSE,TRUE,TRUE
"4356","801",2,0,1,1,0,1,1,1,"HE","HE, WE","Canada","43°32'28,000N","80°12'32,000W","experimental site","Alley cropping","Edible only",FALSE,TRUE,TRUE
"4357","802",2,2,0,0,0,1,2,2,"WE","WE","India","11°00'00,000N","76°02'00,000E","working farm","Alley cropping","Edible only",FALSE,TRUE,FALSE
"4358","803",2,1,0,1,0,0,2,1,"HE","HE, WE","India","11°00'00,000N","76°02'00,000E","working farm","Alley cropping","Edible only",FALSE,TRUE,TRUE
"4359","804",3,2,0,1,0,1,3,2,"WE","HE, WE","India","11°00'00,000N","76°02'00,000E","working farm","Alley cropping","Edible only",FALSE,TRUE,TRUE
"4360","805",2,2,0,0,0,1,2,2,"WE","WE","India","11°28'00,000N","76°25'00,000E","working farm","Alley cropping","Edible only",FALSE,TRUE,FALSE
"4361","806",2,1,0,1,0,0,2,1,"HE","HE, WE","India","11°28'00,000N","76°25'00,000E","working farm","Alley cropping","Edible only",FALSE,TRUE,TRUE
"4362","807",4,2,1,1,0,1,3,3,"WE","WNE, HE, WE","India","11°28'00,000N","76°25'00,000E","working farm","Alley cropping","Multi-type",TRUE,TRUE,TRUE
"4363","808",3,1,0,2,0,0,3,1,"HE","HE, WE","India","31°58'00,000N","77°06'04,000E","working farm","Alley cropping","Edible only",FALSE,TRUE,TRUE
"4364","809",3,1,0,2,0,0,3,1,"HE","HE, WE","India","31°58'00,000N","77°06'04,000E","working farm","Alley cropping","Edible only",FALSE,TRUE,TRUE
"4365","810",3,1,0,2,0,0,3,1,"HE","HE, WE","India","31°58'00,000N","77°06'04,000E","working farm","Alley cropping","Edible only",FALSE,TRUE,TRUE
"4366","811",3,1,0,2,0,0,3,1,"HE","HE, WE","India","31°58'00,000N","77°06'04,000E","working farm","Alley cropping","Edible only",FALSE,TRUE,TRUE
"4367","812",3,1,0,2,0,0,3,1,"HE","HE, WE","India","31°58'00,000N","77°06'04,000E","working farm","Alley cropping","Edible only",FALSE,TRUE,TRUE
"4368","813",3,1,0,2,0,0,3,1,"HE","HE, WE","India","31°58'00,000N","77°06'04,000E","working farm","Alley cropping","Edible only",FALSE,TRUE,TRUE
"4369","814",3,1,0,2,0,0,3,1,"HE","HE, WE","India","31°58'00,000N","77°06'04,000E","working farm","Alley cropping","Edible only",FALSE,TRUE,TRUE
"4370","815",3,1,0,2,0,0,3,1,"HE","HE, WE","India","31°58'00,000N","77°06'04,000E","working farm","Alley cropping","Edible only",FALSE,TRUE,TRUE
"4371","816",3,1,0,2,0,0,3,1,"HE","HE, WE","India","31°58'00,000N","77°06'04,000E","working farm","Alley cropping","Edible only",FALSE,TRUE,TRUE
"4372","817",3,1,0,2,0,0,3,1,"HE","HE, WE","India","31°58'00,000N","77°06'04,000E","working farm","Alley cropping","Edible only",FALSE,TRUE,TRUE
"4373","818",3,1,0,2,0,0,3,1,"HE","HE, WE","India","31°58'00,000N","77°06'04,000E","working farm","Alley cropping","Edible only",FALSE,TRUE,TRUE
"4374","819",3,1,0,2,0,0,3,1,"HE","HE, WE","India","31°58'00,000N","77°06'04,000E","working farm","Alley cropping","Edible only",FALSE,TRUE,TRUE
"4375","820",3,1,0,2,0,0,3,1,"HE","HE, WE","India","31°58'00,000N","77°06'04,000E","working farm","Alley cropping","Edible only",FALSE,TRUE,TRUE
"4376","821",3,1,0,2,0,0,3,1,"HE","HE, WE","India","31°58'00,000N","77°06'04,000E","working farm","Alley cropping","Edible only",FALSE,TRUE,TRUE
"4377","822",3,1,0,2,0,1,3,1,"HE","HE, WE","India","31°58'00,000N","77°06'04,000E","working farm","Alley cropping","Edible only",FALSE,TRUE,TRUE
"4378","823",3,1,0,2,0,1,3,1,"HE","HE, WE","India","31°58'00,000N","77°06'04,000E","working farm","Alley cropping","Edible only",FALSE,TRUE,TRUE
"4379","824",2,1,0,1,0,0,2,1,"HE","HE, WE","India","31°58'00,000N","77°06'04,000E","working farm","Alley cropping","Edible only",FALSE,TRUE,TRUE
"4380","825",2,1,0,1,0,0,2,1,"HE","HE, WE","India","31°58'00,000N","77°06'04,000E","working farm","Alley cropping","Edible only",FALSE,TRUE,TRUE
"4381","826",3,1,0,2,0,0,3,1,"HE","HE, WE","India","31°58'00,000N","77°06'04,000E","working farm","Alley cropping","Edible only",FALSE,TRUE,TRUE
"4382","827",3,1,0,2,0,0,3,1,"HE","HE, WE","India","31°58'00,000N","77°06'04,000E","working farm","Alley cropping","Edible only",FALSE,TRUE,TRUE
"4383","828",3,1,0,2,0,0,3,1,"HE","HE, WE","India","31°58'00,000N","77°06'04,000E","working farm","Alley cropping","Edible only",FALSE,TRUE,TRUE
"4384","829",3,1,0,2,0,0,3,1,"HE","HE, WE","India","31°58'00,000N","77°06'04,000E","working farm","Alley cropping","Edible only",FALSE,TRUE,TRUE
"4385","830",2,1,0,1,0,1,2,1,"HE","HE, WE","India","31°58'00,000N","77°06'04,000E","working farm","Alley cropping","Edible only",FALSE,TRUE,TRUE
"4386","831",2,1,0,1,0,1,2,1,"HE","HE, WE","India","31°58'00,000N","77°06'04,000E","working farm","Alley cropping","Edible only",FALSE,TRUE,TRUE
"4387","832",2,1,1,0,0,1,1,2,"WE","WNE, WE","China",NA,NA,"working farm","Alley cropping","WNE + WE",TRUE,TRUE,FALSE
"4388","833",4,1,0,2,1,0,3,1,"HE","HNE, HE, WE","China","35°01'00,000N","112°28'00,000E","experimental site","Alley cropping","Edible only",FALSE,TRUE,TRUE
"4389","839",2,1,1,0,0,1,1,2,"WE","WNE, WE","Indonesia","1°30'00,000S","120°02'00,000E","working farm","Alley cropping","WNE + WE",TRUE,TRUE,FALSE
"4390","840",2,1,1,0,0,1,1,2,"WE","WNE, WE","Indonesia","1°30'00,000S","120°02'00,000E","working farm","Alley cropping","WNE + WE",TRUE,TRUE,FALSE
"4391","846",2,1,1,0,0,1,1,2,"WE","WNE, WE","China","21°55'39,000N","101°15'55,000E","experimental site","Alley cropping","WNE + WE",TRUE,TRUE,FALSE
"4392","847",2,1,1,0,0,1,1,2,"WE","WNE, WE","China","21°55'39,000N","101°15'55,000E","experimental site","Alley cropping","WNE + WE",TRUE,TRUE,FALSE
"4393","848",2,1,1,0,0,1,1,2,"WE","WNE, WE","China","21°55'39,000N","101°15'55,000E","experimental site","Alley cropping","WNE + WE",TRUE,TRUE,FALSE
"4394","849",2,1,1,0,0,1,1,2,"WE","WNE, WE","China","21°55'39,000N","101°15'55,000E","experimental site","Alley cropping","WNE + WE",TRUE,TRUE,FALSE
"4395","850",2,1,1,0,0,0,1,2,"WE","WNE, WE","China","21°55'39,000N","101°15'55,000E","experimental site","Alley cropping","WNE + WE",TRUE,TRUE,FALSE
"4396","851",2,1,1,0,0,1,1,2,"WE","WNE, WE","China","21°55'39,000N","101°15'55,000E","working farm","Alley cropping","WNE + WE",TRUE,TRUE,FALSE
"4397","852",2,1,1,0,0,1,1,2,"WE","WNE, WE","China","21°55'39,000N","101°15'55,000E","working farm","Alley cropping","WNE + WE",TRUE,TRUE,FALSE
"4398","853",2,1,1,0,0,1,1,2,"WE","WNE, WE","China","21°55'39,000N","101°15'55,000E","working farm","Alley cropping","WNE + WE",TRUE,TRUE,FALSE
"4399","855",2,1,0,1,0,0,2,1,"HE","HE, WE","India","29°36'00,000N","79°40'00,000E","experimental site","Alley cropping","Edible only",FALSE,TRUE,TRUE
"4400","856",3,1,1,0,1,1,1,2,"WE","HNE, WNE, WE","Bolivia","15°27'36,600S","67°28'20,650W","experimental site","Multi-strata systems","WNE + WE",TRUE,TRUE,FALSE
"4401","857",2,1,1,0,0,1,1,2,"WE","WNE, WE","Bolivia","15°27'36,600S","67°28'20,650W","experimental site","Multi-strata systems","WNE + WE",TRUE,TRUE,FALSE
"4402","858",4,0,2,2,0,1,2,2,"HE","WNE, HE, WE","India","28°01'00,000N","76°05'00,000E","experimental site","Alley cropping","Multi-type",TRUE,TRUE,TRUE
"4403","859",4,0,2,2,0,1,2,2,"HE","WNE, HE, WE","India","28°01'00,000N","76°05'00,000E","experimental site","Alley cropping","Multi-type",TRUE,TRUE,TRUE
"4404","86",6,5,1,0,0,1,5,6,"WE","WNE, WE","Brazil","2°39'00,000S","59°45'00,000W","working farm","Multi-strata systems","WNE + WE",TRUE,TRUE,FALSE
"4405","860",4,0,2,2,0,1,2,2,"HE","WNE, HE, WE","India","28°01'00,000N","76°05'00,000E","experimental site","Alley cropping","Multi-type",TRUE,TRUE,TRUE
"4406","861",4,1,1,2,0,1,3,2,"HE","WNE, HE, WE","India","28°01'00,000N","76°05'00,000E","experimental site","Alley cropping","Multi-type",TRUE,TRUE,TRUE
"4407","862",4,1,1,2,0,1,3,2,"HE","WNE, HE, WE","India","28°01'00,000N","76°05'00,000E","experimental site","Alley cropping","Multi-type",TRUE,TRUE,TRUE
"4408","863",4,1,1,2,0,1,3,2,"HE","WNE, HE, WE","India","28°01'00,000N","76°05'00,000E","experimental site","Alley cropping","Multi-type",TRUE,TRUE,TRUE
"4409","864",4,0,2,2,0,1,2,2,"HE","WNE, HE, WE","India","28°01'00,000N","76°05'00,000E","experimental site","Alley cropping","Multi-type",TRUE,TRUE,TRUE
"4410","865",4,0,2,2,0,1,2,2,"HE","WNE, HE, WE","India","28°01'00,000N","76°05'00,000E","experimental site","Alley cropping","Multi-type",TRUE,TRUE,TRUE
"4411","866",4,0,2,2,0,1,2,2,"HE","WNE, HE, WE","India","28°01'00,000N","76°05'00,000E","experimental site","Alley cropping","Multi-type",TRUE,TRUE,TRUE
"4412","867",4,1,1,2,0,1,3,2,"HE","WNE, HE, WE","India","28°01'00,000N","76°05'00,000E","experimental site","Alley cropping","Multi-type",TRUE,TRUE,TRUE
"4413","868",4,1,1,2,0,1,3,2,"HE","WNE, HE, WE","India","28°01'00,000N","76°05'00,000E","experimental site","Alley cropping","Multi-type",TRUE,TRUE,TRUE
"4414","869",4,1,1,2,0,1,3,2,"HE","WNE, HE, WE","India","28°01'00,000N","76°05'00,000E","experimental site","Alley cropping","Multi-type",TRUE,TRUE,TRUE
"4415","87",6,5,1,0,0,1,5,6,"WE","WNE, WE","Brazil","2°39'00,000S","59°45'00,000W","working farm","Multi-strata systems","WNE + WE",TRUE,TRUE,FALSE
"4416","870",3,1,1,1,0,1,2,2,"HE","WNE, HE, WE","Bolivia","15°27'36,600S","67°28'20,650W","experimental site","Multi-strata systems","Multi-type",TRUE,TRUE,TRUE
"4417","871",3,1,1,1,0,1,2,2,"HE","WNE, HE, WE","Bolivia","15°27'36,600S","67°28'20,650W","experimental site","Multi-strata systems","Multi-type",TRUE,TRUE,TRUE
"4418","872",4,1,1,1,1,1,2,2,"HE","HNE, WNE, HE, WE","Bolivia","15°27'36,600S","67°28'20,650W","experimental site","Multi-strata systems","Multi-type",TRUE,TRUE,TRUE
"4419","873",4,1,1,1,1,1,2,2,"HE","HNE, WNE, HE, WE","Bolivia","15°27'36,600S","67°28'20,650W","experimental site","Multi-strata systems","Multi-type",TRUE,TRUE,TRUE
"4420","874",3,1,1,1,0,1,2,2,"HE","WNE, HE, WE","Bolivia","15°27'36,600S","67°28'20,650W","experimental site","Multi-strata systems","Multi-type",TRUE,TRUE,TRUE
"4421","875",3,1,1,1,0,1,2,2,"HE","WNE, HE, WE","Bolivia","15°27'36,600S","67°28'20,650W","experimental site","Multi-strata systems","Multi-type",TRUE,TRUE,TRUE
"4422","876",2,1,0,0,1,1,1,1,"WE","HNE, WE","Bolivia","15°27'36,600S","67°28'20,650W","experimental site","Multi-strata systems","Edible only",FALSE,TRUE,FALSE
"4423","877",2,1,0,0,1,1,1,1,"WE","HNE, WE","Bolivia","15°27'36,600S","67°28'20,650W","experimental site","Alley cropping","Edible only",FALSE,TRUE,FALSE
"4424","878",2,1,0,1,0,0,2,1,"HE","HE, WE","China","35°23'00,000N","109°52'00,000E","experimental site","Alley cropping","Edible only",FALSE,TRUE,TRUE
"4425","88",6,5,1,0,0,1,5,6,"WE","WNE, WE","Brazil","2°39'00,000S","59°45'00,000W","working farm","Multi-strata systems","WNE + WE",TRUE,TRUE,FALSE
"4426","881",2,1,0,1,0,0,2,1,"HE","HE, WE","China","42°43'00,000N","122°22'00,000E","experimental site","Alley cropping","Edible only",FALSE,TRUE,TRUE
"4427","882",2,1,0,1,0,0,2,1,"HE","HE, WE","China","42°43'00,000N","122°22'00,000E","experimental site","Alley cropping","Edible only",FALSE,TRUE,TRUE
"4428","883",2,1,0,1,0,0,2,1,"HE","HE, WE","China","42°43'00,000N","122°22'00,000E","experimental site","Alley cropping","Edible only",FALSE,TRUE,TRUE
"4429","884",2,1,0,1,0,0,2,1,"HE","HE, WE","China","42°43'00,000N","122°22'00,000E","experimental site","Alley cropping","Edible only",FALSE,TRUE,TRUE
"4430","885",2,1,0,1,0,0,2,1,"HE","HE, WE","Malaysia","2°47'01,000N","102°55'22,000E","working farm","Alley cropping","Edible only",FALSE,TRUE,TRUE
"4431","886",2,1,0,1,0,0,2,1,"HE","HE, WE","Malaysia","2°47'01,000N","102°55'22,000E","working farm","Alley cropping","Edible only",FALSE,TRUE,TRUE
"4432","889",2,1,1,0,0,0,1,2,"WE","WNE, WE","Malaysia","2°47'01,000N","102°55'22,000E","working farm","Alley cropping","WNE + WE",TRUE,TRUE,FALSE
"4433","89",2,0,1,1,0,0,1,1,"HE","WNE, HE","Brazil","20°08'21,000S","44°53'17,000W","experimental site","Alley cropping","WNE + HE",TRUE,FALSE,TRUE
"4434","890",2,1,1,0,0,0,1,2,"WE","WNE, WE","Malaysia","2°47'01,000N","102°55'22,000E","working farm","Alley cropping","WNE + WE",TRUE,TRUE,FALSE
"4435","891",2,2,0,0,0,0,2,2,"WE","WE","Malaysia","2°47'01,000N","102°55'22,000E","working farm","Alley cropping","Edible only",FALSE,TRUE,FALSE
"4436","892",2,2,0,0,0,0,2,2,"WE","WE","Malaysia","2°47'01,000N","102°55'22,000E","working farm","Alley cropping","Edible only",FALSE,TRUE,FALSE
"4437","893",2,2,0,0,0,1,2,2,"WE","WE","Malaysia","2°47'01,000N","102°55'22,000E","working farm","Alley cropping","Edible only",FALSE,TRUE,FALSE
"4438","894",2,2,0,0,0,1,2,2,"WE","WE","Malaysia","2°47'01,000N","102°55'22,000E","working farm","Alley cropping","Edible only",FALSE,TRUE,FALSE
"4439","895",5,1,0,4,0,0,5,1,"HE","HE, WE","France",NA,NA,"working farm","Alley cropping","Edible only",FALSE,TRUE,TRUE
"4440","896",5,1,0,4,0,0,5,1,"HE","HE, WE","France",NA,NA,"working farm","Alley cropping","Edible only",FALSE,TRUE,TRUE
"4441","897",5,1,0,4,0,0,5,1,"HE","HE, WE","France",NA,NA,"working farm","Alley cropping","Edible only",FALSE,TRUE,TRUE
"4442","898",2,1,0,1,0,1,2,1,"HE","HE, WE","India","30°21'00,000N","70°52'00,000E","experimental site","Alley cropping","Edible only",FALSE,TRUE,TRUE
"4443","899",2,1,0,1,0,1,2,1,"HE","HE, WE","India","30°21'00,000N","70°52'00,000E","experimental site","Alley cropping","Edible only",FALSE,TRUE,TRUE
"4444","900",2,1,0,1,0,1,2,1,"HE","HE, WE","India","30°21'00,000N","70°52'00,000E","experimental site","Alley cropping","Edible only",FALSE,TRUE,TRUE
"4445","907",2,1,1,0,0,1,1,2,"WE","WNE, WE","Brazil","20°48'00,000S","42°32'00,000W","working farm","Alley cropping","WNE + WE",TRUE,TRUE,FALSE
"4446","91",2,1,1,0,0,0,1,2,"WE","WNE, WE","Thailand","18°35'00,000N","99°50'00,000E","experimental site","Alley cropping","WNE + WE",TRUE,TRUE,FALSE
"4447","92",2,1,1,0,0,0,1,2,"WE","WNE, WE","Thailand","18°35'00,000N","99°50'00,000E","experimental site","Alley cropping","WNE + WE",TRUE,TRUE,FALSE
"4448","926",2,1,1,0,0,1,1,2,"WE","WNE, WE","China","31°10'00,000N","120°21'00,000E","working farm","Multi-strata systems","WNE + WE",TRUE,TRUE,FALSE
"4449","927",2,2,0,0,0,1,2,2,"WE","WE","China","31°10'00,000N","120°21'00,000E","working farm","Multi-strata systems","Edible only",FALSE,TRUE,FALSE
"4450","928",2,2,0,0,0,1,2,2,"WE","WE","China","31°10'00,000N","120°21'00,000E","working farm","Multi-strata systems","Edible only",FALSE,TRUE,FALSE
"4451","929",5,0,1,4,0,0,4,1,"HE","WNE, HE","France","44°03'11,000N","4°08'10,000E","working farm","Alley cropping","WNE + HE",TRUE,FALSE,TRUE
"4452","93",3,1,2,0,0,0,1,3,"WNE","WNE, WE","Thailand","18°35'00,000N","99°50'00,000E","experimental site","Alley cropping","WNE + WE",TRUE,TRUE,FALSE
"4453","930",5,0,1,4,0,0,4,1,"HE","WNE, HE","France","44°03'11,000N","4°08'10,000E","working farm","Alley cropping","WNE + HE",TRUE,FALSE,TRUE
"4454","931",5,0,1,4,0,0,4,1,"HE","WNE, HE","France","44°03'11,000N","4°08'10,000E","working farm","Alley cropping","WNE + HE",TRUE,FALSE,TRUE
"4455","932",2,1,1,0,0,1,1,2,"WE","WNE, WE","Costa Rica","9°53'44,000N","83°40'07,000W","experimental site","Alley cropping","WNE + WE",TRUE,TRUE,FALSE
"4456","933",2,1,1,0,0,1,1,2,"WE","WNE, WE","Costa Rica","9°53'44,000N","83°40'07,000W","experimental site","Alley cropping","WNE + WE",TRUE,TRUE,FALSE
"4457","934",2,1,1,0,0,1,1,2,"WE","WNE, WE","Costa Rica","9°53'44,000N","83°40'07,000W","experimental site","Alley cropping","WNE + WE",TRUE,TRUE,FALSE
"4458","935",2,1,1,0,0,1,1,2,"WE","WNE, WE","Costa Rica","9°53'44,000N","83°40'07,000W","experimental site","Alley cropping","WNE + WE",TRUE,TRUE,FALSE
"4459","936",2,1,1,0,0,1,1,2,"WE","WNE, WE","Costa Rica","9°53'44,000N","83°40'07,000W","experimental site","Alley cropping","WNE + WE",TRUE,TRUE,FALSE
"4460","937",2,1,1,0,0,1,1,2,"WE","WNE, WE","Costa Rica","9°53'44,000N","83°40'07,000W","experimental site","Alley cropping","WNE + WE",TRUE,TRUE,FALSE
"4461","938",2,1,1,0,0,1,1,2,"WE","WNE, WE","Costa Rica","9°53'44,000N","83°40'07,000W","experimental site","Alley cropping","WNE + WE",TRUE,TRUE,FALSE
"4462","939",2,1,1,0,0,1,1,2,"WE","WNE, WE","Costa Rica","9°53'44,000N","83°40'07,000W","experimental site","Alley cropping","WNE + WE",TRUE,TRUE,FALSE
"4463","944",3,1,1,1,0,0,2,2,"HE","WNE, HE, WE","Brazil","22°53'00,000S","45°23'00,000W","experimental site","Multi-strata systems","Multi-type",TRUE,TRUE,TRUE
"4464","945",19,3,14,2,0,2,5,17,"WNE","WNE, HE, WE","Brazil","22°53'00,000S","45°23'00,000W","experimental site","Multi-strata systems","Multi-type",TRUE,TRUE,TRUE
"4465","947",4,1,0,2,1,0,3,1,"HE","HNE, HE, WE","France","43°35'00,000N","3°45'00,000E","experimental site","Alley cropping","Edible only",FALSE,TRUE,TRUE
"4466","949",4,1,0,2,1,0,3,1,"HE","HNE, HE, WE","France","43°35'00,000N","3°45'00,000E","experimental site","Alley cropping","Edible only",FALSE,TRUE,TRUE
"4467","95",3,2,1,0,0,0,2,3,"WE","WNE, WE","Thailand","18°35'00,000N","99°50'00,000E","experimental site","Alley cropping","WNE + WE",TRUE,TRUE,FALSE
"4468","950",14,3,0,7,4,1,10,3,"HE","HNE, HE, WE","Brazil","9°09'00,000S","40°22'00,000W","experimental site","Alley cropping","Edible only",FALSE,TRUE,TRUE
"4469","951",14,3,0,7,4,1,10,3,"HE","HNE, HE, WE","Brazil","9°09'00,000S","40°22'00,000W","experimental site","Alley cropping","Edible only",FALSE,TRUE,TRUE
"4470","952",14,3,0,7,4,1,10,3,"HE","HNE, HE, WE","Brazil","9°09'00,000S","40°22'00,000W","experimental site","Alley cropping","Edible only",FALSE,TRUE,TRUE
"4471","953",14,3,0,7,4,1,10,3,"HE","HNE, HE, WE","Brazil","9°09'00,000S","40°22'00,000W","experimental site","Alley cropping","Edible only",FALSE,TRUE,TRUE
"4472","954",2,1,0,1,0,1,2,1,"HE","HE, WE","China","31°04'00,000N","110°41'00,000E","working farm","Hedgerows","Edible only",FALSE,TRUE,TRUE
"4473","955",2,1,0,1,0,1,2,1,"HE","HE, WE","China","31°04'00,000N","110°41'00,000E","working farm","Hedgerows","Edible only",FALSE,TRUE,TRUE
"4474","956",2,1,0,0,1,1,1,1,"WE","HNE, WE","China","31°04'00,000N","110°41'00,000E","working farm","Hedgerows","Edible only",FALSE,TRUE,FALSE
"4475","957",2,1,0,0,1,1,1,1,"WE","HNE, WE","China","31°04'00,000N","110°41'00,000E","working farm","Hedgerows","Edible only",FALSE,TRUE,FALSE
"4476","958",2,1,0,1,0,0,2,1,"HE","HE, WE","Tunisia","35°36'00,000N","10°41'00,000E","experimental site","Alley cropping","Edible only",FALSE,TRUE,TRUE
"4477","959",2,1,0,1,0,0,2,1,"HE","HE, WE","Tunisia","35°36'00,000N","10°41'00,000E","experimental site","Alley cropping","Edible only",FALSE,TRUE,TRUE
"4478","960",2,1,0,1,0,0,2,1,"HE","HE, WE","Tunisia","35°36'00,000N","10°41'00,000E","experimental site","Alley cropping","Edible only",FALSE,TRUE,TRUE
"4479","961",2,1,0,1,0,0,2,1,"HE","HE, WE","Tunisia","35°36'00,000N","10°41'00,000E","experimental site","Alley cropping","Edible only",FALSE,TRUE,TRUE
"4480","962",2,1,0,1,0,0,2,1,"HE","HE, WE","Tunisia","35°36'00,000N","10°41'00,000E","experimental site","Alley cropping","Edible only",FALSE,TRUE,TRUE
"4481","963",2,1,0,1,0,0,2,1,"HE","HE, WE","Tunisia","35°36'00,000N","10°41'00,000E","experimental site","Alley cropping","Edible only",FALSE,TRUE,TRUE
"4482","964",2,0,1,1,0,0,1,1,"HE","WNE, HE","Vietnam",NA,NA,"experimental site","Alley cropping","WNE + HE",TRUE,FALSE,TRUE
"4483","965",2,1,1,0,0,0,1,2,"WE","WNE, WE","Vietnam",NA,NA,"experimental site","Alley cropping","WNE + WE",TRUE,TRUE,FALSE
"4484","966",3,1,1,1,0,0,2,2,"HE","WNE, HE, WE","Nigeria","4°51'00,000N","7°03'00,000E","experimental site","Alley cropping","Multi-type",TRUE,TRUE,TRUE
"4485","967",3,2,0,1,0,0,3,2,"WE","HE, WE","Nigeria","4°51'00,000N","7°03'00,000E","experimental site","Alley cropping","Edible only",FALSE,TRUE,TRUE
"4486","968",3,1,1,1,0,0,2,2,"HE","WNE, HE, WE","Nigeria","4°51'00,000N","7°03'00,000E","experimental site","Alley cropping","Multi-type",TRUE,TRUE,TRUE
"4487","969",3,2,0,1,0,0,3,2,"WE","HE, WE","Nigeria","4°51'00,000N","7°03'00,000E","experimental site","Alley cropping","Edible only",FALSE,TRUE,TRUE
"4488","97",2,0,1,1,0,0,1,1,"HE","WNE, HE","Sudan","13°00'00,000N","30°00'00,000E","working farm","Alley cropping","WNE + HE",TRUE,FALSE,TRUE
"4489","972",2,0,1,1,0,0,1,1,"HE","WNE, HE","Sri Lanka","7°30'00,000N","80°30'00,000E","experimental site","Hedgerows","WNE + HE",TRUE,FALSE,TRUE
"4490","973",2,0,1,1,0,0,1,1,"HE","WNE, HE","Sri Lanka","7°30'00,000N","80°30'00,000E","experimental site","Hedgerows","WNE + HE",TRUE,FALSE,TRUE
"4491","974",2,0,1,1,0,0,1,1,"HE","WNE, HE","Sri Lanka","7°30'00,000N","80°30'00,000E","experimental site","Hedgerows","WNE + HE",TRUE,FALSE,TRUE
"4492","975",2,0,1,1,0,0,1,1,"HE","WNE, HE","Sri Lanka","7°30'00,000N","80°30'00,000E","experimental site","Hedgerows","WNE + HE",TRUE,FALSE,TRUE
"4493","978",2,0,1,1,0,0,1,1,"HE","WNE, HE","Sri Lanka","7°30'00,000N","80°30'00,000E","experimental site","Hedgerows","WNE + HE",TRUE,FALSE,TRUE
"4494","979",2,0,1,1,0,0,1,1,"HE","WNE, HE","Sri Lanka","7°30'00,000N","80°30'00,000E","experimental site","Hedgerows","WNE + HE",TRUE,FALSE,TRUE
"4495","980",2,0,1,1,0,0,1,1,"HE","WNE, HE","Sri Lanka","7°30'00,000N","80°30'00,000E","experimental site","Hedgerows","WNE + HE",TRUE,FALSE,TRUE
"4496","981",2,0,1,1,0,0,1,1,"HE","WNE, HE","Sri Lanka","7°30'00,000N","80°30'00,000E","experimental site","Hedgerows","WNE + HE",TRUE,FALSE,TRUE
"4497","982",2,1,1,0,0,0,1,2,"WE","WNE, WE","India","10°40'00,000N","78°24'00,000E","experimental site","Alley cropping","WNE + WE",TRUE,TRUE,FALSE
"4498","983",2,1,1,0,0,0,1,2,"WE","WNE, WE","India","10°40'00,000N","78°24'00,000E","experimental site","Alley cropping","WNE + WE",TRUE,TRUE,FALSE
"4499","984",2,1,1,0,0,0,1,2,"WE","WNE, WE","India","10°40'00,000N","78°24'00,000E","experimental site","Alley cropping","WNE + WE",TRUE,TRUE,FALSE
"4500","985",2,1,1,0,0,0,1,2,"WE","WNE, WE","India","10°40'00,000N","78°24'00,000E","experimental site","Alley cropping","WNE + WE",TRUE,TRUE,FALSE
"4501","986",2,1,1,0,0,0,1,2,"WE","WNE, WE","India","10°40'00,000N","78°24'00,000E","experimental site","Alley cropping","WNE + WE",TRUE,TRUE,FALSE
"4502","987",2,1,1,0,0,0,1,2,"WE","WNE, WE","India","10°40'00,000N","78°24'00,000E","experimental site","Alley cropping","WNE + WE",TRUE,TRUE,FALSE
"4503","988",2,2,0,0,0,0,2,2,"WE","WE","India","10°40'00,000N","78°24'00,000E","experimental site","Alley cropping","Edible only",FALSE,TRUE,FALSE
"4504","989",2,2,0,0,0,0,2,2,"WE","WE","India","10°40'00,000N","78°24'00,000E","experimental site","Alley cropping","Edible only",FALSE,TRUE,FALSE
"4505","99",2,0,1,1,0,0,1,1,"HE","WNE, HE","Sudan","13°00'00,000N","30°00'00,000E","working farm","Alley cropping","WNE + HE",TRUE,FALSE,TRUE
"4506","990",3,0,1,2,0,0,2,1,"HE","WNE, HE","Ethiopia","9°26'00,000N","42°03'00,000E","working farm","Parkland","WNE + HE",TRUE,FALSE,TRUE
"4507","993",2,1,1,0,0,1,1,2,"WE","WE","India","22°05'00,000N","87°00'00,000E","experimental site","Alley cropping","Edible only",FALSE,TRUE,FALSE
"4508","994",2,1,1,0,0,0,1,2,"WE","WNE, WE","India","22°05'00,000N","87°00'00,000E","experimental site","Alley cropping","WNE + WE",TRUE,TRUE,FALSE
"4509","995",2,1,1,0,0,1,1,2,"WE","WE","India","22°05'00,000N","87°00'00,000E","experimental site","Alley cropping","Edible only",FALSE,TRUE,FALSE
"4510","996",2,1,1,0,0,0,1,2,"WE","WNE, WE","India","22°05'00,000N","87°00'00,000E","experimental site","Alley cropping","WNE + WE",TRUE,TRUE,FALSE
"4511","997",2,1,1,0,0,1,1,2,"WE","WE","India","22°05'00,000N","87°00'00,000E","experimental site","Alley cropping","Edible only",FALSE,TRUE,FALSE
"4512","998",2,1,1,0,0,0,1,2,"WE","WNE, WE","India","22°05'00,000N","87°00'00,000E","experimental site","Alley cropping","WNE + WE",TRUE,TRUE,FALSE
"4513","999",2,1,0,1,0,0,2,1,"HE","HE, WE","USA","47°13'12,960N","119°57'52,260W","working farm","Alley cropping","Edible only",FALSE,TRUE,TRUE
