Notes,NAME,Common Name,Common_name_final,Common Name2,Name_matched_rank,Name_matched_accepted_family,Genus_matched,Specific_epithet_matched,Unmatched_terms,Taxonomic_status,Name_matched_url,Habit_pfaf,Habit_trop,Habit_Combined,Evergreen,Herb,Annual,Woodiness,N_Fixing,Height_pfaf,Height_trop,height (KEW),Growth,cultivation_trop,Polli,Height_combined,Min Rainfall,Max Rainfall,Min T°,max T°,,Soil,Shade,Moisture,Hardiness,Weed,fao_name_old,fao_group_old,fao_group,FAO_DB_africa,FAO_DB_Timber,FAO_spice,FAO_II,Ecocrop,FAO_GROUPII,FAO_Khoury,Timber,Medicinal,Alim,Part,alim_tropMEAN,medi_tropMEAN,other_tropMEAN,Profile,Hazards,Source,IUCN,Habitats,Range,Native_to,pollinators_trop,
,Abelmoschus esculentus,Okra,Okra,Okra,species,Malvaceae,Hibiscus,esculentus,NA,Synonym,http://www.tropicos.org/Name/19601616,Annual,Annual,Annual,herbaceous,herb,Annual,Herbaceous,No,1,1.50  ,NA,NULL,Cultivated,bees,1.5,,,,,,light (sandy) -medium -  heavy (clay),No shade,Moist,00 -> 01,NA,Okra,Vegetables,Okra,#N/A,#N/A,#N/A,Vegetables,,Vegetables,Vegetable,,,Alim,vegetables,4,3,2.66666666666667,alimmediother,NA,pfaf.org,NA,NA,The original habitat is obscure.,,"Bees, Self",#N/A
,Abies sp.,NA,,#N/A,genus,Pinaceae,Abies,NA,sp.,Accepted,http://www.tropicos.org/Name/40002848,NA,NA,Evergreen Tree,Evergreen,Tree,Perennial,Woody,No,NULL,NA,NA,NULL,NA,NA,NULL,NA,NA,NA,NA,,NA,NA,NA,NA,NA,,,#N/A,#N/A,#N/A,#N/A,#N/A,,NO_FAO_GROUP,#N/A,NA,NA,NA,NA,NA,NA,NA,alimmediother,NA,NA,NA,NA,NA,,NA,#N/A
,Acacia angustissima,Prairie acacia. Timbre. Fernleaf Acacia,,Prairie acacia. Timbre. Fernleaf Acacia,species,Fabaceae,Acacia,angustissima,NA,Synonym,http://www.tropicos.org/Name/13000027,Tree,Evergreen Shrub,Evergreen Shrub,Evergreen,tree,Perennial,Woody,Acacia,5,5.00  ,NA,Fast,"Cultivated, Wild",insects,5,895,2870,5,30,,light (sandy) -medium -  heavy (clay),No shade,Dry- Moist,07 -> 10,Yes,Prairie acacia. Timbre. Fernleaf Acacia,NA,#N/A,#N/A,#N/A,#N/A,#N/A,https://tropical.theferns.info/viewtropical.php?id=Acaciella+angustissima,medicinal,#N/A,NA,NA,NA,NA,2,3,3.33333333333333,mediother,"Especially in times of drought, many Acacia species can concentrate high levels of the toxin Hydrogen cyanide in their foliage, making them dangerous for herbivores to eat.",pfaf.org,LC - least concern,"It is a subtropical plant. Hillsides, rock slopes, summits and in grassland with other shrubs, often in deciduous or semi-deciduous forest[303 ]. Mostly on rather dry, often rocky, brushy slopes or in thin forest, frequent in pine-oak forest, sometimes in hedges, to 2,700 m[331 ].","C. America - Panama, north to Mexico and southern N. America.",,insects,#N/A
,Acacia auriculiformis,"Ear-Pod Wattle, Black Acacia, Earleaf, Black wattle",,"Ear-Pod Wattle, Black Acacia, Earleaf, Black wattle",species,Fabaceae,Acacia,auriculiformis,NA,Accepted,http://www.tropicos.org/Name/13023667,Tree,Evergreen Tree,Evergreen Tree,Evergreen,tree,Perennial,Woody,Acacia,25,25.00  ,NA,Fast,"Cultivated, Wild",insects,25,650-760,2000-6000,24,38,,light (sandy) -medium -  heavy (clay),No shade,Dry- Moist,10 ->  12,Yes,"Ear-Pod Wattle, Black Acacia, Earleaf, Black wattle",NA,#N/A,#N/A,Timber,#N/A,#N/A,,Timber,#N/A,Timber,,,Timber mainly,0.333333333333333,1.33333333333333,4,alimmediother,None known,pfaf.org,LC - least concern,"A riparian species, ringing perennial rivers and semi-perennial creeks, and tending to form discontinuous populations along drainage systems[ 303 ]. Savannahs, woodlands, swamp edges, coastal savannas, grasslands, monsoon forests and regrowth[ 359 ].","Australia - Queensland, north through Papua New Guinea to Indonesia.",,Insects,#N/A
,acacia catechu,,,"Cutch tree, Catechu acacia",species,Fabaceae,Acacia,catechu,NA,Illegitimate,https://powo.science.kew.org/taxon/urn:lsid:ipni.org:names:2611610,,Deciduous Tree,Deciduous Tree,Deciduous,Tree,Perennial,Woody,Acacia,15,NA,character(0),Fast,NA,"Bees, insects",15,TODO,TODO,TODO,TODO,,well drained,No shade,Dry- Moist,10 ->  12,No,,,#N/A,#N/A,#N/A,#N/A,#N/A,Ecocrop,Forage ,#N/A,,,,,1.5,2.5,"3,5",alimmediother,None Known,,LC - least concern,It grows in dry open forest in the west of Thailand. They grow in the drier plains of India,S. & SE Asia.,,"Bees, insects",#N/A
,Acacia ferruginea,Acacia ferruginea,,NA,species,Fabaceae,Acacia,ferruginea,NA,NA,NAme_matched_url,NA,Deciduous Tree,Deciduous Tree,Deciduous,Tree,Perennial,Woody,Acacia,N1,12,NA,Fast,"Cultivated, Wild",insects,12,TODO,TODO,TODO,TODO,,NA,NA,NA,NA,NA,,,#N/A,#N/A,#N/A,#N/A,#N/A,https://www.researchgate.net/publication/289001190_Review_on_Acacia_ferruginea_DC_Mimosaceae_An_endangered_medicinal_plant,medicinal,#N/A,,,,,2,2,2,,"Especially in times of drought, many Acacia species can concentrate high levels of the toxin Hydrogen cyanide in their foliage, making them dangerous for herbivores to eat",,VU - vulnerable,Scrubland and dry forests,NA,,insects,#N/A
,Acacia holosericea,"Strap wattle, Candelabra wattle",,"Strap wattle, Candelabra wattle",species,Fabaceae,Acacia,holosericea,NA,Accepted,http://www.tropicos.org/Name/13024048,"Shrub/ Perennial, Not climbing, Shrub/Tree",Shrub,Deciduous Shrub,Deciduous,Shrub,Perennial,Woody,Acacia,3,6.00  ,NA,Fast,"Ornamental, Wild","Insects, Birds",6,600,1200,19.5,34.7,,light (sandy) -medium -  heavy (clay),No shade,Moist,10 ->  12,No,"Strap wattle, Candelabra wattle",NA,#N/A,#N/A,#N/A,#N/A,#N/A,https://apps.worldagroforestry.org/treedb2/AFTPDFS/Acacia_holosericea.PDF,windbreaks,#N/A,NA,NA,NA,NA,1.66666666666667,2,3,alimother,"The seed of many Acacia species, including this one, is edible and highly nutritious, and can be eaten safely as a fairly major part of the diet. Not all species are edible, however, and some can contain moderate levels of toxins[1295]. Especially when harvesting from the wild, especial care should be taken to ensure correct identification of any plants harvested for food[K]. Especially in times of drought, many Acacia species can concentrate high levels of the toxin Hydrogen cyanide in their foliage, making them dangerous for herbivores to eat.",pfaf.org,Not Threatened,"Acacia-dominated scrubs and tall open shrubland, often developing dense, nearly monotypic populations along dry, stony or sandy drainage lines in disturbed sites such as road verges, gravel pits and burnt areas, growing in a variety of soil types[286]. It occurs in Australia in red sands. It is a tropical plant.","Australia - Western Australia, Northern Territory, Queensland",,"Insects, Birds",#N/A
,Acacia mangium,"Black Wattle, Hickory Wattle, Mangium",,"Black Wattle, Hickory Wattle, Mangium",species,Fabaceae,Acacia,mangium,NA,Accepted,http://www.tropicos.org/Name/13024208,"Perennial, Not climbing, Tree",Evergreen Tree,Evergreen Tree,Evergreen,Tree,Perennial,Woody,Acacia,NULL,25.00  ,NA,NULL,"Cultivated, Ornamental, Wild",insects,25,1500,3000,18,28,,NA,NA,NA,10 ->  12,Yes,"Black Wattle, Hickory Wattle, Mangium",NA,#N/A,#N/A,Timber,#N/A,,,Timber,#N/A,Timber,,,Woody shoot,1.66666666666667,2,3,alimother,The plant (probably the seeds[K]) has been used as a fish poison[713].,NA,LC - least concern,"Gravelly sand or loam, commonly forming communities along watercourses[286]. Usually grows in open forest but sometimes found in monsoon forest and vine thickets, at elevations up to 900 metres[713].","Australia - Western Australia, Northern Territory, Queensland",,Insects,#N/A
,Acacia mearnsii,"Black Wattle, Late black wattle",,"Black Wattle, Late black wattle",species,Fabaceae,Acacia,mearnsii,NA,Accepted,http://www.tropicos.org/Name/13037485,Tree,Evergreen Tree,Evergreen Tree,Evergreen,Tree,Perennial,Woody,Acacia,10,15.00  ,Tree 2-15 m,Fast,"Cultivated, Wild","Bees, insects",15,500,2050,9,20,,light (sandy) -medium,No shade,Moist,08-> 11,Yes,"Black Wattle, Late black wattle",NA,,#N/A,Timber,#N/A,,,Timber,#N/A,Timber,,,Timber,0.333333333333333,2.33333333333333,4,alimmediother,None known,pfaf.org,NA,"An understorey tree of tall open forests, in fringes of closed forests or in dense thickets on recolonized lands[310 ].","Australia - New South Wales, Victoria, South Australia, Tasmania.",,"Bees, Insects, Self",#N/A
Only control species,acacia pennatula,,,,,Fabaceae,Acacia,pennatula,,,,,,Semi-deciduous Tree,Deciduous,Tree,Perennial,Woody,Acacia,,,,Fast,Wild,insects,8,,,,,,,,,,,,#N/A,#N/A,#N/A,#N/A,#N/A,#N/A,,,#N/A,,,,,1,2,2,,,,LC - least concern,,,,,
,Acacia saligna,"Blue-Leaved Wattle, Orange wattle",,"Blue-Leaved Wattle, Orange wattle",species,Fabaceae,Acacia,saligna,NA,Accepted,http://www.tropicos.org/Name/13024476,Shrub,Evergreen Tree,Evergreen Tree,Evergreen,Shrub,Perennial,Woody,Acacia,6,5.00  ,NA,Fast,"Cultivated, Ornamental, Wild",insects,5,350,600,23,36,,light (sandy) -medium -  heavy (clay),No shade,Dry- Moist,07 -> 10,No,"Blue-Leaved Wattle, Orange wattle",NA,#N/A,#N/A,#N/A,#N/A,#N/A,https://www.researchgate.net/publication/352707168_Multipurpose_benefits_of_Acacia_saligna_in_the_drylands_of_northern_Ethiopia,multipurpose,#N/A,NA,NA,NA,NA,1.66666666666667,1.33333333333333,3.66666666666667,alimmediother,None known,pfaf.org,LC - least concern,"Sandy, coastal plains, but also in swampy sites and riverbanks to small, rocky hills (often granitic), on poor acid or calcareous sands, under the most dry and adverse soil conditions[269].",Australia - W. Australia.,,Insects,#N/A
,Acacia spp.,NA,,#N/A,genus,Fabaceae,Acacia,NA,spp.,Accepted,http://www.tropicos.org/Name/40003076,NA,NA,Tree,NA,Tree,Perennial,woody ,Acacia,NULL,NA,NA,NA,NA,NA,NULL,NA,NA,NA,NA,,NA,NA,NA,NA,NA,,#N/A,#N/A,#N/A,#N/A,#N/A,#N/A,,NO_FAO_GROUP,#N/A,NA,NA,NA,NA,NA,NA,NA,alimmediother,NA,NA,NA,NA,NA,,NA,#N/A
,Acer campestre,"Field Maple, Hedge maple",,"Field Maple, Hedge maple",species,Sapindaceae,Acer,campestre,NA,Accepted,http://www.tropicos.org/Name/200021,Tree,NA,Deciduous Tree,Deciduous,tree,Perennial,Woody,No,6-10,NA,NA,Fast,"Ornamental, Wild",insects,15,NA,NA,NA,NA,,light (sandy) -medium -  heavy (clay),Semi-shade/full sun,Moist,04->08,No,"Field Maple, Hedge maple",NA,#N/A,#N/A,Timber,#N/A,,,Timber,#N/A,Timber,,,Woody shoot,2,1,3,other,None known,pfaf.org,LC - least concern,"Open deciduous woods, hedgerows and scrub, usually on basic soils[17].","Europe, including Britain, from Sweden to Spain and east to western Asia and the Caucasus.",,insects,#N/A
,Acer pseudoplatanus,"Sycamore, Great Maple, Scottish Maple, Planetree Maple",,"Sycamore, Great Maple, Scottish Maple, Planetree Maple",species,Sapindaceae,Acer,pseudoplatanus,NA,Accepted,http://www.tropicos.org/Name/200008,Tree,NA,Deciduous Tree,Deciduous,tree,Perennial,Woody,No,30,NA,NA,Fast,Wild,bees,30,NA,NA,NA,NA,,light (sandy) -medium -  heavy (clay),Semi-shade/full sun,Moist,04->07,Yes,"Sycamore, Great Maple, Scottish Maple, Planetree Maple",NA,#N/A,#N/A,Timber,#N/A,,,Timber,#N/A,Timber,,,Timber mainly,2,1,4,other,None known,pfaf.org,LC - least concern,"Found in woodland, hedgerows etc. in Britain, in all but very poor soils[17].",Europe. Extensively naturalized in Britain[17].,,bees,#N/A
,Acer rubrum,"Red Maple, Drummond's maple, Swamp Maple",,"Red Maple, Drummond's maple, Swamp Maple",species,Sapindaceae,Acer,rubrum,NA,Accepted,http://www.tropicos.org/Name/200014,Tree,NA,Deciduous Tree,Deciduous,tree,Perennial,Woody,No,30,NA,NA,Fast,"Ornamental, Wild",Wind,30,NA,NA,NA,NA,,light (sandy) -medium -  heavy (clay),Semi-shade/full sun,Moist,04 -> 10,Yes,"Red Maple, Drummond's maple, Swamp Maple",NA,#N/A,#N/A,Timber,#N/A,,,Timber,#N/A,Timber,,Alim,"Woody shoot, sap",3,1,3,alimother,None known,pfaf.org,LC - least concern,"Usually found in swamps and uplands, it also occasionally grows on dry rocky hillsides and sand dunes[43, 82].","Eastern N. America - Quebec to Florida, west to Texas, Minnesota and Ontario.",,Wind,#N/A
,Acer saccharinum,"Silver Maple, River Maple, Soft Maple",,"Silver Maple, River Maple, Soft Maple",species,Sapindaceae,Acer,saccharinum,NA,Accepted,http://www.tropicos.org/Name/200038,Tree,NA,Deciduous Tree,Deciduous,tree,Perennial,Woody,No,30,NA,NA,Fast,"Ornamental, Wild",Wind,30,NA,NA,NA,NA,,light (sandy) -medium -  heavy (clay),Semi-shade/full sun,Moist,03 -> 09,No,"Silver Maple, River Maple, Soft Maple",NA,#N/A,#N/A,Timber,#N/A,,,Timber,#N/A,Timber,,,Timber mainly,3,1,4,alimother,None known,pfaf.org,LC - least concern,"Banks of rivers, usually in sandy soils[43, 82]. Trees are occasionally found in deep often submerged swamps[82].","Eastern N. America - New Brunswick to Florida, west to Oklahoma, Kansas and Nebraska.",,wind,#N/A
,Achillea millefolium,"Yarrow, Boreal yarrow, California yarrow, Giant yarrow, Coast yarrow, Western yarrow, Pacific yarrow",,"Yarrow, Boreal yarrow, California yarrow, Giant yarrow, Coast yarrow, Western yarrow, Pacific yarrow",species,Asteraceae,Achillea,millefolium,NA,Accepted,http://www.tropicos.org/Name/2700015,Perennial/ Herb.,NA,"Perennial, not climbing",NA,herb,Perennial,herbaceous,No,"0,6",NA,NA,Fast,"Cultivated, Ornamental, Wild",insects,0.6,,,,,,light (sandy) -medium -  heavy (clay),Semi-shade/full sun,Dry- Moist,04->08,Yes,"Yarrow, Boreal yarrow, California yarrow, Giant yarrow, Coast yarrow, Western yarrow, Pacific yarrow",NA,#N/A,#N/A,#N/A,Essential oil,,,Essential oil,#N/A,,medicinal,,Essential oil,3,4,4,alimmediother,"Extended use of this plant, either medicinally or in the diet, can cause allergic skin rashes or lead to photosensitivity in some people[21, 238]. Theoretically yarrow can enhance the sedative effects of other herbs (e.g. valerian, kava, German chamomile, hops) & sedative drugs. Possible sedative & diuretic effects from ingesting large amounts [301].",pfaf.org,LC - least concern,"Meadows, pastures, lawns etc. on all but the poorest soils[17].","Europe, including Britain, north to 71¬¨‚àû, and east to western Asia.",,insects,#N/A
Only control species,achras sapota,,,,,Sapotaceae,Achras,sapota,,Synonym,,,,Evergreen Tree,Evergreen,Tree,Perennial,Woody,No,,,,,,,,,,,,,,,,,,,#N/A,,#N/A,#N/A,#N/A,#N/A,,,#N/A,Other,,Alim,Fruits,5,2,4,alimother,,,NA,,,,,
Only control species,achras zapota,,,,,Sapotaceae,Achras,zapota,,,,,,Evergreen Tree,Evergreen,Tree,Perennial,Woody,No,,,,,,,,,,,,,,,,,,,#N/A,#N/A,#N/A,#N/A,#N/A,#N/A,,,#N/A,Other,,Alim,,5,2,4,alimother,,,LC - least concern,,,,,
,Acrocarpus fraxinifolius,"Pink Cedar, Shingle Tree",,"Pink Cedar, Shingle Tree",species,Fabaceae,Acrocarpus,fraxinifolius,NA,Accepted,http://www.tropicos.org/Name/13046455,Tree,Deciduous Tree,Deciduous Tree,Deciduous,tree,Perennial,Woody,Acrocarpus,30,30.00  ,NA,Fast,"Cultivated, Ornamental, Wild","Bees, insects",30,1500,2000,19,28,,Medium,No shade,Moist,10 ->  12,No,"Pink Cedar, Shingle Tree",NA,#N/A,#N/A,Timber,#N/A,,,Timber,#N/A,Timber,,,Timber mainly,0,0,4,other,None known,pfaf.org,NA,"Evergreen gallery forest[303 ]. Montane rain forest and deciduous monsoon forest[200 ]. Sparse forests at elevations of 1,000 - 1,200 metres in southern China[266 ].","E. Asia - China, Indian subcontinent, Myanmar Thailand, Laos, Malaysia, Indonesia.",,"Bees, Insects",#N/A
,Adansonia digitata,"Baobab, Judas Fruit, Monkey Bread Tree",Baobab,"Baobab, Judas Fruit, Monkey Bread Tree",species,Malvaceae,Adansonia,digitata,NA,Accepted,http://www.tropicos.org/Name/3900201,Tree,Deciduous Tree,Deciduous Tree,Deciduous,tree,Perennial,Woody,No,20,20.00  ,NA,Slow,"Semi-cultivated, Wild",insects,20,NA,NA,NA,NA,,light (sandy) -medium -  heavy (clay),No shade,Dry- Moist,10 ->  12,No,"Fruit, tropical (fresh) nes",Fruits,#N/A,#N/A,#N/A,#N/A,,,Fruits,#N/A,Other,,Alim,Woody Fruits,3,3,4,alimmediother,The bark is boiled for days to extract a substance poisonous to ants[303 ].,pfaf.org,LC - least concern,"Characteristic of thorn woodlands of the African savannahs, which are characterized by low elevations with 4 - 10 dry months a year split into 1 or 2 periods[303 ].","Tropical Africa - Mauritania to Sudan, south to Angola and Tanzania.",,"Bats, Bush Babies",#N/A
,Aegle marmelos,"Bael Tree, Golden Apple, Bengal Quince",,"Bael Tree, Golden Apple, Bengal Quince",species,Rutaceae,Aegle,marmelos,NA,Accepted,http://www.tropicos.org/Name/28100016,Tree,Deciduous Tree,Deciduous Tree,Deciduous,tree,Perennial,Woody,No,10,10.00  ,NA,Slow,"Cultivated, Wild",insects,10,NA,NA,NA,NA,,light (sandy) -medium -  heavy (clay),No shade,Moist,10 ->  12,No,Apples,Fruits,#N/A,#N/A,#N/A,Essential oil,,,Fruits,#N/A,Other,,Alim,Woody Fruits,3,3,4,alimmediother,The leaves are said to cause abortion and sterility in women[ 303 ]. The bark is used as a fish poison[ 303 ].,pfaf.org,NT - near threatened,"Dry forests on hills and plains, also in mixed deciduous and dry dipterocarp forests [303].","E. Asia - India, Nepal, Myanmar, Andaman and Nicobar Islands.",,"insects, wind",#N/A
,Afzelia bipindensis,NA,,apa,species,Fabaceae,Afzelia,bipindensis,NA,Accepted,http://www.tropicos.org/Name/29203874,"Perennial, Not climbing, Tree",Tree,Deciduous Tree,Deciduous,Tree,Perennial,Woody,Afzelia,15-40 ,25.00  ,NA,NULL,Wild,Sphingidae,25,NA,NA,NA,NA,,NA,NA,NA,NA,NA,,#N/A,#N/A,Seed spices and condiments,Timber,#N/A,,,"spices, Timber",#N/A,Timber,,Alim,other?,0,2,3,other,NA,NA,VU - vulnerable,NA,NA,,Sphingidae,#N/A
,Ageratum conyzoides,"Goatweed, Tropical whiteweed",,"Goatweed, Tropical whiteweed",species,Asteraceae,Ageratum,conyzoides,NA,Accepted,http://www.tropicos.org/Name/2700026,NA,NA,NA,herbaceous,herb,Annual,Herbaceous,No,1,NA,1m,NA,"Ornamental, Wild",insects,1,,,,,,NA,Full sun,Moist,08-> 11,NO,NA,#N/A,#N/A,#N/A,#N/A,#N/A,#N/A,https://www.sciencedirect.com/topics/pharmacology-toxicology-and-pharmaceutical-science/ageratum-conyzoides,medicinal,#N/A,NA,NA,NA,NA,0.666666666666667,3,2,alimmedi,none known,NA,NA,"A common weed of cultivated ground, having spread from its native range to all areas of the Tropics within 20° of the Equator, to an altitude of 2,500 metres[200].",S. America.,,insects,#N/A
,Ageratum houstonianum,"Ageratum, Bluemink, Floss Flower, Garden",,"Ageratum, Bluemink, Floss Flower, Garden",species,Asteraceae,Ageratum,houstonianum,NA,Accepted,http://www.tropicos.org/Name/2700027,Annual,Annual,Annual,herbaceous,herb,Annual,Herbaceous,No,"0,3",0.40  ,NA,Medium,"Ornamental, Wild",Lepidoptera,0.4,,,,,,light (sandy) -medium -  heavy (clay),No shade,Dry- Moist,Coming soon,No,NA,#N/A,#N/A,#N/A,#N/A,#N/A,#N/A,https://indianbotsoc.org/assets/upload/uploaded/69eb90c06e898a4ee7c90152d44af5a6.pdf,medicinal,#N/A,NA,NA,NA,NA,0,1.66666666666667,1.33333333333333,mediother,None known,pfaf.org,NA,Pine woods and cultivated ground[72].,South-western N. America - Mexico. An occasional garden escape in Britain[17].,,Lepidoptera,#N/A
,Agrostis gigantea,NA,,"black bent, redtop",species,Poaceae,Agrostis,gigantea,NA,Accepted,http://www.tropicos.org/Name/25502394,NA,NA,Herb,NA,herb,Perennial,Herbaceous,No,NULL,NA,40-120 cm long,NA,NA,Wind,1.3,,,,,,NA,NA,NA,03 -< 10,NA,,#N/A,,#N/A,#N/A,#N/A,,https://gobotany.nativeplanttrust.org/species/agrostis/gigantea/,Erosion control,#N/A,NA,NA,NA,NA,"0,00","0,00","4,00",other,none known,NA,NA,"Grasslands and pastures. Dominant on poor and acidic soils and is well adapted to grazing pressure. Invades ruderal, disturbed areas, heathland, woodland, scrub and sand dune habitats. Abundant in wetlands and cultivated areas. In Australia, it is reported from dry coastal vegetation, heathy woodlands, lowland grasslands, grassy woodlands, dry and damp sclerophyll forests, riparian vegetation and alpine and sub-alpine vegetation, including montane peatlands and swamps [1-8].","Native to Eurasia, from Ireland and Britain in the west, through Siberia and Central Asia, as far east as China and from Scandinavia south to the Mediterranean, including Tunisia in North Africa. Introduced and naturalized in the Americas (USA, Canada, Greenland, Brazil, Argentina and Chile), southern Africa, Australia and New Zealand [1-8].",,wind,#N/A
,Ailanthus excelsa,NA,,tree of heaven,species,Simaroubaceae,Ailanthus,excelsa,NA,Accepted,https://wcvp.science.kew.org/taxon/813527-1,NA,Deciduous Tree,Deciduous Tree,Deciduous,Tree,Perennial,Woody,No,18-25 ,20.00  ,NA,NULL,"Cultivated, Wild",NA,20,500,2500,0,45,,NA,NA,NA,NA,NA,,#N/A,#N/A,#N/A,#N/A,#N/A,#N/A,ecocrop,Firewood,#N/A,match industry,NA,NA,Shoot,0,2,2,,NA,NA,NA,NA,NA,, NA,#N/A
,Ailanthus triphysa,NA,,halmaddi,species,Simaroubaceae,Ailanthus,triphysa,NA,Accepted,https://wcvp.science.kew.org/taxon/813557-1,NA,Evergreen Tree,Evergreen Tree,Evergreen,Tree,Perennial,Woody,No,45,25.00  ,NA,NULL,"Ornamental, Wild",insects,25,1920,Na,27,NA,,NA,NA,NA,NA,NA,,#N/A,#N/A,#N/A,Timber,#N/A,,,Timber,#N/A,Timber,,,Woody shoot,0,2,2,,NA,NA,NA,NA,NA,,small insects,#N/A
,Albizia adianthifolia,NA,,flat-crown,species,Fabaceae,Albizia,adianthifolia,NA,Accepted,http://www.tropicos.org/Name/13054859,"Perennial, Not climbing, Tree",Deciduous Tree,Deciduous Tree,Deciduous,Tree,Perennial,Woody,Albizia,4-30  ,15.00  ,NA,NULL,"Cultivated, Ornamental, Wild",insects,15,NA,NA,NA,NA,,NA,NA,NA,NA,NA,,#N/A,#N/A,#N/A,Timber,#N/A,,,Timber,#N/A,Timber,,,Woody shoot,2,3,3,mediother,NA,NA,LC - least concern,NA,NA,,Insects,#N/A
,albizia adinocephala,,,NA,species,Fabaceae,Albizia,adinocephala,NA,Accepted,http://www.worldfloraonline.org/taxon/wfo-0000165530,,Tree,Deciduous Tree,Deciduous,Tree,Perennial,Woody,Albizia,character(0),15,,NA,"Cultivated , wild",NA,15,TODO,TODO,TODO,TODO,,NA,NA,NA,NA,NA,,#N/A,#N/A,#N/A,#N/A,#N/A,,https://www.cabidigitallibrary.org/doi/full/10.1079/cabicompendium.120102,"Timber, fuelwood",#N/A,,,,,0.0,0.0,2,,NA,,LC - least concern,NA,NA,,NA,#N/A
,Albizia chinensis,"Albizi, Bonara Vazaha, Siran",,"Albizi, Bonara Vazaha, Siran",species,Fabaceae,Albizia,chinensis,NA,Accepted,http://www.tropicos.org/Name/13054909,"Perennial, Not climbing, Tree",Deciduous Tree,Deciduous Tree,Deciduous,Tree,Perennial,Woody,Albizia,NULL,30.00  ,NA,NULL,"Cultivated, Ornamental, Wild",insects,30,NA,NA,NA,NA,,NA,NA,NA,NA,NA,NA,#N/A,#N/A,#N/A,#N/A,#N/A,#N/A,,NO_FAO_GROUP,#N/A,NA,NA,NA,NA,0,0,3,other,NA,NA,NA,NA,NA,,Insects,#N/A
,Albizia coriaria,Mugavu,,Mugavu,species,Fabaceae,Albizia,coriaria,NA,Accepted,http://www.tropicos.org/Name/13025021,"Perennial, Not climbing, Tree",Deciduous Tree,Deciduous Tree,Deciduous,Tree,Perennial,Woody,Albizia,6-36  ,30.00  ,NA,NULL,"Ornamental, Wild",bees,30,NA,NA,NA,NA,,NA,NA,NA,NA,NA,NA,#N/A,#N/A,#N/A,#N/A,#N/A,#N/A,,NO_FAO_GROUP,#N/A,NA,NA,NA,NA,0,2,2,,NA,NA,LC - least concern,NA,NA,,Bees,#N/A
,Albizia ferruginea,Awiemfo-Samina,,Awiemfo-Samina,species,Fabaceae,Albizia,ferruginea,NA,Accepted,http://www.tropicos.org/Name/13025029,"Perennial, Not climbing, Tree",Deciduous Tree,Deciduous Tree,Deciduous,Tree,Perennial,Woody,Albizia,45,35.00  ,NA,NULL,"Ornamental, Wild","Bees, insects",35,NA,NA,NA,NA,,NA,NA,NA,NA,NA,NA,#N/A,#N/A,#N/A,Timber,#N/A,,,Timber,#N/A,Timber,,,Woody shoot,0,2,2,,NA,NA,NT - near threatened,NA,NA,,"Bees, Insects",#N/A
,Albizia gummifera,NA,,peacock flower,species,Fabaceae,Albizia,gummifera,NA,Accepted,http://www.tropicos.org/Name/13054911,NA,Deciduous Tree,Deciduous Tree,Deciduous,Tree,Perennial,Woody,Albizia,30,25.00  ,NA,NULL,"Ornamental, Wild","Bees, insects",25,NA,NA,NA,NA,,NA,NA,NA,NA,NA,,#N/A,#N/A,#N/A,Timber,#N/A,,,Timber,#N/A,Timber,,,Woody shoot,2,2,2,,NA,NA,LC - least concern,NA,NA,,"Bees, Insects",#N/A
,Albizia julibrissin,"Mimosa, Silktree, Mimosa Tree,",,"Mimosa, Silktree, Mimosa Tree,",species,Fabaceae,Albizia,julibrissin,NA,Accepted,http://www.tropicos.org/Name/13025045,"Perennial, Not climbing, Tree",Deciduous Tree,Deciduous Tree,Deciduous,Tree,Perennial,Woody,Albizia,12,12.00  ,NA,Fast,"Cultivated, Ornamental, Wild","Bees, Hummingbirds, Butterflies",12,NA,NA,NA,NA,,light (sandy) -medium -  heavy (clay),No shade,Dry- Moist,06 -> 09,Yes,NA,#N/A,#N/A,#N/A,#N/A,#N/A,#N/A,,NO_FAO_GROUP,#N/A,NA,NA,NA,NA,2,2,2,,None known,pfaf.org,EN-Endangered,"Open sunny ravines, forests and by rivers up to 2100 metres in the Himalayas[51, 158].",W. Asia and E. Asia - Iran to China.,,"Bees, Hummingbirds, Butterflies",#N/A
,Albizia lebbeck,"Siris Tree, Woman's Tongue, East Indian Walnut",,"Siris Tree, Woman's Tongue, East Indian Walnut",species,Fabaceae,Albizia,lebbeck,NA,Accepted,http://www.tropicos.org/Name/13025049,"Perennial, Not climbing, Tree",Deciduous Tree,Deciduous Tree,Deciduous,Tree,Perennial,Woody,Albizia,15,15.00  ,NA,Fast,"Cultivated, Ornamental, Wild","Bees, insects",15,500,2500,19,35,,light (sandy) -medium -  heavy (clay),No shade,Moist,10-> 11,Yes,NA,#N/A,#N/A,#N/A,Timber,#N/A,,,Timber,#N/A,Timber,,,Timber mainly,0.333333333333333,2,4,alimother,"The bark is used as a fish poison[ 730 ]. A red dye obtained from the bark has caused skin irritation[ 730 ]. The pods contain saponin and are not eaten in large amounts by sheep, although cattle eat them readily[ 404 ]. Brittle limbs.",pfaf.org,LC - least concern,Tropical to subtropical sandy river beds and savannahs[307].,E. Asia - drier areas of the Indian subcontinent and southeastern Asia to northern Australia.,,"Bees, Insects",#N/A
,Albizia odoratissima,"Black Siris, Ceylon Rosewood, Kala Siris",,"Black Siris, Ceylon Rosewood, Kala Siris",species,Fabaceae,Albizia,odoratissima,NA,Accepted,http://www.tropicos.org/Name/13025072,"Perennial, Not climbing, Tree",Deciduous Tree,Deciduous Tree,Deciduous,Tree,Perennial,Woody,Albizia,NULL,22.00  ,"Chemical products, Food and Drink, Forage, Medicine, Toxins, Wood",NULL,"Cultivated, Wild",insects,22,650,3000,22,33,,NA,NA,NA,NA,NA,NA,#N/A,#N/A,#N/A,#N/A,#N/A,#N/A,,NO_FAO_GROUP,#N/A,NA,NA,NA,NA,2,0,3,other,NA,NA,LC - least concern,NA,NA,,Insects,#N/A
,Albizia procera,"White Siris, Tall Albizia, Forest Siris",,"White Siris, Tall Albizia, Forest Siris",NA,NA,NA,NA,NA,NA,NA,"Perennial, Not climbing, Tree",Deciduous Tree,Deciduous Tree,Deciduous,Tree,Perennial,Woody,No,25,30.00  ,NA,Fast,"Cultivated, Ornamental, Semi-cultivated, Wild",insects,30,100,5000,1-11,37-46,,light (sandy) -medium -  heavy (clay),No shade,Moist,10 ->  12,NA,NA,#N/A,#N/A,#N/A,Timber,#N/A,,,Timber,#N/A,Timber,,,Timber mainly,1,2,4,other,"The seeds contain proceranin A, which is toxic to mice and rats when administered parenterally and orally",pfaf.org,LC - least concern,NA,NA,,Insects,#N/A
,Albizia schimperiana,NA,,Forest long-pod Albizia,species,Fabaceae,Albizia,schimperiana,NA,Accepted,https://wcvp.science.kew.org/taxon/473389-1,"Perennial, Not climbing, Tree",Deciduous Tree,Deciduous Tree,Deciduous,Tree,Perennial,Woody,Albizia,5-23(30)  ,25.00  ,NA,NULL,"Cultivated, Wild","Bees, insects",25,NA,NA,NA,NA,,NA,NA,NA,NA,NA,,#N/A,#N/A,#N/A,#N/A,#N/A,#N/A,,NO_FAO_GROUP,#N/A,NA,NA,NA,NA,0,2,2,,NA,NA,LC - least concern,NA,NA,,"Bees, Insects",#N/A
,Albizia spp.,NA,,#N/A,genus,Fabaceae,Albizia,NA,spp.,Accepted,http://www.tropicos.org/Name/40009232,NA,NA,Tree,NA,Tree,Perennial,Woody,Albizia,NULL,NA,NA,NULL,NA,NA,NULL,NA,NA,NA,NA,,NA,NA,NA,NA,NA,,#N/A,#N/A,Fuelwood,#N/A,#N/A,,,Fuelwood,#N/A,Fuelwood,,,Woody shoot,NA,NA,NA,alimmediother,NA,NA,NA,NA,NA,,NA,#N/A
,Albizia zygia,NA,,MEPEPE,species,Fabaceae,Albizia,zygia,NA,Accepted,http://www.tropicos.org/Name/13054896,"Perennial, Not climbing, Tree",Deciduous Tree,Deciduous Tree,Deciduous,Tree,Perennial,Woody,Albizia,24,20.00  ,NA,NULL,"Ornamental, Wild",bees,20,2732,NA,26,NA,,NA,NA,NA,NA,NA,,#N/A,#N/A,#N/A,Timber,#N/A,,,Timber,#N/A,Timber,,,Woody shoot,2,2,3,other,NA,NA,LC - least concern,NA,NA,,Bees,#N/A
,Alchornea cordifolia,Christmas Bush,,Christmas Bush,species,Euphorbiaceae,Alchornea,cordifolia,NA,Accepted,http://www.tropicos.org/Name/12804083,Shrub,Evergreen Shrub,Evergreen Shrub,Evergreen,Shrub,Perennial,Woody,No,8,8.00  ,NA,Medium,"Cultivated, Wild",NA,8,NA,NA,NA,NA,,light (sandy) -medium -  heavy (clay),No shade,Dry- Moist - Wet,10 ->  12,No,NA,#N/A,#N/A,Leaves as vegetables,#N/A,#N/A,,,vegetables,#N/A,,medicinal,Alim,Medicinal,2,4,3,mediother,None known,pfaf.org,LC - least concern,"Widespread in secondary forest and riverine forest, especially in marshy areas but sometimes in drier sites, from sea-level up to 1,500 metres altitude[ 299 ]. It often forms thickets in disturbed, unburned localities[ 299 ].",Tropical Africa - Senegal east to Kenya and Tanzania and south throughout Central Africa to Angola.,,NA,#N/A
,Alchornea latifolia,NA,,#N/A,species,Euphorbiaceae,Alchornea,latifolia,NA,Accepted,http://www.tropicos.org/Name/12802524,NA,Evergreen Tree,Evergreen Tree,Evergreen,Tree,Perennial,Woody,No,NULL,15.00  ,NA,NULL,"Cultivated, Ornamental, Wild",NA,15,NA,NA,NA,NA,,NA,NA,NA,NA,NA,,#N/A,#N/A,#N/A,#N/A,#N/A,#N/A,,NO_FAO_GROUP,#N/A,NA,NA,NA,NA,0,0,2,,NA,NA,LC - least concern,NA,NA,,NA,#N/A
,Aleurites moluccanus,"Candle Nut, Country Walnut",,"Candle Nut, Country Walnut",species,Euphorbiaceae,Aleurites,moluccana,NA,No opinion,http://www.tropicos.org/Name/50331344,Tree growing to 20 m,NA,Evergreen Tree,Evergreen,Tree,Perennial,Woody,No,30,NA,NA,NA,"Cultivated, Wild",insects,27,650,4300,18,28,,NA,Full sun,moist soil/ Well drained soil,10 ->  12,YES,Walnuts,Nuts,Oilseeds nes,#N/A,Timber,#N/A,,,"Fruits, oil crop, Timber",Oil,Timber,,Alim,Woody Fruits,"3,00","3,00","4,00",alimmediother,"The fresh seed contains a principle resembling croton oil and should not be eaten[ 63 ]. Thorough drying destroys this principle[ 63 ]. The seeds contain cyanide, which is largely destroyed by thorough drying or cooking. However, some strains of the tree contain much higher levels of toxins than other strains[ 377 ]. The leaves are toxic[ 311 ].",NA,LC - least concern,"Rain forest, monsoon forest, or tall advanced secondary forest; growing on mountain slopes, very abundant on ridges, sometimes in sandy soil among granite boulders, loam soil or on former shifting cultivation lands, at elevations below 300 metres[ 598 ].","E. Asia - China, India, Sri Lanka, Myanmar, Thailand, Cambodia, Vietnam, Malaysia, Indonesia, Philippines, New Guinea, Australia, Pacific Islands.",,insects,#N/A
,Allium cepa,"Onion, Garden onion",Onion,"Onion, Garden onion",species,Amaryllidaceae,Allium,cepa,NA,Accepted,http://www.tropicos.org/Name/18401646,Bulb,NA,Bulb,Bulb,herb,Perennial,Herbaceous,No,"0,6",NA,NA,NULL,Cultivated,"Bees, insects",0.6,,,,,,light (sandy) -medium,No shade,Moist,04 -> 10,No,"Onions, dry",Vegetables,Onions,#N/A,#N/A,"Spice, Essential oil, O,",,,"Vegetables, spices, essential oil",Vegetable,,,Alim,vegetables,5,3,3,alimmediother,"There have been cases of poisoning caused by the consumption, in large quantities and by some mammals, of this plant. Dogs seem to be particularly susceptible[76]. Hand eczema may occur with frequent handling. May interfere with drug control of blood sugar [301].",pfaf.org,NA,Not known in the wild.,W. Asia - Iran? The original habitat is obscure.,,"Bees, Insects",#N/A
,Allium sativum,"Garlic, Cultivated garlic",Garlic,"Garlic, Cultivated garlic",species,Amaryllidaceae,Allium,sativum,NA,Accepted,http://www.tropicos.org/Name/18401720,Bulb,Bulb,Bulb,Bulb,herb,Perennial,Herbaceous,No,"0,6",0.60  ,NA,NULL,Cultivated,"Bees, insects",0.6,,,,,,light (sandy) -medium,No shade,Dry- Moist,07 -> 10,No,Garlic,Vegetables,Garlic,#N/A,#N/A,"Spice, Essential oil, O",,,"Vegetables, spices, essential oil",Vegetable,,medicinal,Alim,vegetables,5,5,3.33333333333333,alimmediother,"There have been cases of poisoning caused by the consumption, in large quantities and by some mammals, of this species. Dogs seem to be particularly susceptible[76]. Avoid with anticlotting medication. Breastfeeding may worsen baby's colic. Avoid several weeks prior to surgery. Bad breath!! [301].",pfaf.org,NA,Not known in a truly wild situation.,C. Asia? Original habitat is obscure. An occasional garden escape in Britain[17].,,"Bees, insects",#N/A
,Alnus acuminata,Alder,,Alder,species,Betulaceae,Alnus,acuminata,NA,Accepted,http://www.tropicos.org/Name/3600081,Tree,Evergreen Tree,Evergreen Tree,Evergreen,tree,Perennial,Woody,Alnus,25,25.00  ,NA,Fast,"Cultivated, Wild",Wind,25,1000,3000,4,27,,light (sandy) -medium -  heavy (clay),Semi-shade/full sun,Moist,10 ->  12,No,NA,#N/A,#N/A,#N/A,#N/A,#N/A,#N/A,ecocrop,Materials,#N/A,NA,NA,NA,NA,0,2,3,other,None known,pfaf.org,LC - least concern,"Grows well on steep mountain slopes at elevations between 1,000 metres in Costa Rica and 3,800 metres in Peru[418 ]. Common in the mountains, often forming almost pure, dense, extensive stands, but more often associated with oaks and often with pines[331 ].","S. America - Argentina, Bolivia, Peru, Ecuador, Colombia, Venezuela, north through C. America to Mexico.",,Wind,#N/A
,Alnus cordata,Italian Alder,,Italian Alder,species,Betulaceae,Alnus,cordata,NA,Accepted,http://www.tropicos.org/Name/50269315,Tree,NA,Deciduous Tree,Deciduous,tree,Perennial,Woody,Alnus,25,NA,NA,Fast,"Cultivated, Ornamental, Wild",Wind,25,NA,NA,NA,NA,,medium -  heavy (clay),Semi-shade/full sun,Dry- Moist - Wet,05 -> 09,No,NA,#N/A,#N/A,#N/A,#N/A,#N/A,#N/A,,Timber,#N/A,Other,NA,NA,NA,0,0,4,other,None known,pfaf.org,LC - least concern,"Very rarely self-sown in Britain, but not naturalised.","Europe - S. Italy, Corsica.",,wind ,#N/A
,Alnus nepalensis,Nepalese Alder,,Nepalese Alder,species,Betulaceae,Alnus,nepalensis,NA,Accepted,http://www.tropicos.org/Name/3600397,Tree,Semi-deciduous Tree,Semi-deciduous Tree,Semi-deciduous,tree,Perennial,Woody,Alnus,22,22.00  ,NA,Fast,"Cultivated, Wild",Wind,22,500,2500,13,26,,medium -  heavy (clay),Semi-shade/full sun,Moist -Wet,08-> 11,No,NA,#N/A,#N/A,#N/A,Timber,#N/A,#N/A,,Timber,#N/A,Timber,,,Woody shoot,0,1.66666666666667,3,mediother,None known,pfaf.org,LC - least concern,"Forests in ravines, on stream banks and occasionally in drier localities, 900 - 2700 metres in the Himalayas[146].","E. Asia - China, Himalayas",,Wind,#N/A
Only control species,aloysia virgata,,,,,Verbenaceae,Aloysia,virgata,,Accepted,,,,Deciduous Tree,Deciduous,Tree,Perennial,Woody,No,,,,Fast,"Cultivated, Ornamental, Wild",Bees,5,,,,,,,,,,,,#N/A,#N/A,#N/A,#N/A,#N/A,#N/A,,,#N/A,,,,,0,0,3,other,,,LC - least concern,,,,,
,Alpinia officinarum,NA,,#N/A,species,Zingiberaceae,Alpinia,officinarum,NA,Accepted,http://www.tropicos.org/Name/34500285,NA,Perennial,Perennial,NA,herb,Perennial,Herbaceous,No,NULL,1.10,NA,NULL,"Cultivated, Wild","large bees,birds, bats",1.1,,,,,,NA,NA,NA,NA,NA,,#N/A,#N/A,#N/A,#N/A,"Spice, Essential oil, O",#N/A,,"spices, Essential oil",#N/A,NA,NA,Alim,rhizomes,3,3,3,alimmediother,NA,NA,NA,NA,NA,,large bees/birds/bats,#N/A
,Alstonia boonei,NA,,#N/A,species,Apocynaceae,Alstonia,boonei,NA,Accepted,http://www.tropicos.org/Name/1800022,NA,Deciduous Tree,Deciduous Tree,Deciduous,Tree,Perennial,Woody,No,NULL,30.00  ,NA,NULL,Wild,"Bees, Butterflies, Wasps, Beetles",30,NA,NA,NA,NA,,NA,NA,NA,NA,NA,,#N/A,#N/A,#N/A,Timber,#N/A,#N/A,,Timber,#N/A,Timber,,,Woody shoot,0,3,3,mediother,NA,NA,LC - least concern,NA,NA,,"Bees, Butterflies, Wasps, Beetles",#N/A
,alternanthera sessilis,,,"sissoo spinach, Brazilian spinach, sessile joyweed, dwarf copperleaf",species,Amaranthaceae,Alternanthera,sessilis,NA,NA,http://www.worldfloraonline.org/taxon/wfo-0000528825,,Annual/Perennial,Herb,herbaceous,herb,Annual/Perennial,Herbaceous,No,NULL,NA,NA,NA,NA,NA,0.45,TODO,TODO,TODO,TODO,,NA,NA,NA,NA,NA,,#N/A,#N/A,#N/A,#N/A,#N/A,#N/A,,NO_FAO_GROUP,#N/A,,,,,3.0,2.0,0,alimmedi,NA,,LC - least concern,NA,NA,,NA,#N/A
,Amaranthus caudatus,Love Lies Bleeding,Amaranth,Love Lies Bleeding,species,Amaranthaceae,Amaranthus,caudatus,NA,Accepted,http://www.tropicos.org/Name/1100004,Annual,Annual,"Annual, not climbing",herbaceous,herb,Annual,Herbaceous,No,2,1.00  ,NA,NULL,"Cultivated, Ornamental, Wild",wind,1,,,,,,light (sandy) -medium -  heavy (clay),No shade,Dry- Moist,04->08,No,NA,#N/A,"Cereals, nes",#N/A,#N/A,#N/A,cereals and pseudocereals,,Cereals,Cereal,,,Alim,cereals,4,1.66666666666667,2,alimmedi,"No members of this genus are known to be poisonous, but when grown on nitrogen-rich soils they are known to concentrate nitrates in the leaves. This is especially noticeable on land where chemical fertilizers are used. Nitrates are implicated in stomach cancers, blue babies and some other health problems. It is inadvisable, therefore, to eat this plant if it is grown inorganically.",pfaf.org,NA,A weed of cultivated ground[145].,Tropics.,,"Wind, Self",#N/A
,Amaranthus cruentus,"Purple Amaranth, Red amaranth",Purple_amaranth,"Purple Amaranth, Red amaranth",species,Amaranthaceae,Amaranthus,cruentus,NA,Accepted,http://www.tropicos.org/Name/1100428,Annual,Annual,Annual,herbaceous,herb,Annual,Herbaceous,No,2,1.00  ,NA,NULL,"Cultivated, Ornamental, Wild",wind,1,,,,,,light (sandy) -medium -  heavy (clay),No shade,Moist,03-> 11,No,"Vegetables, Fresh n.e.s.",Vegetables,#N/A,#N/A,#N/A,#N/A,,,Vegetables,#N/A,,,Alim,vegetables,4,2,2,alim,"No members of this genus are known to be poisonous, but when grown on nitrogen-rich soils they are known to concentrate nitrates in the leaves. This is especially noticeable on land where chemical fertilizers are used. Nitrates are implicated in stomach cancers, blue babies and some other health problems. It is inadvisable, therefore, to eat this plant if it is grown inorganically.",pfaf.org,NA,Not known in a truly wild situation.,"Original habitat is obscure, it was probably tropical America.",,"Wind, Self",#N/A
,Amaranthus hybridus,"Rough Pigweed, Slim amaranth",Rough_pigweed,"Rough Pigweed, Slim amaranth",species,Amaranthaceae,Amaranthus,hybridus,NA,Accepted,http://www.tropicos.org/Name/1100008,Annual,Annual,Annual,herbaceous,herb,Annual,Herbaceous,No,2,0.60  ,NA,NULL,"Cultivated, Wild",wind,0.6,,,,,,light (sandy) -medium -  heavy (clay),No shade,Moist,06 ->  12,Yes,NA,#N/A,#N/A,#N/A,#N/A,#N/A,#N/A,,NO_FAO_GROUP,#N/A,NA,NA,Alim,Leaves,4,1,1,alim,"No members of this genus are known to be poisonous, but when grown on nitrogen-rich soils they are known to concentrate nitrates in the leaves. This is especially noticeable on land where chemical fertilizers are used. Nitrates are implicated in stomach cancers, blue babies and some other health problems. It is inadvisable, therefore, to eat this plant if it is grown inorganically.",pfaf.org,NA,"Of uncertain origin, it grows wild in cultivated fields and waste places[43].",Tropics. Naturalized in Europe[50].,,"Wind, self",#N/A
,Amaranthus palmeri,Careless Weed,,Careless Weed,species,Amaranthaceae,Amaranthus,palmeri,NA,Accepted,http://www.tropicos.org/Name/1100020,Annual,Annual,Annual,herbaceous,herb,Annual,Herbaceous,No,"0,9",0.90  ,NA,NULL,Wild,wind,0.9,,,,,,light (sandy) -medium -  heavy (clay),No shade,Moist,07 ->  12,Yes,NA,#N/A,#N/A,#N/A,#N/A,#N/A,#N/A,,NO_FAO_GROUP,#N/A,NA,NA,NA,NA,2,0,1,,"No members of this genus are known to be poisonous, but when grown on nitrogen-rich soils they are known to concentrate nitrates in the leaves. This is especially noticeable on land where chemical fertilizers are used. Nitrates are implicated in stomach cancers, blue babies and some other health problems. It is inadvisable, therefore, to eat this plant if it is grown inorganically.",pfaf.org,NA,"Waste places and fields at low elevations, also in interior valleys and deserts in California[71].",South-western N. America,,"Wind, self",#N/A
Only control species,amarilla aniba amazonica,,,,,,,,,,,,,NA,,Tree,Perennial,Woody,No,,,,,,,,,,,,,,,,,,,#N/A,#N/A,#N/A,#N/A,#N/A,#N/A,,,#N/A,,,,,,,,,,,NA,,,,,
,Amburana cearensis,NA,,#N/A,species,Fabaceae,Amburana,cearensis,NA,Accepted,http://www.tropicos.org/Name/13015576,NA,Deciduous Tree,Deciduous Tree,Deciduous,Tree,Perennial,Woody,Amburana,NULL,20.00  ,NA,NULL,Wild,NA,20,NA,NA,NA,NA,,NA,NA,NA,NA,NA,,#N/A,#N/A,#N/A,Timber,#N/A,,,Timber,#N/A,Timber,,,Woody shoot,0,2,3,other,NA,NA,EN-Endangered,NA,NA,, NA,#N/A
,Amomum subulatum,NA,,#N/A,species,Zingiberaceae,Amomum,subulatum,NA,Accepted,https://wcvp.science.kew.org/taxon/872166-1,NA,Perennial,Perennial,NA,herb,Perennial,Herbaceous,No,NULL,1.00  ,NA,NULL,Wild,bees,1,,,,,,NA,NA,NA,NA,NA,,#N/A,#N/A,#N/A,#N/A,"Spice, Essential oil",,,"spices, Essential oil",#N/A,NA,NA,Alim,pods,3,1,1,alim,NA,NA,DD - data deficient,NA,NA,,Solitary bees,#N/A
,Amorpha fruticosa,"False Indigo, False indigo bush",,"False Indigo, False indigo bush",species,Fabaceae,Amorpha,fruticosa,NA,Accepted,http://www.tropicos.org/Name/13015631,Shrub,NA,Deciduous Shrub,Deciduous,Shrub,Perennial,Woody,Amorpha,"4,5",NA,NA,Medium,"Cultivated, Ornamental, Wild",insects,6,NA,NA,NA,NA,,light (sandy) -medium,Semi-shade/full sun,Dry- Moist,04->08,Yes,NA,#N/A,#N/A,#N/A,#N/A,#N/A,#N/A,,NO_FAO_GROUP,#N/A,NA,NA,NA,NA,1,2,3,other,The plant is said to contain alkaloids and be poisonous to livestock[274].,pfaf.org,NA,"River banks, rich moist thickets etc[43, 184]. Grows chiefly in limestone soils[274].",Southern N. America. Locally naturalized in S. and C. Europe[50].,,insects,#N/A
,Amorphophallus campanulatus,NA,,#N/A,species,Araceae,Amorphophallus,campanulatus,NA,Synonym,http://www.tropicos.org/Name/2100281,NA,Perennial,Perennial,NA,herb,Perennial,Herbaceous,No,"0,8",0.75  ,NA,NULL,"Cultivated, Wild",Flies,0.75,,,,,,NA,NA,NA,NA,NA,,#N/A,#N/A,#N/A,#N/A,#N/A,#N/A,ecocrop,tuber,#N/A,NA,NA,Alim,Leaves,4,2,0,alim,NA,NA,NA,NA,NA,,Flies,#N/A
Only control species,amphitecna montana,,,,,Bignoniaceae,Amphitecna,montana,,,,,,NA,,Tree,Perennial,Woody,No,,,,,,,,,,,,,,,,,,,#N/A,#N/A,#N/A,#N/A,#N/A,#N/A,,,#N/A,,,,,,,,,,,VU - vulnerable,,,,,
Only control species,anacardium excelsum,,,,,Anacardiaceae,Anacardium,excelsum,,Accepted,,,,Tree,,Tree,Perennial,Woody,No,,,,,Wild,,30,,,,,,,,,,,,#N/A,#N/A,#N/A,Timber,#N/A,#N/A,,,#N/A,Timber,,,,2,0,3,other,,,LC - least concern,,,,,
,Anacardium occidentale,"Cashew, Caju",Cashew_nuts,"Cashew, Caju",species,Anacardiaceae,Anacardium,occidentale,NA,Accepted,http://www.tropicos.org/Name/1300006,Tree,Evergreen Tree,Evergreen Tree,Evergreen,Tree,Perennial,Woody,No,12,12.00  ,NA,Slow,Cultivated,"Flies, Bees, Ants, Wind",12,500,3500,17,38,,light (sandy) -medium -  heavy (clay),No shade,Moist,09 ->  12,No,Cashew nuts,Nuts,Cashew nuts,Fruit,Timber,#N/A,,,"Fruits, nuts, timber",Nut,Timber,,Alim,Woody Fruits,5,3,3,alimmediother,"The shell of the nut contains an acrid juice that acts as a powerful vesicant[ 63 ]. The active ingredient is cardole and it is poisonous in the same way as poison ivy (Toxicodendron spp.)[ 63 , 200 ]. Very irritant to the skin, causing severe blistering[ 63 ]. It is destroyed by heat, so roasting the seed whilst in its shell renders it completely safe[ 63 , 200 ].(Handling plant may cause skin irritation or allergic reaction )",pfaf.org,LC - least concern,"Arid thickets in stony, sandy soils at elevations around 600 metres[ 200 , 307 ]. Sand dunes near the sea[ 419 ].",S. America - Brazil.,,"Flies, Bees, Ants, Wind",#N/A
,Anadenanthera colubrina,NA,,#N/A,species,Fabaceae,Anadenanthera,colubrina,NA,Accepted,http://www.tropicos.org/Name/13015659,NA,Deciduous Tree,Deciduous Tree,Deciduous,Tree,Perennial,Woody,Anadenanthera,NULL,12.00  ,NA,NULL,"Cultivated, Ornamental, Wild",bees,12,NA,NA,NA,NA,,NA,NA,NA,NA,NA,,#N/A,#N/A,#N/A,#N/A,#N/A,#N/A,,NO_FAO_GROUP,#N/A,NA,NA,NA,NA,0,2,3,other,NA,NA,LC - least concern,NA,NA,,Bees,#N/A
,Anadenanthera spp.,NA,,#N/A,genus,Fabaceae,Anadenanthera,NA,sp.,Accepted,http://www.tropicos.org/Name/40013149,NA,NA,Tree,NA,Tree,Perennial,Woody,Anadenanthera,NULL,NA,NA,NULL,NA,NA,NULL,NA,NA,NA,NA,,NA,NA,NA,NA,NA,,#N/A,#N/A,#N/A,#N/A,#N/A,#N/A,,NO_FAO_GROUP,#N/A,NA,NA,NA,NA,NA,NA,NA,alimmediother,NA,NA,NA,NA,NA,,NA,#N/A
Only control species,ananas ananassoides,,,,,Bromeliaceae,Ananas,ananassoides,,,,,,NA,,Trees/shrubs,Perennial,Woody,No,,,,,,,,,,,,,,,,,,,#N/A,#N/A,#N/A,#N/A,#N/A,#N/A,,,#N/A,,,,,,,,,,,NA,,,,,
,Ananas comosus,Pineapple,Pineapple,Pineapple,species,Bromeliaceae,Ananas,comosus,NA,Accepted,http://www.tropicos.org/Name/4300877,Perennial,Perennial,Perennial,NA,herb,Perennial,Herbaceous,No,1,1.00  ,NA,Fast,Cultivated,"Humingbirds, bees",1,,,,,,light (sandy) -medium -  heavy (clay),Semi-shade/full sun,Moist,09-> 11,No,Pineapples (fresh),Fruits,Pineapples,#N/A,#N/A,#N/A,,,"Fruits, nuts",Fruits,,,Alim,Non woody fruits,5,2,4,alimother,Parts of plant are poisonous if ingested,pfaf.org,NA,Savannahs[416].,S. America - Brazil.,,hummingbirds and honeybees,#N/A
,Andira inermis,"Aboranzork, Alemendro, Almendro, Almendro Cimarrou, Almendro De Rio, Andira Uchi, Andirauchi, Angelim, Angelim-branco, Angelim-liso, Angelin Tree, Angelino, Anndjelinn, Arenillo, Avineira, Bastard Mahogany, Bois Palmiste, Cabbage Bark, Cabbagebark, Cabbag",,"Aboranzork, Alemendro, Almendro, Almendro Cimarrou, Almendro De Rio, Andira Uchi, Andirauchi, Angelim, Angelim-branco, Angelim-liso, Angelin Tree, Angelino, Anndjelinn, Arenillo, Avineira, Bastard Mahogany, Bois Palmiste, Cabbage Bark, Cabbagebark, Cabbag",species,Fabaceae,Andira,inermis,NA,Accepted,http://www.tropicos.org/Name/13048538,"Shrub, Small tree, Tree.",Evergreen Tree,Evergreen Tree,Evergreen,Shrub/tree,Perennial,Woody,Andira,25,30,NA,NULL,"Cultivated, Ornamental, Wild",insects,25,NA,NA,NA,NA,,NA,NA,NA,NA,NA,NA,#N/A,#N/A,#N/A,Timber,#N/A,,,Timber,#N/A,Timber,,,Woody shoot,1,2,3,other,NA,NA,LC - least concern,NA,NA,,Insects,#N/A
,Andrographis paniculata,"Green Chireta, Creat, Nilavembu, Kirayat, Chuan Xin Lian, King of Bitters",,"Green Chireta, Creat, Nilavembu, Kirayat, Chuan Xin Lian, King of Bitters",species,Acanthaceae,Andrographis,paniculata,NA,Accepted,http://www.tropicos.org/Name/100007,Perennial,Perennial,Perennial,NA,herb,Perennial,Herbaceous,No,"0,8",0.80  ,NA,Fast,"Cultivated, Ornamental, Wild","Hymenopterans, Lepidopterans",0.8,,,,,,light (sandy) -medium -  heavy (clay),Full sun- Semi shade - No shade,Moist,10 ->  12,Yes,NA,#N/A,#N/A,#N/A,#N/A,#N/A,#N/A,,NO_FAO_GROUP,#N/A,NA,medicinal,NA,NA,0.333333333333333,4,2,alimmedi,"Andrographis paniculata is an erect annual herb extremely bitter in taste in all parts of the plant body. The plant is known in north-eastern India as Maha-tita, literally ""king of bitters"", and known by various vernacular names (see the table below). As an Ayurveda herb it is known as Kalmegh or Kalamegha, meaning ""dark cloud"". It is also known as Bhumi-neem, meaning ""neem of the ground"", since the plant, though being a small annual herb, has a similar strong bitter taste as that of the large Neem tree (Azadirachta indica). In Malaysia, it is known as Hempedu Bumi, which literally means 'bile of earth' since it is one of the most bitter plants that are used in traditional medicine.",pfaf.org,NA,"Village groves, roadsides, waste places, open sandy locations and fields, but also in monsoon and teak forest receiving only 10-20% of full light, at elevations from sea level to 1,600 metres[ 310 ].",E. Asia - India.,,"Hymenopterans, Lepidopterans",#N/A
,Andropogon gayanus,NA,,#N/A,species,Poaceae,Andropogon,gayanus,NA,Accepted,http://www.tropicos.org/Name/25505300,Hierba,Evergreen Perennial,Perennial bunchgrass,Evergreen,herb,Perennial,Herbaceous,No,NULL,2.00  ,NA,NULL,"Cultivated, Wild",Wind,2,,,,,,NA,NA,NA,NA,NA,,#N/A,#N/A,Fooder,#N/A,#N/A,,,Fooder,#N/A,Fodder,,,Fodder,0,0,3,other,NA,NA,NA,NA,NA,,wind,#N/A
,andropogon gerardii,,,Big Bluestem,species,Poaceae,Andropogon,gerardii,NA,Accepted,http://www.worldfloraonline.org/taxon/wfo-0000846629,,NA,Perennial,herbaceous,herb,Perennial,Herbaceous,No,2,NA,NA,NULL,"Ornamental, Wild",Wind,2,TODO,TODO,TODO,TODO,,NA,NA,NA,04-> 08,Yes,,#N/A,#N/A,#N/A,#N/A,#N/A,#N/A,,NO_FAO_GROUP,#N/A,,,,,0.0,1.0,2,alimmedi,None known,,NA,"Dry soils, prairies, open ground and open woods[222, 236].","Eastern and Central N. America - Maine to Saskatchewan, south to Florida, Arizona and Mexico.",,Wind,#N/A
,Annona muricata,Sour Sop,Guanábana,Sour Sop,species,Annonaceae,Annona,muricata,NA,Accepted,http://www.tropicos.org/Name/1600001,Tree,Evergreen Tree,Evergreen Tree,Evergreen,tree,Perennial,Woody,No,7,7.00  ,NA,Fast,"Cultivated, Wild","Flies, Beetles, Insects",7,NA,NA,NA,NA,,light (sandy) -medium -  heavy (clay),Semi-shade/full sun,Moist,10 ->  12,No,Apples,Fruits,"Fruit, tropical fresh nes",Fruit,#N/A,#N/A,,,Fruits,Fruits,,,Alim,Woody Fruits,4,3,2,alimmedi,The seeds are toxic[ 307 ]. The stems contain an irritant sap[ 348 ],pfaf.org,LC - least concern,Found on coastal limestone and lowland woodland[ 307 ].,"S. America - northern S. America, southern Central America, Caribbean.",,"Flies, Beetles, Insects",#N/A
,Annona squamosa,"Sugar Apple, Sweetsop, Custard Apple",Sugar_apple,"Sugar Apple, Sweetsop, Custard Apple",species,Annonaceae,Annona,squamosa,NA,Accepted,http://www.tropicos.org/Name/1600002,Tree,Deciduous Tree,Deciduous Tree,Deciduous,tree,Perennial,Woody,No,6,6.00  ,NA,Slow,Cultivated,"Nitidulid beetles; Carpophilos domidiatus, Carpophilos hemipterous",6,700,NA,NA,41,,light (sandy) -medium,No shade,Dry- Moist,10 ->  12,No,Apples,Fruits,"Fruit, tropical fresh nes",#N/A,#N/A,#N/A,,,Fruits,Fruits,,,Alim,Woody Fruits,5,2,2,alim,"The seeds, leaves and roots are poisonous. Both an alkaloid, and hydrocyanic acid have been shown to occur in these parts of the plant.",pfaf.org,LC - least concern,Not known in a truly wild situation,Caribbean.,,"Nitidulid beetles; Carpophilos domidiatus, Carpophilos hemipterous",#N/A
,Antiaris toxicaria,NA,,#N/A,species,Moraceae,Antiaris,toxicaria,NA,Accepted,http://www.tropicos.org/Name/21300876,NA,Deciduous Tree,Deciduous Tree,Deciduous,Tree,Perennial,Woody,No,NULL,40.00  ,NA,NULL,"Ornamental, Wild",NA,40,NA,NA,NA,NA,,NA,NA,NA,NA,NA,,#N/A,#N/A,#N/A,Timber,#N/A,,,Timber,#N/A,Timber,,,Woody shoot,2,2,3,other,NA,NA,LC - least concern,NA,NA,, NA,#N/A
,Apium graveolens,"Wild Celery. Ajmod, Ajwain-ka-patta (Indian)",Celery,"Wild Celery. Ajmod, Ajwain-ka-patta (Indian)",species,Apiaceae,Apium,graveolens,NA,Accepted,http://www.tropicos.org/Name/1700014,Biennial,NA,"Biennial, not climbing",herbaceous,herb,Biennial,Herbaceous,No,"0,6",NA,NA,NULL,Wild,Flies,0.6,,,,,,light (sandy) -medium -  heavy (clay),S,Moist,05 -> 09,No,"Vegetables, Fresh n.e.s.",Vegetables,#N/A,#N/A,#N/A,"Spice, Essential oil, O",,,"Vegetables, spices, essential oil",Vegetable,,,Alim,vegetables,3,3,2,alimmedi,"If the plant is infected with the fungus Sclerotinia sclerotiorum, skin contact with the sap can cause dermatitis in sensitive people[65]. This is more likely to happen to Caucasians[218]. Allergic responses include anaphylaxis in sensitive individuals. Cross-allergenicity between celery, cucumber, carrot, watermelon and possibly apples. Avoid during pregnancy as emmenagogue, abortifacient and uterine stimulant activity reported [301].",pfaf.org,LC - least concern,"Ditches, by rivers and in other damp locations, especially near the sea in salt marshes[9, 17, 100].","Central and southern Europe, including Britain, to temperate areas of Africa and Asia.",,"Flies, Self",#N/A
Only control species,apuleia leiocarpa,,,,,Fabaceae,Apuleia,leiocarpa,,,,,,Deciduous Tree,Deciduous,Tree,Perennial,Woody,Apuleia,,,,Slow,Wild,,30,,,,,,,,,,,,#N/A,#N/A,#N/A,Timber,#N/A,#N/A,,,#N/A,Timber,,,,0,2,3,other,,,LC - least concern,,,,,
,Aquilaria malaccensis,"Agar Wood, Eaglewood, Indian Aloewood, Aloeswood",,"Agar Wood, Eaglewood, Indian Aloewood, Aloeswood",species,Thymelaeaceae,Aquilaria,malaccensis,NA,Accepted,http://www.tropicos.org/Name/32000450,Tree,Evergreen Tree,Evergreen Tree,Evergreen,tree,Perennial,Woody,No,20,20.00  ,NA,Slow,"Cultivated, Wild","bees, beetles, thrips",20,NA,NA,NA,NA,,light (sandy) -medium -  heavy (clay),Semi-shade/full sun,Moist,10 ->  12,No,NA,#N/A,#N/A,#N/A,Timber,#N/A,,,Timber,#N/A,Timber,,,Woody shoot,1,3,3.66666666666667,mediother,"Aquilaria malaccensis is the major source[5] of agarwood, a resinous heartwood, used for perfume and incense.[1] The resin is produced by the tree in response to infection by a parasitic ascomycetous mould, Phaeoacremonium parasitica,[6] a dematiaceous (dark-walled) fungus.",pfaf.org,CR - critically endangered,"Commonly found scattered in primary and secondary forest, mainly in plains but also on hillsides and ridges up to 750 metres[ 310 ].","E. Asia - northeast India through Myanmar, Malaysia to Indonesia and the Philippines.",,"Honey bees, beetles and thrips (Nagulan VenugopalNagulan VenugopalEster Jones MarbaniangEster Jones Marbaniang, 2017)",#N/A
,Arachis Hypogaea,Peanut,Peanut,Peanut,genus,Fabaceae,Arachis,NA,NA,Accepted,http://www.tropicos.org/Name/40018317,Annual,Annual,Annual,herbaceous,herb,Annual,Herbaceous,Arachis,"0,3",0.50  ,NA,NA,Cultivated,insects,0.5,,,,,,light (sandy) -medium -  heavy (clay),No shade,Moist,07 -> 10,No,"Groundnuts, in shell",Oil crops,Groundnut,#N/A,#N/A,#N/A,,,"Fruits, oil crop",Oil,,,Alim,non-woody seed,4,2,3.33333333333333,alimother,"Of greatest concern is possible contamination of damaged or spoiled seeds with the teratogenic, carcinogenic aflatoxins. Two principal toxins, aflatoxins B, and G, and their less toxic dihydro derivatives, aflatoxins B2 and G2 are formed by the aflatoxin producing moulds (Aspergillus flavus et al). Prevention of mould growth is the mainstay, there being no satisfactory way to remove the toxins from feed and foods (however, peanut oils are free of aflatoxins because of alkaline processing)[269]. Avoid if any suggestion of allergy.",pfaf.org,NA,Not known in a truly wild state.,S. America.,,Insects,#N/A
,Arachis pintoi,Pinto peanut,,Pinto peanut,species,Fabaceae,Arachis,pintoi,NA,Accepted,http://www.tropicos.org/Name/50076991,Perennial,Perennial,Perennial,NA,herb,Perennial,Herbaceous,Arachis,"0,3",0.20  ,NA,Fast,Cultivated,NA,0.2,,,,,,light (sandy) -medium -  heavy (clay),Full sun- Semi shade - No shade,Moist -Wet,08 ->  12,No,"Groundnuts, in shell",Oil crops,#N/A,#N/A,#N/A,#N/A,,,Oil crop,#N/A,,,,Legume forages  Oil plants and by-products ,0,0,3,other,None known,pfaf.org,NA,Low forest with a fairly dense canopy[310 ],S. America - eastern and central Brazil.,,NA,#N/A
,Araucaria angustifolia,"Parana Pine. Brazilian-pine, Candelabra-tree.",,"Parana Pine. Brazilian-pine, Candelabra-tree.",species,Araucariaceae,Araucaria,angustifolia,NA,Accepted,http://www.tropicos.org/Name/2300003,Tree,Evergreen Tree,Evergreen Tree,Evergreen,tree,Perennial,Woody,No,35,35.00  ,NA,Slow,"Cultivated, Ornamental, Wild",Wind,35,NA,NA,NA,NA,,light (sandy) -medium -  heavy (clay),No shade,Moist,09 ->  12,No,NA,#N/A,#N/A,#N/A,#N/A,#N/A,#N/A,,NO_FAO_GROUP,#N/A,NA,NA,NA,NA,2.33333333333333,0.333333333333333,3,alimmediother,None known,pfaf.org,CR - critically endangered,"A dominant component of tropical, seasonal, mixed moist forest, occurring at elevations between 600 - 2,300 metres[349 ].","S. America - southern Brazil, Paraguay, northern Argentina.",,Wind,#N/A
,Archidendron kerrii,NA,,#N/A,species,Fabaceae,Albizia,yunnanensis,NA,Synonym,http://www.tropicos.org/Name/13066484,Deciduous Shrub/Tree,NA,"Perennial, Not climbing, Shrub/Tree",Deciduous,Shrub/tree,Perennial,Woody,Albizia,NULL,NA,NA,NULL,wild,NA,10,NA,NA,NA,NA,,NA,NA,NA,NA,NA,,#N/A,#N/A,#N/A,#N/A,#N/A,#N/A,,NO_FAO_GROUP,#N/A,NA,NA,NA,NA,NA,NA,NA,alimmediother,NA,NA,NA,NA,NA,,NA,#N/A
,Archidendron pauciflorum,NA,,#N/A,species,Fabaceae,Archidendron,pauciflorum,NA,Accepted,https://wcvp.science.kew.org/taxon/914862-1,"Perennial, Not climbing, Tree",Tree,Deciduous Tree,Deciduous,Tree,Perennial,Woody,Archidendron,NULL,15.00  ,NA,NULL,Wild,NA,15,NA,NA,NA,NA,,NA,NA,NA,NA,NA,,#N/A,#N/A,#N/A,#N/A,#N/A,#N/A,,NO_FAO_GROUP,#N/A,NA,NA,NA,NA,0,2,2,,"Although we have no specific information for this species, the seeds of several other members of this genus contain the amino acid derivative djenkolic acid. Ingestion of seed containing this substance can cause the formation of sharp needle-like crystals of djenkolic acid in the kidney or urinary tract. In severe cases, crystals of djenkolic acid have been found in urine. Indeed, people who are suffering from djenkolism show similar symptoms to those suffering from kidney or urinary stones, a condition for which it has been frequently mistaken",NA,NA,"Rain forests and forested slopes at elevations from sea level to 1,200 metres","Southeast Asia - Indonesia, Philippines.",, NA,#N/A
,Areca catechu,NA,Betel_nut,Betel_nut,species,Arecaceae,Areca,catechu,NA,Accepted,http://www.tropicos.org/Name/2401626,"Betel Palm, Betel Nut Palm",Evergreen Tree,Evergreen Tree,Evergreen,Tree,Perennial,Woody,No,15,15.00  ,NA,Medium,"Cultivated, Ornamental, Wild",Wind,15,750,4500,14,36,,light (sandy) -medium - heavy (caly),Semi-shade -No shade,NA,11 ->  12,No,,#N/A,Fruit and nuts,#N/A,#N/A,#N/A,,,"Fruits, nuts",Nut,Other,,,Other?,3,3,4,alimmediother,"Excessive use of this plant causes profuse salivation, vomiting and stupor[ 238 ].",pfaf.org,DD - data deficient,"An understorey plant of tropical, high rainfall forests, from sea level to 1,000 metres or more[ 200 , 297 ].",E. Asia - Philippines,,Wind,#N/A
,Areca spp.,NA,,#N/A,genus,Arecaceae,Areca,NA,spp.,Accepted,http://www.tropicos.org/Name/40018953,NA,NA,Evergreen Tree,Evergreen,Tree,Perennial,Woody,No,NULL,NA,NA,NULL,NA,NA,NULL,NA,NA,NA,NA,,NA,NA,NA,NA,NA,,#N/A,#N/A,#N/A,#N/A,#N/A,#N/A,,NO_FAO_GROUP,#N/A,NA,NA,NA,NA,NA,NA,NA,alimmediother,NA,NA,NA,NA,NA,,NA,#N/A
Only control species,artocarpus chama,,,,,Moraceae,Artocarpus,chama,,,,,,Deciduous Tree,Deciduous,Tree,Perennial,Woody,No,,,,,"Cultivated, Wild",,35,,,,,,,,,,,,#N/A,#N/A,#N/A,Timber,#N/A,#N/A,,,#N/A,Timber,,,,2,0,3,other,,,NA,,,,,
Only control species,artocarpus chaplasha,,,,,Moraceae,Artocarpus,chaplasha,,,,,,Deciduous Tree,Deciduous,Tree,Perennial,Woody,No,,,,,,,,,,,,,,,,,,,#N/A,#N/A,#N/A,#N/A,#N/A,#N/A,,,#N/A,,,,,2,0,3,other,,,NA,,,,,
,Artocarpus heterophyllus,Jackfruit,Jackfruit,Jackfruit,species,Moraceae,Artocarpus,heterophyllus,NA,Accepted,http://www.tropicos.org/Name/21300871,Tree,Evergreen Tree,Evergreen Tree,Evergreen,tree,Perennial,Woody,No,15,15.00  ,NA,Fast,"Cultivated, Wild",insects,15,1000,2400,16,22,,light (sandy) -medium -  heavy (clay),Semi-shade/full sun,Moist,10 ->  12,No,"Fruit, fresh nes (includes subtropical fruits)",Fruits,"Fruit, tropical fresh nes",#N/A,#N/A,Spice,,,Fruits,Fruits,,,Alim,Woody Fruits,5,2,3,alimother,None known,pfaf.org,NA,"Rainforests[ 303 ]. Evergreen forests at elevations of 450 - 1,200 metres[ 525 ].",E. Asia - Indian subcontinent.,,"Insects, Wind",#N/A
,Artocarpus integrifolia,NA,,#N/A,species,Moraceae,Artocarpus,integrifolia,NA,No opinion,http://www.tropicos.org/Name/50136263,NA,Evergreen Tree,Evergreen Tree,Evergreen,Tree,Perennial,Woody,No,NULL,20.00  ,NA,NULL,"Cultivated, Ornamental, Wild",insects,20,1000,2400,16,22,,NA,NA,NA,NA,NA,,#N/A,#N/A,#N/A,#N/A,#N/A,#N/A,ecocrop,"Fruits, vegetables",#N/A,,,Alim,Woody Fruits,4,0,3,alimother,NA,NA,NA,NA,NA,,"Insects, Wind",#N/A
,Asparagus officinalis,NA,,#N/A,species,Asparagaceae,Asparagus,officinalis,NA,Accepted,http://www.tropicos.org/Name/18403589,NA,Perennial,Perennial,NA,herb,Perennial,Herbaceous,No,NULL,1.00  ,NA,NULL,Wild,bees,1,,,,,,NA,NA,NA,NA,NA,,#N/A,Asparagus,#N/A,#N/A,#N/A,,,Vegetables,Vegetable,,,Alim,vegetables,4,3,0.666666666666667,alimmediother,NA,NA,LC - least concern,NA,NA,,Bees,#N/A
,Astronium graveolens,"Diomate (Espa√±ol), Quebracho (Espa√±ol)",,"Diomate (Espa√±ol), Quebracho (Espa√±ol)",species,Anacardiaceae,Astronium,graveolens,NA,Accepted,http://www.tropicos.org/Name/1300086,Tree,Evergreen Tree,Evergreen Tree,Evergreen,tree,Perennial,Woody,No,NULL,35.00  ,NA,NULL,Wild,insects,35,NA,NA,NA,NA,,NA,NA,NA,NA,NA,NA,#N/A,#N/A,#N/A,Timber,#N/A,,,Timber,#N/A,Timber,,,Woody shoot,0,0,3,other,NA,NA,LC - least concern,NA,NA,,Insects,#N/A
,Austroeupatorium inulifolium,NA,,#N/A,species,Asteraceae,Eupatorium,inulifolium,NA,Synonym,http://www.tropicos.org/Name/2702480,NA,Shrub,Shrub/herb,Evergreen,"Herb, Shrub",Perennial,Woody,No,NULL,3.00  ,NA,NULL,Cultivated,NA,3,NA,NA,NA,NA,,NA,NA,NA,NA,NA,,#N/A,#N/A,#N/A,#N/A,#N/A,#N/A,,NO_FAO_GROUP,#N/A,NA,NA,NA,NA,0,0,2,,NA,NA,NA,NA,NA,,NA,#N/A
,Avena fatua,Wild Oats,,Wild Oats,species,Poaceae,Avena,fatua,NA,Accepted,http://www.tropicos.org/Name/25509313,Annual,NA,Annual,herbaceous,herb,Annual,Herbaceous,No,"1,5",NA,NA,NULL,Wild,Wind,1.5,,,,,,light (sandy) -medium -  heavy (clay),No shade,Dry- Moist,Coming soon,Yes,Oats,Cereals,,#N/A,#N/A,#N/A,,,NO_FAO_GROUP,#N/A,,,Alim,cereals,2,1,2,,None known,pfaf.org,LC - least concern,"A common weed of arable land and waste ground[1, 57].",Europe to Asia. Naturalized in Britain[17].,,Wind,#N/A
,Avena sativa,"Oats, Common oat",Oats,"Oats, Common oat",species,Poaceae,Avena,sativa,NA,Accepted,http://www.tropicos.org/Name/25509314,Annual,NA,Annual,herbaceous,herb,Annual,Herbaceous,No,"0,9",NA,NA,NULL,"Cultivated, Wild",wind,0.9,,,,,,light (sandy) -medium -  heavy (clay),No shade,Dry- Moist,Coming soon,Yes,Oats,Cereals,Cereals,#N/A,#N/A,#N/A,,,Cereals,Cereal,,,Alim,cereals,3,3,4,alimmediother,None known,pfaf.org,NA,"Dry wasteland, cultivated ground and meadows, especially on heavier soils[200].",N. Europe. A non-persistent relic of cultivation in Britain[17].,,"Wind, self fertile",#N/A
,Avena strigosa,"Bristle Oats, Black oats",,"Bristle Oats, Black oats",species,Poaceae,Avena,strigosa,NA,Accepted,http://www.tropicos.org/Name/25510744,Annual,NA,Annual,herbaceous,herb,Annual,Herbaceous,No,"0,9",NA,NA,NULL,"Cultivated, Wild",Wind,0.9,,,,,,light (sandy) -medium -  heavy (clay),No shade,Dry- Moist,Coming soon,No,Oats,Cereals,,#N/A,#N/A,#N/A,,,NO_FAO_GROUP,#N/A,,,Alim,cereals,2,0,2,,None known,pfaf.org,DD - data deficient,"Dry wasteland, cultivated ground and meadows, especially on heavier soils[200].",N. Europe. A casual in Britain[17].,,Wind,#N/A
,Averrhoa carambola,"Carambola, Star Fruit",Star_fruit,"Carambola, Star Fruit",species,Oxalidaceae,Averrhoa,carambola,NA,Accepted,http://www.tropicos.org/Name/23700001,Tree,Evergreen Tree,Evergreen Tree,Evergreen,tree,Perennial,Woody,No,8,4.00  ,NA,Slow,"Cultivated, Ornamental, Wild","Bees, Flies",4,NA,NA,NA,NA,,light (sandy) -medium,No shade,Moist,10 ->  12,No,"Fruit, fresh nes (includes subtropical fruits)",Fruits,"Fruit, tropical fresh nes",#N/A,#N/A,Spice,,,Fruits,Fruits,,,Alim,Woody Fruits,4,2,2,alim,The fruit contain soluble oxalates.,pfaf.org,NA,Humid forests and woodland on sandy loam[ 307 ].,E. Asia - Malaysia.,,"Bees, Flies",#N/A
,Azadirachta excelsa,NA,,#N/A,species,Meliaceae,Azadirachta,excelsa,NA,Accepted,https://wcvp.science.kew.org/taxon/577602-1,NA,Deciduous Tree,Deciduous Tree,Deciduous,Tree,Perennial,Woody,No,15,40.00  ,NA,NULL,"Cultivated, Ornamental, Wild","insects, birds",40,1600,3000,21,34,,NA,NA,NA,NA,NA,,#N/A,#N/A,#N/A,Timber,#N/A,,,Timber,#N/A,Timber,,,Woody shoot,2,2,3,other,NA,NA,LC - least concern,NA,NA,,"Fauna, birds",#N/A
,Azadirachta indica,Neem,,Neem,species,Meliaceae,Azadirachta,indica,NA,Accepted,http://www.tropicos.org/Name/20400352,Tree,Evergreen Tree,Evergreen Tree,Evergreen,tree,Perennial,Woody,No,15,15.00  ,NA,Fast,"Cultivated, Wild","Bees, insects",15,400,1200,NA,40,,medium -  heavy (clay),Semi-shade/full sun,Dry- Moist,10 ->  12,Yes,Spices nes,Spices,#N/A,Fuelwood,Timber,#N/A,,,"Fuelwood, Timber",#N/A,Timber,medicinal,,Timber mainly,2,4,5,mediother,"Neem extracts may have toxic effects on fish and other aquatic wildlife and on some beneficial insects. Therefore, care should be taken that any unused extracts are disposed of by exposing them to heat or sunlight to break down the active compounds [303]. Alkaloids in the fruit and bark contain alkaloids that may cause vomiting.",pfaf.org,LC - least concern,Mixed forests[303]. Evergreen lowland forests[307].,"E. Asia - India, Bagladesh, Myanmar.",,"Bees, Insects",#N/A
,Baccharis pilularis,"Dwarf Chaparral Broom, Coyotebrush , Chaparral Broom",,"Dwarf Chaparral Broom, Coyotebrush , Chaparral Broom",species,Asteraceae,Baccharis,pilularis,NA,Accepted,http://www.tropicos.org/Name/2709532,Evergreen Shrub,NA,Shrub,Evergreen,tree,Perennial,Woody,No,"0,5",NA,NA,Fast,"Ornamental, Wild",insects,0.5,NA,NA,NA,NA,,light (sandy) -medium -  heavy (clay),No shade,Dry- Moist,08 -> 10,No,NA,#N/A,#N/A,#N/A,#N/A,#N/A,#N/A,,NO_FAO_GROUP,#N/A,NA,NA,NA,NA,0,1,3,other,None known,pfaf.org,NA,Coastal sand dunes and hills[200].,South-western N. America - California.,,insects,#N/A
,Bactris gasipaes,"Peach Palm, Pupunha",Peach_palm,"Peach Palm, Pupunha",NA,NA,NA,NA,NA,NA,NA,Tree,Evergreen Tree,Evergreen Tree,Evergreen,tree,Perennial,Woody,No,15,15.00  ,NA,Fast,"Cultivated, Ornamental, Wild",insects,15,2000,4000,24,28,,light (sandy) -medium -  heavy (clay),Semi-shade/full sun,Moist,11 ->  12,NA,NA,#N/A,#N/A,#N/A,#N/A,#N/A,#N/A,ecocrop,"Oil crop, fruits",Fruits,Other,,Alim,Woody Fruits,5,2,4,alimother,"The stems are usually heavily armed with rings of very sharp, black spines about 5 cm long[ 314 ].(Plant has spines or sharp edges",pfaf.org,NA,NA,NA,,"Insects, Wind",#N/A
,Bactris sp.,NA,,#N/A,genus,Arecaceae,Bactris,NA,sp.,Accepted,http://www.tropicos.org/Name/40023783,NA,NA,Evergreen Tree,Evergreen,Tree,Perennial,Woody,No,NULL,NA,NA,NULL,NA,NA,NULL,NA,NA,NA,NA,,NA,NA,NA,NA,NA,,#N/A,#N/A,#N/A,#N/A,#N/A,#N/A,,NO_FAO_GROUP,#N/A,NA,NA,NA,NA,NA,NA,NA,alimmediother,NA,NA,NA,NA,NA,,NA,#N/A
,Baillonella toxisperma,"African Pearwood, False Shea Butternut",,"African Pearwood, False Shea Butternut",species,Sapotaceae,Baillonella,toxisperma,NA,Accepted,http://www.tropicos.org/Name/28700859,Tree,Deciduous Tree,Deciduous Tree,Deciduous,tree,Perennial,Woody,No,50,50.00  ,NA,Fast,"Cultivated, Semi-cultivated, Wild",NA,50,NA,NA,NA,NA,,light (sandy) -medium -  heavy (clay),Semi-shade/full sun,Moist,10 ->  12,No,Karite Nuts (Sheanuts),Oil crops,#N/A,#N/A,Timber,#N/A,,,Oil crop,#N/A,Other,,,Woody oil,3,3,4,alimmediother,The residues of oil extraction are sometimes used as fish poison[ 299 ]. Sawdust from the wood can irritate mucous membrances[ 848 ].,pfaf.org,VU - vulnerable,Usually scattered in primary rainforest on all soil types except marshy soil[ 299 ].,"Western tropical Africa - southern Nigeria to Gabon, Congo and south-western DR Congo.",,NA,#N/A
,Balfourodendron riedelianum,NA,,#N/A,species,Rutaceae,Balfourodendron,riedelianum,NA,Accepted,http://www.tropicos.org/Name/28101311,NA,Tree,deciduous Tree,Deciduous,Tree,Perennial,Woody,No,NULL,25.00  ,NA,NULL,Wild,NA,25,NA,NA,NA,NA,,NA,NA,NA,NA,NA,,#N/A,#N/A,#N/A,Timber,#N/A,,,Timber,#N/A,Timber,,,Woody shoot,0,0,3,other,"When working with the wood, dust from the wood may cause irritation to the nose and throat",NA,EN-Endangered,NA,NA,,NA,#N/A
Only control species,barringtonia macrostachya,,,,,Lecythidaceae,Barringtonia,macrostachya,,Accepted,,,,Evergreen Tree,Evergreen,Tree,Perennial,Woody,No,,,,,Wild,"Moths, Bats",10,,,,,,,,,,,,#N/A,#N/A,#N/A,#N/A,#N/A,#N/A,,,#N/A,,,,,2,2,0,,,,NA,,,,,
Only control species,bauhinia forficata,,,Brazilian Orchid Tree,,Fabaceae,Bauhinia,forficata,,,,,,Semi-deciduous Tree,Deciduous,Tree,Perennial,Woody,Bauhinia,,,,Fast,"Ornamental, Wild",Manduca sexta,9,,,,,,"light (sandy), medium (loamy) and heavy (clay) soils",No shade,moist soil,10 -> 12,No,,#N/A,#N/A,#N/A,#N/A,#N/A,#N/A,,,#N/A,,medicinal,,,0,4,3,mediother,None known,,LC - least concern,"Atlantic rainforest, most commonly in secondary formations and only occasionally in dense primary forest, favouring the rich moist soils of the alluvial plains[ 419 ].","S. America - Argentina, Uruguay, Paraguay, southern and eastern Brazil, Bolivia.",,,
,bauhinia variegata,,,orchid tree,species,Fabaceae,Bauhinia,variegata,NA,NA,http://www.worldfloraonline.org/taxon/wfo-0000213330,,Deciduous Tree,Deciduous tree,Deciduous,Tree,Perennial,Woody,Bauhinia,12,NA,NA,NA,NA,NA,12,TODO,TODO,TODO,TODO,,NA,NA,NA,08->11,YES,,#N/A,#N/A,#N/A,#N/A,#N/A,#N/A,ecocrop,vegetables,#N/A,,,,,1.5,2.0,2,alimmedi,None known,,NA,Open valleys with good loamy soil at elevations of 150 - 1800 metres,NA,,NA,#N/A
Only control species,bellucia spp.,,,,,Melastomataceae,Bellucia,,spp.,,,,,NA,,Tree,Perennial,Woody,No,,,,,,,,,,,,,,,,,,,#N/A,#N/A,#N/A,#N/A,#N/A,#N/A,,,#N/A,,,,,,,,,,,NA,,,,,
,Bertholletia excelsa,Brazil Nut,,Brazil Nut,species,Lecythidaceae,Bertholletia,excelsa,NA,Accepted,http://www.tropicos.org/Name/17900013,Tree,Evergreen Tree,Evergreen Tree,Evergreen,Tree,Perennial,Woody,No,40,40.00  ,NA,Medium,"Cultivated, Wild",bees,40,1400,2800,24,27,,light (sandy) -medium -  heavy (clay),No shade,Moist,10 ->  12,No,Brazil nuts,Nuts,Brazil nuts,#N/A,Timber,#N/A,,,"Fruits, nuts, timber",Nut,Timber,,Alim,Woody Fruits,5,2,3,alimother,Nuts from trees growing on barium-rich soils can accumulate up to 0.29% barium and should be avoided due to danger of barium toxicity[ 324 ].,pfaf.org,VU - vulnerable,"Deep, rich, alluvial soils, on slightly raised ground that is not subject to regular or extensive flooding[ 200 ].","North and western S. America - Brazil, Venezuela, the Guyanas.",,Bees,#N/A
,Beta vulgaris,Sugar Beet,Beet_chard,Sugar Beet,species,Amaranthaceae,Beta,vulgaris,NA,Accepted,http://www.tropicos.org/Name/7200163,Biennial,Biennial,"Biennial, not climbing",herbaceous,herb,Biennial,Herbaceous,No,"1,5",0.90  ,NA,NULL,"Cultivated, Ornamental","Wind, Thrips",0.9,,,,,,light (sandy) -medium -  heavy (clay),No shade,Moist,04->08,No,Sugar Beet,Sugar,Sugar crops,#N/A,#N/A,#N/A,,,Sugar crops,Vegetable,NA,NA,Alim,Root/tuber,4,2.66666666666667,1,alimmedi,None known,pfaf.org,NA,Not known in a truly wild situation.,A cultivated form of B. vulgaris maritima that is grown for the sugar content of its root.,,"Wind, Thrips",#N/A
,Bidens pilosa,"Beggar's Ticks, Blackjack, Hairy beggarticks",,"Beggar's Ticks, Blackjack, Hairy beggarticks",species,Asteraceae,Bidens,pilosa,NA,Accepted,http://www.tropicos.org/Name/2700301,Annual,Annual,Annual,herbaceous,herb,Annual,Herbaceous,No,1,0.60  ,NA,NULL,"Cultivated, Semi-cultivated, Wild","Bees, Hoverflies",0.6,,,,,,light (sandy) -medium -  heavy (clay),No shade,Moist,Coming soon,Yes,NA,#N/A,#N/A,#N/A,#N/A,#N/A,#N/A,,NO_FAO_GROUP,#N/A,NA,NA,NA,NA,2,2.66666666666667,1.66666666666667,mediother,"The roots, leaves and flowers are strongly phototoxic, the achenes weakly so[218]. Substances isolated from the leaves can kill human skin in the presence of sunlight at concentrations as low as 10ppm[218].",pfaf.org,NA,"Damp lowland fields and wasteland, North and Kermadec Islands[44]. Moist, open neglected places at elevations of 700 - 2000 metres in Nepal[272].",New Zealand. A pantropical weed[272].,,"Bees, Hoverflies, Self",#N/A
,Bischofia javanica,NA,,#N/A,species,Phyllanthaceae,Bischofia,javanica,NA,Accepted,http://www.tropicos.org/Name/12801991,NA,Semi-deciduous Tree,Semi-deciduous Tree,Semi-deciduous,Tree,Perennial,Woody,No,15,30.00  ,NA,NULL,"Cultivated, Ornamental, Wild",bees,30,NA,NA,NA,NA,,NA,NA,NA,NA,NA,,#N/A,#N/A,#N/A,Timber,#N/A,,,Timber,#N/A,Timber,,,Woody shoot,2,2,3,other,NA,NA,LC - least concern,NA,NA,,bees (https://indiabiodiversity.org/),#N/A
,Bixa orellana,"Annatto (Lipstick Plant, Urucum, Colorau, Achiote )",Annato,"Annatto (Lipstick Plant, Urucum, Colorau, Achiote )",NA,NA,NA,NA,NA,NA,NA,Tree,Evergreen Tree,Evergreen Tree,Evergreen,tree,Perennial,Woody,No,5,5.00  ,NA,Fast,"Cultivated, Ornamental, Wild",bees,5,1250,2000,20,26,,light (sandy) -medium,Semi-shade/full sun,Moist,10 ->  12,NA,NA,#N/A,#N/A,#N/A,Timber,#N/A,,,Timber,Herbs and spices,Timber,,,Timber mainly,3,3,4,alimmediother,Poison: A waxy substance that has paralytic action on mammalian intestinal parasites is present in the seed coat. Bixin extracted from the seed coat is used in India as an insect repellent.,pfaf.org,LC - least concern,Coastal and inland thickets[ 307 ]. Tropical forests[ 254 ].,"S. America - Argentina, Paraguay, Brazil, Bolivia, Peru, Ecuador, Colombia, Venezuela, the Guyanas",,Bees,#N/A
,Blepharidium guatemalense,NA,,#N/A,species,Rubiaceae,Blepharidium,mexicanum,NA,Synonym,http://www.tropicos.org/Name/27900402,NA,NA,NA,NA,herb,Perennial,Woody,No,NULL,NA,NA,NULL,NA,NA,70,,,,,,NA,NA,NA,NA,NA,,#N/A,#N/A,#N/A,#N/A,#N/A,#N/A,,NO_FAO_GROUP,#N/A,NA,NA,NA,NA,NA,NA,NA,alimmediother,NA,NA,LC - least concern,NA,NA,,NA,#N/A
,boerhaavia diffusa,,,"Tar Vine, Red spiderling",species,Nyctaginaceae,Boerhavia,diffusa,NA,NA,http://www.worldfloraonline.org/taxon/wfo-0000567916,,NA,Herbaceous perennial,herbaceous,herb,Perennial,Herbaceous,No,NULL,NA,NA,NA,NA,NA,0.70,TODO,TODO,TODO,TODO,,NA,NA,NA,08->11,YES,,#N/A,#N/A,#N/A,#N/A,#N/A,#N/A,,NO_FAO_GROUP,#N/A,,medicinal,,"Leaves, root , seeds",2,4,1,medi,NA,NA,NA,"A pioneer of bare areas[154], usually found on dry sandy soils","Australia - New South Wales, Queensland, South Australia, Victoria.",,NA,#N/A
,bombacopsis quinatum,,,NA,species,Malvaceae,Bombacopsis,quinata,NA,Illegitimate,https://powo.science.kew.org/taxon/urn:lsid:ipni.org:names:2679035,,NA,NA,Deciduous,Tree,Perennial,Woody,No,NULL,NA,NA,Fast,Wild,NA,40,TODO,TODO,TODO,TODO,,NA,NA,NA,NA,NA,,#N/A,#N/A,#N/A,#N/A,#N/A,#N/A,,NO_FAO_GROUP,#N/A,,,,,NaN,NaN,NA,alimmediother,None known,,VU - vulnerable,"Lowland wet forest[200
]. Dry to very dry, or wet tropical forests[303
]. Common in more open forests, mostly on well-drained, often gravelly soils on the upper slopes of low hills and ridges","S. America - Colombia, Venezuela; C. America - Panama, Costa Rica, Nicaragua.",,NA,#N/A
Only control species,bombax ceiba,,,"Red Silk Cotton Tree, Kapok Tree",,Malvaceae,Bombax,ceiba,,,,,,Deciduous Tree,Deciduous,Tree,Perennial,Woody,No,,,,,"Cultivated, Ornamental, Wild",,25,,,,,,,,,10 -> 12,No,,#N/A,#N/A,#N/A,Timber,#N/A,#N/A,,,#N/A,Timber,,,,2,2,4,other,Seed is poisonous if ingested,,LC - least concern,"Hot, dry river valleys, savannah; at elevations below 1,400 metres in southern China[ 266 ]. Humid lowland deciduous forests[ 307 ]. Often found near stream banks[ 320 ].","E. Asia - southern China, Indian subcontinent, Myanmar, Thailand, Laos, Vietnam, Malaysia, Indonesia, Philippines to Papua New Guinea and Australia.",,,
,bouteloua curtipendula,,,sideoats grama,species,Poaceae,Bouteloua,curtipendula,NA,Accepted,http://www.worldfloraonline.org/taxon/wfo-0000853887,,NA,Herbaceous perennial,herbaceous,herb,Perennial,Herbaceous,No,NULL,NA,NA,NA,NA,Wind,1,NA,NA,NA,NA,,NA,NA,NA,NA,NA,,#N/A,#N/A,#N/A,#N/A,#N/A,#N/A,ecocrop,forage,#N/A,Forage,,,,NaN,NaN,NA,alimmediother,NA,,NA,NA,NA,,wind,#N/A
,brachiaria brizantha,,,Bread grass,species,Poaceae,Brachiaria,brizantha,NA,Accepted,http://www.worldfloraonline.org/taxon/wfo-0000854060,,Evergreen Perennial,NA,Evergreen,herb,Perennial,Herbaceous,No,NULL,NA,NULL,NA,Cultivated,Wind,0.7,NA,NA,NA,NA,,NA,"Full sun, Semi-shade",NA,NA,YES,,#N/A,#N/A,#N/A,#N/A,#N/A,#N/A,ecocrop,forage,#N/A,Forage,,,,0.0,0.0,2,alimmedi,"The plant (when used as the main foodstuff), has been known to cause photosensitization in sheep and goats, though in Brazil, where the grass is widely used in pastures, no photosensitization effects on cattle have been observed",,NA,NA,"Africa - Gambia to Eritrea and Somalia, south to S. Africa, Madagascar and the Seychelles; Arabian Peninsula - Yemen",,Wind,#N/A
,brachiaria decumbens,,,NA,species,Poaceae,Brachiaria,decumbens,NA,NA,http://www.worldfloraonline.org/taxon/wfo-0000854081,,Evergreen Perennial,NA,Evergreen,herb,Perennial,Herbaceous,No,NULL,NA,NULL,NA,Cultivated,Wind,1,NA,NA,NA,NA,,NA,NA,NA,NA,YES,,#N/A,#N/A,#N/A,#N/A,#N/A,#N/A,ecocrop,forage,#N/A,Forage,,,,0.0,0.0,2,alimmedi,"A widespread, but sporadic, toxicity syndrome associated with Brachiaria decumbens is hepatogenous photosensitization. The exact causes are not understood, but some researchers believe that an infestation of the grass by the saprophytic fungus Pithomyces chatarum, which produces spores thought to contain the toxin sporidesmin",,NA,"A weed in Australia, growing in tropical heaths, tropical and subtropical rain forests, tropical and subtropical wet sclerophyll forests, and tropical and subtropical sub-humid woodlands","Tropical Africa - DR Congo, Uganda, Burundi, Rwanda, Kenya, Tanzania",,Wind,#N/A
,brachiaria humidicola,,,"Koronivia grass, Amazonian kikuyu grass, coronivia grass, creeping signal grass, false creeping paspalum [English]; braquiaria dulce, humidícola, kikuyu de la Amazonia, pasto dulce, pasto humidícola [Spanish]; capim agulha, ponudinho, quicuio da Amazônia [Portuguese]; ya humidicola ",,Poaceae,Brachiaria,humidicola,,,,,,Perenial grass,herbaceous,herb,Perennial,Herbaceous,,,,,NA,"Cultivated, Wild",wind,1,,,,,,NA,NA,NA,NA,NA,,,#N/A,,,,,ecocrop,Forage,Forage,Forage,NA,NA,NA,NA,NA,NA,,NA,,,NA,NA,East and South-East Africa,Wind,
,brachiaria ruziziensis,,,NA,species,Poaceae,Brachiaria,ruziziensis,NA,NA,http://www.worldfloraonline.org/taxon/wfo-0000854234,,NA,NA,Evergreen,herb,Perennial,Herbaceous,No,NULL,NA,NA,NA,NA,Wind,1,NA,NA,NA,NA,,NA,NA,NA,NA,YES,,#N/A,#N/A,#N/A,#N/A,#N/A,#N/A,ecocrop,forage,#N/A,Forage,,,,NaN,NaN,NA,alimmediother,NA,,NA,NA,NA,,Wind,#N/A
Only control species,brassica chinensis,,,,,Brassicaceae,Brassica,chinensis,,,,,,Biennial,,herb,Annual,herbaceous,No,,,,,,,,,,,,,,,,,,,#N/A,,#N/A,#N/A,#N/A,#N/A,,,Vegetable,,,Alim,Leaves/fruits,4,2,2,alim,,,NA,,,,,
Only control species,brassica compestris,,,,,Brassicaceae,Napus,campestris,,Synonym,,,,NA,,herb,herb,herbaceous,No,,,,,,,,,,,,,,,,,,,#N/A,#N/A,#N/A,#N/A,#N/A,#N/A,,,#N/A,,,,,,,,,,,NA,,,,,
,Brassica juncea,Brown Mustard,Musttard,Brown Mustard,species,Brassicaceae,Brassica,juncea,NA,Accepted,http://www.tropicos.org/Name/4105206,Annual,Annual,Annual,herbaceous,herb,Annual,Herbaceous,No,"0,8",0.75  ,NA,NULL,"Cultivated, Wild",bees,0.75,,,,,,light (sandy) -medium -  heavy (clay),Semi-shade/full sun,Moist,06 -> 09,Yes,Mustard seed,Oil crops,#N/A,#N/A,#N/A,Spice,,,"Fruits, oil crop, spices",#N/A,,,Alim,oilseeds,4,2,2.66666666666667,alimother,Mustard allergy possibly especially in children and adolescents. Retention of seeds possibly in intestines if taken internally [301].,pfaf.org,NA,Cornfields in Britain[17].,N. Europe to C. Asia. Rarely naturalized in Britain[17].,,Bees,#N/A
,Brassica napus,"Colza, Rape",Rapeseed,"Colza, Rape",species,Brassicaceae,Brassica,napus,NA,Accepted,http://www.tropicos.org/Name/4100068,Annual/Biennial,NA,Annual/Biennial,herbaceous,herb,Annual/Biennial,Herbaceous,No,"1,2",NA,NA,NULL,Wild,bees,17,,,,,,light (sandy) -medium -  heavy (clay),Semi-shade/full sun,Moist,06 -> 09,No,Rapeseed,Oil crops,Rapeseed,#N/A,#N/A,#N/A,,,"Fruits, oil crop",Vegetable,,,Alim,non-woody seed,3,2,3,alimother,"The oil contained in the seed of some varieties of this species can be rich in erucic acid which is toxic. However, modern cultivars have been selected which are almost free of erucic acid.",pfaf.org,NA,"Banks of streams, ditches and arable fields in Britain[17].",Europe - Mediterranean. Naturalized in Britain[17].,,"Bees, Self",#N/A
,Brassica nigra,Black Mustard,Mustard,Black Mustard,species,Brassicaceae,Brassica,nigra,NA,Accepted,http://www.tropicos.org/Name/4100069,Annual,Annual,Annual,herbaceous,herb,Annual,Herbaceous,No,"1,2",1.20  ,NA,NULL,"Cultivated, Wild","Bees, Flies",1.2,,,,,,light (sandy) -medium,Semi-shade/full sun,Moist,06 -> 09,Yes,Mustard seed,Oil crops,Mustard,#N/A,#N/A,"Spice, Essential oil, A",,,"Fruits, oil crop, spices",#N/A,,,Alim,oilseeds,3,3,3.33333333333333,alimmediother,"When eaten in large quantities, the seed and pods have sometimes proved toxic to grazing animals[85]. Mustard allergy possibly especially in children and adolescents. Retention of seeds possibly in intestines if taken internally [301].",pfaf.org,LC - least concern,Cliffs near the sea in S. W. England[17].,C. Europe. Occasionally naturalized in S.W. Britain[17].,,"Bees, Flies",#N/A
,Brassica oleracea,"Wild Cabbage, Broccoli, Tronchuda cabbage, Brussels sprouts, Kohlrabi, Sprouting broccoli",Cabbage,"Wild Cabbage, Broccoli, Tronchuda cabbage, Brussels sprouts, Kohlrabi, Sprouting broccoli",species,Brassicaceae,Brassica,oleracea,NA,Accepted,http://www.tropicos.org/Name/4100070,Biennial/Perennial,NA,Biennial/Perennial,herbaceous,herb,Biennial,Herbaceous,No,"1,2",NA,NA,NULL,Wild,bees,17,,,,,,light (sandy) -medium -  heavy (clay),Semi-shade/full sun,Moist,06 -> 09,No,Cabbages,Vegetables,#N/A,#N/A,#N/A,#N/A,,,Vegetables,Vegetable,,,Alim,vegetables,4,2,3,alimother,None known,pfaf.org,DD - data deficient,A rare plant of sea cliffs[5].,Coastal regions of the Mediterranean and W. Europe north to France and Britain.,,"bees, self",#N/A
,Brassica rapa,"Turnip, Field mustard, Toria, Yellow sarson",Turnip,"Turnip, Field mustard, Toria, Yellow sarson",species,Brassicaceae,Raphanus,campestris,NA,Synonym,http://www.tropicos.org/Name/100359779,BIENNIAL,NA,NA,herbaceous,herb,"annual, biennial, perennial",Herbaceous,No,"0,5",NA,NA,NULL,Wild,bees,0.5,,,,,,NA,NA,NA,07-> 11,YES,Turnip,#N/A,#N/A,#N/A,#N/A,#N/A,,,Vegetables,Vegetable,,,Alim,vegetables,"3,00","1,00","1,00",alim,none known,NA,NA,Not known in the wild.,Derived in cultivation.,,"Bees, self",#N/A
,Brassica spp.,NA,,#N/A,genus,Brassicaceae,Brassica,NA,spp.,Accepted,http://www.tropicos.org/Name/40031161,NA,NA,NA,herbaceous,herb,Annual,Herbaceous,No,NULL,NA,NA,NULL,Cultivated,NA,NULL,,,,,,NA,NA,NA,NA,NA,,#N/A,#N/A,#N/A,#N/A,#N/A,,,Vegetables,#N/A,,,Alim,vegetables,NA,NA,NA,alimmediother,NA,NA,NA,NA,NA,,NA,#N/A
Only control species,bravaisia integerrima,,,,,Acanthaceae,Bravaisia,integerrima,,Accepted,,,,NA,,Tree,Perennial,Woody,No,,,,,,,,,,,,,,,,,,,#N/A,#N/A,#N/A,#N/A,#N/A,#N/A,,,#N/A,,,,,,,,,,,LC - least concern,,,,,
,Bridelia micrantha,NA,,#N/A,species,Phyllanthaceae,Bridelia,micrantha,NA,Accepted,http://www.tropicos.org/Name/12802896,NA,Semi-deciduous Tree,Semi-deciduous Tree,Semi-deciduous,Tree,Perennial,Woody,No,NULL,20.00  ,NA,NULL,"Ornamental, Wild",NA,20,800,2500,18,28,,NA,NA,NA,NA,NA,,#N/A,#N/A,Fuelwood,Timber,#N/A,,,"Fuelwood, Timber",#N/A,Timber,,,Timber mainly,3,3,3,alimmediother,NA,NA,LC - least concern,NA,NA,,NA,#N/A
,Bromus inermis,"Smooth Brome, Pumpelly's brome",,"Smooth Brome, Pumpelly's brome",species,Poaceae,Bromus,inermis,NA,Accepted,http://www.tropicos.org/Name/25509399,Perennial,NA,"Perennial, not climbing",NA,herb,Perennial,Herbaceous,No,"1,2",NA,NA,NULL,Wild,Wind,1,,,,,,light (sandy) -medium -  heavy (clay),Semi-shade/full sun,Dry- Moist,03->07,Yes,NA,#N/A,#N/A,#N/A,#N/A,#N/A,#N/A,ecocrop,forage,#N/A,NA,NA,NA,NA,0,0,2,,None known,pfaf.org,NA,Not known,"N. Europe, eastwards to China.",,wind ,#N/A
,Bromus spp.,NA,,#N/A,genus,Poaceae,Bromus,NA,spp.,Accepted,http://www.tropicos.org/Name/40031910,NA,NA,NA,herbaceous,herb,Annual/Perennial,Herbaceous,No,"1,2",NA,NA,NULL,NA,Wind,NULL,,,,,,NA,NA,NA,NA,NA,,#N/A,#N/A,#N/A,#N/A,#N/A,,ecocrop,forage,#N/A,,,,NA,NA,NA,NA,alimmediother,NA,NA,NA,NA,NA,,wind,#N/A
,brosimum alicastrum,,,Breadnut. Maya nut,species,Moraceae,Brosimum,alicastrum,NA,NA,http://www.worldfloraonline.org/taxon/wfo-0000572378,,Evergreen Tree,NA,Evergreen,Tree,Perennial,Woody,No,30,NA,NA,NA,NA,bees,30,TODO,TODO,TODO,TODO,,NA,NA,NA,10 -> 12,Yes,,#N/A,#N/A,#N/A,Timber,#N/A,#N/A,,Timber,#N/A,,,,,3.0,2.0,"2,5",alimmedi,None known,,LC - least concern,"A canopy tree in seasonally flooded or dry limestone woodland[307]. Moist or wet forest, ascending to about 1,000 metres but mostly at 300 metres or less in Guatemala[331].","S. America - Brazil, Bolivia, Peru, Ecuador, Colombia, Venezuela, Guyana; C. America - Panama to Mexico.",,bees,#N/A
,Bunchosia glandulifera,"cerezo, ciruela, ciruela silvestre",,"cerezo, ciruela, ciruela silvestre",species,Malpighiaceae,Bunchosia,glandulifera,NA,Accepted,http://www.tropicos.org/Name/19500136,shrub,NA,Evergreen Tree,Evergreen,Shrub,Perennial,Woody,No,"3,05-4,57  ",NA,NA,NULL,NA,NA,4.5,NA,NA,NA,NA,,NA,NA,NA,10,NA,"cerezo, ciruela, ciruela silvestre",#N/A,#N/A,#N/A,#N/A,#N/A,#N/A,,NO_FAO_GROUP,#N/A,NA,NA,NA,NA,"0,00","2,00","0,00",,NA,NA,LC - least concern,NA,NA,,NA,#N/A
,Bursera simaruba,"Gum Tree, Gumbo Limbo",,"Gum Tree, Gumbo Limbo",NA,NA,NA,NA,NA,NA,NA,Tree,Tree,Deciduous Tree,Deciduous,tree,Perennial,Woody,No,20,25.00  ,NA,Medium,"Ornamental, Wild",bees,25,800,3000,18,25,,light (sandy) -medium -  heavy (clay),Semi-shade/full sun,Dry- Moist,10 ->  12,NA,NA,#N/A,#N/A,#N/A,Timber,#N/A,,,Timber,#N/A,Timber,,,Timber mainly,2,2,4,other,None known,pfaf.org,LC - least concern,"Generally found in dry forests, but sometimes in wetter forests",NA,,"Insects, especially bees",#N/A
,Byrsonima sp.,NA,,#N/A,genus,Malpighiaceae,Byrsonima,NA,sp.,Accepted,http://www.tropicos.org/Name/40033805,NA,NA,Evergreen Tree,Evergreen,Tree,Perennial,Woody,No,NULL,NA,NA,NULL,NA,NA,NULL,NA,NA,NA,NA,,NA,NA,NA,NA,NA,,#N/A,#N/A,#N/A,#N/A,#N/A,#N/A,,NO_FAO_GROUP,#N/A,NA,NA,NA,NA,NA,NA,NA,alimmediother,NA,NA,NA,NA,NA,,NA,#N/A
,Cajanus cajan,"Pigeon Pea, Puerto Rico Bean, Gandul, Dhal, Congo Pea",Pigeon_pea,"Pigeon Pea, Puerto Rico Bean, Gandul, Dhal, Congo Pea",species,Fabaceae,Cajanus,cajan,NA,Accepted,http://www.tropicos.org/Name/13046795,Evergreen Shrub,Shrub,Evergreen Shrub,Evergreen,Shrub,Annual,Woody,Cajanus,4,4.00  ,NA,Fast,Cultivated,"bees, insects",4,400,2500,18,38,,light (sandy) -medium -  heavy (clay),No shade,Moist,09 ->  12,No,"Peas, dry",Pulses,Leguminous crops,#N/A,#N/A,#N/A,,,Leguminous crops,#N/A,,,Alim,Woody leguminous crop,4,2,3.33333333333333,alimother,None known,pfaf.org,NA,"Not known in a truly wild situation. It is , however, sometimes found in grassy habitats in savannahs, shrubland and waste land[ 404 ].",E. Asia - India.,,"Self, Bees, Insects",#N/A
,Calliandra calothyrsus,NA,,#N/A,species,Fabaceae,Calliandra,calothyrsus,NA,Accepted,http://www.tropicos.org/Name/13004761,NA,Evergreen Shrub,Evergreen Shrub,Evergreen,Shrub,Perennial,Woody,Calliandra,5-6,6.00  ,NA,NULL,"Cultivated, Ornamental, Wild","Insects, Bats",6,700,4000,20-22,28,,NA,NA,NA,10 ->  12,Yes,,#N/A,#N/A,#N/A,#N/A,#N/A,#N/A,ecocrop,erosion control,#N/A,Other,,,Other?,0,0,5,other,None known,NA,NA,"Secondary vegetation, often in thickets[ 303 ]. It is an aggressive colonizer on disturbed sites such as recent landslides and roadsides[ 303 ]. Dry to wet thickets, often on steep open slopes, at elevations of 300 - 1,800 metres[ 331 ].","Central America - central Panama, north to southern Mexico.",,"Insects, Bats",#N/A
,Calliandra spp.,NA,,#N/A,genus,Fabaceae,Calliandra,NA,spp.,Accepted,http://www.tropicos.org/Name/40034910,x,NA,NA,NA,herb,Perennial,Herbaceous,Calliandra,NULL,NA,NA,NULL,NA,NA,NULL,,,,,,NA,NA,NA,NA,NA,,#N/A,#N/A,#N/A,#N/A,#N/A,#N/A,,NO_FAO_GROUP,#N/A,NA,NA,NA,NA,NA,NA,NA,alimmediother,NA,NA,NA,NA,NA,,NA,#N/A
,Callicarpa americana,"American Beautyberry, Beautyberry, French Mulberry, American Beautyberry",,"American Beautyberry, Beautyberry, French Mulberry, American Beautyberry",species,Lamiaceae,Callicarpa,americana,NA,Accepted,http://www.tropicos.org/Name/33700896,Deciduous Shrub,NA,Deciduous Shrub,Deciduous,shrub,Perennial,Woody,No,"1,8",NA,NA,Slow,"Ornamental, Wild",NA,15,NA,NA,NA,NA,,Medium,Semi-shade/full sun,Moist,07 -> 10,No,"Fruit, fresh nes (includes subtropical fruits)",Fruits,#N/A,#N/A,#N/A,#N/A,,,Fruits,#N/A,,,Alim,Woody Fruits,2,2,0,,None known,pfaf.org,LC - least concern,Rich woods and thickets[43].,South-eastern N. America - Florida to Texas and north to Oklahoma and Arkansas.,,NA,#N/A
,Calophyllum brasiliense,Brazil Beauty-Leaf,,Brazil Beauty-Leaf,species,Calophyllaceae,Calophyllum,brasiliense,NA,Accepted,http://www.tropicos.org/Name/7800054,Tree,Evergreen Tree,Evergreen Tree,Evergreen,tree,Perennial,Woody,No,30,30.00  ,NA,Fast,"Cultivated, Ornamental, Wild",insects,30,1500,6000,NA,25,,light (sandy) -medium -  heavy (clay),Semi-shade/full sun,Moist,10 ->  12,Yes,NA,#N/A,#N/A,#N/A,Timber,#N/A,,,Timber,#N/A,Timber,,,Timber mainly,0,2,4,other,The fruit is poisonous[ 309 ].,pfaf.org,LC - least concern,"Found in subtropical moist forests, lowland evergreen rainforests and lower montane rainforests, where it forms part of the canopy[ 303 ].",Northern S. America from Brazil northwards to Mexico and the West Indies.,,Insects,#N/A
,Calophyllum inophyllum,NA,,#N/A,species,Calophyllaceae,Calophyllum,inophyllum,NA,Accepted,http://www.tropicos.org/Name/7800684,√Årbol,Evergreen Tree,Evergreen Tree,Evergreen,Tree,Perennial,Woody,No,NULL,15.00  ,NA,NULL,"Ornamental, Wild",insects,15,750,5000,7-18,37-48,,NA,NA,NA,NA,NA,,#N/A,#N/A,#N/A,Timber,#N/A,,,Timber,#N/A,Timber,,,Woody shoot,1,3,3,mediother,NA,NA,LC - least concern,NA,NA,,Insects,#N/A
Only control species,calophyllum spp.,,,,,Calophyllaceae,Calophyllum,,spp.,,,,,NA,,Tree,Perennial,Woody,No,,,,,,,,,,,,,,,,,,,#N/A,#N/A,#N/A,#N/A,#N/A,#N/A,,,#N/A,,,,,,,,,,,NA,,,,,
,calopogonium mucunoides,"Calopo, Wild ground nut",,"Calopo, Wild ground nut",species,Fabaceae,Calopogonium,mucunoides,NA,Accepted,http://www.tropicos.org/Name/13045056,Climber,Climber,Climber,herbaceous,herb climber,Annual/Perennial,Herbaceous,Calopogonium,5,5.00  ,NA,Fast,Cultivated,insects,5,,,,,,light (sandy) -medium -  heavy (clay),No shade,Moist,10 ->  12,Yes,"Groundnuts, in shell",Oil crops,#N/A,#N/A,#N/A,#N/A,,,Oil crop,#N/A,NA,NA,NA,NA,0,0,3,other,None known,pfaf.org,NA,Not known,Tropical America and the West Indies.,,Insects,#N/A
Only control species,calycophyllum candidissimum,,,,,Rubiaceae,Calycophyllum,candidissimum,,Accepted,,,,Deciduous Tree,Deciduous,Tree,Perennial,Woody,No,,,,,,,,,,,,,,,,,,,#N/A,#N/A,#N/A,#N/A,#N/A,#N/A,,,#N/A,,,,,0,0,3,other,,,LC - least concern,,,,,
Only control species,calycophyllum spruceanum,,,,,Rubiaceae,Calycophyllum,spruceanum,,Accepted,,,,Evergreen Tree,Evergreen,Tree,Perennial,Woody,No,,,,Medium,"Ornamental, Wild",,25,,,,,,,,,,,,#N/A,#N/A,#N/A,#N/A,#N/A,#N/A,,,#N/A,,,,,0,0,2,,,,NA,,,,,
Only control species,calyptranthes sp.,,,,,Myrtaceae,Calyptranthes,,sp.,Synonym,,,,NA,,Trees/shrubs,Perennial,Woody,No,,,,,,,,,,,,,,,,,,,#N/A,#N/A,#N/A,#N/A,#N/A,#N/A,,,#N/A,,,,,,,,,,,NA,,,,,
,Camellia oleifera,"ea-Oil Plant, Tea Oil Camellia",,"ea-Oil Plant, Tea Oil Camellia",species,Theaceae,Camellia,oleifera,NA,Accepted,http://www.tropicos.org/Name/31600017,Shrub,Evergreen Shrub,Evergreen Shrub,Evergreen,Shrub,Perennial,Woody,No,4,4.00  ,NA,Slow,"Cultivated, Ornamental, Wild",bees,4,NA,NA,NA,NA,,light (sandy) -medium,Semi-shade/full sun,Moist,06 -> 09,No,Tea,Stimulants,#N/A,#N/A,#N/A,#N/A,,,Stimulant,#N/A,,medicinal,Alim,Woody Fruits,2.66666666666667,2,2.66666666666667,alimother,None known,pfaf.org,LC - least concern,"Forests, thickets, banks of streams and foothills at elevations of 500 - 1300 metres[109, 266].",E. Asia - China,,Bees,#N/A
,Camellia sinensis,"Tea Plant, Assam tea, Tea Tree Camellia",Tea,"Tea Plant, Assam tea, Tea Tree Camellia",species,Theaceae,Camellia,sinensis,NA,Accepted,http://www.tropicos.org/Name/31600230,Evergreen Shrub,NA,Evergreen Shrub,Evergreen,Shrub,Perennial,Woody,No,4,NA,NA,Slow,Wild,bees,4,NA,NA,NA,NA,,light (sandy) -medium,S,Moist,07 -> 09,No,Tea,Stimulants,Tea,#N/A,#N/A,#N/A,,,"Stimulant, spice, aromatic",Stimulants,,medicinal,Alim,Woody leaves; medicinal,4,4,3,alimmediother,"Care in patients with heart disease and in those with increased thyroid gland activity. Do not exceed 300mg/day if Pregnant (5 cups). Children may develop anaemia if excessive amounts. Hapatitis possible if products have high doses of green tea extract. Long-term intake over 1.5g caffeine per day can lead to: restlessness, irritability, sleeplessness, palpitations, vertigo, headaches, loss of appetite, vomiting and diarrhoea [301].",pfaf.org,DD - data deficient,Shaded areas[192] at an elevation of 2100 - 2700 metres in Yunnan[11].,E. Asia - China? Exact origin is uncertain.,,"bees, no self",#N/A
,Canarium schweinfurthii,NA,,#N/A,species,Burseraceae,Canarium,schweinfurthii,NA,Accepted,http://www.tropicos.org/Name/4700335,NA,Evergreen Tree,Evergreen Tree,Evergreen,Tree,Perennial,Woody,No,30 (45)  ,30.00  ,NA,NULL,"Cultivated, Ornamental, Semi-cultivated, Wild",insects,30,NA,NA,NA,NA,,NA,NA,NA,NA,NA,,#N/A,#N/A,Fruit pulp and seed oil/fat,#N/A,#N/A,,,"Fruits, oil crop",#N/A,,,Alim,Woody Fruits,2,3,3,mediother,NA,NA,LC - least concern,NA,NA,,Insects,#N/A
,Canavalia ensiformis,"Awara, Bara Sem, Bu-wal-awara, Cocorico, Dolique, Garde Place, Gros Pois, Haba Criolla, Horse Bean, Horsebean, Jack Bean, Jackbean, Jangli Sem, Kadsambal, Overlook Bean, Pipi, Pois de Sabre, Pois Maldioc, Pois Sabre, Sabre-Bean, Sufed Kadsumbal, Sword Bea",,"Awara, Bara Sem, Bu-wal-awara, Cocorico, Dolique, Garde Place, Gros Pois, Haba Criolla, Horse Bean, Horsebean, Jack Bean, Jackbean, Jangli Sem, Kadsambal, Overlook Bean, Pipi, Pois de Sabre, Pois Maldioc, Pois Sabre, Sabre-Bean, Sufed Kadsumbal, Sword Bea",species,Fabaceae,Canavalia,ensiformis,NA,Accepted,http://www.tropicos.org/Name/13027790,NA,Annual/Perennial,Annual/Perennial,herbaceous,herb,Annual,Herbaceous,Canavalia,NULL,1.00  ,NA,NULL,Cultivated,insects,1,,,,,,NA,NA,NA,NA,NA,NA,#N/A,"Pulses, Other",#N/A,#N/A,#N/A,#N/A,ecocrop,vegetables,#N/A,NA,NA,Alim,pods,3,1,2,alim,NA,NA,NA,NA,NA,,"Insects, Self",#N/A
,Cannabis sativa subsp. indica,"Hemp, Marijuana",,"Hemp, Marijuana",species,Cannabaceae,,,,,https://www.tropicos.org/name/21302042,,,Annual,herbaceous,herb,Annual,Herbaceous,No,"2,5",,,NA,NA,Wind,2.5,,,,,,NA,Full sun,Moist,08-> 11,YES,NA,#N/A,#N/A,#N/A,#N/A,#N/A,#N/A,,NO_FAO_GROUP,#N/A,NA,medicinal,Alim,Leaves,"4,00","4,00","4,00",alimmediother,"The plant is a narcotic (legally) in some countries[19, 76]. Its action is almost entirely on the higher nerve centres, it can produce an exhilarating intoxication with hallucinations and is a widely used street drug[4]. It has also been widely used in the past by mystics and sages wanting to communicate with the higher forces of nature. The nature of its effect does depend much on the temperament of the individual[4]. The use of cannabis is considered to be less harmful than alcohol or tobacco by many people, nevertheless its use has been banned in many countries of the world including most western countries, New Zealand and Australia.",,NA,Fluvial deposits on crags and stony slopes[74]. It is occasionally found as a casual on waste ground in Britain[17]. It is especially found as a weed of nitrogen-rich soils near human habitations[238],W. Asia - Iran to India. A casual in Britain[17],,wind (Flicker et al; 2020),#N/A
,Capsicum annuum,"Sweet Pepper, Cayenne Pepper, Chili Pepper, Christmas Pepper, Red Pepper, Ornamental Chili Pepper",Pepper,"Sweet Pepper, Cayenne Pepper, Chili Pepper, Christmas Pepper, Red Pepper, Ornamental Chili Pepper",species,Solanaceae,Capsicum,annuum,NA,Accepted,http://www.tropicos.org/Name/29600002,Perennial,Evergreen Perennial,Evergreen Perennial,Evergreen,herb,Perennial,Herbaceous,No,1,1.00  ,NA,Medium,Cultivated,insects,1,,,,,,light (sandy) -medium -  heavy (clay),No shade,Moist,10-> 11,No,Pepper,Spices,#N/A,#N/A,#N/A,"Spice, O",,,"Stimulant, aromatic, spices",#N/A,NA,NA,Alim,Fruits,4,3,0.666666666666667,alimmediother,"Pungent-fruited peppers may cause painful irritation when used in excess, or after accidental contact with the eyes[238]. Although no reports have been seen for this species, many plants in this family produce toxins in their leaves. The sap of the plant can cause the skin to blister[200]. Avoid in patients taking monoamine oxidase inhibitor antidepressants and antihypertensive drugs [301].",pfaf.org,LC - least concern,Not known in the wild.,"Probably native of the Tropics, but the original habitat is obscure.",,"Insects, Self",#N/A
,Capsicum frutescens,"Tabasco Pepper, Cayenne pepper",,"Tabasco Pepper, Cayenne pepper",species,Solanaceae,Capsicum,frutescens,NA,Accepted,https://wcvp.science.kew.org/taxon/316959-2,Perennial,Perennial,Perennial,NA,herb,Perennial,Herbaceous,No,1,1.00  ,NA,NULL,Cultivated,insects,1,,,,,,light (sandy) -medium -  heavy (clay),No shade,Moist,08-> 11,No,Pepper,Spices,#N/A,#N/A,#N/A,"Spice, O",,,"Stimulant, aromatic, spices",#N/A,NA,medicinal,Alim,Fruits,3,4,1.66666666666667,alimmediother,"Although no reports have been seen for this species, many plants in this family produce toxins in their leaves. The sap of the plant can cause the skin to blister[200]. Avoid in patients taking monoamine oxidase inhibitor antidepressants and antihypertensive drugs [301].",pfaf.org,LC - least concern,Not known in the wild.,"Probably native of the Tropics, but the original habitat is obscure.",,"Insects, Self",#N/A
,capsicum sp.,,,NA,genus,Solanaceae,Capsicum,,sp.,NA,http://www.worldfloraonline.org/taxon/wfo-4000006624,,Perennial,Evergreen Perennial,Evergreen,herb,Perennial,Herbaceous,No,NA,NA,NA,Medium,Cultivated,insects,1,NA,NA,NA,NA,,light (sandy) -medium -  heavy (clay),No shade,Moist,NA,NA,Pepper,Spices,"Stimulant, spice and aromatic crops",#N/A,#N/A,#N/A,#N/A,,"Stimulant, aromatic, spices",#N/A,NA,NA,Alim,Fruits,4,3,0.666666666666667,alimmediother,NA,,LC - least concern,Not known in the wild.,"Probably native of the Tropics, but the original habitat is obscure.",,"Insects, Self",#N/A
,Carapa guianensis,Andiroba,,Andiroba,NA,NA,NA,NA,NA,NA,NA,Tree,Semi-deciduous Tree,Semi-deciduous Tree,Semi-deciduous,tree,Perennial,Woody,No,35,35.00  ,NA,Fast,"Cultivated, Ornamental, Wild",insects,35,NA,NA,NA,NA,,light (sandy) -medium -  heavy (clay),Full sun- Semi shade - No shade,Moist -Wet,10 ->  12,NA,NA,#N/A,"Oilcrops, Other",#N/A,Timber,#N/A,,,"Oilcrops, Other, Timber",#N/A,Timber,medicinal,,Timber mainly,0,4,4,mediother,None known,pfaf.org,LC - least concern,"A canopy or subcanopy layer element of lowland rainforest, sometimes in pure stands, preferring marsh edge, swamp forests, alluvial riverbanks and periodically flooded plains[ 303 ].","S. America - Brazil, Peru, Ecuador, Colombia, Venezuela, the Guyanas",,"insects ((McHargue and Hartshorn, 1983)",#N/A
,Carapa procera,NA,,#N/A,species,Meliaceae,Carapa,procera,NA,Accepted,http://www.tropicos.org/Name/20400504,NA,Tree,Semi-deciduous Tree,Semi-deciduous,Tree,Perennial,Woody,No,NULL,20.00  ,NA,NULL,"Cultivated, Wild",bees,20,NA,NA,NA,NA,,NA,NA,NA,NA,NA,,#N/A,#N/A,#N/A,Timber,#N/A,,,Timber,#N/A,Timber,,,Woody shoot,"1,00","2,00","3,00",other,None known,NA,LC - least concern,"Mixed hardwood forests. Atlantic rainforest and broadleaved, semideciduous forests, usually in more open areas and in secondary growth, rare in the denser primary forest; favouring moist soils","S. America - Argentina, Paraguay, southern and eastern Brazil",,Bees,#N/A
,Carica papaya,"Papaya, Mamo, Melon Tree",Papaya_pawpaw,"Papaya, Mamo, Melon Tree",species,Caricaceae,Carica,papaya,NA,Accepted,http://www.tropicos.org/Name/6100032,Tree,Evergreen Tree,Evergreen Tree,Evergreen,Tree,Perennial,Woody,No,8,8.00  ,NA,Fast,Cultivated,"Bees, Moths, Wind",8,NA,NA,NA,NA,,light (sandy) -medium -  heavy (clay),No shade,Moist,09 ->  12,Yes,"Fruit, fresh nes (includes subtropical fruits)",Fruits,Papayas,#N/A,#N/A,#N/A,,,"Fruits, nuts",Fruits,,,Alim,Woody Fruits,5,3,3,alimmediother,Older leaves contain the alkaloid carpaine[ 298 ].,pfaf.org,DD - data deficient,Not known as a truly wild plant,"The original habitat is believed to be Central America and southern Mexico, but is not known for certain.",,"Bees, Moths, Wind",#N/A
Only control species,cariniana domestica,,,,,Lecythidaceae,Cariniana,domestica,,Accepted,,,,Tree,,Tree,Perennial,Woody,No,,,,,Wild,,45,,,,,,,,,,,,#N/A,#N/A,#N/A,Timber,#N/A,#N/A,,,#N/A,Timber,,,,0,3,2,medi,,,NA,,,,,
,Carissa carandas,NA,,#N/A,species,Apocynaceae,Carissa,carandas,NA,Accepted,http://www.tropicos.org/Name/1800025,NA,Shrub,Deciduous Shrub,Deciduous,Shrub,Perennial,Woody,No,NULL,4.00  ,NA,NULL,"Cultivated, Ornamental, Wild",Birds,4,NA,NA,NA,NA,,NA,NA,NA,NA,NA,,#N/A,#N/A,#N/A,#N/A,#N/A,#N/A,ecocrop,Fruits,#N/A,NA,NA,NA,NA,3,2,3,alimother,NA,NA,NA,NA,NA,,Birds/Fauna,#N/A
,Carissa spinarum,NA,,#N/A,species,Apocynaceae,Carissa,congesta,NA,Synonym,http://www.tropicos.org/Name/1802300,NA,Evergreen Shrub,Evergreen Shrub,Evergreen,Shrub,Perennial,Woody,No,NULL,4.00  ,NA,NULL,"Cultivated, Wild",bees,4,NA,NA,NA,NA,,NA,NA,NA,NA,NA,,#N/A,#N/A,#N/A,#N/A,#N/A,#N/A,,NO_FAO_GROUP,#N/A,NA,NA,NA,NA,3,2,2,alim,NA,NA,LC - least concern,NA,NA,,Bees,#N/A
,Carpinus betulus,"Hornbeam, European hornbeam, Common Hornbeam, European Hornbeam",,"Hornbeam, European hornbeam, Common Hornbeam, European Hornbeam",species,Betulaceae,Carpinus,betulus,NA,Accepted,http://www.tropicos.org/Name/3600034,Tree,NA,Deciduous Tree,Deciduous,tree,Perennial,Woody,No,25,NA,NA,Medium,Wild,Wind,25,NA,NA,NA,NA,,light (sandy) -medium -  heavy (clay),Full sun- Semi shade - No shade,Moist,05->07,No,NA,#N/A,#N/A,#N/A,Timber,#N/A,,,Timber,#N/A,Timber,,,Woody shoot,0,2,3,other,None known,pfaf.org,LC - least concern,"Woodlands and hedgerows on sandy or clay loams[17], preferring heavier soils[13].","Europe, including Britain, from Sweden to the Pyrenees east to Iran in W. Asia.",,wind ,#N/A
Only control species,carpinus caroliniana,,,"American Hornbeam, Blue Beech, Ironwood, American Hornbeam",,Betulaceae,Carpinus,caroliniana,,,,,,Deciduous Tree,Deciduous,Tree,Perennial,Woody,No,,,,Slow,NA,Wind,,,,,,,,,,03 -> 09,No,,#N/A,#N/A,#N/A,Timber,#N/A,#N/A,,,#N/A,Timber,,,,1,1,2,,None known,,LC - least concern,"Usually found as an understorey tree in rich woods and the borders of streams and swamps in deep rich moist soils[43, 82, 229].","Eastern N. America - Nova Scotia to Ontario, south to Florida and Texas.",,,
,Carthamus tinctorius,Safflower | Koosumbha | Hoang-tchi,Safflower_seed,Safflower | Koosumbha | Hoang-tchi,species,Asteraceae,Carthamus,tinctorius,NA,Accepted,http://www.tropicos.org/Name/2700365,Annual,Annual,Annual,herbaceous,herb,Annual,Herbaceous,No,1,1.00  ,NA,NULL,Cultivated,"Bees, insects",1,,,,,,light (sandy) -medium,No shade,Dry- Moist,Coming soon,No,,#N/A,Safflower,#N/A,#N/A,#N/A,,,"Fruits, oil crop",Oil,,,Alim,non-woody seed,4,3,3.33333333333333,alimmediother,Avoid during pregnancy. Use with caution if suppressed or decreased immunity.,pfaf.org,NA,Poor dry soils in full sun.,N. Africa - Egypt. A rare casual in Britain[17].,,"Bees, Insects",#N/A
,Carya illinoinensis,Pecan,,Pecan,species,Juglandaceae,Carya,illinoinensis,NA,Accepted,http://www.tropicos.org/Name/16700024,Tree,NA,Deciduous Tree,Deciduous,tree,Perennial,Woody,No,50,NA,NA,Medium,Wild,wind,50,NA,NA,NA,NA,,light (sandy) -medium -  heavy (clay),No shade,Moist,05 -> 09,No,Nuts nes,Nuts,Nuts,#N/A,Timber,#N/A,,,"Nuts, Timber",Nut,Timber,,Alim,Timber mainly,4,1,2,alim,None known,pfaf.org,LC - least concern,"Rich moist soils of bottomlands[229], especially along the sides of streams[235].",Southern N. America - mainly along the Mississippi river valley.,,"Wind, self fertile",#N/A
Only control species,casearia sp.,,,,,Salicaceae,Casearia,,sp.,,,,,NA,,Tree,Perennial,Woody,No,,,,,,,,,,,,,,,,,,,#N/A,#N/A,#N/A,#N/A,#N/A,#N/A,,,#N/A,,,,,,,,,,,NA,,,,,
,Cassia spectabilis,"Bruscon, Canafistola Macho, Canchin, Candelilla, Candelillo, Carnaval, Chiquichique, Flor De Los Muertos, Flor De Todos Los Santos, Frijolillo, Golden Shower, Kaha-Kona, Munjal-kona, Ramo, Tarantan, Vasito Sucio, Velero, Yuto",,"Bruscon, Canafistola Macho, Canchin, Candelilla, Candelillo, Carnaval, Chiquichique, Flor De Los Muertos, Flor De Todos Los Santos, Frijolillo, Golden Shower, Kaha-Kona, Munjal-kona, Ramo, Tarantan, Vasito Sucio, Velero, Yuto",species,Fabaceae,Cassia,spectabilis,NA,Synonym,http://www.tropicos.org/Name/13007902,"Perennial, Not climbing, Shrub/Tree",Semi-deciduous Tree,Semi-deciduous Tree,Semi-deciduous,Tree,Perennial,Woody,Cassia,NULL,12.00  ,NA,NULL,"Cultivated, Ornamental, Wild",bees,12,800,1000,15,25,,NA,NA,NA,NA,NA,NA,#N/A,#N/A,#N/A,#N/A,#N/A,#N/A,ecocrop,"Timber, Firewood, forage",#N/A,NA,NA,NA,NA,0,2,2,,NA,NA,LC - least concern,NA,NA,,Bees,#N/A
,cassia tora,,,NA,species,Fabaceae,Cassia,tora,NA,NA,http://www.worldfloraonline.org/taxon/wfo-0000165003,,Annual/Perennial,Annual,herbaceous,herb,Annual,Herbaceous,Cassia,NULL,NA,NULL,NA,NA,NA,1,NA,NA,NA,NA,,"light (sandy), medium (loamy) and heavy (clay) soils",Semi-shade/no shade,Moist soil,NA,NA,,#N/A,#N/A,#N/A,#N/A,#N/A,#N/A,,NO_FAO_GROUP,#N/A,,,,,1,2.0,3,mediother,None known,,NA,Wasteland and cultivated areas in the Himalayas[51]. To elevations of 1400 metres in Nepal,"E. Asia - China, Japan, Korea to the Phillipines, Vietnam and Indonesia.",,self pollinated,#N/A
,Castanea dentata,American Sweet Chestnut,,American Sweet Chestnut,species,Fagaceae,Castanea,dentata,NA,Accepted,http://www.tropicos.org/Name/13100209,Tree,NA,Deciduous Tree,Deciduous,tree,Perennial,Woody,No,30,NA,NA,NULL,Wild,insects,30,NA,NA,NA,NA,,light (sandy) -medium -  heavy (clay),Semi-shade/full sun,Dry- Moist,04->08,No,Nuts nes,Nuts,#N/A,#N/A,Timber,#N/A,,,Timber,#N/A,Timber,,Alim,"Woody shoot, seeds",3,1,3,alimother,None known,pfaf.org,CR - critically endangered,"Dry, gravelly or rocky, mostly acid soils[43]. This species is virtually extinct in America due to chestnut blight[11].","Eastern N. America - Maine and Ontario to Michigan, Georgia and Arkansas.",,"insects, no self",#N/A
,Castanea henryi,NA,,#N/A,species,Fagaceae,Castanea,henryi,NA,Accepted,http://www.tropicos.org/Name/13100623,Tree,NA,Deciduous Tree,Deciduous,Tree,Perennial,Woody,No,25,NA,NA,NULL,"Cultivated, Wild","insects, wind",25,NA,NA,NA,NA,,light (sandy) -medium -  heavy (clay),Semi-shade/full sun,Dry- Moist,05 -> 09,No,,#N/A,#N/A,#N/A,#N/A,#N/A,#N/A,,NO_FAO_GROUP,#N/A,NA,NA,Alim,Woody fruits,3,0,3,alimother,None known,pfaf.org,NA,Mixed mesophytic forests on mountain slopes at elevations of 100 - 1800 metres[266].,E. Asia - W. and C. China.,,"wind, insects, nio self",#N/A
,Castanea mollissima,Chinese Chestnut,,Chinese Chestnut,species,Fagaceae,Castanea,mollissima,NA,Accepted,http://www.tropicos.org/Name/13100178,Tree,NA,Deciduous Tree,Deciduous,tree,Perennial,Woody,No,25,NA,NA,Medium,"Cultivated, Semi-cultivated, Wild",insects,25,NA,NA,NA,NA,,light (sandy) -medium -  heavy (clay),Semi-shade/full sun,Dry- Moist,04->08,No,Nuts nes,Nuts,#N/A,#N/A,#N/A,#N/A,,,Nuts,#N/A,,,Alim,Woody nuts,3,2,3,alimother,None known,pfaf.org,LC - least concern,"Woods and forests to 2500 metres[109]. Mountain slopes from near sea level to 2,800 metres[266].",E. Asia - China.,,"insects, no self",#N/A
,Castanea sp.,NA,,#N/A,genus,Fagaceae,Castanea,NA,sp.,Accepted,http://www.tropicos.org/Name/40002423,NA,NA,Deciduous tree,Deciduous,Tree,Perennial,Woody,No,NULL,NA,NA,NULL,NA,NA,NULL,NA,NA,NA,NA,,NA,NA,NA,NA,NA,,#N/A,#N/A,#N/A,#N/A,#N/A,#N/A,,NO_FAO_GROUP,#N/A,NA,NA,NA,NA,NA,NA,NA,alimmediother,NA,NA,NA,NA,NA,,NA,#N/A
Only control species,castanopsis buruana,,,,,Fagaceae,Castanopsis,buruana,,,,,,Evergreen Tree,Evergreen,Tree,Perennial,Woody,No,,,,,Wild,,25,,,,,,,,,,,,#N/A,#N/A,#N/A,#N/A,#N/A,#N/A,,,#N/A,,,,,1,0,3,other,,,NA,,,,,
,Casuarina cunninghamiana,NA,,#N/A,species,Casuarinaceae,Casuarina,cunninghamiana,NA,Accepted,http://www.tropicos.org/Name/6400005,NA,Evergreen Tree,Evergreen Tree,Evergreen,Tree,Perennial,Woody,Casuarina,NULL,18.00  ,NA,NULL,"Cultivated, Ornamental, Wild",Wind,18,500,1500,13,29,,NA,NA,NA,NA,NA,,#N/A,#N/A,#N/A,Timber,#N/A,,,Timber,#N/A,Timber,,,Woody shoot,0,0,3.66666666666667,other,NA,NA,LC - least concern,NA,NA,,Wind,#N/A
,Casuarina equisetifolia,"She Oak, Common Ru, Australian Pine, Horsetail Casuarina",,"She Oak, Common Ru, Australian Pine, Horsetail Casuarina",NA,NA,NA,NA,NA,NA,NA,Tree,Evergreen Tree,Evergreen Tree,Evergreen,tree,Perennial,Woody,No,30,30.00  ,NA,Fast,"Cultivated, Ornamental, Wild",Wind,30,200,3500,10,35,,light (sandy) -medium -  heavy (clay),Semi-shade/full sun,Dry- Moist,09 ->  12,NA,NA,#N/A,#N/A,#N/A,Timber,#N/A,,,Timber,#N/A,Timber,,,Timber mainly,0.333333333333333,2,5,alimother,Plant has spines or sharp edges,pfaf.org,LC - least concern,NA,NA,,Wind,#N/A
,Casuarina junghuhniana,NA,,#N/A,species,Casuarinaceae,Casuarina,junghuhniana,NA,Accepted,http://www.tropicos.org/Name/50075950,NA,Evergreen Tree,Evergreen Tree,Evergreen,Tree,Perennial,Woody,Casuarina,NULL,25.00  ,NA,NULL,"Cultivated, Ornamental, Wild",Wind,25,700,1500-2000,13,28,,NA,NA,NA,NA,NA,,#N/A,#N/A,#N/A,#N/A,#N/A,#N/A,,NO_FAO_GROUP,#N/A,NA,NA,NA,NA,0,0,3,other,NA,NA,LC - least concern,NA,NA,,Wind,#N/A
Only control species,cavanillesia platanifolia,,,,,Malvaceae,Cavanillesia,platanifolia,,,,,,Deciduous Tree,Deciduous,Tree,Perennial,Woody,No,,,,,,,,,,,,,,,,,,,#N/A,#N/A,#N/A,Timber,#N/A,#N/A,,,#N/A,Timber,,,,2,1,2,,,,LC - least concern,,,,,
,Ceanothus griseus,NA,,#N/A,species,Rhamnaceae,Ceanothus,griseus,NA,Accepted,http://www.tropicos.org/Name/27500243,NA,NA,NA,evergreen,shrub,NA,Herbaceous,Ceanothus,NULL,NA,NA,NULL,NA,NA,4.5,,,,,,NA,NA,NA,08-> 11,NO,,#N/A,#N/A,#N/A,#N/A,#N/A,#N/A,,NO_FAO_GROUP,#N/A,NA,NA,NA,NA,"0,00","0,00","2,00",,None known,NA,NA,Not known in the wild.,A collection of garden hybrids of uncertain parentage.,,NA,#N/A
,cecropia obtusifolia,,,"Trumpet Tree, Snakewood, Congo pump, Wild pawpaw, Pop-a-gun",species,Urticaceae,Cecropia,obtusifolia,NA,NA,http://www.worldfloraonline.org/taxon/wfo-0000592286,,NA,Evergreen Tree,evergreen,Tree,Perennial,Woody,No,NULL,NA,NA,NA,NA,NA,20,TODO,TODO,TODO,TODO,,"light (sandy), medium (loamy) and heavy (clay) soils",NO shade,Moist soil,NA,NA,,#N/A,#N/A,#N/A,#N/A,#N/A,#N/A,,NO_FAO_GROUP,#N/A,Fiber,,,Bark and leaves,3,3,5,alimmediother,The branches and leaf petioles of Cecropia species are often hollow and can harbour stinging ants. The trees attract the ants by means of producing a honey-like sap and the ants respond by working to keep the tree free of leaf-eating pests - which can include humans,,LC - least concern,"Moist limestone, cleared land[ 307 ]. Chiefly in pastures or second-growth, often in thickets or modified forest, at 900 metres or less","S. America - Brazil and Colombia, north through Central America to Mexico and the Caribbean.",,NA,#N/A
,Cecropia sp.,NA,,#N/A,genus,Urticaceae,Cecropia,NA,sp.,Accepted,http://www.tropicos.org/Name/40003290,NA,NA,Evergreen Tree,Evergreen,Tree,Perennial,Woody,No,NULL,NA,NA,NULL,NA,NA,NULL,NA,NA,NA,NA,,NA,NA,NA,NA,NA,,#N/A,#N/A,#N/A,#N/A,#N/A,#N/A,,NO_FAO_GROUP,#N/A,NA,NA,NA,NA,NA,NA,NA,alimmediother,NA,NA,NA,NA,NA,,NA,#N/A
Only control species,cecropia spp.,,,,,Urticaceae,Cecropia,,spp.,,,,,NA,,Trees/shrubs,Perennial,Woody,No,,,,,,,,,,,,,,,,,,,#N/A,#N/A,#N/A,#N/A,#N/A,#N/A,,,#N/A,,,,,,,,,,,NA,,,,,
,cedrela fissilis,,,"Cedro, Cigar Box Tree",species,Meliaceae,Cedrela,fissilis,NA,NA,http://www.worldfloraonline.org/taxon/wfo-0000592409,,Deciduous Tree,Deciduous Tree,Deciduous,Tree,Perennial,Woody,No,25,NA,NA,Fast,NA,NA,25,TODO,TODO,TODO,TODO,,light (sandy) -medium -  heavy (clay),Semi-shade/full sun,Moist,NA,NA,,#N/A,#N/A,#N/A,Timber,#N/A,#N/A,,Timber,#N/A,Timber,,,,0.0,2.0,4,alimmediother,None known,,VU - vulnerable,"Found in lowlands along streams and upland rain forests[ 341 ]. A species of tropical, lowland to submontane forest of various types[ 349 ]. Found in both dense primary and more open secondary forest, favouring deep, moist, fertile soils","Western S. America - Argentina, Brazil, Bolivia, north through Central America to Costa Rica.",,NA,#N/A
,Cedrela odorata,"Cedar Wood, West Indian Cedar, SpanishCedar, Cigar-box Cedar, Cedro Hembra",,"Cedar Wood, West Indian Cedar, SpanishCedar, Cigar-box Cedar, Cedro Hembra",NA,NA,NA,NA,NA,NA,NA,Tree,Deciduous Tree,Deciduous Tree,Deciduous,tree,Perennial,Woody,No,30,40.00  ,NA,Fast,"Cultivated, Ornamental, Wild",bees,40,1000,3700,22,26,,light (sandy) -medium -  heavy (clay),Semi-shade/full sun,Moist,09 ->  12,NA,NA,#N/A,#N/A,#N/A,Timber,#N/A,,,Timber,#N/A,Timber,,,Timber mainly,0.333333333333333,2,4,alimother,"In research plots in Papua New Guinea, the latter method has been shown to encourage growth",pfaf.org,VU - vulnerable,NA,NA,,Bees,#N/A
,Cedrela sp.,NA,,#N/A,genus,Meliaceae,Cedrela,NA,sp.,Accepted,http://www.tropicos.org/Name/40003294,NA,NA,Evergreen Tree,Evergreen,Tree,Perennial,Woody,No,NULL,NA,NA,NULL,NA,NA,NULL,NA,NA,NA,NA,,NA,NA,NA,NA,NA,,#N/A,#N/A,#N/A,#N/A,#N/A,#N/A,,NO_FAO_GROUP,#N/A,NA,NA,NA,NA,NA,NA,NA,alimmediother,NA,NA,NA,NA,NA,,NA,#N/A
Only control species,cedrelinga cateniformis,,,,,Fabaceae,Cedrelinga,cateniformis,,,,,,Tree,,Tree,Perennial,Woody,Cedrelinga,,,,,"Cultivated, Wild",,35,,,,,,,,,,,,#N/A,#N/A,#N/A,Timber,#N/A,#N/A,,,#N/A,Timber,,,,0,0,3,other,,,LC - least concern,,,,,
,Ceiba pentandra,"Kapok Tree, Cotton Tree, Suma'ma",,"Kapok Tree, Cotton Tree, Suma'ma",NA,NA,NA,NA,NA,NA,NA,Tree,Deciduous Tree,Deciduous Tree,Deciduous,Tree,Perennial,Woody,No,50,30.00  ,NA,Fast,"Cultivated, Ornamental, Semi-cultivated, Wild",insects,30,750,3000,18,38,,medium -  heavy (clay),No shade,Dry- Moist,10 ->  12,NA,Fibre crops nes,Fibres,Kapok,Fresh leaf vegetables,Timber,#N/A,,,"Other crops, vegetables, timber",Oil,Timber,,Alim,Woody fruits,3,3,5,alimmediother,"The seeds, and the oil, contain cyclopropenoid fatty acids such as malvalic acid (7 - 8%) and sterculic acid (3%), which cause abnormal physiological reactions in animals. Therefore the consumption of kapok seeds or seed oil should be discouraged unless the cyclopropenoid acids have been chemically removed[ 299 ]. Kapok fibre is irritating to the eyes, nose and throat, and workers exposed to kapok dust for long periods may develop chronic bronchitis[ 299 ]. (Plant has spines or sharp edges",pfaf.org,LC - least concern,NA,NA,,"Bats, Moths, Bees",#N/A
,Ceiba sp.,NA,,#N/A,genus,Malvaceae,Ceiba,NA,sp.,Accepted,http://www.tropicos.org/Name/40003347,NA,NA,Tree,NA,Tree,Perennial,Woody,No,70,NA,NA,NULL,NA,NA,70,NA,NA,NA,NA,,NA,NA,NA,NA,NA,,#N/A,#N/A,#N/A,#N/A,#N/A,#N/A,,NO_FAO_GROUP,#N/A,NA,NA,NA,NA,NA,NA,NA,alimmediother,NA,NA,NA,NA,NA,,NA,#N/A
Only control species,ceiba speciosa,,,,,Malvaceae,Ceiba,speciosa,,,,,,Deciduous Tree,Deciduous,Tree,Perennial,Woody,No,,,,Fast,"Ornamental, Wild",Butterflies,20,,,,,,,,,,,,#N/A,#N/A,#N/A,Timber,#N/A,#N/A,,,#N/A,Timber,,,,0,0,3,other,,,LC - least concern,,,,,
,Celosia argentea,"Lagos Spinach, Common Cockscomb",Plumed_cockscomb,"Lagos Spinach, Common Cockscomb",species,Amaranthaceae,Celosia,argentea,NA,Accepted,http://www.tropicos.org/Name/1100326,Annual,Annual,Annual,herbaceous,herb,Annual,Herbaceous,No,"0,5",1.00  ,NA,Fast,"Cultivated, Ornamental, Wild","insects, wind",1,,,,,,light (sandy) -medium -  heavy (clay),Semi-shade/full sun,Dry- Moist,09 ->  12,Yes,Spinach,Vegetables,#N/A,#N/A,#N/A,#N/A,,,Vegetables,#N/A,,,Alim,vegetables,4,3,0.333333333333333,alimmediother,None known,pfaf.org,LC - least concern,Open moist places to elevations of 1600 metres in Nepal[272].,Pantropics.,,"Wind, Insects",#N/A
,celtis australis,,,"Nettle Tree, European hackberry",species,Cannabaceae,Celtis,australis,NA,NA,http://www.worldfloraonline.org/taxon/wfo-0000593422,,NA,Deciduous Tree,Deciduous,Tree,Perennial,Woody,No,20,NA,NA,Medium,"Ornamental, Wild",bees,20,TODO,TODO,TODO,TODO,,ight (sandy) and medium (loamy) soils,NO shade,Dry- Moist,05 -> 09,No,,#N/A,#N/A,#N/A,#N/A,#N/A,#N/A,,NO_FAO_GROUP,#N/A,,,,,3.0,2.0,2,alimmedi,None known,,LC - least concern,"Hedges, banks and sandy places[100].",S. Europe.,,Bees,#N/A
,Celtis mildbraedii,NA,,#N/A,species,Cannabaceae,Celtis,mildbraedii,NA,Accepted,http://www.tropicos.org/Name/33300155,NA,Semi-deciduous Tree,Semi-deciduous Tree,Semi-deciduous,Tree,Perennial,Woody,No,NULL,35.00  ,NA,NULL,Wild,Wind,35,NA,NA,NA,NA,,NA,NA,NA,NA,NA,,#N/A,#N/A,#N/A,Timber,#N/A,,,Timber,#N/A,Timber,,,Woody shoot,0,2,3,other,NA,NA,LC - least concern,NA,NA,,Wind,#N/A
,celtis sp.,,,NA,genus,Cannabaceae,Celtis,,sp.,NA,http://www.worldfloraonline.org/taxon/wfo-4000007143,,NA,Deciduous Tree,Deciduous,Tree,Perennial,Woody,No,NA,NA,NA,Medium,NA,NA,20,TODO,TODO,TODO,TODO,,ight (sandy) and medium (loamy) soils,NO shade,Dry- Moist,05 -> 09,NA,,#N/A,#N/A,#N/A,#N/A,#N/A,#N/A,,NO_FAO_GROUP,#N/A,,,,,3.0,2.0,2,alimmedi,NA,,LC - least concern,NA,NA,,NA,#N/A
,Cenchrus americanus,"Pearl Millet, Pearl millet, Yellow Bristle Grass",,"Pearl Millet, Pearl millet, Yellow Bristle Grass",species,Poaceae,Cenchrus,americanus,NA,Accepted,http://www.tropicos.org/Name/100359330,herb,Annual,Annual,herbaceous,herb,Annual,Herbaceous,No,NULL,3.00  ,NA,NULL,Cultivated,Wind,3,NA,NA,NA,NA,,NA,NA,NA,NA,NA,Millets,Cereals,#N/A,#N/A,#N/A,#N/A,,,Cereals,#N/A,,,Alim,cereals,3,2,2,alim,NA,NA,NA,NA,NA,,Wind,#N/A
,cenchrus ciliaris,,,"buffel-grass, African foxtail grass",species,Poaceae,Cenchrus,ciliaris,NA,NA,http://www.worldfloraonline.org/taxon/wfo-0000858573,,NA,Annual,herbaceous,herb,Annual,Herbaceous,No,NA,NA,NA,NA,Cultivated,Wind,1.20,NA,NA,NA,NA,,NA,NA,NA,NA,YES,,#N/A,#N/A,#N/A,#N/A,#N/A,Forage crops – Poaceae,Ecocrop,Forage,#N/A,forage,,,,NaN,NaN,NA,alimmediother,NA,,LC - least concern,NA,NA,,Wind,#N/A
,Cenchrus purpureus,NA,,#N/A,species,Poaceae,Cenchrus,purpureus,NA,Accepted,http://www.tropicos.org/Name/100359373,NA,Evergreen Perennial,Perennial,Evergreen,herb,Perennial,Herbaceous,No,NULL,5.00  ,NA,NULL,"Cultivated, Wild",Wind,5,NA,NA,NA,NA,,NA,NA,NA,NA,NA,,#N/A,#N/A,#N/A,#N/A,#N/A,#N/A,,NO_FAO_GROUP,#N/A,NA,NA,NA,NA,2,2,3,other,NA,NA,LC - least concern,NA,NA,,Wind,#N/A
,Centaurea cyanus,"Cornflower, Garden cornflower, Blue Bottle, Cornflower",,"Cornflower, Garden cornflower, Blue Bottle, Cornflower",species,Asteraceae,Centaurea,cyanus,NA,Accepted,http://www.tropicos.org/Name/2700409,Annual,NA,Annual,herbaceous,herb,Annual,Herbaceous,No,1,NA,NA,Fast,Wild,"Bees, Flies, Lepidoptera",1,,,,,,light (sandy) -medium -  heavy (clay),No shade,Dry- Moist,Coming soon,Yes,NA,#N/A,#N/A,#N/A,#N/A,#N/A,#N/A,,NO_FAO_GROUP,#N/A,NA,NA,NA,NA,2,2,2,,None known,pfaf.org,NA,"Once a common weed of cornfields, as a result of modern agricultural practices it is now very rare in the wild[9, 13]. Found especially on porous, nutrient-rich soils[268].","Most of Europe, including Britain, to the Near East.",,"Bees, Flies, Lepidoptera, Self",#N/A
,centella asiatica,,,"Gotu Kola, Spadeleaf",species,Apiaceae,Centella,asiatica,NA,NA,http://www.worldfloraonline.org/taxon/wfo-0000594096,,Evergreen Perennial,Evergreen Perennial,Evergreen,herb,Perennial,Herbaceous,No,2,NA,NA,NA,"Cultivated, Wild","Bees, insects",2,NA,NA,NA,NA,,NA,NA,NA,07-oct.,No,,#N/A,#N/A,#N/A,#N/A,#N/A,#N/A,,NO_FAO_GROUP,#N/A,,medicinal,,Leaves,2.5,5.0,"1,5",alimmedi,"There is a warning that the plant can irritate the skin[238], though it is widely used to treat skin complaints[238].",,LC - least concern,"Old stone walls and rocky sunny places in lowland hills and especially by the coast in central and southern Japan[58]. Shady, damp and wet places such as paddy fields, and in grass thickets[147, 238].","E. Asia - India, China and Japan. Australia.",,"Bees, Insects",#N/A
,Centrolobium ochroxylum,"Amarillo, Amarillo De Guayaquil, Amarillo Lagarto",,"Amarillo, Amarillo De Guayaquil, Amarillo Lagarto",species,Fabaceae,Centrolobium,ochroxylum,NA,Accepted,http://www.tropicos.org/Name/13008024,"Perennial, Not climbing, Tree",Deciduous Tree,Deciduous Tree,Deciduous,Tree,Perennial,Woody,Centrolobium,NULL,20.00  ,NA,NULL,Wild,NA,20,NA,NA,NA,NA,,NA,NA,NA,NA,NA,Amarillo,#N/A,#N/A,#N/A,#N/A,#N/A,#N/A,,NO_FAO_GROUP,#N/A,NA,NA,NA,NA,0,0,3,other,NA,NA,CR - critically endangered,NA,NA,,NA,#N/A
,Centrosema pubescens,"Centro, Butterfly pea",Centro,"Centro, Butterfly pea",species,Fabaceae,Centrosema,pubescens,NA,Accepted,https://wcvp.science.kew.org/taxon/485611-1,Perennial Climber,Perennial Climber,Perennial Climber,NA,herb climber,Perennial,Herbaceous,Centrosema,"0,5",0.00  ,NA,Fast,Cultivated,NA,0.5,,,,,,light (sandy) -medium -  heavy (clay),Full sun- Semi shade - No shade,Moist -Wet,10 ->  12,Yes,"Centro, Butterfly pea",#N/A,#N/A,#N/A,#N/A,#N/A,Forage,,Forage,#N/A,Fodder,,,Fodder,0,0,3,other,None known,pfaf.org,NA,"Naturalized along roadsides, in waste places, on river banks and on coconut plantations at elevations near sea level[305 ].",S. America and Central America.,,NA,#N/A
,Ceratonia siliqua,"Carob, St. john's bread",Carob,"Carob, St. john's bread",species,Fabaceae,Ceratonia,siliqua,NA,Accepted,http://www.tropicos.org/Name/13028551,Tree,NA,Evergreen Tree,Evergreen,Tree,Perennial,Woody,Ceratonia,15,NA,NA,Medium,"Cultivated, Ornamental, Wild","Bees, Insects, Wind",15,250,550,-4,40,,light (sandy) -medium,No shade,Dry- Moist,09-> 11,No,"Carob, St. john's bread",#N/A,#N/A,#N/A,#N/A,#N/A,,,"Fruits, nuts",Vegetable,,,Alim,Woody Fruits,3,2,2,alim,None known,pfaf.org,LC - least concern,Rocky places near the sea shore[89].,S. Europe.,,"Bees, Insects, Wind, no self",#N/A
,chamaecrista fasciculata,,,NA,species,Fabaceae,Chamaecrista,fasciculata,NA,NA,http://www.worldfloraonline.org/taxon/wfo-0000178525,,NA,annual,Deciduous,herb,Annual,Herbaceous,Chamaecrista,NA,NA,NA,NA,NA,NA,1,NA,NA,NA,NA,,NA,NA,NA,04 -> 08,NA,,#N/A,#N/A,#N/A,#N/A,#N/A,#N/A,,NO_FAO_GROUP,#N/A,,,,,NaN,NaN,NA,alimmediother,The plant is considered toxic for grazing animals,,NA,"Open woods and prairies, disturbed areas, often on sandy soils[","Eastern, Central and South-eastern N. America",,NA,#N/A
,Chloroleucon eurycyclum,"Montanero, Quiebrahacho",,"Montanero, Quiebrahacho",species,Fabaceae,Chloroleucon,eurycyclum,NA,Accepted,http://www.tropicos.org/Name/13076023,"Perennial, Not climbing, Tree",NA,Deciduous Tree,Deciduous,herb,Perennial,Woody,Chloroleucon,NULL,NA,NA,NULL,NA,NA,24,NA,NA,NA,NA,,NA,NA,NA,NA,NA,"Montanero, Quiebrahacho",#N/A,#N/A,#N/A,#N/A,#N/A,#N/A,,NO_FAO_GROUP,#N/A,NA,NA,NA,NA,NA,NA,NA,alimmediother,NA,NA,VU - vulnerable,NA,NA,,NA,#N/A
,Choerospondias axillaris,NA,,#N/A,species,Anacardiaceae,Choerospondias,axillaris,NA,Accepted,http://www.tropicos.org/Name/1300953,NA,Deciduous Tree,Deciduous Tree,Deciduous,Tree,Perennial,Woody,No,NULL,15.00  ,NA,NULL,"Cultivated, Wild","Bees, Insects, Wind",15,NA,NA,NA,NA,,NA,NA,NA,NA,NA,,#N/A,#N/A,#N/A,#N/A,#N/A,#N/A,,NO_FAO_GROUP,#N/A,NA,NA,NA,NA,3,2,3,alimother,NA,NA,LC - least concern,NA,NA,,"Bees, Insects, Wind",#N/A
Only control species,chromolaena odorat,,,,,Asteraceae,Chromolaena,odorata,,,,,,NA,,herb,Perennial,herbaceous,No,,,,Fast,"Ornamental, Wild",,3,,,,,,,,,,,,#N/A,#N/A,#N/A,#N/A,#N/A,#N/A,,,#N/A,,,,,,,,,,,NA,,,,,
,Chrysanthemum peruvianum,Chrysanthemum,,Chrysanthemum,,Asteraceae,,,,,,,PERENNIAL,,herbaceous,herb,Annual,Herbaceous,No,"0,6",NA,,NA,NA,NA,0.6,,,,,,NA,Full sun,Moist,05 -> 09,NO,NA,#N/A,#N/A,#N/A,#N/A,#N/A,#N/A,,NO_FAO_GROUP,#N/A,NA,NA,NA,NA,"2,00","3,00","1,00",medi,None known,,NA,"Found wild in most habitats[147]. Grasslands on mountain slopes, thickets, wet places by rivers, fields, roadsides, saline places by seashores, under shrubs 100 - 2900 m. Nearly throughout China[266].","E. Asia - Eastern China, Central and Southern Japan.","Alaska, Altay, Amur, British Columbia, Buryatiya, Central European Rus, China North-Central, China South-Central, China Southeast, Chita, Czechoslovakia, East European Russia, East Himalaya, Inner Mongolia, Irkutsk, Japan, Kamchatka, Khabarovsk, Korea, Krasnoyarsk, Kuril Is., Laos, Magadan, Manchuria, Manitoba, Mongolia, Nansei-shoto, Nepal, North European Russi, Northwest Territorie, Nunavut, Ontario, Poland, Primorye, Qinghai, Québec, Sakhalin, Taiwan, Tuva, Ukraine, Vietnam, West Siberia, Xinjiang, Yakutskiya, Yukon ",NA,#N/A
,chrysophyllum mexicanum,,,NA,species,Sapotaceae,Chrysophyllum,mexicanum,NA,Accepted,http://www.worldfloraonline.org/taxon/wfo-0000856377,,Evergreen Tree,Evergreen Tree,Evergreen,Shrub/tree,Perennial,Woody,No,NULL,NA,NULL,NA,"Cultivated, Wild",NA,23,TODO,TODO,TODO,TODO,,NA,NA,NA,NA,NA,,#N/A,#N/A,#N/A,#N/A,#N/A,#N/A,,NO_FAO_GROUP,#N/A,,,,,2.0,0.0,2,alimmedi,NA,,LC - least concern,"Moist or wet, mixed forest, on plains and hillsides, often on exposed rocky slopes, most common at low elevations but ascending to 1,700 metres","Central America - Panama, Nicaragua, El Salvador, Belize, Guatemala, Mexico.",,NA,#N/A
,Cicer arietinum,Chick Pea,Chickpea_gram_pea,Chick Pea,species,Fabaceae,Cicer,arietinum,NA,Accepted,http://www.tropicos.org/Name/13045294,Annual,Annual,Annual,herbaceous,herb,Annual,Herbaceous,Cicer,"0,6",0.60  ,NA,NULL,Cultivated,insects,0.6,,,,,,light (sandy) -medium,No shade,Dry- Moist,Coming soon,No,Chick-peas,Pulses,Leguminous crops,#N/A,#N/A,#N/A,,,Leguminous crops,#N/A,,,Alim,Leguminous crops,4,1.66666666666667,1.33333333333333,alimmediother,"The foliage and seedpods contain oxalic acid and can irritate the skin[33, 74, 200]. There is also one report that the foliage is poisonous[171] - this might relate to the oxalic acid. Oxalic acid can lock up certain nutrients in the diet, especially calcium, and therefore heavy use of foods that contain this substance can lead to nutritional deficiencies. Cooking will greatly reduce the oxalic acid content. People with a tendency to rheumatism, arthritis, gout, kidney stones or hyperacidity should take especial caution if including this plant in their diet since the oxalic acid can aggravate their condition[238].",pfaf.org,NA,Unknown in the wild.,Asia? Original habitat is obscure.,,"Insects, Self",#N/A
,Cinnamomum camphora,"Camphor, Camphortree",,"Camphor, Camphortree",species,Lauraceae,Cinnamomum,camphora,NA,Accepted,http://www.tropicos.org/Name/17805257,Tree,Evergreen Tree,Evergreen Tree,Evergreen,tree,Perennial,Woody,No,6,15.00  ,NA,Slow,"Cultivated, Wild",Diptera,15,640,4030,14,27,,light (sandy) -medium -  heavy (clay),Semi-shade/full sun,Moist,09-> 11,Yes,Camphor,#N/A,#N/A,#N/A,Timber,"Spice, Essential oil",,,"Timber, Spice, Essential oil",#N/A,Timber,medicinal,Alim,Leaves,2,3,4,mediother,The plant is poisonous in large quantities[4]. Large doses can cause respiratory failure in children[268]. See the report below on medicinal uses for more information.,pfaf.org,LC - least concern,"Banks of streams in China[109], to elevations of 750 metres[268].","E. Asia - China, Japan.",,Diptera,#N/A
,cinnamomum grisebachii,,,NA,species,Lauraceae,Cinnamomum,grisebachii,NA,NA,http://www.worldfloraonline.org/taxon/wfo-0000605106,,NA,NA,NA,NA,NA,Woody,No,NULL,NA,NA,NA,NA,NA,9,TODO,TODO,TODO,TODO,,NA,NA,NA,NA,NA,,#N/A,#N/A,#N/A,#N/A,#N/A,#N/A,,NO_FAO_GROUP,#N/A,,,,,NaN,NaN,NA,alimmediother,NA,,LC - least concern,NA,"S. Mexico to Honduras, Cuba to Hispaniola.",,NA,#N/A
,Cinnamomum zeylanicum,NA,,#N/A,species,Lauraceae,Cinnamomum,zeylanicum,NA,Synonym,http://www.tropicos.org/Name/17802829,NA,Evergreen Tree,Evergreen Tree,Evergreen,Tree,Perennial,Woody,No,NULL,10.00  ,NA,NULL,"Cultivated, Wild",insects,10,200,NA,27,NA,,NA,NA,NA,10 ->  12,Yes,,#N/A,#N/A,#N/A,#N/A,#N/A,#N/A,Ecocrop,Essential oil,#N/A,,,Alim,Woody stem,4,3,3,alimmediother,None known,NA,NA,"Forests in moist, well-drained soils from sea level to 700 metres[ 254 , 307 ].","E. Asia - India, Sri Lanka, but also widely cultivated throughout the Tropics.",,Insects,#N/A
,Citharexylum myrianthum,NA,,#N/A,species,Verbenaceae,Citharexylum,myrianthum,NA,Accepted,http://www.tropicos.org/Name/33700134,NA,Deciduous Tree,Deciduous Tree,Deciduous,Tree,Perennial,Woody,No,NULL,15.00  ,NA,NULL,Wild,bees,15,NA,NA,NA,NA,,NA,NA,NA,NA,NA,,#N/A,#N/A,#N/A,#N/A,#N/A,#N/A,,NO_FAO_GROUP,#N/A,NA,NA,NA,NA,0,0,3,other,NA,NA,NA,NA,NA,,Bees,#N/A
,Citrullus colocynthis,"Perennial egusi, Bitter-apple",,"Perennial egusi, Bitter-apple",species,Cucurbitaceae,,,,Accepted,https://tropicos.org/Name/9200587,,,Herbaceous evergreen Perennial ,evergreen,herb,Perennial,Herbaceous,No,3,,,NA,"Wild, cultivated",insects,3,,,,,,NA,Full sun,well drained/moist,10 ->  12,YES,NA,#N/A,#N/A,#N/A,#N/A,Spice,,,spices,#N/A,NA,NA,Alim,Woody Fruits,2.33333333333333,2,2.33333333333333,alimother,"The plant contains a number of potentially toxic compounds and can be harmful if used in quantity. These compounds include elatermidine, glycosides, resin, dihydric alcohol, heltiacontane, citrullin and citrullinic acid. Taken in excess they can cause gastrointestinal pain, diarrhoea, vomiting, hypothermia, cardiac disorders, cerebral congestion and necrosis of liver and renal cells[1314].",,NA,"Open woodlands, grasslands, river beds and banks, flood plains, on bare areas and road verges and in disturbed and undisturbed natural vegetation.",Northern Africa through Arabia to Afghanistan and Pakistan.,,"insects (Jabeen, et al., 2017)",#N/A
,Citrullus lanatus,Water Melon,Watermelon,Water Melon,species,Cucurbitaceae,Citrullus,lanatus,NA,Accepted,http://www.tropicos.org/Name/9201087,Annual,Annual,Annual,herbaceous,herb,Annual,Herbaceous,No,"0,5",0.50  ,NA,NULL,Cultivated,insects,0.5,,,,,,light (sandy) -medium,No shade,Dry- Moist,08-> 11,No,"Melons, Cantaloupes (Cucumis melo)",Vegetables,#N/A,#N/A,#N/A,#N/A,,,Vegetables,Fruits,,,Alim,vegetables,4,3,2.33333333333333,alimmediother,The sprouting seed produces a toxic substance in its embryo[65].,pfaf.org,NA,A weed of roadsides and open ground in desert areas[117].,Tropical and S. Africa.,,Insects,#N/A
,citrus × citrus × aurantium f. deliciosa,,,"Bitter Orange, Sour orange, Bergamot orange",species,Rutaceae,Citrus,aurantium,NA,Accepted,http://www.tropicos.org/Name/28100388,Tree,Evergreen Tree,Evergreen Tree,Evergreen,tree,Perennial,Woody,No,9,9.00  ,NA,NULL,Cultivated,insects,9,1000,NA,22,24-45,,medium -  heavy (clay),No shade,Moist,08-> 11,No,Oranges,Fruits,#N/A,#N/A,#N/A,#N/A,,,"Fruits, nuts, essential oil",#N/A,,medicinal,Alim,Woody Fruits,3,3,3.33333333333333,alimmediother,None known,pfaf.org,NA,"Original habitat is obscure, possibly a back cross involving C. maxima X C. reticulata[200].",Tropical Asia?,,"Apomictic, Insects (ferns)",#N/A
Only control species,citrus atirontifolia,,,,,,,,,,,,,NA,,Tree,Perennial,Woody,No,,,,,,,,,,,,,,,,,,,#N/A,#N/A,#N/A,#N/A,#N/A,#N/A,,,#N/A,,,,,,,,,,,NA,,,,,
,Citrus aurantifolia,NA,,#N/A,genus,Rutaceae,Citrus,NA,atirontifolia,Accepted,http://www.tropicos.org/Name/40009461,NA,NA,Evergreen Tree,Evergreen,Tree,Perennial,Woody,No,NULL,NA,NA,NULL,Cultivated,NA,5,NA,NA,NA,NA,,NA,NA,NA,10 -> 12,2,,#N/A,#N/A,#N/A,#N/A,Essential oil,,,"Fruits, nuts, essential oil",#N/A,,medicinal,Alim,Woody Fruits,"4,00","2,00","3,00",alimother,Plant has spines or sharp edges; use extreme caution when handling,NA,NA,Not known in a truly wild situation.,Tropical Asia.,,NA,#N/A
,Citrus aurantium,"Bitter Orange, Sour orange, Bergamot orange",Orange_bitter,"Bitter Orange, Sour orange, Bergamot orange",species,Rutaceae,Citrus,aurantium,NA,Accepted,http://www.tropicos.org/Name/28100388,Tree,Evergreen Tree,Evergreen Tree,Evergreen,tree,Perennial,Woody,No,9,9.00  ,NA,NULL,Cultivated,insects,9,1000,NA,22,24-45,,medium -  heavy (clay),No shade,Moist,08-> 11,No,Oranges,Fruits,#N/A,#N/A,#N/A,Essential oil,,,"Fruits, nuts, essential oil",#N/A,,medicinal,Alim,Woody Fruits,3,3,3.33333333333333,alimmediother,None known,pfaf.org,NA,"Original habitat is obscure, possibly a back cross involving C. maxima X C. reticulata[200].",Tropical Asia?,,"Apomictic, Insects (ferns)",#N/A
,citrus latifolia,,,Citrus Tahitian Lime,species,Rutaceae,Citrus,latifolia,NA,No opinion,http://www.worldfloraonline.org/taxon/wfo-0000608096,,Evergreen Tree,Evergreen Tree,Evergreen,Tree,Perennial,Woody,No,5,NA,NA,NA,Cultivated,NA,5,TODO,TODO,TODO,TODO,,"light (sandy), medium (loamy) and heavy (clay) soil",Semi-shade,Moist,09 -> 11,No,,#N/A,#N/A,#N/A,#N/A,#N/A,#N/A,,NO_FAO_GROUP,#N/A,,,Alim,Woody Fruits,3.5,2.0,2,alimmedi,Excessive exposure to the essential oil in the peel of the fruit may cause dermatitis [336 ]. Rolling the fruit between the hands before squeezing to extract more of the juice will coat the hands with oil and transfer this to whatever parts of the body are touched before washing the hands [336 ]. Subsequent exposure to sunlight often results in brown or red areas that itch intensely and sometimes severe blistering [336 ]. The tree sap and scratches by the thorns may cause a rash in sensitive individuals [336 ].,,NA,Not known in the wild,A species of garden origin.,,NA,#N/A
,Citrus limon,Lemon,Lemon,Lemon,species,Rutaceae,Citrus,limon,NA,Accepted,http://www.tropicos.org/Name/28101295,Shrub,Evergreen Shrub,Evergreen Shrub,Evergreen,Shrub,Perennial,Woody,No,3,3.00  ,NA,Medium,Cultivated,insects,3,NA,NA,NA,NA,,medium -  heavy (clay),No shade,Moist,08-> 11,No,Lemons and limes,Fruits,#N/A,#N/A,#N/A,"Spice, Essential oil",,,"Fruits, nuts, spices, essential oil",Fruits,,medicinal,Alim,Woody Fruits,4,5,3.66666666666667,alimmediother,Low potential for sensitization through skin contact with volatile oil [301].,pfaf.org,NA,"Original habitat is obscure, probably a hybrid involving C. medica x C. aurantifolia[200].","Original range is obscure, possible Asia.",,"Apomictic, Insects (ferns)",#N/A
,Citrus nobilis,NA,,#N/A,species,Rutaceae,Citrus,nobilis,NA,Synonym,http://www.tropicos.org/Name/28100682,NA,Evergreen Shrub,Evergreen Shrub,Evergreen,Shrub,Perennial,Woody,No,NULL,4.00  ,NA,NULL,Cultivated,insects,4,NA,NA,NA,NA,,NA,NA,NA,NA,NA,,#N/A,#N/A,#N/A,#N/A,#N/A,#N/A,Ecocrop,Fruits,#N/A,NA,NA,Alim,Woody Fruits,3,0,0,alim,NA,NA,NA,NA,NA,,"self-pollinated, insects",#N/A
,Citrus nobilis x Citrus deliciosa,NA,,#N/A,species,Rutaceae,Citrus,nobilis,x Citrus deliciosa,Synonym,http://www.tropicos.org/Name/28100682,evergreen shrub growing to 4 m,NA,Evergreen Tree,Evergreen,Tree,Perennial,Woody,No,NULL,NA,NA,NA,Wild,insects,9,NA,NA,NA,NA,,NA,Full sun,Moist,08-> 11,NA,,#N/A,#N/A,#N/A,#N/A,#N/A,#N/A,Ecocrop,Fruits,#N/A,Other,,Alim,Woody fruits,"3,00","0,00","4,00",alimother,None known,NA,NA,"Original habitat is obscure, possibly a back cross involving C. maxima X C. reticulata[200].",Tropical Asia?,,"Apomictic, Insects, self",#N/A
,Citrus reticulata,"Mandarin, Tangerine, Unshu orange, Satsuma Orange,Temple Orange, Tangerine",Clementine,"Mandarin, Tangerine, Unshu orange, Satsuma Orange,Temple Orange, Tangerine",species,Rutaceae,Citrus,reticulata,NA,Accepted,http://www.tropicos.org/Name/28100572,Tree,Evergreen Tree,Evergreen Tree,Evergreen,Tree,Perennial,Woody,No,"4,5",4.50  ,NA,NULL,Cultivated,insects,4.5,NA,NA,NA,NA,,medium -  heavy (clay),No shade,Moist,09-> 11,No,Oranges,Fruits,Oranges and mandarines,#N/A,#N/A,Essential oil,,,"Fruits, nuts, essential oil",Fruits,,medicinal,Alim,Woody Fruits,3.66666666666667,3,2,alimmedi,Avoid peel with dry cough or excessive red tongue or splitting blood [301].,pfaf.org,NA,Original habitat is obscure.,E. Asia - China or Indo-China.,,"Apomictic, Insects (ferns)",#N/A
,Citrus sinensis,Sweet Orange,Orange,Sweet Orange,species,Rutaceae,Citrus,sinensis,NA,Synonym,http://www.tropicos.org/Name/50149358,Tree,Evergreen Tree,Evergreen Tree,Evergreen,Tree,Perennial,Woody,No,9,9.00  ,NA,NULL,Cultivated,insects,9,900,2500,5,40,,medium -  heavy (clay),No shade,Moist,09-> 11,No,Oranges,Fruits,#N/A,#N/A,#N/A,Essential oil,,,"Fruits, nuts, essential oil",Fruits,,medicinal,Alim,Woody Fruits,4,3,2.33333333333333,alimmediother,None known,pfaf.org,NA,"Original habitat is obscure, possibly an introgressed hybrid of C. maxima x C. reticulata[200].","Original range is obscure, possible Asia in southern China and Vietnam.",,"Apomictic, Insects (ferns)",#N/A
,Citrus spp.,NA,,#N/A,genus,Rutaceae,Citrus,NA,sp.,Accepted,http://www.tropicos.org/Name/40009461,NA,NA,Evergreen Tree,Evergreen,Tree,Perennial,Woody,No,NULL,NA,NA,NULL,Cultivated,NA,NULL,NA,NA,NA,NA,,NA,NA,NA,NA,NA,,#N/A,#N/A,#N/A,#N/A,#N/A,#N/A,Ecocrop,Fruits,#N/A,NA,NA,Alim,Woody Fruits,NA,NA,NA,alimmediother,NA,NA,NA,NA,NA,,NA,#N/A
,Citrus X aurantium,"Bitter Orange, Sour orange, Bergamot orange",,"Bitter Orange, Sour orange, Bergamot orange",species,Rutaceae,Citrus,paradisi,NA,No opinion,http://www.tropicos.org/Name/28100571,Citrus aurantium is an evergreen Tree growing to 9 m,NA,Evergreen Tree,Evergreen,Tree,Perennial,Woody,No,NULL,NA,NA,NA,Wild,insects,9,1000,NA,22,24-45,,NA,Full sun,Moist,08-> 11,NO,Oranges,Fruits,Oranges,#N/A,#N/A,#N/A,,,Fruits,#N/A,Other,,Alim,Woody Fruits,"3,00","0,00","4,00",alimother,None known,NA,NA,"Original habitat is obscure, possibly a back cross involving C. maxima X C. reticulata[200].",Tropical Asia?,,"Apomictic, Insects, self",#N/A
,Citrus x aurantium f. deliciosa,"Bitter Orange, Sour orange, Bergamot orange",,"Bitter Orange, Sour orange, Bergamot orange",species,Rutaceae,Citrus,unshiu,NA,Synonym,http://www.tropicos.org/Name/28101459,Citrus aurantium is an evergreen Tree growing to 9 m,NA,Evergreen Tree,Evergreen,Tree,Perennial,Woody,No,NULL,NA,NA,NA,Wild,insects,9,NA,NA,NA,NA,,NA,Full sun,Moist,08-> 11,NO,Oranges,Fruits,#N/A,#N/A,#N/A,#N/A,,,Fruits,#N/A,Other,,Alim,Woody Fruits,"3,00","0,00","4,00",alimother,None known,NA,NA,"Original habitat is obscure, possibly a back cross involving C. maxima X C. reticulata[200].",Tropical Asia?,,"Apomictic, Insects, self",#N/A
,Clarisia racemosa,"Tulpay, Murur",,"Tulpay, Murur",NA,NA,NA,NA,NA,NA,NA,Tree,Semi-deciduous Tree,Semi-deciduous Tree,Semi-deciduous,tree,Perennial,Woody,No,25,25.00  ,NA,Medium,Wild,NA,25,NA,NA,NA,NA,,medium -  heavy (clay),Semi-shade/full sun,Moist,10 ->  12,NA,NA,#N/A,#N/A,#N/A,Timber,#N/A,,,Timber,#N/A,Timber,,,Timber mainly,0.333333333333333,0,4,alimother,None known,pfaf.org,LC - least concern,"A canopy tree in the rainforest, favouring clayey soils in areas not subject to inundation[ 341 , 625 ].","S. America - Brazil, Bolivia, Peru, Ecuador, Colombia, Venezuela, the Guyanas",,NA,#N/A
Only control species,clethra macrophylla,,,,,Clethraceae,Clethra,macrophylla,,,,,,NA,Evergreen/deciduous,herb,herb,herbaceous,No,,,,,,,,,,,,,,,,,,,#N/A,#N/A,#N/A,#N/A,#N/A,#N/A,,,#N/A,,,,,,,,,,,LC - least concern,,,,,
,clibadium arboretum,,,NA,species,Asteraceae,Clibadium,arboreum,NA,NA,http://www.worldfloraonline.org/taxon/wfo-0000078058,,NA,NA,NA,Shrub,NA,Woody,No,NULL,NA,NA,NA,NA,NA,4m,TODO,TODO,TODO,TODO,,NA,NA,NA,NA,NA,,#N/A,#N/A,#N/A,#N/A,#N/A,#N/A,,NO_FAO_GROUP,#N/A,,,,,NaN,NaN,NA,alimmediother,NA,,NA,NA,NA,NA,NA,#N/A
Only control species,coccoloba matudae,,,,,Polygonaceae,Coccoloba,matudae,,,,,,NA,,Tree,Perennial,Woody,No,,,,,,,,,,,,,,,,,,,#N/A,#N/A,#N/A,#N/A,#N/A,#N/A,,,#N/A,,,,,,,,,,,VU - vulnerable,,,,,
,Cocos nucifera,"Coconut Palm, Coconut",,"Coconut Palm, Coconut",species,Arecaceae,Cocos,nucifera,NA,Accepted,http://www.tropicos.org/Name/2400007,Tree,Evergreen Tree,Evergreen Tree,Evergreen,Tree,Perennial,Woody,No,25,25.00  ,NA,Medium,"Cultivated, Ornamental, Wild",Wind,25,1000,1500,20,28,,light (sandy) -medium -  heavy (clay),No shade,Moist,10 ->  12,Yes,Coconuts,Oil crops,Coconut,Fruit,Timber,#N/A,,,"Fruits, oil crop, Timber",Oil,Timber,,Alim,Woody Fruits,5,2,5,alimother,None known,pfaf.org,NA,"Commonly found along tropical seashores, sometimes extending inland on alluvial plains with a high water table, but avoiding waterlogged soils[ 297 ].",Pantropical.,,Wind,#N/A
,Coffea arabica,Coffee Arabica,Coffee,Coffee Arabica,species,Rubiaceae,Coffea,arabica,NA,Accepted,http://www.tropicos.org/Name/27900016,Shrub,Evergreen Shrub,Evergreen Shrub,Evergreen,Shrub,Perennial,Woody,No,6,7.00  ,NA,Medium,"Cultivated, Ornamental, Wild",bees,7,1500,2000,15,25,,medium -  heavy (clay),Semi-shade/full sun,Moist,09-> 11,No,Coffee green,Stimulants,#N/A,#N/A,#N/A,"Spice, Essential oil",,,Stimulant,#N/A,,medicinal,Alim,Woody Fruits,3,3,3,alimmediother,"The seeds contain chlorogenic acid, which is a known allergen[238].",pfaf.org,EN-Endangered,"An understorey tree in high elevation humid forests [303 , 307 ].",Africa - Tropical regions in the northeast.,,"Bees, Self",#N/A
,Coffea canephora,NA,,#N/A,species,Rubiaceae,Coffea,canephora,NA,Accepted,http://www.tropicos.org/Name/27900017,NA,Evergreen Tree,Evergreen Tree,Evergreen,Tree,Perennial,Woody,No,"3,5-8,5  ",8.00  ,NA,NULL,"Cultivated, Wild",Wind,8,NA,NA,NA,NA,,NA,NA,NA,NA,NA,,#N/A,Coffee,#N/A,#N/A,"Spice, Essential oil",,,"Stimulant, aromatic, spices, essential oil",#N/A,,medicinal,Alim,Woody Fruits,3,2,2,alim,NA,NA,LC - least concern,NA,NA,,wind ((Purseglove 1968; Crane & Walker 1983; Free 1993),#N/A
,Coffea liberica,NA,,#N/A,species,Rubiaceae,Coffea,liberica,NA,Accepted,http://www.tropicos.org/Name/27900018,Small tree.,Evergreen Shrub,Evergreen Shrub,Evergreen,Shrub,Perennial,Woody,No,NULL,20.00  ,NA,NULL,"Cultivated, Wild",NA,20,NA,NA,NA,NA,,NA,NA,NA,NA,NA,,#N/A,Coffee,#N/A,#N/A,#N/A,,,"Stimulant, spice, aromatic",#N/A,,medicinal,Alim,Woody fruits,3,2,2,alim,NA,NA,LC - least concern,NA,NA,,NA,#N/A
,Coffea sp.,NA,,#N/A,genus,Rubiaceae,Coffea,NA,sp.,Accepted,http://www.tropicos.org/Name/40011705,NA,NA,Evergreen Shrub/Tree,Evergreen,Shrub/tree,Perennial,Woody,No,NULL,NA,NA,NULL,NA,NA,NULL,NA,NA,NA,NA,,NA,NA,NA,NA,NA,,#N/A,Coffee,#N/A,#N/A,#N/A,,,"Stimulant, spice, aromatic",#N/A,,medicinal,Alim,Woody fruits,NA,NA,NA,alimmediother,NA,NA,NA,NA,NA,,NA,#N/A
,Cola acuminata,"Cola Nut, Kola, Bissy Nut",,"Cola Nut, Kola, Bissy Nut",species,Malvaceae,Cola,acuminata,NA,Accepted,http://www.tropicos.org/Name/30401412,Tree,Evergreen Tree,Evergreen Tree,Evergreen,Tree,Perennial,Woody,No,20,20.00  ,NA,Medium,"Cultivated, Ornamental, Wild",Wind,20,NA,NA,NA,NA,,light (sandy) -medium -  heavy (clay),No shade,Moist,10 ->  12,No,Nuts nes,Nuts,#N/A,Fresh seed,#N/A,#N/A,,,"Stimulant, spice, aromatic",#N/A,,medicinal,Alim,Woody nuts,3,4,2,alimmedi,Parts of plant are poisonous if ingested,pfaf.org,LC - least concern,"An understorey tree in humid lowland forests[ 303 , 307 ].","Southern, western and central tropical Africa.",,wind (ferns),#N/A
,Cola nitida,"Cola Nut, Kola, Bissy Nuts",Cola,"Cola Nut, Kola, Bissy Nuts",species,Malvaceae,Cola,nitida,NA,Accepted,http://www.tropicos.org/Name/30401611,Tree,Evergreen Tree,Evergreen Tree,Evergreen,tree,Perennial,Woody,No,20,20.00  ,NA,Slow,"Cultivated, Ornamental, Wild",Wind,20,1200,1800,26,35,,light (sandy) -medium -  heavy (clay),Semi-shade/full sun,Dry- Moist,10 ->  12,No,Nuts nes,Nuts,#N/A,#N/A,#N/A,#N/A,,,Nuts,#N/A,,medicinal,,Woody nuts,3,4,2,alimmedi,None known,pfaf.org,LC - least concern,"Lowland forest, usually at elevations up to 300 metres, but also found up to 800 metres[ 324 , 418 ].","Western Tropical Africa - Sierra Leone, C‚àö¬•te d'Ivoire eastward to Ghana.",,wind (ferns),#N/A
,Colocasia esculenta,"Taro, Elephant Ears Taro, Dasheen, Eddo",Taro,"Taro, Elephant Ears Taro, Dasheen, Eddo",species,Araceae,Colocasia,esculenta,NA,Accepted,http://www.tropicos.org/Name/2102373,Perennial,Evergreen Perennial,Evergreen Perennial,Evergreen,herb,Perennial,herbaceous,No,1,1.00  ,NA,Medium,Cultivated,insects,1,,,,,,light (sandy) -medium -  heavy (clay),Semi-shade/full sun,Moist -Wet,09-> 11,Yes,Taro (Cocoyam),Roots and tubers,Taro,#N/A,#N/A,#N/A,,,"Root,tuber",Root and tuber,,,Alim,Root/tuber,4,2,0.333333333333333,alimother,"The plant contains calcium oxalate crystals. These cause an extremely unpleasant sensation similar to needles being stuck into the mouth and tongue if they are eaten, but they are easily neutralized by thoroughly drying or cooking the plant or by steeping it in water.(Parts of plant are poisonous if ingested)",pfaf.org,LC - least concern,"Not known in a truly wild situation, though it is often established in low lying areas along streams and river banks[ 200 ].","Widely cultivated in the tropics, its original range is uncertain but is probably tropical Asia.",,Insects,#N/A
,colocasia sp.,,,NA,genus,Araceae,Colocasia,,sp.,NA,http://www.worldfloraonline.org/taxon/wfo-4000008962,Perennial,Evergreen Perennial,Evergreen Perennial,Evergreen,herb,Perennial,herbaceous,No,1,1.00  ,NA,Medium,NA,insects,1,,,,,,light (sandy) -medium -  heavy (clay),Semi-shade/full sun,Moist -Wet,09-> 11,Yes,Taro (Cocoyam),Roots and tubers,#N/A,#N/A,#N/A,#N/A,,,"Root,tuber",#N/A,,,Alim,Root/tuber,4,2,0.333333333333333,alimother,"The plant contains calcium oxalate crystals. These cause an extremely unpleasant sensation similar to needles being stuck into the mouth and tongue if they are eaten, but they are easily neutralized by thoroughly drying or cooking the plant or by steeping it in water.(Parts of plant are poisonous if ingested)",pfaf.org,LC - least concern,"Not known in a truly wild situation, though it is often established in low lying areas along streams and river banks[ 200 ].","Widely cultivated in the tropics, its original range is uncertain but is probably tropical Asia.",,Insects,#N/A
,Colophospermum mopane,"Rhodesian ironwood, Rhodesian mahogany",,"Rhodesian ironwood, Rhodesian mahogany",NA,NA,NA,NA,NA,NA,NA,Tree,Deciduous Tree,Deciduous Tree,Deciduous,tree,Perennial,Woody,No,12,12.00  ,NA,Slow,"Cultivated, Wild",NA,12,200,800,-3,50,,light (sandy) -medium -  heavy (clay),Semi-shade/full sun,Moist -Wet,10 ->  12,NA,NA,#N/A,#N/A,#N/A,Timber,#N/A,,,Timber,#N/A,Timber,,,Woody shoot,1,2,3,other,None known,pfaf.org,LC - least concern,"The dominant species over great areas in hot, dry, low-lying areas",NA,,NA,#N/A
Only control species,conostegia volcanalis,,,,,Melastomataceae,Conostegia,volcanalis,,,,,,NA,,Tree,Perennial,Woody,No,,,,,,,,,,,,,,,,,,,#N/A,#N/A,#N/A,#N/A,#N/A,#N/A,,,#N/A,,,,,,,,,,,LC - least concern,,,,,
,Convolvulus arvensis,Field Bindweed,,Field Bindweed,species,Convolvulaceae,Convolvulus,arvensis,NA,Accepted,http://www.tropicos.org/Name/8500005,Perennial Climber,NA,Perennial Climber,NA,herb climber,Perennial,herbaceous,No,2,NA,NA,NULL,Wild,"Bees, Flies",2,,,,,,light (sandy) -medium,Semi-shade/full sun,Dry- Moist,04->08,Yes,NA,#N/A,#N/A,#N/A,#N/A,#N/A,#N/A,,NO_FAO_GROUP,#N/A,NA,NA,NA,NA,1,2,1,,None known,pfaf.org,NA,"Hedgerows, fields, waste places, fences etc[7, 100], it can be a troublesome weed of agriculture.","Throughout the temperate regions of both Hemishperes, including Britain.",,"Bees, Flies, Self",#N/A
,Corchorus olitorius,"ew's Mallow, Nalta jute",Jute,"ew's Mallow, Nalta jute",species,Malvaceae,Corchorus,olitorius,NA,Accepted,http://www.tropicos.org/Name/32200006,Annual/Perennial,Annual/Perennial,Annual/Perennial,herbaceous,herb,Annual/Perennial,herbaceous,No,"3,5",3.50  ,NA,Fast,Cultivated,insects,3.5,,,,,,light (sandy) -medium -  heavy (clay),No shade,Moist,09-> 11,No,Jute,Fibres,,#N/A,#N/A,#N/A,,,NO_FAO_GROUP,#N/A,NA,NA,Alim,"Leaves, seeds",4,2,4,alimother,None known,pfaf.org,NA,Original habitat is obscure.,"Probably originating in Africa, though possibly in India and Myanmar, the plant is widely grown through much of the tropics.",,"Self, Insects",#N/A
,Cordia africana,NA,,#N/A,species,Cordiaceae,Cordia,africana,NA,Accepted,http://www.tropicos.org/Name/4001325,NA,Evergreen Tree,Evergreen Tree,Evergreen,Tree,Perennial,Woody,No,NULL,10.00  ,NA,NULL,"Cultivated, Ornamental, Wild",bees,10,NA,NA,NA,NA,,NA,NA,NA,NA,NA,,#N/A,#N/A,#N/A,Timber,#N/A,,,Timber,#N/A,Timber,,,Woody shoot,3,2,3,alimother,NA,NA,LC - least concern,NA,NA,,Bees,#N/A
,Cordia alliodora,"Ecuador laurel, Cypre, Onion Cordia, Laurel Blanco",,"Ecuador laurel, Cypre, Onion Cordia, Laurel Blanco",NA,NA,NA,NA,NA,NA,NA,Tree,Semi-deciduous Tree,Semi-deciduous Tree,Semi-deciduous,tree,Perennial,Woody,No,30,30.00  ,NA,Fast,"Cultivated, Ornamental, Wild","Lepidoptera, Bees",30,750,2000,24,NA,,light (sandy) -medium -  heavy (clay),No shade,Moist,10 ->  12,NA,NA,#N/A,#N/A,#N/A,Timber,#N/A,,,Timber,#N/A,Timber,,,Timber mainly,2,2,4,other,None known,pfaf.org,LC - least concern,"Dry and wet forest[ 310 ]. A pioneer plant, it is found in a wide range of habitats from sea level up to 1,000 metres, occasionally to 2,000 metres[ 310 ].","S America - Argentina, Brazil, Bolivia, Peru, Ecuador, Colombia, Venezuela, the Guyanas",,"Lepidoptera, Bees",#N/A
,cordia ecalyculata,,,NA,species,Boraginaceae,Cordia,ecalyculata,NA,NA,http://www.worldfloraonline.org/taxon/wfo-0000620441,,NA,Evergreen Tree,Evergreen,tree,Perennial,Woody,No,NULL,NA,NA,Medium,Wild,NA,10,TODO,TODO,TODO,TODO,,NA,NA,NA,NA,NA,,#N/A,#N/A,#N/A,#N/A,#N/A,#N/A,,NO_FAO_GROUP,#N/A,,,,,2,3,2,medi,None known,,NA,"An understorey tree in dense primary and secondary semi-deciduous forests, growing in moist, fertile soils","S. America - Argentina, Paraguay, southern and eastern Brazil.",,NA,#N/A
,Cordia goeldiana,NA,,#N/A,species,Cordiaceae,Cordia,goeldiana,NA,Accepted,http://www.tropicos.org/Name/4000293,NA,Semi-deciduous Tree,Semi-deciduous Tree,Semi-deciduous,Tree,Perennial,Woody,No,NULL,15.00  ,NA,NULL,"Ornamental, Wild","bees, moths, butterflies, syrphid ",15,600,3000,20,35,,NA,NA,NA,NA,NA,,#N/A,#N/A,#N/A,Timber,#N/A,,,Timber,#N/A,Timber,,,Woody shoot,1,0,3,other,NA,NA,NA,NA,NA,,"bees, moths, butterflies and syrphid ",#N/A
,Cordia myxa,NA,,#N/A,species,Cordiaceae,Cordia,myxa,NA,Accepted,http://www.tropicos.org/Name/4001965,NA,Evergreen Shrub,Evergreen Shrub,Evergreen,Shrub,Perennial,Woody,No,6-12,12.00  ,NA,NULL,"Cultivated, Ornamental, Wild",insects,12,NA,NA,NA,NA,,NA,NA,NA,NA,NA,,#N/A,#N/A,#N/A,#N/A,#N/A,#N/A,,NO_FAO_GROUP,#N/A,NA,NA,NA,NA,3,3,2,alimmedi,NA,NA,LC - least concern,NA,NA,,Insects,#N/A
,Cordia spp.,NA,,#N/A,genus,Cordiaceae,Cordia,NA,spp.,Accepted,http://www.tropicos.org/Name/40014011,NA,NA,Evergreen Tree,Evergreen,Tree,Perennial,Woody,No,NULL,NA,NA,NULL,"Ornamental, Wild","bees, buterflies",NULL,NA,NA,NA,NA,,NA,NA,NA,NA,NA,,#N/A,#N/A,#N/A,#N/A,#N/A,#N/A,,NO_FAO_GROUP,#N/A,NA,NA,NA,NA,NA,NA,NA,alimmediother,NA,NA,NA,NA,NA,,bees and butterflies,#N/A
,coreopsis palmata,,,NA,species,Asteraceae,Coreopsis,palmata,NA,NA,http://www.worldfloraonline.org/taxon/wfo-0000044527,,NA,Annual,Evergreen,herb,Annual,herbaceous,No,NULL,NA,NA,NA,NA,NA,0.7,NA,NA,NA,NA,,NA,NA,NA,NA,NA,,#N/A,#N/A,#N/A,#N/A,#N/A,#N/A,,NO_FAO_GROUP,#N/A,,,,,NaN,NaN,NA,alimmediother,NA,,NA,NA,NA,,NA,#N/A
,coriandrum sativum,,,"Coriander - Dhania - Cilantro, Coriander",species,Apiaceae,Coriandrum,sativum,NA,NA,http://www.worldfloraonline.org/taxon/wfo-0000621274,,Annual,Annual,Annual,herb,Annual,herbaceous,No,0.5,NA,NA,NA,"Ornamental, Wild",insects,0.5,NA,NA,NA,NA,,NA,semi-xhade,Moist,02 -> 11,No,,#N/A,"Spices, Other",#N/A,#N/A,"Spice, Essential oil, O, E",#N/A,,"Spice, essential oil",Herbs and spices,,,Alim,leaves,4.0,3.5,"3,5",alimmediother,The plant can have a narcotic effect if it is eaten in very large quantities[201]. Powdered coriander and oil may cause allergic reactions and photosensitivity. Use dry coriander sparingly if suffering bronchial asthma and chronic bronchitis [301],,NA,"Waste places and arable land, often by the sides of rivers[4, 9].",S. Europe. Naturalized in Britain[17].,,Insects,#N/A
,Cornus sanguinea,"Dogwood, Bloodtwig dogwood",,"Dogwood, Bloodtwig dogwood",species,Cornaceae,Cornus,sanguinea,NA,Accepted,http://www.tropicos.org/Name/8700019,Shrub,NA,Deciduous Shrub,Deciduous,Shrub,Perennial,Woody,No,3,NA,NA,NULL,"Ornamental, Wild",insects,3,NA,NA,NA,NA,,light (sandy) -medium -  heavy (clay),Semi-shade/full sun,Moist,04->08,No,NA,#N/A,#N/A,#N/A,#N/A,#N/A,#N/A,,NO_FAO_GROUP,#N/A,NA,NA,NA,NA,2,1,3,other,"Contrary to some reports, the fruit is not poisonous, but the leaves can cause skin irritations to sensitive people[65].",pfaf.org,NA,"Mixed woods, scrub and hedgerows, especially on calcareous soils[7, 13, 186].","Europe, including Britain, from Scandanavia to Spain, east to Sicily and Greece. Rare in S.W. Asia..",,insects,#N/A
,Corylus avellana,"Common Hazel, Common filbert, European Filbert, Harry Lauder's Walking Stick, Corkscrew Hazel, Hazel",Hazelnut,"Common Hazel, Common filbert, European Filbert, Harry Lauder's Walking Stick, Corkscrew Hazel, Hazel",species,Betulaceae,Corylus,avellana,NA,Accepted,https://wcvp.science.kew.org/taxon/295446-1,Tree,NA,Deciduous Tree,Deciduous,Tree,Perennial,Woody,No,6,NA,NA,Medium,Wild,wind,6,NA,NA,NA,NA,,light (sandy) -medium -  heavy (clay),Semi-shade/full sun,Moist,04->08,No,,#N/A,#N/A,#N/A,Timber,#N/A,,,"Fruits, nuts, timber",Nut,Timber,,Alim,Woody Fruits,5,2,5,alimother,None known,pfaf.org,LC - least concern,"Woods and hedgerows, especially on the slopes of hills, often on calcareous soils[7, 17].","Europe, including Britain, from Norway to Spain and east to W. Asia.",,"Wind, self fertile",#N/A
,Corylus maxima,"Filbert, Giant filbert",Filbert,"Filbert, Giant filbert",species,Betulaceae,Corylus,maxima,NA,Accepted,https://wcvp.science.kew.org/taxon/295467-1,Shrub,NA,Deciduous Shrub,Deciduous,Shrub,Perennial,Woody,No,6,NA,NA,NULL,"Cultivated, Ornamental, Wild",wind,6,NA,NA,NA,NA,,light (sandy) -medium -  heavy (clay),Semi-shade/full sun,Moist,04->08,No,NA,#N/A,#N/A,#N/A,#N/A,#N/A,#N/A,,NO_FAO_GROUP,#N/A,Other,,Alim,Woody seeds,5,0,5,alimother,None known,pfaf.org,DD - data deficient,"Woods, hedges and ravines[100].",S. Europe to W. Asia.,,"Wind, self fertile",#N/A
,Corymbia torelliana,NA,,#N/A,species,Myrtaceae,Corymbia,torelliana,NA,Accepted,http://www.tropicos.org/Name/100172686,Tree,Evergreen Tree,Deciduous Tree,Deciduous,Tree,Perennial,Woody,No,25,,,Fast,"Cultivated, Ornamental, Wild","Bees, insects",25,NA,NA,NA,NA,,NA,NA,NA,NA,,,#N/A,#N/A,#N/A,#N/A,#N/A,#N/A,,NO_FAO_GROUP,#N/A,NA,NA,NA,NA,"0,00","0,00","3,00",other,None known,,LC - least concern,"In and around tropical rain forest on slopes of coastal areas; at elevations from 100 - 800 metres[303, 1658]. Well-drained soils on slopes in wet sclerophyll forest and the margin of rainforest patches",Australia - eastern Queensland.,,"Bees, Insects",#N/A
Only control species,cotoneaster spp.,,,,,Rosaceae,Cotoneaster,,spp.,,,,,NA,,Trees/shrubs,Perennial,Woody,No,,,,,,,,,,,,,,,,,,,#N/A,#N/A,#N/A,#N/A,#N/A,#N/A,,,#N/A,,,,,,,,,,,NA,,,,,
Only control species,coussapoa villosa,,,,,Urticaceae,Coussapoa,villosa,,,,,,NA,,Tree,Perennial,Woody,No,,,,,,,,,,,,,,,,,,,#N/A,#N/A,#N/A,#N/A,#N/A,#N/A,,,#N/A,,,,,,,,,,,LC - least concern,,,,,
Only control species,coussarea curvigemmia,,,,,Rubiaceae,Coussarea,curvigemma,,,,,,NA,,Tree,Perennial,Woody,No,,,,,,,,,,,,,,,,,,,#N/A,#N/A,#N/A,#N/A,#N/A,#N/A,,,#N/A,,,,,,,,,,,NA,,,,,
,Crataegus spp.,NA,,#N/A,genus,Rosaceae,Crataegus,NA,sp.,Accepted,http://www.tropicos.org/Name/40015988,NA,NA,Deciduous,Deciduous,Shrub/tree,Perennial,Woody,No,NULL,NA,NA,NULL,NA,NA,NULL,,,,,,NA,NA,NA,NA,NA,,#N/A,#N/A,#N/A,#N/A,#N/A,#N/A,,NO_FAO_GROUP,#N/A,NA,NA,NA,NA,NA,NA,NA,alimmediother,NA,NA,NA,NA,NA,,NA,#N/A
,cratylia argentea,,,NA,species,Fabaceae,Cratylia,argentea,NA,NA,http://www.worldfloraonline.org/taxon/wfo-0000165676,,NA,Deciduous,Deciduous,Shrub,Perennial,Woody,Cratylia,NULL,NA,NA,Fast,"Cultivated, Wild",insects,3,TODO,TODO,TODO,TODO,,NA,NA,NA,NA,NA,,#N/A,#N/A,#N/A,#N/A,#N/A,#N/A,ecocrop,Forage,#N/A,,,,,NaN,NaN,NA,alimmediother,NA,,NA,NA,NA,,insects,#N/A
,Crotalaria breviflora,Sun Hemp,,Sun Hemp,species,Fabaceae,Crotalaria,breviflora,NA,Accepted,http://www.tropicos.org/Name/13029038,"Perennial, Not climbing, Herb/Shrub",NA,"Annual, Not climbing, Herb",herbaceous,herb,Annual,herbaceous,Crotalaria,"1,6",NA,NA,NULL,NA,NA,1.6,,,,,,NA,NA,NA,NA,YES,Fibre crops nes,Fibres,#N/A,#N/A,#N/A,#N/A,,,Fibres,#N/A,Fodder,,,other,"1,00","1,00","3,00",other,"The seeds of many Crotalaria species contain toxic pyrrolizidine alkaloids. Trichodesmine is the principal toxic alkaloid in Crotalaria juncea[ 303 ]. The seeds are reported to contain trypsin inhibitors; they are said to be poisonous to cattle, and they can poison both horses and pigs[ 303 ].",NA,NA,A tropical plant growing in open sunny positions,E. Asia - India.,,NA,#N/A
,Crotalaria grahamiana,NA,,#N/A,species,Fabaceae,Crotalaria,grahamiana,NA,Accepted,https://wcvp.science.kew.org/taxon/488195-1,"Perennial, Not climbing, Herb/Shrub",NA,Herb/Shrub,Evergreen,"Herb, Shrub",Perennial,Woody,Crotalaria,NULL,NA,NA,NULL,NA,NA,2,NA,NA,NA,NA,,NA,NA,NA,NA,NA,,#N/A,#N/A,#N/A,#N/A,#N/A,#N/A,,NO_FAO_GROUP,#N/A,NA,NA,NA,NA,NA,NA,NA,alimmediother,NA,NA,NA,NA,NA,,NA,#N/A
,Crotalaria juncea,Sun Hemp,,Sun Hemp,NA,NA,NA,NA,NA,NA,NA,Annual,Annual,Annual,herbaceous,herb,Annual,herbaceous,No,"2,5",1.60  ,NA,Fast,"Cultivated, Wild","Bees, insects",1.6,,,,,,light (sandy) -medium -  heavy (clay),No shade,Moist,10 ->  12,NA,Fibre crops nes,Fibres,,#N/A,#N/A,#N/A,,Ecocrop,Fibres,Fibre,NA,NA,NA,NA,1.66666666666667,1,4,alimother,The seeds of many Crotalaria species contain toxic pyrrolizidine alkaloids. Trichodesmine is the principal toxic alkaloid in Crotalaria juncea[ 303 ]. The seeds are reported to contain trypsin inhibitors,pfaf.org,NA,NA,NA,,"Bees, Insects",#N/A
,Crotalaria spectabilis,"Cascavelle Jaune, Dhundhani, Dhundhunia, Jhunjhunia, Maraquita, Petit Pois Rond Marron, Pois Rond Marron, Rattle Box, Rattlebox, Sani, Showy Crotalaria, Showy Rattlepod, Sonnette, Tcha-tcha",,"Cascavelle Jaune, Dhundhani, Dhundhunia, Jhunjhunia, Maraquita, Petit Pois Rond Marron, Pois Rond Marron, Rattle Box, Rattlebox, Sani, Showy Crotalaria, Showy Rattlepod, Sonnette, Tcha-tcha",species,Fabaceae,Crotalaria,spectabilis,NA,Accepted,http://www.tropicos.org/Name/13029531,"Shrub/ Perennial, Not climbing, Herb",Annual,Annual,herbaceous,herb,Annual,herbaceous,Crotalaria,NULL,1.00  ,NA,NULL,"Cultivated, Ornamental, Wild","Lampides boeticus L, bees",1,,,,,,NA,NA,NA,NA,NA,NA,#N/A,#N/A,#N/A,#N/A,#N/A,#N/A,Ecocrop,erosion control,#N/A,NA,NA,NA,NA,2,2,3,other,NA,NA,NA,NA,NA,,"Lampides boeticus L and Bombus sp. (Kar, 2018)",#N/A
,Croton floribundus,NA,,#N/A,species,Euphorbiaceae,Croton,floribundus,NA,Accepted,http://www.tropicos.org/Name/12806648,NA,Deciduous Tree,Deciduous Tree,Deciduous,Tree,Perennial,Woody,No,NULL,8.00  ,NA,NULL,"Cultivated, Wild",NA,8,NA,NA,NA,NA,,NA,NA,NA,NA,NA,,#N/A,#N/A,#N/A,#N/A,#N/A,#N/A,,NO_FAO_GROUP,#N/A,NA,NA,NA,NA,0,2,2,,NA,NA,NA,NA,NA,,NA,#N/A
Only control species,croton guatemalensis,,,,,Euphorbiaceae,Croton,guatemalensis,,,,,,Tree,,Tree,Perennial,Woody,No,,,,,"Cultivated, Wild",,5,,,,,,,,,,,,#N/A,#N/A,#N/A,#N/A,#N/A,#N/A,,,#N/A,,,,,0,2,2,,,,LC - least concern,,,,,
,Croton macrocarpa,NA,,#N/A,species,Euphorbiaceae,Oxydectes,microcarpa,NA,Synonym,https://wcvp.science.kew.org/taxon/179001-2,NA,Deciduous Tree,Evergreen Shrub,Evergreen,Shrub,Perennial,Woody,No,10,NA,NA,fast,NA,bees,10,NA,NA,NA,NA,,NA,NA,NA,NA,NA,,#N/A,#N/A,#N/A,#N/A,#N/A,#N/A,,NO_FAO_GROUP,#N/A,NA,NA,NA,NA,"2,00","3,00","3,00",mediother,NA,NA,NA,NA,NA,,bees,#N/A
,Croton megalocarpus,Croton tree,,Croton tree,species,Euphorbiaceae,Croton,megalocarpus,NA,Accepted,https://wcvp.science.kew.org/taxon/342969-1,Tree,Deciduous Tree,Deciduous Tree,Deciduous,tree,Perennial,Woody,No,25,25.00  ,NA,Fast,"Cultivated, Ornamental, Wild",insects,25,800,1900,11,26,,light (sandy) -medium,No shade,Moist,10 ->  12,Yes,NA,#N/A,#N/A,#N/A,Timber,#N/A,,,Timber,#N/A,Timber,,,Timber mainly,0,2,4,other,Dry sawdust may irritate the nose and throat of wood workers[ 299 ]. It has been reported that smoke from the wood irritates the eyes[ 299 ].,pfaf.org,LC - least concern,"A dominant, upper-canopy tree of evergreen and semi-deciduous forest at elevations from 700 - 2,400 metres, sometimes also in riverine woodland and wooded grassland[ 299 ].","East tropical Africa - eastern DR Congo, Uganda, Kenya and southern Somalis, south to Zambia and Mozambique.",,insects (World agroF),#N/A
,Cucumis melo,"Melon, Cantaloupe",Melon_and_cantaloupe,"Melon, Cantaloupe",species,Cucurbitaceae,Cucumis,melo,NA,Accepted,http://www.tropicos.org/Name/9200439,Annual Climber,Annual Climber,Annual Climber,herbaceous,herb climber,Annual,herbaceous,No,"1,5",1.00  ,NA,NULL,Cultivated,insects,1,,,,,,light (sandy) -medium -  heavy (clay),No shade,Moist,09-> 11,Yes,"Melons, Cantaloupes (Cucumis melo)",Vegetables,Melons,#N/A,#N/A,#N/A,,,Vegetables,Fruits,,,Alim,vegetables,4,2,0,alim,The sprouting seed produces a toxic substance in its embryo[65].,pfaf.org,NA,A weed of cultivated fields in Turkey[93]. Probably as an escape from gardens.,"Probably native of Asia, though it has been in cultivation for so long its native habitat is obscure",,Insects,#N/A
,Cucumis sativus,"Cucumber, Garden cucumber",Cucumber,"Cucumber, Garden cucumber",species,Cucurbitaceae,Cucumis,sativus,NA,Accepted,http://www.tropicos.org/Name/9200572,Annual Climber,Annual Climber,Annual Climber,herbaceous,herb climber,Annual,herbaceous,No,2,1.00  ,NA,NULL,Cultivated,insects,1,,,,,,light (sandy) -medium -  heavy (clay),No shade,Moist,09-> 11,No,Cucumbers and gherkins,Vegetables,#N/A,#N/A,#N/A,#N/A,,,Vegetables,Vegetable,,,Alim,vegetables,4,2,2,alim,The sprouting seed produces a toxic substance in its embryo[65].,pfaf.org,NA,Not known in a truly wild situation.,"Possibly native of the E. Indies, but the original habitat is obscure.",,Insects,#N/A
,Cucurbita maxima,Winter Squash,Pumpkin_giant_pumpkin,Winter Squash,species,Cucurbitaceae,Cucurbita,maxima,NA,Accepted,http://www.tropicos.org/Name/50172465,Annual Climber,Annual Climber,Annual Climber,herbaceous,herb climber,Annual,herbaceous,No,"0,6",0.60  ,NA,Fast,Cultivated,insects,0.6,,,,,,light (sandy) -medium -  heavy (clay),Semi-shade/full sun,Moist,02 -> 11,No,Squash,Vegetables,#N/A,#N/A,#N/A,#N/A,,,Vegetables,#N/A,,,Alim,vegetables,5,3,2,alimmedi,The sprouting seed produces a toxic substance in its embryo[65].,pfaf.org,NA,Not known in the wild.,"Origin is obscure, possibly derived in cultivation from C. andreana.",,Insects,#N/A
,Cucurbita moschata,"Squash, Crookneck squash",Squash,"Squash, Crookneck squash",species,Cucurbitaceae,Cucurbita,moschata,NA,Accepted,http://www.tropicos.org/Name/9200600,Annual Climber,Annual Climber,Annual Climber,herbaceous,herb climber,Annual,herbaceous,No,"0,6",0.60  ,NA,Fast,Cultivated,"bees, insects",0.6,,,,,,light (sandy) -medium -  heavy (clay),Semi-shade/full sun,Moist,02 -> 11,No,Squash,Vegetables,#N/A,#N/A,#N/A,#N/A,,,Vegetables,Vegetable,,,Alim,vegetables,5,3,0.333333333333333,alimmediother,The sprouting seed produces a toxic substance in its embryo[65].,pfaf.org,NA,Not known in the wild.,Origin is obscure.,,Bees. Insects,#N/A
,Cucurbita pepo,"Pumpkin, Field pumpkin, Ozark melon, Texas gourd",Summer_squash,"Pumpkin, Field pumpkin, Ozark melon, Texas gourd",species,Cucurbitaceae,Cucurbita,pepo,NA,Accepted,http://www.tropicos.org/Name/9200564,Annual Climber,Annual Climber,Annual Climber,herbaceous,herb climber,Annual,herbaceous,No,"0,6",0.60  ,NA,Fast,Cultivated,insects,0.6,,,,,,light (sandy) -medium -  heavy (clay),Semi-shade/full sun,Moist,02 -> 11,No,Squash,Vegetables,#N/A,#N/A,#N/A,#N/A,,,Vegetables,Vegetable,,,Alim,vegetables,4,3,2,alimmedi,The sprouting seed produces a toxic substance in its embryo[65].,pfaf.org,LC - least concern,Not known in the wild.,C. America? The origin is obscure[86].,,Insects,#N/A
,Cucurbita sp.,NA,,#N/A,genus,Cucurbitaceae,Cucurbita,NA,sp.,Accepted,http://www.tropicos.org/Name/40017959,NA,NA,NA,herbaceous,herb,Annual,herbaceous,No,NULL,NA,NA,NULL,Cultivated,NA,NULL,,,,,,NA,NA,NA,NA,NA,,#N/A,#N/A,#N/A,#N/A,#N/A,,,Vegetables,#N/A,,,Alim,vegetables,NA,NA,NA,alimmediother,NA,NA,NA,NA,NA,,NA,#N/A
,Cuminum cyminum,Cumin - Jeera,Cumin,Cumin - Jeera,species,Apiaceae,Cuminum,cyminum,NA,Accepted,http://www.tropicos.org/Name/1700068,Annual,Annual,Annual,herbaceous,herb,Annual,herbaceous,No,"0,3",0.30  ,NA,Fast,Cultivated,insects,0.3,,,,,,light (sandy) -medium -  heavy (clay),No shade,Dry- Moist,08 ->  12,No,Spices nes,Spices,"Anise, badian, fennel, coriander",#N/A,#N/A,"Spice, Essential oil, O, E",,,spices,Herbs and spices,NA,NA,Alim,Seed,4,3,2,alimmedi,May cause hypoglycaemia. Caution need for diabetics. Avoid if taking barbiturates [301],pfaf.org,NA,Not known in a truly wild condition.,Europe to N. Africa and S.W.Asia? Original habitat is obscure.,,Insects,#N/A
,Cunninghamia lanceolata,Chinese Fir,,NA,species,Cupressaceae,Cunninghamia,lanceolata,NA,NA,http://www.worldfloraonline.org/taxon/wfo-0000629338,,Evergreen Tree,Evergreen Tree,Evergreen,tree,Perennial,Woody,No,15,35.00  ,NA,Medium,"Cultivated, Ornamental, Wild",Wind,35,NA,NA,NA,NA,,light (sandy) -medium -  heavy (clay),No shade,Moist,06 -> 09,NA,NA,#N/A,#N/A,#N/A,#N/A,#N/A,#N/A,,NO_FAO_GROUP,#N/A,Other,,,Other?,0,2,4,other,Plant has spines or sharp edges,pfaf.org,LC - least concern,NA,NA,,Wind,#N/A
,Cupressus lusitanica,Mexican Cypress,,Mexican Cypress,NA,NA,NA,NA,NA,NA,NA,Tree,Evergreen Tree,Evergreen Tree,Evergreen,tree,Perennial,Woody,No,35,35.00  ,NA,Fast,"Cultivated, Ornamental, Wild",Wind,35,800,1500,12,30,,medium -  heavy (clay),Semi-shade/full sun,Moist,09 ->  12,NA,NA,#N/A,#N/A,#N/A,#N/A,#N/A,#N/A,ecocrop,"Timber, Fuelwood",#N/A,Other,,,Other?,0,2,4,other,None known,pfaf.org,LC - least concern,"Often forms dense stands at elevations above 1,300 metres in Guatemala[ 331 ]. Forming pure, dense stands or scattered in mixed montane conifer forest or pine forest, also in pine-oak forest and woodland. occurs on various usually nutrient-poor rocky soils over limestone or various igneous rocks",NA,,Wind,#N/A
,Cupressus sempervirens,Italian Cypress,,Italian Cypress,species,Cupressaceae,Cupressus,sempervirens,NA,Accepted,http://www.tropicos.org/Name/9400073,Tree,Evergreen Tree,Evergreen Tree,Evergreen,tree,Perennial,Woody,No,30,30.00  ,NA,Medium,"Cultivated, Ornamental, Wild",Wind,30,NA,NA,NA,NA,,light (sandy) -medium -  heavy (clay),No shade,Dry- Moist,07-> 11,No,NA,#N/A,#N/A,#N/A,#N/A,Essential oil,,,Essential oil,#N/A,,medicinal,,Woody shoot,0,2,3,other,Poisonous[76]. No more details.,pfaf.org,LC - least concern,"Rocky mountainous areas, usually near the coast, in S. Europe[45, 89].",S. Europe to W. Asia.,,Wind,#N/A
Only control species,cupressus sp.,,,,,Cupressaceae,Cupressus,,sp.,,,,,NA,,Tree,Perennial,Woody,No,,,,,,,,,,,,,,,,,,,#N/A,#N/A,#N/A,#N/A,#N/A,#N/A,,,#N/A,,,,,,,,,,,NA,,,,,
,Curcuma longa,NA,,#N/A,species,Zingiberaceae,Curcuma,longa,NA,Accepted,http://www.tropicos.org/Name/34500029,NA,Perennial,Perennial,NA,herb,Perennial,herbaceous,No,NULL,0.90  ,NA,NULL,Cultivated,NA,0.9,,,,,,NA,NA,NA,NA,NA,,#N/A,"Spices, nes",#N/A,#N/A,"Spice, Essential oil, O, E",,,"spices, Essential oil",Herbs and spices,NA,NA,Alim,rhizomes,3,3,3,alimmediother,NA,NA,DD - data deficient,NA,NA,,NA,#N/A
,Cyamopsis tetragonoloba,"Guar, Cluster Bean",Guar,"Guar, Cluster Bean",species,Fabaceae,Cyamopsis,tetragonoloba,NA,Accepted,http://www.tropicos.org/Name/13057639,Perennial,Perennial,Perennial,NA,herb,Perennial,herbaceous,Cyamopsis,2,2.00  ,NA,Fast,Cultivated,NA,2,,,,,,light (sandy) -medium,No shade,Dry- Moist,10 ->  12,No,NA,#N/A,,#N/A,#N/A,#N/A,#N/A,ecocrop,gum,#N/A,NA,NA,Alim,Leaves,4,3,3,alimmediother,"The immature seedpods contain high contents of hydrocyanic acid, though by the time the pods mature this has been reduced to a trace[ 200 ].",pfaf.org,NA,Not known in a wild state.,E. Asia - India.,,NA,#N/A
,Cymbopogon citratus,"Lemon Grass, Citronella grass",,"Lemon Grass, Citronella grass",species,Poaceae,Cymbopogon,citratus,NA,Accepted,http://www.tropicos.org/Name/25511805,Perennial,Evergreen Perennial,Evergreen Perennial,evergreen,herb,Perennial,herbaceous,No,"1,5",1.50  ,NA,Fast,"Cultivated, Ornamental",Wind,1.5,,,,,,light (sandy) -medium -  heavy (clay),No shade,Dry- Moist,10 ->  12,Yes,Oil of citronella,Tobacco,,#N/A,#N/A,Essential oil,,,Essential oil,#N/A,NA,medicinal,NA,NA,3,4,2,alimmedi,Handling plant may cause skin irritation or allergic reaction,pfaf.org,NA,Not known in a wild situation.,"A tropical plant, not known in the wild, but probably originating in Sri Lanka or Malaysia.",,wind,#N/A
,Cymbopogon flexuosus,NA,,#N/A,species,Poaceae,Cymbopogon,flexuosus,NA,Accepted,http://www.tropicos.org/Name/25547502,Perennial,Evergreen Perennial,"Perennial, Not climbing, Herb",evergreen,herb,Perennial,herbaceous,No,3,,,NA,"Cultivated, Wild",Wind,3,,,,,,NA,NA,NA,NA,,,#N/A,#N/A,#N/A,#N/A,Essential oil,,,Essential oil,#N/A,,medicinal,,Essential oil,2,0,3,other,None known,,NA,"Grassy slopes below 1,000 metres in southern China[266]. Fields, roadsides, in mixed deciduous, dipterocarp and teak forest, often on limestone, and on slopes and ridges at elevations of 100 - 2,200 metres","E. Asia - southwest China, India, Nepal, Myanmar, Thailand.",,Wind,#N/A
,cymbopogon nardus,,,NA,species,Poaceae,Cymbopogon,nardus,NA,NA,http://www.worldfloraonline.org/taxon/wfo-0000861056,,Evergreen Perennial,Evergreen perennial grass,Evergreen,herb,Perennial,herbaceous,No,NA,NA,NA,NA,NA,Wind,2.5,NA,NA,NA,NA,,NA,NA,Moist,NA,NA,,#N/A,#N/A,#N/A,#N/A,Essential oil,#N/A,,Essential oil,#N/A,,,,,3.0,2.0,3,alimmediother,None known,,NA,Grassland and open woodland of Acacia and Combretum on the hills in Uganda,"Eastern Africa - Sudan to S. Africa; E. Asia - India, Sri Lanka.",,wind,#N/A
,Cynodon nlemfuensis,NA,,#N/A,species,Poaceae,Cynodon,nlemfuensis,NA,Accepted,http://www.tropicos.org/Name/25515248,Herb/ Perennial,,"Perennial, Not climbing, Herb",NA,herb,Perennial,herbaceous,No,"0,5","0,30-1 ",,NA,Cultivated,Wind,0.5,,,,,,NA,NA,NA,NA,,,#N/A,#N/A,#N/A,#N/A,#N/A,#N/A,ecocrop,Forage,#N/A,NA,NA,NA,NA,0,0,2,,None known,,NA,"Disturbed areas in grassland, cattle paddocks and road verges, on moist alluvium","E. Africa - Chad to Ethiopia and Somalia, south to Angola, Zambia and Zimbabwe. Widely naturalized in the tropics.",,Wind,#N/A
,Cyperus rotundus,Nut Grass,,Nut Grass,species,Cyperaceae,Cyperus,rotundus,NA,Accepted,http://www.tropicos.org/Name/9901122,Perennial,Perennial,Perennial,NA,herb,Perennial,herbaceous,No,"0,6",0.30  ,NA,NULL,"Cultivated, Wild",Wind,0.3,,,,,,light (sandy) -medium,No shade,Moist -Wet,Coming soon,Yes,NA,#N/A,#N/A,#N/A,#N/A,Essential oil,,,Essential oil,#N/A,,medicinal,,Essential oil,3,3,2,alimmedi,None known,pfaf.org,LC - least concern,"Roadsides, sandy fields and cultivated ground in Eastern North America[43]. Plants are usually only found in damp places[238].","S. and W. Europe, Tropical areas.",,wind ( green cover initiative),#N/A
,Dacryodes edulis,"Bush Butter Tree, Butterfruit, African Plum, bush pear, bush plum, safou",Butterfruit,"Bush Butter Tree, Butterfruit, African Plum, bush pear, bush plum, safou",species,Burseraceae,Dacryodes,edulis,NA,Accepted,http://www.tropicos.org/Name/4700340,Tree,Evergreen Tree,Evergreen Tree,Evergreen,tree,Perennial,Woody,No,20,20.00  ,NA,Fast,"Cultivated, Ornamental, Wild","Bees, insects",20,NA,NA,NA,NA,,light (sandy) -medium -  heavy (clay),Semi-shade/full sun,Moist -Wet,11 ->  12,No,Pears,Fruits,#N/A,Fruit pulp; seed oil/fat; animal food,#N/A,#N/A,,,"Fruits, oil crop",#N/A,,,Alim,Woody Fruits,"5,00","2,00","3,00",alimother,None known,pfaf.org,NA,"Swamp forest[ 308 ]. Evergreen forest[ 332 ]. A shade-loving species of non-flooded forests in the humid tropical zone[ 303 ]. Where there is a well-marked season, it is found only in gallery forest and on swampy ground[ 303 ].",Southern and western Tropical Africa - Ghana to the Congo.,,"Bees, Insects",#N/A
,Dactyladenia barteri,Monkey Fruit,,Monkey Fruit,species,Chrysobalanaceae,Dactyladenia,barteri,NA,Accepted,http://www.tropicos.org/Name/50049037,Tree,Tree,Evergreen Tree,Evergreen,tree,Perennial,Woody,No,10,10.00  ,NA,Medium,"Cultivated, Semi-cultivated, Wild","Red ants, Bees, Wasps",10,1200,NA,20,34,,light (sandy) -medium -  heavy (clay),No shade,Moist,10 ->  12,No,"Fruit, fresh nes (includes subtropical fruits)",Fruits,#N/A,#N/A,#N/A,#N/A,,,Fruits,#N/A,Other,,Alim,Woody Fruits,0,2,4,other,None known,pfaf.org,LC - least concern,"Lowland forest with at least 1,200mm rainfall per year. In the forest-savannah transition zone, it is found along riverbanks, sometimes on the inland side of mangrove forest[ 303 ].","Western tropical Africa - Sierra Leone to Nigeria, south to Gabon and Congo.",,"Red ants, Bees, Wasps",#N/A
,Dalbergia retusa,Cocobolo,,Cocobolo,species,Fabaceae,Dalbergia,retusa,NA,Accepted,http://www.tropicos.org/Name/13014001,Tree,Deciduous Tree,Deciduous Tree,Deciduous,tree,Perennial,Woody,Dalbergia,20,20.00  ,NA,Slow,Wild,NA,20,NA,NA,NA,NA,,light (sandy) -medium -  heavy (clay),No shade,Moist,10 ->  12,No,NA,#N/A,#N/A,#N/A,Timber,#N/A,,,Timber,#N/A,Timber,,,Timber mainly,0,0,4,other,The sawdust is said to act as a poison on the people working with it in the factories[ 551 ].,pfaf.org,CR - critically endangered,"Found only on the drier half of the isthmus, from Gambia south, but it is never common. Occasionally seen along roads in the Canal area, or in farmland woodlots[ 333 ]. Tropical moist forest and premontane moist forest[ 315 ].",Central America - Panama to Mexico.,,NA,#N/A
,Dalbergia sissoo,"Indian Rosewood, Shisham, Siso, Sissai, Sissoo, Sissoo Tree, Sissu, Sisu",,"Indian Rosewood, Shisham, Siso, Sissai, Sissoo, Sissoo Tree, Sissu, Sisu",species,Fabaceae,Dalbergia,sissoo,NA,Accepted,http://www.tropicos.org/Name/13018086,A planted tree,Deciduous Tree,Deciduous Tree,Deciduous,tree,Perennial,Woody,Dalbergia,NULL,20.00  ,NA,NULL,"Cultivated, Ornamental, Wild",insects,20,500,4500,-4,45,,NA,NA,NA,NA,NA,NA,#N/A,#N/A,#N/A,Timber,#N/A,,,Timber,#N/A,Timber,,,Woody shoot,0,2,3,other,NA,NA,LC - least concern,NA,NA,,"Insects, Self",#N/A
,Daucus carota,Carrot,Carrot,Carrot,species,Apiaceae,Daucus,carota,NA,Accepted,http://www.tropicos.org/Name/1701516,Biennial,NA,"Biennial, not climbing",NA,herb,Biennal,herbaceous,No,"0,6",NA,NA,NULL,"Cultivated, Wild","Flies, Beetles",0.6,,,,,,light (sandy) -medium -  heavy (clay),No shade,Moist,04->08,Yes,Carrot,Vegetables,#N/A,#N/A,#N/A,"Essential oil, E",,,Vegetables,Vegetable,,,Alim,vegetables,2,3,4,mediother,"Carrots sometimes cause allergic reactions in some people[46]. Skin contact with the sap is said to cause photo-sensitivity and/or dermatitis in some people[218]. Daucus has been reported to contain acetone, asarone, choline, ethanol, formic acid, HCN, isobutyric acid, limonene, malic acid, maltose, oxalic acid, palmitic acid, pyrrolidine, and quinic acid. Reviewing research on myristicin, which occurs in nutmeg, mace, black pepper, carrot seed, celery seed, and parsley, Buchanan (J. Food Safety 1: 275, 1979) noted that the psychoactive and hallucinogenic properties of mace, nutmeg, and purified myristicin have been studied. It has been hypothesized that myristicin and elemicin can be readily modified in the body to amphetamines. Handling carrot foliage, especially wet foliage, can cause irritation and vesication. Sensitized photosensitive persons may get an exact reproduction of the leaf on the skin by placing the leaf on the skin for awhile, followed by exposure to sunshine[269].",pfaf.org,LC - least concern,"Cultivated and waste land, amongst grass, especially by the sea and on chalk[4, 17].","Europe, including Britain, from Scandanavia south and east to N. Africa, China and eastern India.",,"Flies, Beetles, self feertile",#N/A
,dendrocalamus strictus,,,Male Bamboo. Calcutta Stricta or Bamboo,species,Poaceae,Dendrocalamus,strictus,NA,Accepted,http://www.worldfloraonline.org/taxon/wfo-0000862391,,Evergreen Bamboo,Evergreen Bamboo,Evergreen,Tree,Perennial,Woody,No,15,NA,NA,NA,"Cultivated, Wild",Wind,15,TODO,TODO,TODO,TODO,,NA,"Sun, Semi-shade",NA,09 -> 11,No,,#N/A,#N/A,#N/A,#N/A,#N/A,#N/A,,NO_FAO_GROUP,#N/A,,,,,3.0,1.0,3,alimmediother,None known,,NA,"Drier open deciduous forests in hill slopes, ravines and alluvial plains[361 ].","E. Asia - Pakistan, India, Nepal, Myanmar, Thailand, Laos, Vietnam.",,wind,#N/A
,desmanthus illinoensis,,,"Prairie Mimosa, Illinois bundleflower",species,Fabaceae,Desmanthus,illinoensis,NA,Accepted,http://www.worldfloraonline.org/taxon/wfo-0000192486,,NA,Perennial,herbaceous,herbaceous,Perennial,Woody,Desmanthus,1.3,NA,NA,Medium,Wild,insects,1.3,TODO,TODO,TODO,TODO,,"light (sandy), medium (loamy) and heavy (clay) soils,",NO shade,Moist,04 -> 08,Yes,,#N/A,#N/A,#N/A,#N/A,#N/A,#N/A,,NO_FAO_GROUP,#N/A,,,Alim,,4.0,1.0,1,alimmedi,None known,,NA,"Prairies, river banks and fields[222, 235]. Ditches, stream bottoms, fields, roadsides and low areas, often on clay soils[274].","N. America - Ohio to N. Dakota, New Mexico to Mississippi.",,"Insects, Self",#N/A
,desmodium canadense,,,Showy tick-trefoil,species,Fabaceae,Desmodium,canadense,NA,NA,http://www.worldfloraonline.org/taxon/wfo-0000170488,,NA,Perennial,herbaceous,shrub,Perennial,herbaceous,Desmodium,0.9,NA,NA,Fast,NA,NA,0.9,TODO,TODO,TODO,TODO,,"light (sandy), medium (loamy) and heavy (clay) soils","NO shade, semi-shade",dry- moist,03 -> 06,NA,,#N/A,#N/A,#N/A,#N/A,#N/A,#N/A,,NO_FAO_GROUP,#N/A,,,,,0.0,0.0,3,alimmediother,None known,,NA,"Moist to mesic black soil prairies, moist meadows along rivers, borders of lakes, thickets, limestone glades, and areas along railroads where prairie remnants occur.","E. Asia - China, India, Sri Lanka, Nepal, Myanmar, Thailand, Laos, Vietnam, Malaysia, Indonesia, Philippines.",,NA,#N/A
,desmodium ovalifolium,,,NA,species,Fabaceae,Desmodium,ovalifolium,NA,Illegitimate,https://powo.science.kew.org/taxon/urn:lsid:ipni.org:names:2762591,,Perennial,NA,NA,Tree,Perennial,Woody,Desmodium,NA,NA,NA,NA,NA,NA,0.4,TODO,TODO,TODO,TODO,,NA,NA,NA,NA,NA,,#N/A,#N/A,#N/A,#N/A,#N/A,#N/A,ecocrop,erosion control,#N/A,,,,,0.0,2.0,2,alimmedi,NA,,NA,NA,NA,,NA,#N/A
,Desmodium rensonii,NA,,#N/A,species,Fabaceae,Meibomia,rensoni,NA,Synonym,http://www.tropicos.org/Name/13016035,NA,NA,NA,NA,shrub,Perennial,Woody,No,NULL,NA,NA,NULL,NA,NA,13,,,,,,NA,NA,NA,NA,NA,,#N/A,#N/A,#N/A,#N/A,#N/A,#N/A,,NO_FAO_GROUP,#N/A,NA,NA,NA,NA,NA,NA,NA,alimmediother,NA,NA,NA,NA,NA,,NA,#N/A
,digitaria sanguinalis,,,"Crab Grass, Hairy crabgrass",species,Poaceae,Digitaria,sanguinalis,NA,NA,http://www.worldfloraonline.org/taxon/wfo-0000864353,,NA,Annual,herbaceous,herb,Annual,Herbaceous,No,5,NA,NA,Fast,Wild,Wind,0.5,TODO,TODO,TODO,TODO,,NA,NA,NA,06 -> 09,Yes,,#N/A,#N/A,#N/A,#N/A,#N/A,#N/A,,NO_FAO_GROUP,#N/A,,,,,2.0,1.0,2,alimmedi,There is a report that the leaves might be cyanogenic[218].,,LC - least concern,Arable ground and waste places in Britain[17].,Cosmopolitan. A rare casual in Britain[17].,,Wind,#N/A
,Dioscorea alata,"Water Yam, Purple yam, Greater yam, White yam",Ube_yam,"Water Yam, Purple yam, Greater yam, White yam",species,Dioscoreaceae,Dioscorea,alata,NA,Accepted,http://www.tropicos.org/Name/11000003,Perennial Climber,Perennial Climber,Perennial Climber,NA,"liane, climber",Perennial,Liane,No,15,15.00  ,NA,Fast,"Cultivated, Wild",insects,15,,,,,,light (sandy) -medium -  heavy (clay),S,Moist,10 ->  12,Yes,Yams,Roots and tubers,Yams,#N/A,#N/A,#N/A,,,"Root,tuber",#N/A,,,Alim,Root/tuber,4,1,0.666666666666667,alimother,"Edible species of Dioscorea have opposite leaves whilst poisonous species have alternate leaves[ 174 ]. The uncooked tuber of this species is toxic, and is said to produce narcosis[ 332 ]. Saponin is present and cooking renders the tubers safe to eat[ 332 ].",pfaf.org,NA,Not known in a wild state.,Probably arose in cultivation in E. Asia - Malaysia.,,insects,#N/A
,Dioscorea rotundata,NA,,#N/A,species,Dioscoreaceae,Dioscorea,rotundata,NA,Synonym,http://www.tropicos.org/Name/11000036,NA,Perennial Climber,Perennial Climber,NA,"liane, climber",Perennial,Liane,No,NULL,12.00  ,NA,NULL,Cultivated,NA,12,,,,,,NA,NA,NA,NA,NA,,#N/A,Yams,#N/A,#N/A,#N/A,,,"Root,tuber",#N/A,,,Alim,Root/tuber,3,0,0,alim,NA,NA,NA,NA,NA,,NA,#N/A
,dioscorea sp.,,,Yam,genus,Dioscoreaceae,Dioscorea,,sp.,Accepted,http://www.worldfloraonline.org/taxon/wfo-4000011843,,NA,NA,NA,NA,NA,Herbaceous,No,NA,NA,NA,NA,NA,NA,12,TODO,TODO,TODO,TODO,,NA,NA,NA,NA,NA,,#N/A,#N/A,#N/A,#N/A,#N/A,#N/A,,NO_FAO_GROUP,#N/A,,,,,NaN,NaN,NA,alimmediother,NA,,NA,NA,NA,,NA,#N/A
,Diospyros virginiana,"American Persimmon, Common persimmon, Persimmon",American_persimmon,"American Persimmon, Common persimmon, Persimmon",species,Ebenaceae,Diospyros,virginiana,NA,Accepted,http://www.tropicos.org/Name/11500206,Tree,NA,Deciduous Tree,Deciduous,tree,Perennial,Woody,No,20,NA,NA,Medium,Wild,insects,20,NA,NA,NA,NA,,light (sandy) -medium -  heavy (clay),Semi-shade/full sun,Moist,04->08,No,,#N/A,,#N/A,Timber,#N/A,,,Timber,#N/A,Timber,,Alim,Woody Fruits,5,1,3,alimother,None known,pfaf.org,LC - least concern,"Dry woods, old fields and clearings[43], on light well-drained sandy soils[82]. Found on most soil types from sands to shales and mud bottomlands[149].","Eastern N. America - New England to Florida, west to Texas and Kansas.",,"Insects, wind, no self fertile",#N/A
Only control species,dipholis minutiflora,,,,,Sapotaceae,Dipholis,minutiflora,,,,,,Tree,,Tree,Perennial,Woody,No,,,,,,,,,,,,,,,,,,,#N/A,#N/A,#N/A,#N/A,#N/A,#N/A,,,#N/A,,,,,0,0,2,,,,NA,,,,,
Only control species,dipterocarpus grandiflora,,,,,Dipterocarpaceae,Dipterocarpus,grandiflorus,,,,,,NA,,Tree,Perennial,Woody,No,,,,,,,,,,,,,,,,,,,#N/A,#N/A,#N/A,#N/A,#N/A,#N/A,,,#N/A,,,,,,,,,,,NA,,,,,
Only control species,dipterocarpus turbinatus,,,,,Dipterocarpaceae,Dipterocarpus,turbinatus,,,,,,Deciduous Tree,Deciduous,Tree,Perennial,Woody,No,,,,,Wild,,50,,,,,,,,,,,,#N/A,#N/A,#N/A,#N/A,#N/A,#N/A,,,#N/A,,,,,0,2,3,other,,,VU - vulnerable,,,,,
,Dipteryx alata,"Baru, Coco Feijao, Cumaru, Cumarurana",,"Baru, Coco Feijao, Cumaru, Cumarurana",species,Fabaceae,Dipteryx,alata,NA,Accepted,http://www.tropicos.org/Name/13000476,NA,Evergreen Tree,Evergreen Tree,Evergreen,Tree,Perennial,Woody,Dipteryx,NULL,20.00  ,NA,NULL,"Ornamental, Wild",NA,20,NA,NA,NA,NA,,NA,NA,NA,NA,NA,"Baru, Coco Feijao, Cumaru, Cumarurana",#N/A,#N/A,#N/A,#N/A,#N/A,#N/A,,NO_FAO_GROUP,#N/A,NA,NA,Alim,Woody fruits,3,2,3,alimother,NA,NA,VU - vulnerable,NA,NA,,NA,#N/A
,Dipteryx odorata ,"Tonka Bean, Brazilian Teak",,"Tonka Bean, Brazilian Teak",species,Fabaceae,Dipteryx,odorata,NA,Accepted,http://www.tropicos.org/Name/100476299,Tree,Evergreen Tree,Evergreen Tree,Evergreen,tree,Perennial,Woody,Dipteryx,30,30.00  ,NA,Medium,"Cultivated, Wild",insects,30,NA,NA,NA,NA,,light (sandy) -medium -  heavy (clay),Semi-shade/full sun,Moist,10 ->  12,No,"Tonka Bean, Brazilian Teak",#N/A,#N/A,#N/A,#N/A,#N/A,#N/A,,NO_FAO_GROUP,#N/A,Other,,Alim,seeds,3,2,4,alimother,"The seeds contain 1 - 3% coumarins. When ingested, these can cause damage to the heart and liver and cause cancer[ 238 ].",pfaf.org,DD - data deficient,"A canopy and emergent tree of rainforests, often beside rivers[ 238 , 378 ].","Northern and western S. America - Brazil, Peru, Colombia, Venezuela, the Guyanas.",,Insects,#N/A
,Distemonanthus benthamianus,"African Satinwood, Ayan, Bonsamdua, Movingui, Yellow Satinwood",,"African Satinwood, Ayan, Bonsamdua, Movingui, Yellow Satinwood",species,Fabaceae,Distemonanthus,benthamianus,NA,Accepted,http://www.tropicos.org/Name/13047651,"Perennial, Not climbing, Tree",Deciduous Tree,Deciduous Tree,Deciduous,Tree,Perennial,Woody,Distemonanthus,36,35.00  ,NA,NULL,Wild,NA,35,NA,NA,NA,NA,,NA,NA,NA,NA,NA,NA,#N/A,#N/A,#N/A,Timber,#N/A,,,Timber,#N/A,Timber,,,Woody shoot,0,0,3,other,NA,NA,LC - least concern,NA,NA,,NA,#N/A
,Dombeya torrida subsp. Torrida,NA,,#N/A,species,Malvaceae,Dombeya,goetzenii,NA,Synonym,https://wcvp.science.kew.org/taxon/823043-1,NA,Deciduous Tree,Deciduous shrub/Tree,Deciduous,Shrub/tree,Perennial,Woody,No,15,NA,NA,Medium,NA,bees,15,NA,NA,NA,NA,,NA,NA,NA,NA,NA,,#N/A,#N/A,#N/A,#N/A,#N/A,#N/A,,NO_FAO_GROUP,#N/A,NA,NA,NA,NA,NA,NA,NA,alimmediother,NA,NA,NA,NA,NA,,bees,#N/A
,Durio sp.,NA,,#N/A,genus,Malvaceae,Durio,NA,sp.,Accepted,http://www.tropicos.org/Name/40000161,NA,NA,Evergreen Tree,Evergreen,Tree,Perennial,Woody,No,NULL,NA,NA,NULL,NA,NA,NULL,NA,NA,NA,NA,,NA,NA,NA,NA,NA,,#N/A,#N/A,#N/A,#N/A,#N/A,#N/A,,NO_FAO_GROUP,#N/A,NA,NA,NA,NA,NA,NA,NA,alimmediother,NA,NA,NA,NA,NA,,NA,#N/A
,Durio zibethinus,Durian,,Durian,species,Malvaceae,Durio,zibethinus,NA,Accepted,http://www.tropicos.org/Name/3900624,Tree,Evergreen Tree,Evergreen Tree,Evergreen,tree,Perennial,Woody,No,30,30.00  ,NA,Medium,"Cultivated, Wild",Moths,30,1500,2000,22,NA,,light (sandy) -medium -  heavy (clay),No shade,Moist,10 ->  12,No,NA,#N/A,"Fruits, Other",#N/A,Timber,#N/A,,,"Fruits, Other, Timber",#N/A,Timber,,Alim,Woody Fruits,5,1,2,alim,Seed is poisonous if ingested,pfaf.org,NA,"Dense lowland humid forests[ 303 , 307 ].",E. Asia - Malaysia.,,Moths,#N/A
,Dyera polyphylla,NA,,#N/A,species,Apocynaceae,Dyera,polyphylla,NA,Accepted,http://www.tropicos.org/Name/100184105,NA,Tree,deciduous Tree,Deciduous,Tree,Perennial,Woody,No,NULL,50.00  ,NA,NULL,Wild,NA,50,NA,NA,NA,NA,,NA,NA,NA,NA,NA,,#N/A,#N/A,#N/A,Timber,#N/A,,,Timber,#N/A,Timber,,,Woody shoot,0,0,3,other,NA,NA,VU - vulnerable,NA,NA,,NA,#N/A
,Dypsis lutescens,NA,,#N/A,species,Arecaceae,Dypsis,lutescens,NA,Accepted,http://www.tropicos.org/Name/50059207,Shrub,Evergreen Tree,Evergreen Tree,Evergreen,Tree,Perennial,Woody,No,NULL,6.00  ,NA,NULL,Ornamental,bees,6,NA,NA,NA,NA,,NA,NA,NA,NA,NA,,#N/A,#N/A,#N/A,#N/A,#N/A,#N/A,,NO_FAO_GROUP,#N/A,NA,NA,NA,NA,0,0,2,,NA,NA,NT - near threatened,NA,NA,,"insects, principally bees (Dransfield and Beentje, 1995)",#N/A
,Elaeis guineensis,African Oil Palm,Oil_palm,African Oil Palm,species,Arecaceae,Elaeis,guineensis,NA,Accepted,http://www.tropicos.org/Name/2400016,Tree,Evergreen Tree,Evergreen Tree,Evergreen,Tree,Perennial,Woody,No,15,15.00  ,NA,Slow,"Cultivated, Ornamental, Wild",insects,15,2000,3000,27,35,,light (sandy) -medium -  heavy (clay),No shade,Moist -Wet,10 ->  12,No,Oil of Palm,Oils and fats,#N/A,Fruit pulp; fresh seed; fermented leaf vegetables; seed oil/fat and animal food,#N/A,#N/A,,,"Fruits, oil crop",Oil,Other,,Alim,Woody Fruits,"5,00","2,00","5,00",alimother,None known,pfaf.org,LC - least concern,"More or less open forest in moist, sandy soils that are often poorly drained[ 297 ]. Often found along the edges of rivers[ 303 ].","Tropical west and central Africa - Sierra Leone to Uganda and Kenya, south to Angola and Mozambique.",,Insects,#N/A
,Elaeocarpus decipiens,NA,,#N/A,species,Elaeocarpaceae,Elaeocarpus,decipiens,NA,Accepted,http://www.tropicos.org/Name/11700223,NA,Deciduous Tree,Evergreen Tree,Evergreen,Tree,Perennial,Woody,No,6-10,NA,NA,NULL,NA,NA,10.5,NA,NA,NA,NA,,NA,Full Sun,Medium Water,NA,NA,,#N/A,#N/A,#N/A,#N/A,#N/A,#N/A,,NO_FAO_GROUP,#N/A,NA,NA,NA,NA,NA,NA,NA,alimmediother,NA,NA,NA,NA,NA,,NA,#N/A
,Elettaria cardamomum,NA,,#N/A,species,Zingiberaceae,Elettaria,cardamomum,NA,Accepted,http://www.tropicos.org/Name/34500572,NA,Perennial,Perennial,NA,herb,Perennial,herbaceous,No,NULL,3.00  ,NA,NULL,Cultivated,"Bees, ants",3,,,,,,NA,NA,NA,NA,NA,,#N/A,#N/A,#N/A,#N/A,"Spice, Essential oil, O,E",,,"Stimulant, aromatic, spices, essential oil",Herbs and spices,NA,NA,Alim,Fruits,3,3,2,alimmedi,NA,NA,NA,NA,NA,,"Bees, ants",#N/A
,Eleusine coracana,NA,,#N/A,species,Poaceae,Eleusine,coracana,NA,Accepted,http://www.tropicos.org/Name/25509534,NA,Annual,Annual,herbaceous,herb,Annual,herbaceous,No,NULL,0.30  ,NA,NULL,"Cultivated, Wild",Wind,0.3,,,,,,NA,NA,NA,NA,NA,,#N/A,Cereals,#N/A,#N/A,#N/A,,,Cereals,Cereal,,,Alim,cereals,4,2,1.33333333333333,alimother,NA,NA,LC - least concern,NA,NA,,Wind,#N/A
,Eleusine indica,"Wire Grass, Indian goosegrass, Yard Grass, Goose Grass",,"Wire Grass, Indian goosegrass, Yard Grass, Goose Grass",species,Poaceae,Eleusine,indica,NA,Accepted,http://www.tropicos.org/Name/25509536,Annual,Annual,Annual,herbaceous,herb,Annual,herbaceous,No,"0,5",0.45  ,NA,Fast,Wild,Wind,0.45,,,,,,light (sandy) -medium -  heavy (clay),No shade,Moist,08-> 11,Yes,NA,#N/A,#N/A,#N/A,#N/A,#N/A,#N/A,Ecocrop,Forage,#N/A,NA,NA,NA,NA,3,1.66666666666667,1.66666666666667,alimmediother,None known,pfaf.org,LC - least concern,"Roadsides and waste places[50, 74].",Tropics. Naturalized in S. Europe[50].,,Wind,#N/A
,Elymus glaucus,NA,,#N/A,species,Poaceae,Elymus,glaucus,NA,Accepted,http://www.tropicos.org/Name/25510971,grass,NA,bunchgrass,herbaceous,herb,Perennial,herbaceous,No,"0,5–1,5  ",NA,NA,NULL,Ornamental,Wind,1.5,,,,,,NA,NA,NA,NA,NA,,#N/A,#N/A,#N/A,#N/A,#N/A,#N/A,Ecocrop,Forage,#N/A,NA,NA,NA,NA,"0,00","0,00","0,00",,NA,NA,NA,NA,NA,,wind,#N/A
,elymus virginicus,,,NA,species,Poaceae,Elymus,virginicus,NA,NA,http://www.worldfloraonline.org/taxon/wfo-0000866852,,NA,bunchgrass,herbaceous,herb,Perennial,herbaceous,No,NA,NA,NA,NA,NA,Wind,1.5,NA,NA,NA,NA,,NA,NA,NA,NA,NA,,#N/A,#N/A,#N/A,#N/A,#N/A,#N/A,,NO_FAO_GROUP,#N/A,forage,,,,NaN,NaN,NA,alimmediother,NA,,NA,NA,NA,,wind,#N/A
,emblica officinalis,,,NA,species,Phyllanthaceae,Emblica,officinalis,NA,NA,http://www.worldfloraonline.org/taxon/wfo-0000948507,,Deciduous Shrub,NA,Deciduous,Shrub/tree,Perennial,Woody,No,NA,NA,NA,Slow,NA,NA,18,TODO,TODO,TODO,TODO,,NA,NA,NA,10 ->  12,NA,,#N/A,#N/A,#N/A,#N/A,#N/A,#N/A,Ecocrop,Fruits,#N/A,,medicinal,,Woody fruits,3.0,5.0,3,alimmediother,NA,,LC - least concern,"Mixed forests[306 ]. Drier forests[307 ]. Dry open sparse forests or scrub, village groves at elevations of 200 - 2,300 metres in southern China","E. Asia - China, Indian subcontinent, Myanmar, Thailand, Cambodia, Laos, Vietnam, Malaysia, Indonesia.",,NA,#N/A
,Ensete sp.,NA,,#N/A,genus,Musaceae,Ensete,NA,sp.,Accepted,http://www.tropicos.org/Name/40003678,NA,NA,NA,NA,herb,Perennial,herbaceous,No,NULL,NA,NA,NULL,NA,NA,NULL,,,,,,NA,NA,NA,NA,NA,,#N/A,#N/A,#N/A,#N/A,#N/A,#N/A,,NO_FAO_GROUP,#N/A,,,,NA,NA,NA,NA,alimmediother,NA,NA,NA,NA,NA,,NA,#N/A
,Entandrophragma angolense,Tiama Mahogany,,Tiama Mahogany,species,Meliaceae,Entandrophragma,angolense,NA,Accepted,https://wcvp.science.kew.org/taxon/578399-1,Tree,Deciduous Tree,Deciduous Tree,Deciduous,tree,Perennial,Woody,No,50,50.00  ,NA,Slow,Wild,NA,50,NA,NA,NA,NA,,light (sandy) -medium -  heavy (clay),Semi-shade/full sun,Moist,10 ->  12,No,NA,#N/A,#N/A,#N/A,Timber,#N/A,,,Timber,#N/A,Timber,,,Timber mainly,0.333333333333333,2,4,alimother,None known,pfaf.org,NT - near threatened,"Most commonly found in moist semi-deciduous forest, though it can also be found in evergreen forest. It occurs in lowland and mid-altitude rainforest, but sometimes also in gallery forest and thickets, at elevations up to 1,800 metres[ 299 ].","Tropical Africa - Guinea and Sierra Leone, east to Sudan, south to Angola and Kenya.",,NA,#N/A
,Entandrophragma cylindricum,Sapele Mahogany,,Sapele Mahogany,species,Meliaceae,Entandrophragma,cylindricum,NA,Accepted,http://www.tropicos.org/Name/20400510,Tree,Deciduous Tree,Deciduous Tree,Deciduous,tree,Perennial,Woody,No,50,50.00  ,NA,Slow,"Ornamental, Wild",NA,50,NA,NA,NA,NA,,light (sandy) -medium -  heavy (clay),Semi-shade/full sun,Moist,10 ->  12,No,NA,#N/A,#N/A,#N/A,Timber,#N/A,,,Timber,#N/A,Timber,,,Timber mainly,0,2,4,other,None known,pfaf.org,VU - vulnerable,"Most common in semi-deciduous forest, although it can also be found in evergreen forest[ 299 ].","Tropical Africa - moister areas from Sierra Leone to Uganda, south to Angola.",,NA,#N/A
,Entandrophragma utile,Sipo Mahogany,,Sipo Mahogany,species,Meliaceae,Entandrophragma,utile,NA,Accepted,http://www.tropicos.org/Name/20400513,Tree,Deciduous Tree,Deciduous Tree,Deciduous,tree,Perennial,Woody,No,45,45.00  ,NA,Slow,Wild,NA,45,1400,2500,24,26,,light (sandy) -medium -  heavy (clay),No shade,Moist,10 ->  12,No,NA,#N/A,#N/A,#N/A,Timber,#N/A,,,Timber,#N/A,Timber,,,Timber mainly,0,2,4,other,None known,pfaf.org,VU - vulnerable,"A canopy and emergent tree, most commonly found in moist semi-deciduous forest, though it can also be found in evergreen forest[ 299 ].","Tropical Africa - Sierra Leone to Uganda, south to Angola.",,NA,#N/A
,Enterolobium contortisiliquum,"Oreja De Negro, Orelha-de-macaco, Pacara, Tamboril-do-campo, Timbo, Timbo Colorado",,"Oreja De Negro, Orelha-de-macaco, Pacara, Tamboril-do-campo, Timbo, Timbo Colorado",species,Fabaceae,Enterolobium,contortisiliquum,NA,Accepted,http://www.tropicos.org/Name/13009185,"Perennial, Not climbing, Tree Perennial, Not climbing, Tree",Deciduous Tree,Deciduous Tree,Deciduous,Tree,Perennial,Woody,Enterolobium,NULL,25.00  ,NA,NULL,"Ornamental, Wild",NA,25,NA,NA,NA,NA,,NA,NA,NA,NA,NA,NA,#N/A,#N/A,#N/A,Timber,#N/A,,,Timber,#N/A,Timber,,,Woody shoot,0,2,2,,NA,NA,LC - least concern,NA,NA,,NA,#N/A
,Enterolobium sp.,NA,,#N/A,genus,Fabaceae,Enterolobium,NA,sp.,Accepted,http://www.tropicos.org/Name/40003739,NA,NA,Deciduous Tree,Deciduous,Tree,Perennial,Woody,Enterolobium,NULL,NA,NA,NULL,NA,NA,30,NA,NA,NA,NA,,NA,NA,NA,NA,NA,,#N/A,#N/A,#N/A,#N/A,#N/A,#N/A,,NO_FAO_GROUP,#N/A,NA,NA,NA,NA,NA,NA,NA,alimmediother,NA,NA,NA,NA,NA,,NA,#N/A
,Eragrostis tef,Tef,Teff,Tef,species,Poaceae,Eragrostis,tef,NA,Accepted,http://www.tropicos.org/Name/25511999,Annual,Annual,Annual,herbaceous,herb,Annual,herbaceous,No,1,1.00  ,NA,NULL,"Cultivated, Ornamental, Wild",Wind,1,,,,,,light (sandy) -medium -  heavy (clay),No shade,Dry- Moist,08-> 11,No,"Cereals, n.e.c.",Cereals,Millet,#N/A,#N/A,#N/A,,,Cereals,Cereal,,,Alim,cereals,3,0,0,alim,None known,pfaf.org,NA,A casual on waste ground in Britain.,N. Africa - Ethiopia. A casual in Britain.,,Wind,#N/A
,Eriobotrya japonica,"Loquat, Japanese Loquat",Loquat,"Loquat, Japanese Loquat",species,Rosaceae,Eriobotrya,japonica,NA,Accepted,https://wcvp.science.kew.org/taxon/724793-1,Tree,Evergreen Tree,Evergreen Tree,Evergreen,Tree,Perennial,Woody,No,9,9.00  ,NA,Medium,"Cultivated, Ornamental, Wild","Bees, Flies",9,NA,NA,NA,NA,,light (sandy) -medium -  heavy (clay),Semi-shade/full sun,Dry- Moist,08-> 11,Yes,Loquat,#N/A,"Fruit, fresh nes",#N/A,#N/A,#N/A,,,"Fruits, nuts",#N/A,,,Alim,Woody Fruits,4,3,2,alimmedi,"The seed is slightly poisonous. This report probably refers to the hydrogen cyanide that is found in many plants of this family, the seed should only be used in small amounts if it is bitter[K]. In small quantities, hydrogen cyanide has been shown to stimulate respiration and improve digestion, it is also claimed to be of benefit in the treatment of cancer. In excess, however, it can cause respiratory failure and even death.",pfaf.org,NA,Not known in the wild[109].,"E. Asia - China, Japan.",,"Bees, Flies",#N/A
,Eriogonum fasciculatum,NA,,#N/A,species,Polygonaceae,Eriogonum,fasciculatum,NA,Accepted,http://www.tropicos.org/Name/26000537,NA,shrub,shrub,Evergreen,shrub,Perennial,herbaceous,No,NULL,NA,NA,NULL,"Wild, ornemental",NA,18,,,,,,NA,NA,NA,NA,NA,,#N/A,#N/A,#N/A,#N/A,#N/A,#N/A,,NO_FAO_GROUP,#N/A,NA,NA,NA,NA,NA,NA,NA,alimmediother,NA,NA,NA,NA,NA,,NA,#N/A
,eryngium yuccifoluim,,,NA,species,Apiaceae,Eryngium,yuccifolium,NA,NA,http://www.worldfloraonline.org/taxon/wfo-0000678333,,NA,Evergreen perennial grass,Evergreen,herb,Perennial,herbaceous,No,NA,NA,NA,NULL,NA,"Bees, flies, beetles",1,NA,NA,NA,NA,,"light (sandy) and medium (loamy) soils,",No shade,Moist,04 -> 08,NA,,#N/A,#N/A,#N/A,#N/A,#N/A,#N/A,,NO_FAO_GROUP,#N/A,,,,,NaN,2,NA,alimother,None known,,NA,"Dry to moist open woods, thickets and prairies[","Eastern N. America - Connecticut to Florida, west to Texas and Minnesota",,"Bees, flies, beetles",#N/A
,Erythrina abyssinica,NA,,#N/A,species,Fabaceae,Erythrina,abyssinica,NA,Accepted,http://www.tropicos.org/Name/13030191,"Perennial, Not climbing, Shrub/Tree",Deciduous Tree,Deciduous Tree,Deciduous,Tree,Perennial,Woody,Erythrina,NULL,10.00  ,NA,NULL,"Cultivated, Ornamental, Wild","Birds, Bees",10,800,2000,10,26,,NA,NA,NA,NA,NA,,#N/A,#N/A,#N/A,#N/A,#N/A,#N/A,Ecocrop,Forage,#N/A,NA,NA,NA,NA,0,3,3,mediother,NA,NA,LC - least concern,NA,NA,,"Birds, Bees",#N/A
,erythrina americana,,,NA,species,Fabaceae,Erythrina,americana,NA,NA,http://www.worldfloraonline.org/taxon/wfo-0000165879,,Deciduous Tree,Deciduous Tree,Deciduous,Tree,Perennial,Woody,Erythrina,NA,NA,NA,NA,"Cultivated, Ornamental, Wild","Birds, Bees",6,TODO,TODO,TODO,TODO,,NA,NA,NA,NA,NA,,#N/A,#N/A,#N/A,#N/A,#N/A,#N/A,,NO_FAO_GROUP,#N/A,,,,,2.0,2.0,2,alimmedi,"All Erythrina species contain greater or lesser amounts of toxic alkaloids - these can be found in all parts of the plant but are usually most concentrated in the seeds. Concentrations vary from species to species, in some it is low enough that the plant is safely used as a food. In many, the alkaloids are utilized for their medicinal effects. We have no specific information on the concentration of the alkaloids in this species, but care should be exercised in any use of the plant that involves ingestion. These alkaloids have a curare-like action (obtained from Strychnos species) and can cause paralysis and even death by respiratory failure",,LC - least concern,"Thorn forest, probably on limestone.","C. America - Belize, Guatemala, to southern N. America - Mexico.",,"Birds, Bees",#N/A
,Erythrina fusca,"Coral Bean, Swamp Immortelle",,"Coral Bean, Swamp Immortelle",species,Fabaceae,Erythrina,fusca,NA,Accepted,http://www.tropicos.org/Name/13030223,Tree,Deciduous Tree,Deciduous Tree,Deciduous,tree,Perennial,Woody,Erythrina,15,15.00  ,NA,Medium,"Cultivated, Ornamental, Wild",Birds,15,1200,3000,16,24,,light (sandy) -medium -  heavy (clay),No shade,Dry- Moist,10 ->  12,No,NA,#N/A,#N/A,#N/A,#N/A,#N/A,#N/A,ecocrop,vegetables,#N/A,Other,,,Other?,2,2,4,other,"Although no specific mention has been seen for this species, the seed, bark and stems of plants in this genus usually contain alkaloids that are toxic in all but small amounts[ K ].",pfaf.org,LC - least concern,"A pioneer species, most commonly found on the outer margins of swamps on sites that are not permanently flooded[ 303 ]. Coastal freshwater swamps[ 426 ].","S. America - Brazil, Bolivia and Peru, north through Central America to Guatemala and the Caribbean.",,Birds (Simthonian),#N/A
,erythrina glauca,,,NA,species,Fabaceae,Erythrina,glauca,NA,NA,http://www.worldfloraonline.org/taxon/wfo-0000180770,,Deciduous Tree,Deciduous Tree,Deciduous,Tree,Perennial,Woody,Erythrina,NA,NA,NA,NA,NA,NA,4.8,TODO,TODO,TODO,TODO,,NA,NA,NA,NA,NA,,#N/A,#N/A,#N/A,#N/A,#N/A,#N/A,,NO_FAO_GROUP,#N/A,,,,,2.0,2.0,4,alimmediother,NA,,NA,NA,NA,,NA,#N/A
,Erythrina poeppigiana,Mountain Immortelle. Madre de Cacao,,Mountain Immortelle. Madre de Cacao,species,Fabaceae,Erythrina,poeppigiana,NA,Accepted,http://www.tropicos.org/Name/13009315,Tree,Semi-deciduous Tree,Semi-deciduous Tree,Semi-deciduous,tree,Perennial,Woody,Erythrina,25,25.00  ,NA,Fast,"Cultivated, Ornamental, Wild",Birds,25,NA,NA,NA,NA,,light (sandy) -medium -  heavy (clay),No shade,Dry- Moist,10 ->  12,No,Cacao,#N/A,#N/A,#N/A,#N/A,#N/A,#N/A,ecocrop,"Forage, Fuelwood",#N/A,NA,NA,NA,NA,1,0,3,other,"The seeds are poisonous[447 ]. Although no specific mention has been seen for this species, the bark and stems of plants in this genus usually contain alkaloids that are toxic in all but small amounts[K ].",pfaf.org,LC - least concern,"Humid and subhumid tropical lowlands, such as the riverine and upland forests of the Amazon and Orinoco Basins[303 ]. Found in secondary formations, in areas not subject to inundation, favouring deep, fertile, humus-rich, clayey soils[420 ].","S. America - Brazil, Bolivia and Peru, north to Panama.",,Birds,#N/A
,Erythrina spp.,NA,,#N/A,genus,Fabaceae,Erythrina,NA,spp.,Accepted,http://www.tropicos.org/Name/40005932,NA,NA,Deciduous Tree,Deciduous,Tree,Perennial,Woody,Erythrina,NULL,NA,NA,NULL,NA,NA,NULL,NA,NA,NA,NA,,NA,NA,NA,NA,NA,,#N/A,#N/A,#N/A,#N/A,#N/A,#N/A,,NO_FAO_GROUP,#N/A,NA,NA,NA,NA,NA,NA,NA,alimmediother,NA,NA,NA,NA,NA,,NA,#N/A
,Erythrina subumbrans,Dadap. December tree,,Dadap. December tree,species,Fabaceae,Erythrina,subumbrans,NA,Accepted,http://www.tropicos.org/Name/13043706,Tree,Deciduous Tree,Deciduous Tree,Deciduous,tree,Perennial,Woody,Erythrina,20,20.00  ,NA,Fast,"Cultivated, Ornamental, Wild","Birds, Insects",20,NA,NA,NA,NA,,light (sandy) -medium -  heavy (clay),No shade,Dry- Moist,10 ->  12,Yes,NA,#N/A,#N/A,#N/A,#N/A,#N/A,#N/A,,NO_FAO_GROUP,#N/A,NA,NA,NA,NA,2,2,3,other,"Although no specific mention has been seen for this species, the seed, bark and stems of plants in this genus usually contain alkaloids that are toxic in all but small amounts[K ].",pfaf.org,NA,"Moist valleys, near streams, in open locations and secondary forest at low and medium elevations[303 ].","E. Asia - China, India, Sri Lanka, Myanmar, Thailand, Laos, Vietnam, Malaysia, Indonesia, Philippines.",,"Birds, Insects",#N/A
,Erythrina verna,Mulungu,,Mulungu,NA,NA,NA,NA,NA,NA,NA,Tree,Deciduous Tree,Deciduous Tree,Deciduous,tree,Perennial,Woody,No,12,12.00  ,NA,Fast,"Cultivated, Ornamental, Wild","Insects, Humming birds",12,NA,NA,NA,NA,,light (sandy) -medium -  heavy (clay),No shade,Dry- Moist,10 ->  12,NA,Mulungu,#N/A,#N/A,#N/A,#N/A,#N/A,#N/A,,NO_FAO_GROUP,#N/A,,medicinal,,Woody bark,0,4,2,medi,None known,pfaf.org,LC - least concern,"Rainforest and broadleaved, semideciduous forests where it is most commonly found in open areas and secondary growth",NA,,"Insects, Humming birds",#N/A
,Erythrophleum ivorensis,"Ordealtree, sasswoodtree",,"Ordealtree, sasswoodtree",species,Fabaceae,Erythrophleum,ivorense,NA,Accepted,http://www.tropicos.org/Name/13069404,NA,NA,Evergreen Tree,Evergreen,Tree,Perennial,Woody,Erythrophleum,NULL,NA,NA,NULL,"Wild, cultivated",NA,40,NA,NA,NA,NA,,NA,NA,NA,10 ->  12,NO,NA,#N/A,#N/A,#N/A,#N/A,#N/A,#N/A,,NO_FAO_GROUP,#N/A,Other,,,Other?,"1,00","0,00","4,00",other,"The bark, and sometimes the seeds, are widely used as hunting and ordeal poison[ 299 ]. The bark is used as fish poison[ 299 ]. The sawdust may irritate mucous membranes and may cause allergy and asthma of labourers in sawmills",NA,NA,"Essentially a scattered, canopy tree of old secondary forests, it can also be found in evergreen primary and secondary forests, as well as in moist semi-deciduous forest","West tropical Africa - Gambia to Cameroon, Central African Republic and Gabon.",,NA,#N/A
Only control species,erythroxylum mexicanum,,,,,Erythroxylaceae,Erythroxylum,mexicanum,,,,,,NA,,Shrub/tree,Perennial,Woody,No,,,,,,,,,,,,,,,,,,,#N/A,#N/A,#N/A,#N/A,#N/A,#N/A,,,#N/A,,,,,,,,,,,LC - least concern,,,,,
Only control species,eschweilera sp.,,,,,Lecythidaceae,Eschweilera,,sp.,,,,,NA,,Tree,Perennial,Woody,No,,,,,,,,,,,,,,,,,,,#N/A,#N/A,#N/A,#N/A,#N/A,#N/A,,,#N/A,,,,,,,,,,,NA,,,,,
,Eucalyptus benthamii,NA,,#N/A,species,Myrtaceae,Eucalyptus,benthamii,NA,Accepted,https://wcvp.science.kew.org/taxon/592726-1,"Herbs, shrubs, twiners or (rarely) trees",NA,"Herbs, shrubs, twiners or (rarely) trees",Deciduous/evergreen,"Herb, Shrub",Perennial,Woody,No,NULL,NA,NA,NA,NA,NA,40,NA,NA,NA,NA,,NA,Full Sun,Moist,NA,NA,,#N/A,#N/A,#N/A,#N/A,#N/A,#N/A,,NO_FAO_GROUP,#N/A,NA,NA,NA,NA,"0,00","3,00","0,00",medi,NA,NA,EN-Endangered,NA,NA,,NA,#N/A
,Eucalyptus camaldulensis,"Red River Gum, Murray Red Gum, River Red Eucalyptus",,"Red River Gum, Murray Red Gum, River Red Eucalyptus",species,Myrtaceae,Eucalyptus,camaldulensis,NA,Accepted,http://www.tropicos.org/Name/22101716,Tree,Evergreen Tree,Evergreen Tree,Evergreen,tree,Perennial,Woody,No,30,30.00  ,NA,Fast,"Cultivated, Ornamental, Wild","Bees, insects",30,250,2500,3-22,21-40,,light (sandy) -medium -  heavy (clay),No shade,Dry- Moist - Wet,08 ->  12,No,"Rubber, Natural (Dry)",Tobacco,#N/A,#N/A,Timber,#N/A,,,Timber,#N/A,Timber,,,Timber mainly,1,3,4,mediother,"Citronellal, an essential oil found in most Eucalyptus species is reported to be mutagenic when used in isolation[269]. In large doses, oil of eucalyptus, like so many essential oils has caused fatalities from intestinal irritation[269]. Death is reported from ingestion of 4 - 24 ml of essential oils, but recoveries are also reported for the same amount[269]. Symptoms include gastroenteric burning and irritation, nausea, vomiting, diarrhoea, oxygen deficiency, ,weakness, dizziness, stupor, difficult respiration, delirium, paralysis, convulsions, and death, usually due to respiratory failure[269].",pfaf.org,NT - near threatened,"Sandy to heavy soils[77], usually along the banks of streams[167].",Australia - in all mainland states.,,"Bees, Insects",#N/A
,eucalyptus deglupta,,,NA,species,Myrtaceae,Eucalyptus,deglupta,NA,NA,http://www.worldfloraonline.org/taxon/wfo-0000954796,,Evergreen Tree,NA,Evergreen,Tree,Perennial,Woody,No,NA,NA,NA,Fast,"Cultivated, Ornamental, Wild","Bees, insects",60,TODO,TODO,TODO,TODO,,NA,NA,NA,NA,NA,,#N/A,#N/A,#N/A,Timber,#N/A,#N/A,,Timber,#N/A,,,,,0.0,0.0,3,alimmediother,NA,,VU - vulnerable,"Dense stands are commonly found along rivers where it has colonized newly formed banks and non-stagnant river flats. Also found on sites that have been cleared or disturbed by landslides, volcanic eruptions, shifting cultivation etc",Southeast Asia - Philippines to New Guinea.,,"Bees, Insects",#N/A
,Eucalyptus dunnii,Cider Gum,,Cider Gum,species,Myrtaceae,Eucalyptus,dunnii,NA,Accepted,https://wcvp.science.kew.org/taxon/592898-1,deciduous Tree,NA,Evergreen Tree,Evergreen,tree,Perennial,Woody,No,30,NA,NA,NULL,"Cultivated, wild","Bees, insects",30,NA,NA,NA,NA,,NA,NA,NA,07 -> 10,NO,NA,#N/A,#N/A,#N/A,#N/A,#N/A,#N/A,,NO_FAO_GROUP,#N/A,NA,NA,NA,NA,"3,00","3,00","3,00",alimmediother,"Citronellal, an essential oil found in most Eucalyptus species is reported to be mutagenic when used in isolation[269]. In large doses, oil of eucalyptus, like so many essential oils has caused fatalities from intestinal irritation[269]. Death is reported from ingestion of 4 - 24 ml of essential oils, but recoveries are also reported for the same amount[269]. Symptoms include gastroenteric burning and irritation, nausea, vomiting, diarrhoea, oxygen deficiency, ,weakness, dizziness, stupor, difficult respiration, delirium, paralysis, convulsions, and death, usually due to respiratory failure[269].",NA,NT - near threatened,"Alpine areas on rocky well-drained soils, sometimes also found on marshy soils","Australia - South Australia, Tasmania.",,"Bees, Insects",#N/A
,eucalyptus globulus,,,"Tasmanian Blue Gum, Eurabbie, Blue Gum, Blue Eucalyptus",species,Myrtaceae,Eucalyptus,globulus,NA,NA,http://www.worldfloraonline.org/taxon/wfo-0000954998,,Evergreen Tree,Evergreen Tree,Evergreen,Tree,Perennial,Woody,No,55,NA,NA,Fast,Wild,"Bees, insects",55,TODO,TODO,TODO,TODO,,NA,NA,NA,09-nov.,Yes,,#N/A,#N/A,#N/A,Timber,Essential oil,#N/A,,"Timber, essential oil",#N/A,,medicinal,,Leaves,1.5,4.0,"3,5",alimmediother,"Citronellal, an essential oil found in most Eucalyptus species is reported to be mutagenic when used in isolation[269]. In large doses, oil of eucalyptus, like so many essential oils has caused fatalities from intestinal irritation[269]. Death is reported from ingestion of 4 - 24 ml of essential oils, but recoveries are also reported for the same amount[269]. Symptoms include gastroenteric burning and irritation, nausea, vomiting, diarrhoea, oxygen deficiency, ,weakness, dizziness, stupor, difficult respiration, delirium, paralysis, convulsions, and death, usually due to respiratory failure[269]. The plant is reported to cause contact dermatitis. Sensitive persons may develop urticaria from handling the foliage and other parts of the plant[269]. Avoid if on treatment for diabetes mellitus. Infants and small children - avoid oil preparations on faces as possible life threatening spasms [301].",,LC - least concern,Damp marshy areas on moist loams and clays[77]. Found in hilly country or moist valleys in deep rich soils[167].,"Australia - Tasmania, Victoria.",,"Bees, Insects",#N/A
,Eucalyptus grandis,"Flooded Gum, Gum, Rose Eucalyptus",,"Flooded Gum, Gum, Rose Eucalyptus",species,Myrtaceae,Eucalyptus,grandis,NA,Accepted,http://www.tropicos.org/Name/100187894,Tree,Evergreen Tree,Evergreen Tree,Evergreen,tree,Perennial,Woody,No,50,50.00  ,NA,Fast,"Cultivated, Ornamental, Wild","Bees, insects",50,100,1800,-1,40,,light (sandy) -medium -  heavy (clay),Semi-shade/full sun,Dry- Moist,09-> 11,No,"Rubber, Natural (Dry)",Tobacco,#N/A,#N/A,Timber,#N/A,,,Timber,#N/A,Timber,,,Timber mainly,0,2,4,other,"Citronellal, an essential oil found in most Eucalyptus species is reported to be mutagenic when used in isolation[ 269 ]. In large doses, oil of eucalyptus, like so many essential oils has caused fatalities from intestinal irritation[ 269 ]. Death is reported from ingestion of 4 - 24 ml of essential oils, but recoveries are also reported for the same amount[ 269 ]. Symptoms include gastroenteric burning and irritation, nausea, vomiting, diarrhoea, oxygen deficiency, ,weakness, dizziness, stupor, difficult respiration, delirium, paralysis, convulsions, and death, usually due to respiratory failure[ 269 ].",pfaf.org,NT - near threatened,"Tall, open forest in sheltered valleys and on hill slopes, often in pure or almost pure stands, sometimes in mixed forests. In the south of its range, it is found on flats and lower slopes of deep, fertile valleys and at the edge of rainforests[ 303 ].","Australia - New South Wales, Queensland.",,"Bees, Insects",#N/A
,Eucalyptus hybrid,NA,,#N/A,genus,Myrtaceae,Eucalyptus,NA,hybrid,Accepted,http://www.tropicos.org/Name/40006486,NA,NA,Evergreen Tree,Evergreen,Tree,Perennial,Woody,No,NULL,NA,NA,NULL,NA,NA,NULL,NA,NA,NA,NA,,NA,NA,NA,NA,NA,,#N/A,#N/A,#N/A,#N/A,#N/A,#N/A,,NO_FAO_GROUP,#N/A,NA,NA,NA,NA,NA,NA,NA,alimmediother,NA,NA,NA,NA,NA,,NA,#N/A
,Eucalyptus spp.,NA,,#N/A,genus,Myrtaceae,Eucalyptus,NA,spp.,Accepted,http://www.tropicos.org/Name/40006486,NA,NA,Evergreen Tree,Evergreen,Tree,Perennial,Woody,No,NULL,NA,NA,NULL,NA,NA,NULL,NA,NA,NA,NA,,NA,NA,NA,NA,NA,,#N/A,#N/A,#N/A,#N/A,#N/A,#N/A,,NO_FAO_GROUP,#N/A,NA,NA,NA,NA,NA,NA,NA,alimmediother,NA,NA,NA,NA,NA,,NA,#N/A
,Eucalyptus tereticornis,Forest Red Gum,,Forest Red Gum,species,Myrtaceae,Eucalyptus,tereticornis,NA,Accepted,http://www.tropicos.org/Name/22101719,Tree,Evergreen Tree,Evergreen Tree,Evergreen,tree,Perennial,Woody,No,35,35.00  ,NA,Fast,"Cultivated, Wild","Bees, insects",35,500,1500,2-12,22-32,,light (sandy) -medium -  heavy (clay),No shade,Moist -Wet,09 ->  12,No,"Rubber, Natural (Dry)",Tobacco,#N/A,#N/A,Timber,#N/A,,,Timber,#N/A,Timber,,,Woody shoot,2,2,3,other,"Citronellal, an essential oil found in most Eucalyptus species is reported to be mutagenic when used in isolation[269 ]. In large doses, oil of eucalyptus, like so many essential oils has caused fatalities from intestinal irritation[269 ]. Death is reported from ingestion of 4 - 24 ml of essential oils, but recoveries are also reported for the same amount[269 ]. Symptoms include gastroenteric burning and irritation, nausea, vomiting, diarrhoea, oxygen deficiency, ,weakness, dizziness, stupor, difficult respiration, delirium, paralysis, convulsions, and death, usually due to respiratory failure[269 ].",pfaf.org,LC - least concern,Found principally in open-forest formation with a number of other eucalypts and on river flats or hill slopes with alluvial or sandy to gravelly soils[303 ].,"Australia - Victoria, New South Wales, Queensland, north to Papua New Guinea.",,"Bees, Insects",#N/A
,Eucalyptus urophylla,Timor White Gum,,Timor White Gum,species,Myrtaceae,Eucalyptus,urophylla,NA,Accepted,http://www.tropicos.org/Name/50007143,Tree,Evergreen Tree,Evergreen Tree,Evergreen,tree,Perennial,Woody,No,40,40.00  ,NA,Fast,"Cultivated, Wild","Insects, Birds",40,1000,1500,8,29,,medium -  heavy (clay),No shade,Moist,10 ->  12,No,"Rubber, Natural (Dry)",Tobacco,#N/A,#N/A,#N/A,#N/A,,,Tobacco,#N/A,NA,NA,NA,NA,0,0,2.33333333333333,other,"Citronellal, an essential oil found in most Eucalyptus species is reported to be mutagenic when used in isolation[269 ]. In large doses, oil of eucalyptus, like so many essential oils has caused fatalities from intestinal irritation[269 ]. Death is reported from ingestion of 4 - 24 ml of essential oils, but recoveries are also reported for the same amount[269 ]. Symptoms include gastroenteric burning and irritation, nausea, vomiting, diarrhoea, oxygen deficiency, ,weakness, dizziness, stupor, difficult respiration, delirium, paralysis, convulsions, and death, usually due to respiratory failure[269 ].",pfaf.org,EN-Endangered,"Frequently occurs as the dominant species in open, often secondary montane forests, where it grows on mountain slopes and in valleys[303 ].",Southeast Asia - Indonesia.,,"Insects, Birds",#N/A
,eucalyptus urophylla × eucalyptus grandis,Timor White Gum,,Timor White Gum,species,Myrtaceae,Eucalyptus,urophylla,‚àö√≥ Eucalyptus grandis,Accepted,http://www.tropicos.org/Name/50007143,NA,NA,Evergreen Tree,Evergreen,Tree,Perennial,Woody,No,NULL,NA,NA,NULL,Cultivated,NA,55,1000,1500,8,29,,NA,Full Sun,Moist,10 ->  12,NO,"Rubber, Natural (Dry)",Tobacco,#N/A,#N/A,#N/A,#N/A,,,Timber,#N/A,Timber,,,Woody shoot,"0,00","0,00","3,00",other,"Citronellal, an essential oil found in most Eucalyptus species is reported to be mutagenic when used in isolation[269 ]. In large doses, oil of eucalyptus, like so many essential oils has caused fatalities from intestinal irritation[269 ]. Death is reported from ingestion of 4 - 24 ml of essential oils, but recoveries are also reported for the same amount[269 ]. Symptoms include gastroenteric burning and irritation, nausea, vomiting, diarrhoea, oxygen deficiency, ,weakness, dizziness, stupor, difficult respiration, delirium, paralysis, convulsions, and death, usually due to respiratory failure",NA,NA,"Frequently occurs as the dominant species in open, often secondary montane forests, where it grows on mountain slopes and in valleys",Southeast Asia - Indonesia.,,NA,#N/A
,Eugenia jambos,"Jambos, Rose Apple, Plum Rose",,"Jambos, Rose Apple, Plum Rose",species,Myrtaceae,Eugenia,jambos,NA,Synonym,http://www.tropicos.org/Name/22101734,evergreen Tree,NA,Evergreen Tree,Evergreen,tree,Perennial,Woody,No,8,NA,NA,NULL,Wild,insects,8,NA,NA,NA,NA,,NA,NA,NA,09 ->  12,YES,"Berries nes (excluding subset blackberries, mulberries and loganberries)",Fruits,#N/A,#N/A,#N/A,#N/A,,,Fruits,#N/A,Other,,Alim,Woody Fruits,3,2,4,alimother,"The seeds are said to be poisonous[303 ]. An unknown amount of hydrocyanic acid has been reported in the roots, stems and leaves[303 ]. An alkaloid, jambosine, has been found in the bark of the tree and of the roots, and the roots are considered poisonous",NA,NA,"Open places, generally around villages, at elevations of 600 - 1,400 metres in Nepal[272 ]. Most commonly found in moister habitats such as stream banks, becoming more frequent at higher elevations as rainfall levels rise",E. Asia - Malaysia.,,"insects, self",#N/A
,Eugenia sp.,NA,,#N/A,genus,Myrtaceae,Eugenia,NA,sp.,Accepted,http://www.tropicos.org/Name/40006825,NA,NA,Evergreen Tree,Evergreen,Tree,Perennial,Woody,No,NULL,NA,NA,NULL,NA,NA,NULL,NA,NA,NA,NA,,NA,NA,NA,NA,NA,,#N/A,#N/A,#N/A,#N/A,#N/A,#N/A,,NO_FAO_GROUP,#N/A,NA,NA,NA,NA,NA,NA,NA,alimmediother,NA,NA,NA,NA,NA,,NA,#N/A
,Eugenia stipitata,"Arac√°-boi, Araza, Araz√°, Mulchis, Paraguaycito, Pichi, Rupi√±a caspi",,"Arac√°-boi, Araza, Araz√°, Mulchis, Paraguaycito, Pichi, Rupi√±a caspi",species,Myrtaceae,Eugenia,stipitata,NA,Accepted,http://www.tropicos.org/Name/22100844,"Shrub, Tree.",Evergreen Tree,Evergreen Tree,Evergreen,Shrub/tree,Perennial,Woody,No,NULL,6.00  ,NA,NULL,"Cultivated, Ornamental, Wild",bees,6,2000,2600,26,NA,,NA,NA,NA,NA,NA,NA,#N/A,#N/A,#N/A,#N/A,#N/A,#N/A,,NO_FAO_GROUP,#N/A,NA,NA,NA,NA,3,2,2,alim,NA,NA,LC - least concern,NA,NA,,"Nocturnal bees (Cordeiro et al., 2021",#N/A
,Eugenia uniflora,Brazil Cherry,Pitanga,Brazil Cherry,species,Myrtaceae,Eugenia,uniflora,NA,Accepted,http://www.tropicos.org/Name/22101634,Shrub,Evergreen Shrub,Evergreen Shrub,Evergreen,Shrub,Perennial,Woody,No,6,6.00  ,NA,Slow,"Cultivated, Ornamental, Wild",insects,6,NA,NA,NA,NA,,light (sandy) -medium -  heavy (clay),Semi-shade/full sun,Dry- Moist,10 ->  12,Yes,Cherries,Fruits,#N/A,#N/A,#N/A,#N/A,,,Fruits,#N/A,,,Alim,Woody Fruits,4,2.33333333333333,3,alimmediother,The seeds are extremely resinous and toxic[ 303 ].(Pollen may cause allergic reaction),pfaf.org,LC - least concern,Light sandy stream banks [200]. Limestone thickets in lowland areas [307]. Semi-deciduous forests and also on coastal levees [416].,"S. America - Argentina, Paraguay, Uruguay, southern central and eastern Brazil, Bolivia.",,insects (Fidalgo · 2019 ·,#N/A
,Euterpe edulis,"Jucara Palm, Assai Palm",,"Jucara Palm, Assai Palm",species,Arecaceae,Euterpe,edulis,NA,Accepted,http://www.tropicos.org/Name/2400454,Tree,Evergreen Tree,Evergreen Tree,Evergreen,tree,Perennial,Woody,No,30,30.00  ,NA,Medium,"Cultivated, Wild",Trigona spinipes Fabricius,30,NA,NA,NA,NA,,light (sandy) -medium -  heavy (clay),Semi-shade/full sun,Moist,09 ->  12,No,NA,#N/A,#N/A,#N/A,#N/A,#N/A,#N/A,,NO_FAO_GROUP,#N/A,,,Alim,Woody Fruits,5,2,2,alim,None known,pfaf.org,NA,"An understorey tree of swampy ground in high rainfall forests[ 200 ], at elevations from sea level to 1,200 metres[ 418 ].","S. America - Argentina, Paraguay, southern and eastern Brazil.",,"Trigona spinipes Fabricius (Meliponini) as the main pollinator (Zamudio et al., 2021)",#N/A
,Euterpe oleracea,"Acai, Assai Palm, Acai Palm",,"Acai, Assai Palm, Acai Palm",species,Arecaceae,Euterpe,oleracea,NA,Accepted,http://www.tropicos.org/Name/2401358,Tree,Evergreen Tree,Evergreen Tree,Evergreen,tree,Perennial,Woody,No,25,25.00  ,NA,Fast,"Cultivated, Ornamental, Wild",Bees,25,NA,NA,NA,NA,,light (sandy) -medium -  heavy (clay),Semi-shade/full sun,Moist,10 ->  12,No,Acai,#N/A,#N/A,#N/A,#N/A,#N/A,#N/A,ecocrop,"Fruits, vegetables",#N/A,,,Alim,Woody Fruits,5,2,2,alim,None known,pfaf.org,NA,"Swampy ground, often in sandy soils[ 297 ]. Most commonly found along river edges and seasonally flooded habitats in Brazil[ 314 ].","S. America - Tropical Brazil extending north to Guyana, Venezuela and Trinidad.",,"native bees 'Bezzera et al., 2020)",#N/A
,Euterpe precatoria,NA,,#N/A,species,Arecaceae,Euterpe,precatoria,NA,Accepted,http://www.tropicos.org/Name/2400762,NA,Evergreen Tree,Evergreen Tree,Evergreen,Tree,Perennial,Woody,No,NULL,15.00  ,NA,NULL,"Cultivated, Wild","beetles, bees",15,NA,NA,NA,NA,,NA,NA,NA,NA,NA,,#N/A,#N/A,#N/A,#N/A,#N/A,#N/A,,NO_FAO_GROUP,#N/A,NA,NA,NA,NA,3,2,2,alim,NA,NA,LC - least concern,NA,NA,,"beetles and bees (Küchmeister et al., 1997)",#N/A
,Fagraea fragrans,"Ironwood, Tembusu",,"Ironwood, Tembusu",species,Gentianaceae,Fagraea,fragrans,NA,Accepted,http://www.tropicos.org/Name/50321360,Tree,Evergreen Tree,Evergreen Tree,Evergreen,tree,Perennial,Woody,No,25,25.00  ,NA,Slow,"Cultivated, Ornamental, Wild",insects,25,NA,NA,NA,NA,,light (sandy) -medium -  heavy (clay),No shade,Moist -Wet,10 ->  12,No,NA,#N/A,#N/A,#N/A,Timber,#N/A,,,Timber,#N/A,Timber,,,Timber mainly,0,2,4,other,Skin rashes may develop when handling green logs with bark on[ 316 ].,pfaf.org,LC - least concern,"Light primary and secondary forest in humid or seasonally inundated locations, avoiding stagnant water. In freshwater-swamp forest, found in association with Melaleuca spp. Also occurs naturally as a pioneer in burnt-over areas and lalang grassland[ 303","E. Asia - India, Myanmar, Malaysia, Thailand, Indo-China, Indonesia, Philippines, Papua New Guinea.",,Insects,#N/A
,Fagus grandifolia,American Beech,,American Beech,species,Fagaceae,Fagus,grandifolia,NA,Accepted,http://www.tropicos.org/Name/13100023,Tree,NA,Deciduous Tree,Deciduous,tree,Perennial,Woody,No,10,NA,NA,Slow,"Ornamental, Wild",Wind,10,NA,NA,NA,NA,,light (sandy) -medium,Full sun- Semi shade - No shade,Dry- Moist,04->08,No,NA,#N/A,#N/A,#N/A,Timber,#N/A,,,Timber,#N/A,Timber,,,Woody shoot,2,2,3,other,Large quantities of the raw seed may be toxic[159].,pfaf.org,LC - least concern,"Rich uplands and mountain slopes, often forming nearly pure forests[82]. In the south of its range it is also found on the margins of streams and swamps[43, 82].","Eastern N. America - New Brunswick to Florida, west to Texas and Ontario.",,wind,#N/A
,Faidherbia albida,White Acacia. White-thorn. Apple ring acacia,,White Acacia. White-thorn. Apple ring acacia,species,Fabaceae,Faidherbia,albida,NA,Accepted,http://www.tropicos.org/Name/13057180,Tree,Deciduous Tree,Deciduous Tree,Deciduous,tree,Perennial,Woody,Faidherbia,25,25.00  ,NA,Fast,"Cultivated, Ornamental, Wild","Butterflies, Insects",25,NA,NA,NA,NA,,light (sandy) -medium,No shade,Dry- Moist,10 ->  12,No,NA,#N/A,#N/A,#N/A,#N/A,#N/A,#N/A,ecocrop,"Forages, seed, firewood",#N/A,NA,NA,NA,NA,1,2,3,other,None known,pfaf.org,LC - least concern,Banks of seasonal and perennial rivers and streams on sandy alluvial soils or on flat land where Vertisols predominate[303 ].,"Africa, from South Africa north through eastern Africa to Sudan, Eritrea and on to Israel.",,"Butterflies, Insects",#N/A
,Falcataria falcata,NA,,#N/A,species,Fabaceae,Falcataria,falcata,NA,Accepted,https://wcvp.science.kew.org/taxon/60471823-2,"Perennial, Not climbing, Tree",NA,Deciduous Tree,Deciduous,Tree,Perennial,Woody,Falcataria,NULL,NA,NA,NULL,NA,NA,30,NA,NA,NA,NA,,NA,NA,NA,NA,NA,,#N/A,#N/A,#N/A,#N/A,#N/A,#N/A,,NO_FAO_GROUP,#N/A,NA,NA,NA,NA,NA,NA,NA,alimmediother,NA,NA,LC - least concern,NA,NA,,NA,#N/A
Only control species,faramea occidentalis,,,,,Rubiaceae,Faramea,occidentalis,,,,,,Evergreen Shrub,Evergreen,Tree/shrub,Perennial,Woody,No,,,,,Wild,,5,,,,,,,,,,,,#N/A,#N/A,#N/A,#N/A,#N/A,#N/A,,,#N/A,,,,,0,0,2,,,,NA,,,,,
,festuca arundinacea,,,Tall Fescue,species,Poaceae,Festuca,arundinacea,NA,Accepted,http://www.worldfloraonline.org/taxon/wfo-0000869819,,NA,perennial grass/bunchgrass,herb,herbaceous,Perennial,herbaceous,No,NULL,NA,NA,NA,Cultivated,Wind,0.5,TODO,TODO,TODO,TODO,,NA,NA,NA,NA,NA,,#N/A,#N/A,#N/A,#N/A,#N/A,Forage crops – Poaceae,,Forage,#N/A,Forage,,,,NaN,NaN,NA,alimmediother,NA,,NA,NA,NA,,wind,#N/A
,festuca rubra,,,red fescue,species,Poaceae,Festuca,rubra,NA,NA,http://www.worldfloraonline.org/taxon/wfo-0000871854,,NA,perennial grass/bunchgrass,herb,herbaceous,Perennial,herbaceous,No,NULL,NA,NA,NA,Cultivated,Wind,0.5,TODO,TODO,TODO,TODO,,NA,NA,NA,NA,NA,,#N/A,#N/A,#N/A,#N/A,#N/A,#N/A,ecocrop,Forage,#N/A,Forage,,,,NaN,NaN,NA,alimmediother,NA,,LC - least concern,NA,NA,,wind,#N/A
,Ficus carica,"Fig, Edible fig, Fig Common",Fig,"Fig, Edible fig, Fig Common",NA,NA,NA,NA,NA,NA,NA,Tree,Deciduous Tree,Deciduous Tree,Deciduous,Tree,Perennial,Woody,No,6,6.00  ,NA,Medium,Cultivated,Wasps,6,NA,NA,NA,NA,,light (sandy) -medium -  heavy (clay),No shade,Dry- Moist,06 -> 10,NA,Figs,Fruits,Figs,#N/A,#N/A,#N/A,,,"Fruits, nuts",Fruits,,,Alim,Woody Fruits,4.66666666666667,2,1.33333333333333,alimother,"The sap and the half-ripe fruits are said to be poisonous[20, 89]. The sap can be a serious eye irritant[238].",pfaf.org,LC - least concern,"Amongst rocks, in woods and scrub on hot dry soils.",W. Asia - Turkey through to Pakistan,,Wasps,#N/A
Only control species,ficus cooki,Strangler fig,,,,Moraceae,Ficus,cookii,,Accepted,,,,NA,,Tree,Perennial,epiphyte,No,,,,,,,,,,,,,,,,,,,#N/A,#N/A,#N/A,#N/A,#N/A,#N/A,,,#N/A,,,,,,,,,,,NA,,,,,
,Ficus exasperata,NA,,#N/A,species,Moraceae,Ficus,exasperata,NA,Accepted,http://www.tropicos.org/Name/21300862,NA,Deciduous Tree,Deciduous Tree,Deciduous,Tree,Perennial,Woody,No,NULL,20.00  ,NA,NULL,"Ornamental, Wild",Wasps,20,NA,NA,NA,NA,,NA,NA,NA,NA,NA,,#N/A,#N/A,Fuelwood,#N/A,#N/A,,,Fuelwood,#N/A,Fuelwood,,,Woody shoot,0,3,3,mediother,NA,NA,LC - least concern,NA,NA,,Wasps,#N/A
,Ficus laurifolia,NA,,#N/A,species,Moraceae,Ficus,ovata,NA,Accepted,http://www.tropicos.org/Name/21301877,NA,Tree,deciduous Tree,Deciduous,Tree,Perennial,Woody,No,NULL,15.00  ,NA,NULL,Wild,Wasps,15,NA,NA,NA,NA,,NA,NA,NA,NA,NA,,#N/A,#N/A,#N/A,#N/A,#N/A,#N/A,,NO_FAO_GROUP,#N/A,NA,NA,NA,NA,0,2,2,,NA,NA,LC - least concern,NA,NA,,Wasps,#N/A
,Ficus Macrophylla,Moreton Bay Fig,,Moreton Bay Fig,genus,Moraceae,Ficus,NA,NA,No opinion,http://www.tropicos.org/Name/50170841,Tree,Evergreen Tree,Evergreen Tree,Evergreen,tree,Perennial,Woody,No,35,35.00  ,NA,NULL,"Ornamental, Wild",Wasps,35,NA,NA,NA,NA,,light (sandy) -medium -  heavy (clay),Semi-shade/full sun,Moist,09-> 11,No,Figs,Fruits,#N/A,#N/A,#N/A,#N/A,,,Fruits,#N/A,,,Alim,Woody Fruits,1.66666666666667,0,2.33333333333333,alimother,None known,pfaf.org,NA,Rainforests[260].,"Australia - Queensland, New South Wales.",,Wasps,#N/A
,Ficus mucuso,NA,,#N/A,species,Moraceae,Ficus,mucuso,NA,Accepted,https://wcvp.science.kew.org/taxon/583844-1,NA,Semi-deciduous Tree,Semi-deciduous Tree,Semi-deciduous,Tree,Perennial,Woody,No,30(40) ,20.00  ,NA,NULL,"Cultivated, Ornamental, Wild",Wasps,20,500,1800-2200,0,40,,NA,NA,NA,NA,NA,,#N/A,#N/A,#N/A,#N/A,#N/A,#N/A,,NO_FAO_GROUP,#N/A,NA,NA,NA,NA,2,2,2,,NA,NA,LC - least concern,NA,NA,,Wasps,#N/A
,Ficus natalensis,NA,,#N/A,species,Moraceae,Ficus,natalensis,NA,Accepted,http://www.tropicos.org/Name/21300851,NA,Semi-deciduous Tree,Semi-deciduous Tree,Semi-deciduous,Tree,Perennial,Woody,No,30,20.00  ,NA,NULL,"Cultivated, Wild",Wasps,20,NA,NA,NA,NA,,NA,NA,NA,NA,NA,,#N/A,#N/A,#N/A,#N/A,#N/A,#N/A,,NO_FAO_GROUP,#N/A,NA,NA,NA,NA,0,2,2,,NA,NA,LC - least concern,NA,NA,,Wasps,#N/A
,Ficus spp.,NA,,#N/A,genus,Moraceae,Ficus,NA,spp.,Accepted,http://www.tropicos.org/Name/40009268,NA,NA,Evergreen Tree,Evergreen,Tree,Perennial,Woody,No,NULL,NA,NA,NULL,Cultivated,NA,NULL,NA,NA,NA,NA,,NA,NA,NA,NA,NA,,#N/A,#N/A,Leaves,#N/A,#N/A,,,Fruits,#N/A,,,Alim,Woody Fruits,NA,NA,NA,alimmediother,NA,NA,NA,NA,NA,,NA,#N/A
,Ficus thonningii,NA,,#N/A,species,Moraceae,Ficus,thonningii,NA,Accepted,http://www.tropicos.org/Name/21300865,NA,Evergreen Tree,Evergreen Tree,Evergreen,Tree,Perennial,Woody,No,15(30) ,15.00  ,NA,NULL,"Cultivated, Wild",Wasps,15,NA,NA,NA,NA,,NA,NA,NA,NA,NA,,#N/A,#N/A,Fooder,#N/A,#N/A,,,Fooder,#N/A,Fodder,,,Woody Fodder,2,2,2,,NA,NA,LC - least concern,NA,NA,,Wasps,#N/A
,Ficus vallis-choudae,NA,,#N/A,species,Moraceae,Ficus,vallis-choudae,NA,Accepted,https://wcvp.science.kew.org/taxon/853925-1,NA,shrub,Deciduous Shrub,Deciduous,Shrub,Perennial,Woody,No,15(20) ,15.00  ,NA,NULL,Wild,Wasps,15,NA,NA,NA,NA,,NA,NA,NA,NA,NA,,#N/A,#N/A,#N/A,#N/A,#N/A,#N/A,,NO_FAO_GROUP,#N/A,NA,NA,NA,NA,2,0,2,,None known,NA,NA,"Damp sites, stream-banks and into dry savannah A riverine tree, also found beside lakes and in forests with a high ground water-table, at elevations from 400 - 1,800 metres","Tropical Africa - Senegal to Ethiopia, south to Mozambique and Zimbabwe.",,Wasps,#N/A
,Flemingia macrophylla,Enoki-mame,,Enoki-mame,species,Fabaceae,Flemingia,macrophylla,NA,Accepted,http://www.tropicos.org/Name/13050921,Shrub,Shrub,Deciduous Shrub,Deciduous,Shrub,Perennial,Woody,Flemingia,3,3.00  ,NA,Medium,"Cultivated, Wild","Bees, insects",3,NA,NA,NA,NA,,light (sandy) -medium -  heavy (clay),Semi-shade/full sun,Moist -Wet,10 ->  12,No,NA,#N/A,#N/A,#N/A,#N/A,#N/A,#N/A,ecocrop,Colorant,#N/A,Other,,,Other?,1,2,4,other,None known,pfaf.org,NA,"Along watercourses in secondary forest, as well as under drier conditions such as in fields infested with Imperata cylindrica[303 ].","E. Asia - southern China, Indian subcontinent, Myanmar, Thailand, Cambodia, Laos, Vietnam, Malaysia, Indonesia.",,"Bees, Insects",#N/A
,flowers,NA,,#N/A,genus,Bartramiaceae,Flowersia,NA,NA,Accepted,http://www.tropicos.org/Name/35001719,NA,NA,NA,herbaceous,herb,Annual,herbaceous,No,NULL,NA,NA,NULL,NA,NA,NULL,,,,,,NA,NA,NA,NA,NA,,#N/A,#N/A,#N/A,#N/A,#N/A,#N/A,,NO_FAO_GROUP,#N/A,,,,NA,NA,NA,NA,alimmediother,NA,NA,NA,NA,NA,,NA,#N/A
,forage,,,NA,,,,,NA,NA,,,NA,NA,NA,herb,NA,herbaceous,No,NULL,NA,NA,NA,NA,NA,,TODO,TODO,TODO,TODO,,NA,NA,NA,NA,NA,,#N/A,#N/A,#N/A,#N/A,#N/A,#N/A,,forage,#N/A,,,,,NaN,NaN,NA,alimmediother,NA,,NA,NA,NA,,NA,#N/A
,Frangula californica,NA,,#N/A,species,Rhamnaceae,Rhamnus,californica,NA,Synonym,http://www.tropicos.org/Name/27500174,NA,NA,Evergreen Tree,Evergreen,Tree,Perennial,Woody,No,NULL,NA,NA,NULL,"wild, ornemental",NA,2.4,NA,NA,NA,NA,,NA,NA,NA,NA,NA,,#N/A,#N/A,#N/A,#N/A,#N/A,#N/A,,NO_FAO_GROUP,#N/A,NA,NA,NA,NA,NA,NA,NA,alimmediother,NA,NA,LC - least concern,NA,NA,,NA,#N/A
,Fraxinus americana,White Ash,,White Ash,species,Oleaceae,Fraxinus,americana,NA,Accepted,http://www.tropicos.org/Name/23000132,Tree,NA,Deciduous Tree,Deciduous,tree,Perennial,Woody,No,25,NA,NA,Fast,Wild,Wind,25,NA,NA,NA,NA,,light (sandy) -medium -  heavy (clay),Semi-shade/full sun,Dry- Moist,04 -> 09,Yes,NA,#N/A,#N/A,#N/A,Timber,#N/A,,,Timber,#N/A,Timber,,,Timber mainly,1,2,4,other,None known,pfaf.org,CR - critically endangered,"Rich upland to lowland woods[43, 82]. Usually found in association with other hardwood trees in well-drained soils on slopes[227].","Eastern N. America - Nova Scotia to Florida, west to Nebraska and Texas.",,Wind (pfaf),#N/A
,Fraxinus excelsior,"Ash, European ash, Common Ash",,"Ash, European ash, Common Ash",species,Oleaceae,Fraxinus,excelsior,NA,Accepted,http://www.tropicos.org/Name/23000019,Tree,NA,Deciduous Tree,Deciduous,tree,Perennial,Woody,No,30,NA,NA,Fast,"Cultivated, Ornamental, Wild",wind,30,NA,NA,NA,NA,,light (sandy) -medium -  heavy (clay),No shade,Moist -Wet,05->08,No,NA,#N/A,#N/A,#N/A,Timber,#N/A,,,Timber,#N/A,Timber,,,Woody shoot,2,2,3,other,"Poisonous to ruminants[76], it has also caused dermatitis in some people[76].",pfaf.org,NT - near threatened,"Forming woods on calcareous soils in the wetter parts of Britain, also in oakwoods, scrub, hedges etc[17]. It is also often found on acid soils[17].","Europe, including Britain south of latitude 64¬¨‚àû, to N. Africa and W. Asia.",,"Wind, no self",#N/A
,Galium aparine,"Goosegrass, Coachweed, Catchweed, Stickywilly",,"Goosegrass, Coachweed, Catchweed, Stickywilly",species,Rubiaceae,Galium,aparine,NA,Accepted,http://www.tropicos.org/Name/27900076,Annual,NA,"Annual, climbing",herbaceous,herb climber,Annual,herbaceous,No,"1,2",NA,NA,NULL,Wild,NA,16,,,,,,light (sandy) -medium -  heavy (clay),Full sun- Semi shade - No shade,Dry- Moist,03->07,Yes,NA,#N/A,#N/A,#N/A,#N/A,#N/A,#N/A,,NO_FAO_GROUP,#N/A,NA,NA,NA,NA,2,3,3,mediother,The sap of the plant can cause contact dermatitis in sensitive people[222]. Can cause severe skin irritation [301].,pfaf.org,NA,Hedgerows and as a weed of cultivated land[7]. Moist and grassy places on most types of soil[17].,"Europe, including Britain, from Scandanavia south and east to Spain, N. and W. Asia.",,NA,#N/A
,Garcinia gardneriana,"Bacupari, achacha",,"Bacupari, achacha",species,Clusiaceae,Garcinia,gardneriana,NA,Accepted,http://www.tropicos.org/Name/50153254,Tree,Evergreen Tree,Evergreen Tree,Evergreen,tree,Perennial,Woody,No,8,8.00  ,NA,Slow,"Cultivated, Ornamental, Wild",NA,8,NA,NA,NA,NA,,light (sandy) -medium -  heavy (clay),Semi-shade/full sun,Moist,10 ->  12,No,NA,#N/A,#N/A,#N/A,#N/A,#N/A,#N/A,,NO_FAO_GROUP,#N/A,,,Alim,Woody Fruits,4,0,2,alim,None known,pfaf.org,LC - least concern,"Rainforests, usually on land that does not get inundated[416 ]. Often found in gallery forests[419 ].","S. America - Paraguay, southern, eastern, central and northern Brazil, Bolivia, Peru, Ecuador, Venezuela.",,NA,#N/A
,Garcinia macrophylla,NA,,#N/A,species,Clusiaceae,Garcinia,macrophylla,NA,Accepted,http://www.tropicos.org/Name/7800805,NA,Evergreen Tree,Evergreen Tree,Evergreen,Tree,Perennial,Woody,No,NULL,12.00  ,NA,NULL,"Cultivated, Wild",NA,12,NA,NA,NA,NA,,NA,NA,NA,NA,NA,,#N/A,#N/A,#N/A,#N/A,#N/A,#N/A,,NO_FAO_GROUP,#N/A,NA,NA,NA,NA,3,2,2,alim,NA,NA,LC - least concern,NA,NA,,NA,#N/A
,Garcinia madruno,NA,,#N/A,NA,NA,NA,NA,NA,NA,NA,NA,Evergreen Tree,Evergreen Tree,Evergreen,Tree,Perennial,Woody,No,NULL,10.00  ,NA,NULL,"Cultivated, Wild","bees, buterflies",10,NA,NA,NA,NA,,NA,NA,NA,10 ->  12,NA,,#N/A,#N/A,#N/A,#N/A,#N/A,#N/A,,NO_FAO_GROUP,#N/A,,,Alim,Woody Fruits,4,2,2,alim,None known,NA,LC - least concern,"Dry forests with generally sandy soils[416 ]. Humid, secondary forests, principally in areas not subject to inundation, on sandy, well-drained soils[625 ]. Found at elevations below 1,200 metres[336 ].","S. America - Brazil, Bolivia, Peru, Ecuador, Colombia, Venezuela, the Guyanas",,bees and butterflies (pfaf),#N/A
,Garcinia mangostana,"Madruno, Charichuela, Madrono",Mangosteen,"Madruno, Charichuela, Madrono",species,Clusiaceae,Garcinia,mangostana,NA,Accepted,http://www.tropicos.org/Name/7800753,Tree,Evergreen Tree,Evergreen Tree,Evergreen,tree,Perennial,Woody,No,10,12.00  ,NA,Medium,"Cultivated, Wild",NA,12,1200,NA,4,38,,light (sandy) -medium,Semi-shade/full sun,Moist,11 ->  12,No,NA,#N/A,"Fruits, Other",#N/A,#N/A,#N/A,#N/A,,Fruits,Fruits,,,Alim,Woody Fruits,5,2,2,alim,None known,pfaf.org,NA,"The tree is mostly known from cultivation, but is also probably wild on hillsides and ridges in undisturbed mixed dipterocarp forests at elevations up to 200 metres[653 ].",E. Asia - Malaysia.,,"No pollination (Lan et al., National parks board)",#N/A
,Genipa americana,"Caruto, Guaricha irayol, Guate, Huito, Jagua, Jalma, Jiaveic√π (Cubeo), Kipar√°, Mapa√ºtonae (Sikuani), Map√ºtunael (Sikuani), Mata√ºtonae (Sikuani)",,"Caruto, Guaricha irayol, Guate, Huito, Jagua, Jalma, Jiaveic√π (Cubeo), Kipar√°, Mapa√ºtonae (Sikuani), Map√ºtunael (Sikuani), Mata√ºtonae (Sikuani)",species,Rubiaceae,Genipa,americana,NA,Accepted,http://www.tropicos.org/Name/27900116,"Shrub, Small tree, Tree.",Evergreen Tree,Evergreen Tree,Evergreen,Shrub/tree,Perennial,Woody,No,NULL,20.00  ,NA,NULL,"Ornamental, Wild",bees,20,NA,NA,NA,NA,,NA,NA,NA,NA,NA,NA,#N/A,#N/A,#N/A,#N/A,#N/A,#N/A,ecocrop,Colorant,#N/A,NA,NA,NA,NA,3,2,3,alimother,NA,NA,LC - least concern,NA,NA,,Bees,#N/A
,Gigantochloa albociliata,Clumping bamboo,,Clumping bamboo,species,Poaceae,Gigantochloa,albociliata,NA,Accepted,http://www.tropicos.org/Name/50074031,Bamboo,Evergreen Tree,Evergreen Tree,Evergreen,Tree,Perennial,Woody,No,12,12.00  ,NA,Fast,"Cultivated, Ornamental, Wild",Wind,12,NA,NA,NA,NA,,light (sandy) -medium -  heavy (clay),Semi-shade/full sun,Moist,10-> 11,No,NA,#N/A,#N/A,#N/A,#N/A,#N/A,#N/A,,NO_FAO_GROUP,#N/A,NA,NA,NA,NA,3,0,3,alimother,None known,pfaf.org,NA,"The plant is common in low elevation mixed forest, but does not enter savannahs[310 ].","E. Asia - Myanmar, Thailand.",,Wind,#N/A
,Ginkgo biloba,"Maidenhair Tree, Ginkgo",,"Maidenhair Tree, Ginkgo",species,Ginkgoaceae,Ginkgo,biloba,NA,Accepted,http://www.tropicos.org/Name/14100001,Tree,NA,Deciduous Tree,Deciduous,tree,Perennial,Woody,No,30,NA,NA,Slow,"Cultivated, Wild",Wind,30,NA,NA,NA,NA,,light (sandy) -medium -  heavy (clay),No shade,Dry- Moist,03->08,No,"Maidenhair Tree, Ginkgo",#N/A,#N/A,#N/A,#N/A,#N/A,#N/A,,NO_FAO_GROUP,#N/A,,medicinal,Alim,Woody seeds,5,5,2,alimmedi,"The seed contains a mildly acrimonious principle that is unstable when heated. It is therefore best to cook the seed before eating it to ensure any possible toxicity is destroyed. This acrimonious principle is probably 4'-methoxypyridoxine, which can destroy vitamin B6[237]. It is more toxic for children, but the raw nuts would have to be eaten often over a period of time for the negative effects to become apparent[237]. Avoid if known allergy to Ginkgo or cross-react species (cashew, poison ivy). Not recommended for children. Avoid if on blood thinning medication (e.g. warfarin). Discontinue prior to surgery. Avoid parenteral use as possible hypotension, shock, dizziness. Excessive seed ingestion can cause 'gin-man' food poisoning [301].",pfaf.org,EN-Endangered,"Found wild in only 2 localities at Guizhou and on the Anhui/Zhejiang border[200], where it grows on rich sandy soils[147].",E. Asia - N. China.,,Wind,#N/A
,gledistia triacanthos,,,NA,species,Fabaceae,Gleditschia,triacanthos,NA,Synonym,http://www.worldfloraonline.org/taxon/wfo-0000207341,,Deciduous Tree,NA,Deciduous,Tree,Perennial,Woody,No,NULL,NA,NA,Medium,"Cultivated, Ornamental, Wild",,20,TODO,TODO,TODO,TODO,,Full sun,NA,NA,NA,NA,,#N/A,#N/A,#N/A,#N/A,#N/A,#N/A,,NO_FAO_GROUP,#N/A,,,,,3,2,2,alim,NA,,NA,"Usually growing singly, though sometimes forming almost pure woods, on borders of streams, in rich woods, in moist fertile soils, sometimes on dry sterile gravelly hills; usually at elevations up to 750 metres, occasionally to 1,500 metres[43
, 82
, 1050
].","Eastern N. America - southeastern South Dakota to Pennsylvania, south to Texas and Georgia. Occasionally naturalized in C. and S. Europe.",,insects,#N/A
,Gliricidia sepium,"Gliricidia, Forest Lilac, Mexican Lilac",,"Gliricidia, Forest Lilac, Mexican Lilac",species,Fabaceae,Gliricidia,sepium,NA,Accepted,http://www.tropicos.org/Name/13048407,Shrub,Deciduous Shrub,Deciduous Shrub,Deciduous,Shrub,Perennial,Woody,Gliricidia,10,10.00  ,NA,Fast,"Cultivated, Ornamental, Wild","Bees, insects",10,600,3500,15,30,,light (sandy) -medium -  heavy (clay),No shade,Moist,10 ->  12,Yes,NA,#N/A,#N/A,#N/A,#N/A,#N/A,#N/A,ecocrop,"Timber, forage",#N/A,Other,,,Other?,2,2,5,other,"The leaves, seeds or powdered bark are toxic to humans when mixed with cooked rice or maize and fermented. They are used to poison rats, mice and other rodents[447 ]. The mechanism of toxicity is not understood[303 ].(All parts of plant are poisonous if ingested )",pfaf.org,LC - least concern,"Early and middle successional vegetation types on disturbed sites such as coastal sand dunes, river banks, floodplains and fallow land at elevations from sea level up to 1,500 metres[303 ].","Central America - Costa Rica, north to Mexico.",,"Bees, Insects",#N/A
,Gliricidia spp.,NA,,#N/A,genus,Fabaceae,Gliricidia,NA,spp.,Accepted,http://www.tropicos.org/Name/40014903,NA,NA,Semi-deciduous Tree,Semi-deciduous,Tree,Perennial,Woody,Gliricidia,NULL,NA,NA,NULL,NA,NA,12,NA,NA,NA,NA,,NA,NA,NA,NA,NA,,#N/A,#N/A,#N/A,#N/A,#N/A,#N/A,,NO_FAO_GROUP,#N/A,NA,NA,NA,NA,NA,NA,NA,alimmediother,NA,NA,NA,NA,NA,,NA,#N/A
Only control species,glossostipula concinna,,,,,Rubiaceae,Glossostipula,concinna,,,,,,NA,,Tree,Perennial,Woody,No,,,,,,,,,,,,,,,,,,,#N/A,#N/A,#N/A,#N/A,#N/A,#N/A,,,#N/A,,,,,,,,,,,LC - least concern,,,,,
,Glycine max,Soya Bean,Soybean,Soya Bean,species,Fabaceae,Glycine,max,NA,Accepted,http://www.tropicos.org/Name/13043775,Annual,Annual,Annual,herbaceous,herb,Annual,herbaceous,Glycine,"0,6",0.60  ,NA,NULL,Cultivated,insects,0.6,,,,,,light (sandy) -medium,No shade,Moist,07 -> 10,Yes,Soybeans,Oil crops,Soybean,#N/A,#N/A,Spice,,,"Fruits, oil crop, spices",Oil,,,Alim,oilseeds,4,2,4,alimother,The raw mature seed is toxic and must be thoroughly cooked before being eaten[76]. The sprouted raw seed is sometimes eaten and is considered to be a wholesome food.,pfaf.org,NA,"Lowland thickets, C. and S. Japan[58].",E. Asia.,,Insects,#N/A
,Gmelina arborea,"Gmelina, Snapdragon, White Teak",,"Gmelina, Snapdragon, White Teak",species,Lamiaceae,Gmelina,arborea,NA,Accepted,http://www.tropicos.org/Name/33703046,Tree,Deciduous Tree,Deciduous Tree,Deciduous,tree,Perennial,Woody,No,25,25.00  ,NA,Fast,"Cultivated, Ornamental, Wild","Bees, insects",25,750,5000,38,48,,light (sandy) -medium -  heavy (clay),Semi-shade/full sun,Moist,09 ->  12,No,NA,#N/A,#N/A,#N/A,Timber,#N/A,,,Timber,#N/A,Timber,,,Timber mainly,2,2,4,other,None known,pfaf.org,LC - least concern,"Occurs in a variety of forest habitats, including tropical semi-evergreen, sub-montane, very moist teak forests, deciduous, sal and dry teak forests[303 ]. It also occurs in Syzygium parkland and low alluvial savannah woodland[303 ].","E. Asia - southern China, Indian subcontinent, Myanmar, Thailand, Laos, Vietnam, Malaysia, Indonesia, Philippines",,"Bees, Insects",#N/A
,Gnetum gnemon,"Jointfir, Melinjo, Meninjau",,"Jointfir, Melinjo, Meninjau",species,Gnetaceae,Gnetum,gnemon,NA,Accepted,http://www.tropicos.org/Name/14300128,Tree,Evergreen Tree,Evergreen Tree,Evergreen,tree,Perennial,Woody,No,15,18.00  ,NA,Slow,"Cultivated, Wild",Moths,18,NA,NA,NA,NA,,medium -  heavy (clay),Full sun- Semi shade - No shade,Moist,10 ->  12,No,NA,#N/A,#N/A,#N/A,#N/A,#N/A,#N/A,,NO_FAO_GROUP,#N/A,NA,NA,Alim,"Fruits, flowers",3,1,3,alimother,None known,pfaf.org,LC - least concern,Occasional in lowland ridges and mature fallow forest[303 ]. Commonly found in secondary humid evergreen dipterocarp forests[303 ].,"E. Asia - China, India, Bangladesh, Myanmar, Thailand, Cambodia, Vietnam, Malaysia, Indonesia, Philippines, New Guinea to Fiji.",,Moths,#N/A
,Gossypium hirsutum,Upland Cotton,Seed_cotton,Upland Cotton,species,Malvaceae,Gossypium,hirsutum,NA,Accepted,http://www.tropicos.org/Name/19600941,Shrub,Annual/Perennial,Annual/Perennial,herbaceous,herb,Annual,herbaceous,No,2,2.00  ,NA,Fast,Cultivated,insects,2,,,,,,light (sandy) -medium -  heavy (clay),No shade,Moist,05 -> 10,No,Cotton,#N/A,#N/A,#N/A,#N/A,#N/A,Industrial crop,,industrial crop,#N/A,,,,Fibre,2,0.333333333333333,1.33333333333333,mediother,Some forms of this plant contain the toxin gossypol - glandless cultivars are free of this toxin[301 ].,pfaf.org,VU - vulnerable,Not known,"Central America, north to southern N. America and the Caribbean.",,Insects,#N/A
,Gossypium sp.,NA,,#N/A,genus,Malvaceae,Gossypium,NA,sp.,Accepted,http://www.tropicos.org/Name/40016700,NA,NA,NA,NA,herb,NA,herbaceous,No,NULL,NA,NA,NULL,NA,NA,NULL,,,,,,NA,NA,NA,NA,NA,,#N/A,,#N/A,#N/A,#N/A,,,NO_FAO_GROUP,#N/A,NA,NA,NA,NA,NA,NA,NA,alimmediother,NA,NA,NA,NA,NA,,NA,#N/A
,Goupia glabra,"Acacia, Desnudo florecido, Madre del cacao, Matarrat√≥n, Moutaraton, Pi√±√≥n florido, Raborrat√≥n",,"Acacia, Desnudo florecido, Madre del cacao, Matarrat√≥n, Moutaraton, Pi√±√≥n florido, Raborrat√≥n",species,Goupiaceae,Goupia,glabra,NA,Accepted,http://www.tropicos.org/Name/6600338,"Shrub, Tree.",Semi-deciduous Tree,Semi-deciduous Tree,Semi-deciduous,Shrub/tree,Perennial,Woody,No,NULL,25.00  ,NA,NULL,Wild,NA,25,NA,NA,NA,NA,,NA,NA,NA,NA,NA,NA,#N/A,#N/A,#N/A,Timber,#N/A,,,Timber,#N/A,Timber,,,Woody shoot,0,2,3,other,NA,NA,LC - least concern,NA,NA,,Na,#N/A
,grass,NA,,#N/A,genus,Loasaceae,Grausa,NA,NA,Accepted,http://www.tropicos.org/Name/100452287,NA,NA,NA,NA,herb,NA,herbaceous,No,NULL,NA,NA,NULL,NA,NA,NULL,,,,,,NA,NA,NA,NA,NA,,#N/A,#N/A,#N/A,#N/A,#N/A,#N/A,,Forage,#N/A,,,,NA,NA,NA,NA,alimmediother,NA,NA,NA,NA,NA,,NA,#N/A
,Grevillea robusta,Silky Oak,,Silky Oak,species,Proteaceae,Grevillea,robusta,NA,Accepted,http://www.tropicos.org/Name/26500116,Tree,Evergreen Tree,Evergreen Tree,Evergreen,tree,Perennial,Woody,No,30,25.00  ,NA,Fast,"Cultivated, Ornamental, Wild","Birds, bats, Bees",25,600,1700,14-23,25-31,,light (sandy) -medium -  heavy (clay),Semi-shade/full sun,Dry- Moist,09-> 11,Yes,NA,#N/A,#N/A,#N/A,Timber,#N/A,,,Timber,#N/A,Timber,,,Woody shoot,2,0,3,other,None known,pfaf.org,LC - least concern,Temperate rainforests[157],"Australia - New South Wales, Queensland.",,"Birds, Fruit bats, Bees",#N/A
,Grewia optiva,NA,,#N/A,species,Malvaceae,Grewia,optiva,NA,Accepted,http://www.tropicos.org/Name/100345808,NA,Deciduous Shrub,Deciduous Shrub,Deciduous,Shrub,Perennial,Woody,No,NULL,10.00  ,NA,NULL,"Cultivated, Wild",insects,10,NA,NA,NA,NA,,NA,NA,NA,NA,NA,,#N/A,#N/A,#N/A,#N/A,#N/A,#N/A,,NO_FAO_GROUP,#N/A,NA,NA,NA,NA,2,2,3,other,NA,NA,LC - least concern,NA,NA,,Insects,#N/A
,Grona ovalifolia,NA,,#N/A,species,Fabaceae,Desmodium,ovalifolium,NA,Synonym,http://www.tropicos.org/Name/13043674,perennail,NA,NA,NA,herb,Perennial,herbaceous,Desmodium,"0,75",NA,NA,NULL,"Cultivated, Wild",insects,0.8,,,,,,NA,NA,NA,NA,NA,,#N/A,#N/A,#N/A,#N/A,#N/A,#N/A,,NO_FAO_GROUP,#N/A,NA,NA,NA,NA,"1,00","2,00","1,00",,NA,NA,NA,NA,NA,,insects,#N/A
,Guarea glabra,NA,,#N/A,species,Meliaceae,Guarea,glabra,NA,Accepted,http://www.tropicos.org/Name/20400100,NA,NA,Evergreen Tree,Evergreen,Tree,Perennial,Woody,No,NULL,NA,NA,NULL,NA,NA,20,NA,NA,NA,NA,,NA,NA,NA,NA,NA,,#N/A,#N/A,#N/A,Timber,#N/A,,,Timber,#N/A,Timber,,,Woody shoot,NA,NA,NA,alimmediother,NA,NA,LC - least concern,NA,NA,,NA,#N/A
,guarea guidonia,,,"Muskwood , Carrapeta, Cedro Macho",species,Meliaceae,Guarea,guidonia,NA,NA,http://www.worldfloraonline.org/taxon/wfo-0000710909,,Evergreen Tree,NA,Evergreen,Tree,Perennial,Woody,No,15,NA,NULL,NA,NA,NA,23,TODO,TODO,TODO,TODO,,"light (sandy), medium (loamy) and heavy (clay) soils",Semi shade; no shade,Moist soil,NA,NA,,#N/A,#N/A,#N/A,Timber,#N/A,#N/A,,Timber,#N/A,,,,,0.0,2.0,4,alimmediother,The juice of the plant is a corrosive poison which can be counteracted by an infusion of the buds of Jatropha curcas[348 ]. The leaves are considered to be toxic to cattle,,LC - least concern,"Lowland forests in Panama[333 ]. Often found in gallery forests, on alluvial plains and in valleys, it is found in both dense primary forests and, more commonly, in secondary formations","S. America - Brazil, Bolivia, Peru, Ecuador, Colombia, Venezuela, the Guyanas; C. America - Panama, Costa Rica; Caribbean",,NA,#N/A
,Guazuma ulmifolia,"Bastard Cedar. West Indian elm, Guasimo",,"Bastard Cedar. West Indian elm, Guasimo",species,Malvaceae,Guazuma,ulmifolia,NA,Accepted,http://www.tropicos.org/Name/30400486,Tree,Deciduous Tree,Deciduous Tree,Deciduous,tree,Perennial,Woody,No,30,30.00  ,NA,Fast,"Cultivated, Ornamental, Wild",NA,30,600,1500,24,NA,,light (sandy) -medium -  heavy (clay),No shade,Moist,10 ->  12,Yes,NA,#N/A,#N/A,#N/A,Timber,#N/A,,,Timber,#N/A,Timber,,,Woody shoot,2,3,3,mediother,None known,pfaf.org,LC - least concern,Colonizes recently disturbed areas and is also found growing along stream banks and in pastures. It is a common species in secondary forest[303 ].,"S. America - Brazil, Paraguay and Bolivia, north throughout S. America and Central America to Mexico",,NA,#N/A
,Guiera senegalensis,"Moshi medicine, guier du Senegal",,"Moshi medicine, guier du Senegal",NA,NA,NA,NA,NA,NA,NA,Shrub,Evergreen Shrub,Evergreen Shrub,Evergreen,Shrub,Perennial,Woody,No,"2,5",2.50  ,NA,Slow,Wild,NA,2.5,NA,NA,NA,NA,,light (sandy) -medium,No shade,Dry- Moist,10 ->  12,NA,NA,#N/A,#N/A,#N/A,#N/A,#N/A,#N/A,,NO_FAO_GROUP,#N/A,Other,medicinal,,Woody leaves; medicinal,0.333333333333333,4,4,alimmediother,None known,pfaf.org,LC - least concern,"(Degraded) savannah, savannah forests, forest on fallow land (abandoned farms)",NA,,NA,#N/A
,Guizotia abyssinica,"Niger Seed, Ramtilla",Niger_seed,"Niger Seed, Ramtilla",species,Asteraceae,Guizotia,abyssinica,NA,Accepted,http://www.tropicos.org/Name/2700812,Annual,Annual,Annual,herbaceous,herb,Annual,herbaceous,No,"1,8",1.80  ,NA,NULL,"Cultivated, Wild","Bees, insects",1.8,,,,,,light (sandy) -medium -  heavy (clay),Semi-shade/full sun,Moist,Coming soon,No,,#N/A,Oilseeds nes,#N/A,#N/A,#N/A,,,"Fruits, oil crop",Oil,,,Alim,non-woody seed,3,1.66666666666667,3,alimmediother,None known,pfaf.org,NA,"Casual on tips and waste ground near oil mills, and as a bird-seed alien, in Britain.",Africa - Tropics. An infrequent casual in Britain.,,"Bees, Insects",#N/A
,hamelia patens,,,Corail,species,Rubiaceae,Hamelia,patens,NA,NA,http://www.worldfloraonline.org/taxon/wfo-0000979110,,Evergreen Shrub,NA,Evergreen,Tree,Perennial,Woody,No,NULL,NA,NULL,NA,NA,NA,3,TODO,TODO,TODO,TODO,,NA,NA,NA,NA,NA,,#N/A,#N/A,#N/A,#N/A,#N/A,#N/A,,NO_FAO_GROUP,#N/A,,,,,2.0,1.0,2,alimmedi,The plant is toxic. Further details are lacking from the report,,LC - least concern,"Open areas and thickets in the moist limestone and lower foothills of Puerto Rico, from sea level to 600 metres","S. America - All countries except Uruguay, Chile; C. America - Panama to Mexico; Caribbean - Trinidad to Cuba, the Bahamas and to Florida.",,NA,#N/A
,Handroanthus heptaphyllus,NA,,#N/A,species,Bignoniaceae,Tabebuia,heptaphylla,NA,Synonym,http://www.tropicos.org/Name/3700882,NA,Deciduous Tree,Deciduous Tree,Deciduous,Tree,Perennial,Woody,No,NULL,20.00  ,NA,NULL,"Ornamental, Wild",NA,20,NA,NA,NA,NA,,NA,NA,NA,NA,NA,,#N/A,#N/A,#N/A,Timber,#N/A,,,Timber,#N/A,Timber,,,Woody shoot,0,2,3,other,NA,NA,LC - least concern,NA,NA,,NA,#N/A
,Handroanthus impetiginosus,"Pau D'Arco, Pink Trumpet Tree",,"Pau D'Arco, Pink Trumpet Tree",species,Bignoniaceae,Handroanthus,impetiginosus,NA,Accepted,http://www.tropicos.org/Name/50139857,Tree,Deciduous Tree,Deciduous Tree,Deciduous,tree,Perennial,Woody,No,20,20.00  ,NA,Fast,"Ornamental, Wild",Humingbirds,20,NA,NA,NA,NA,,light (sandy) -medium -  heavy (clay),No shade,Moist,10 ->  12,No,NA,#N/A,#N/A,#N/A,#N/A,#N/A,#N/A,,NO_FAO_GROUP,#N/A,,medicinal,,Woody bark,2,4,3,mediother,"Excessive use of the herb can lead to nausea, vomiting, dizziness and diarrhoea[238 ].(Handling plant may cause skin irritation or allergic reaction )",pfaf.org,NT - near threatened,"Interior of dense, primary forests, as well as in open and secondary growth areas[419 ].",S. America - from Argentina north through Central America to Mexico.,,"Humingbirds (Baza Mendonça, Luciana; dos Anjos, Luiz (2005)",#N/A
,Handroanthus umbellatus,NA,,#N/A,species,Bignoniaceae,Handroanthus,umbellatus,NA,Accepted,http://www.tropicos.org/Name/50139995,NA,Deciduous Tree,Deciduous Tree,Deciduous,Tree,Perennial,Woody,No,NULL,12.50  ,NA,NULL,"Ornamental, Wild",NA,12.5,NA,NA,NA,NA,,NA,NA,NA,NA,NA,,#N/A,#N/A,#N/A,#N/A,#N/A,#N/A,,NO_FAO_GROUP,#N/A,NA,NA,NA,NA,0,2,3,other,NA,NA,LC - least concern,NA,NA,,NA,#N/A
,Hardwickia binata,Anjan,,Anjan,species,Fabaceae,Hardwickia,binata,NA,Accepted,https://wcvp.science.kew.org/taxon/497364-1,"Perennial, Not climbing, Tree",Deciduous Tree,Deciduous Tree,Deciduous,Tree,Perennial,Woody,Hardwickia,NULL,25.00  ,NA,NULL,Wild,NA,25,250,1500,22,34,,NA,NA,NA,NA,NA,NA,#N/A,#N/A,#N/A,Timber,#N/A,,,Timber,#N/A,Timber,,,Woody shoot,0,2,3,other,NA,NA,LC - least concern,NA,NA,,NA,#N/A
Only control species,hedyosmum mexicanum,,,,,Chloranthaceae,Hedyosmum,mexicanum,,Accepted,,,,Tree,Deciduous,Tree,Perennial,Woody,No,,,,,Wild,,10,,,,,,,,,,,,#N/A,#N/A,#N/A,#N/A,#N/A,#N/A,,,#N/A,,,,,2,0,0,,None known,,LC - least concern,"Wet mixed mountain forest or often in pine forest, at elevations from 1,200 - 2,900 metres[",Northern S. America - Colombia; C. America - Panama to Mexico.,,,
,Helianthus annuus,"Sunflower, Common sunflower",Sunflower,"Sunflower, Common sunflower",species,Asteraceae,Helianthus,annuus,NA,Accepted,http://www.tropicos.org/Name/2700851,Annual,Annual,"Annual, not climbing",herbaceous,herb,Annual,herbaceous,No,3,3.00  ,NA,Fast,"Cultivated, Ornamental, Wild","Bees, Flies",3,,,,,,light (sandy) -medium -  heavy (clay),Semi-shade/full sun,Dry- Moist,06 -> 09,Yes,Sunflower seed,Oil crops,Sunflower,#N/A,#N/A,#N/A,,,"Fruits, oil crop",Oil,,,Alim,non-woody seed,5,2,5,alimother,"The growing plant can accumulate nitrates, especially when fed on artificial fertilizers[76]. The pollen or plant extracts may cause allergic reactions[222].",pfaf.org,LC - least concern,Open dry or moderately moist soils on the plains[60].,Western N. America. An occasional garden escape in Britain.,,"Bees, Flies",#N/A
Only control species,heliocarpus donell-smithii,,,,,Malvaceae,Heliocarpus,donnellsmithii,,,,,,NA,,Tree,Perennial,Woody,No,,,,,,,,,,,,,,,,,,,#N/A,#N/A,#N/A,#N/A,#N/A,#N/A,,,#N/A,,,,,,,,,,,NA,,,,,
,heliopsis helianthoides,,,"False sunflower, Oxeye sunflower",species,Asteraceae,Heliopsis,helianthoides,NA,Accepted,http://www.worldfloraonline.org/taxon/wfo-0000010572,,NA,Perennial,herb,herbaceous,Perennial,herbaceous,No,5,NULL,NA,character(0),"Ornamental, Wild",,1.5,TODO,TODO,TODO,TODO,,NA,NA,NA,03 -> 09,No,,#N/A,#N/A,#N/A,#N/A,#N/A,#N/A,,NO_FAO_GROUP,#N/A,,,,,2.0,0.0,2,alimmedi,None Known,,NA,"Open woods, woodland borders and clearings, thickets, grassy meadows, savannas, limestone glades, tallgrass prairies, blackland prairies, stream banks and disturbed roadsides or railroad rights of way.","Native to eastern and central North America from Saskatchewan east to Newfoundland and south as far as Texas, New Mexico, and Georgia.",,Insects,#N/A
,Hemerocallis fulva,"Common Day Lily, Orange daylily, Tawny Daylily, Double Daylily",Common_day_lily,"Common Day Lily, Orange daylily, Tawny Daylily, Double Daylily",species,Asphodelaceae,Hemerocallis,fulva,NA,Accepted,http://www.tropicos.org/Name/18403462,Perennial,NA,Perennial,NA,herb,Perennial,herbaceous,No,1,NA,NA,Medium,"Cultivated, Ornamental, Wild",NA,1,,,,,,light (sandy) -medium -  heavy (clay),Semi-shade/full sun,Dry- Moist,03 -< 10,Yes,NA,#N/A,#N/A,#N/A,#N/A,#N/A,#N/A,,NO_FAO_GROUP,#N/A,NA,NA,Alim,"Flowers, leaves",5,2,2,alim,"Large quantities of the leaves are said to be hallucinogenic[127, 137]. Blanching the leaves removes this hallucinatory component[205]. (This report does not make clear what it means by blanching, it could be excluding light from the growing shoots or immersing in boiling water[K].)",pfaf.org,NA,"Common and widespread in the wild[205], probably as an escape from cultivation.",Of uncertain origin. A garden escape in Britain.,,no self,#N/A
,Hemerocallis lilioasphodelus,NA,,#N/A,species,Asphodelaceae,Hemerocallis,flava,NA,Accepted,http://www.tropicos.org/Name/18403466,NA,NA,NA,NA,herb,Perennial,herbaceous,No,NULL,NA,NA,NULL,Wild,insects,0.1,,,,,,NA,NA,NA,04 -> 08,NO,,#N/A,#N/A,#N/A,#N/A,#N/A,#N/A,,NO_FAO_GROUP,#N/A,NA,NA,Alim,"flowers, shoot",4,2,2,alim,"Large quantities of the leaves are said to be hallucinogenic. Blanching the leaves removes this hallucinatory component[205]. (This report does not make clear what it means by blanching, it could be excluding light from the growing shoots or immersing in boiling water[K].)",NA,NA,"Rocky mountain woods, wet meadows and riversides on foothills of the S.E. Alps in Europe","Original habitat is obscure, possibly China. An occasional garden escape in Britain",,"Insect, self",#N/A
,Henrietta sp.,NA,,#N/A,genus,Melastomataceae,Henrietta,NA,sp.,No opinion,http://www.tropicos.org/Name/40024047,NA,NA,NA,NA,herb,NA,herbaceous,No,NULL,NA,NA,NULL,NA,NA,NULL,,,,,,NA,NA,NA,NA,NA,,#N/A,#N/A,#N/A,#N/A,#N/A,#N/A,,NO_FAO_GROUP,#N/A,,,,NA,NA,NA,NA,alimmediother,NA,NA,NA,NA,NA,,NA,#N/A
,Hevea brasiliensis,"Para Rubber Tree, Brazilian Rubber Tree",,"Para Rubber Tree, Brazilian Rubber Tree",species,Euphorbiaceae,Hevea,brasiliensis,NA,Accepted,http://www.tropicos.org/Name/12801400,Tree,Deciduous Tree,Deciduous Tree,Deciduous,Tree,Perennial,Woody,No,20,20.00  ,NA,Fast,"Cultivated, Wild","insects, wind",20,1500,3000-4000,23,35,,light (sandy) -medium -  heavy (clay),Semi-shade/full sun,Moist,11 ->  12,No,"Rubber, Natural (Dry)",Tobacco,Rubber,#N/A,Timber,#N/A,,,"Rubber, Timber",Industrial,Timber,,,Other?,2,0,5,other,The seeds contain cyanic compounds are poisonous to humans unless treated[587 ]. See notes on edible uses below[K ]. (Seed is poisonous if ingested Handling plant may cause skin irritation or allergic reaction ),pfaf.org,LC - least concern,"Along river banks in rainforests[307 ]. Rainforest, often in periodically flooded areas, but larger trees are found on the well-drained plateaux. In its natural habitat, it forms part of the middle storey of the tropical forest[303 ].",S. America - Brazil around the Amazon and Orinoco rivers.,,"Wind, insects",#N/A
,Hevea spp.,NA,,#N/A,genus,Euphorbiaceae,Hevea,NA,spp.,Accepted,http://www.tropicos.org/Name/40025505,NA,NA,Tree,NA,Tree,Perennial,woody,No,NULL,NA,NA,NULL,NA,NA,NULL,NA,NA,NA,NA,,NA,NA,NA,NA,NA,,#N/A,#N/A,#N/A,#N/A,#N/A,#N/A,,NO_FAO_GROUP,#N/A,NA,NA,NA,NA,NA,NA,NA,alimmediother,NA,NA,NA,NA,NA,,NA,#N/A
Only control species,hibiscus esculentus,,,Okra,,Malvaceae,Hibiscus,esculentus,,Synonym,,,,Annual,Evergreen,Tree,Annual/perennial,Woody,No,,,,,NA,"Bees, insects",1,,,,,,"ight (sandy), medium (loamy) and heavy (clay) soils",NA,Moist,05 -> 11,Yes,,#N/A,#N/A,Leaves,#N/A,#N/A,#N/A,,,#N/A,,,Alim,Woody Fruits,4,3,"2,5",alimmedi,The hairs on the seed pods can be an irritant to some people and gloves should be worn when harvesting. These hairs can be easily removed by washing[200].,,NA,Not known in a truly wild situation.,The original habitat is obscure.,,,
,Hibiscus sabdariffa,Roselle,Roselle,Roselle,species,Malvaceae,Hibiscus,sabdariffa,NA,Accepted,http://www.tropicos.org/Name/19600047,Annual/Perennial,Annual/Perennial,Annual/Perennial,herbaceous,herb,Annual,herbaceous,No,3,3.00  ,NA,NULL,"Cultivated, Ornamental, Wild",insects,3,,,,,,light (sandy) -medium -  heavy (clay),No shade,Moist,09 ->  12,No,Roselle,#N/A,#N/A,#N/A,#N/A,Spice,,,spices,Fibre,NA,NA,Alim,calyx,3.66666666666667,3,2.66666666666667,alimmediother,None known,pfaf.org,NA,Disturbed ground[238].,Tropics - probably tropical central or western Africa.,,"Insects, Self",#N/A
,Hieronyma alchorneoides,NA,,#N/A,species,Phyllanthaceae,Hieronyma,alchorneoides,NA,Accepted,http://www.tropicos.org/Name/12802330,√Årbol,Evergreen Tree,Evergreen Tree,Evergreen,Tree,Perennial,Woody,No,NULL,25.00  ,NA,NULL,"Cultivated, Wild",insects,25,NA,NA,NA,NA,,NA,NA,NA,NA,NA,,#N/A,#N/A,#N/A,Timber,#N/A,,,Timber,#N/A,Timber,,,Woody shoot,0,2,3,other,NA,NA,LC - least concern,NA,NA,,Insects,#N/A
Only control species,himatanthus tarapotensis,,,,,Apocynaceae,Himatanthus,tarapotensis,,Accepted,,,,NA,,Tree,Perennial,Woody,No,,,,,,,,,,,,,,,,,,,#N/A,#N/A,#N/A,#N/A,#N/A,#N/A,,,#N/A,,,,,,,,,,,LC - least concern,,,,,
Only control species,homalium foetidum,,,,,Salicaceae,Homalium,foetidum,,Accepted,,,,Tree,,Tree,Perennial,Woody,No,,,,,Wild,,20,,,,,,,,,,,,#N/A,#N/A,#N/A,Timber,#N/A,#N/A,,,#N/A,Timber,,,,0,0,3,other,,,LC - least concern,,,,,
,Hopea odorata,NA,,#N/A,species,Dipterocarpaceae,Hopea,odorata,NA,Accepted,http://www.tropicos.org/Name/11300001,NA,Evergreen Tree,Evergreen Tree,Evergreen,Tree,Perennial,Woody,No,NULL,30.00  ,NA,NULL,"Cultivated, Ornamental, Wild",Thrips,30,2200,5000,36,40,,NA,NA,NA,NA,NA,,#N/A,#N/A,#N/A,Timber,#N/A,,,Timber,#N/A,Timber,,,Woody shoot,1,2,3,other,NA,NA,VU - vulnerable,NA,NA,,Thrips,#N/A
,Hordeum vulgare,"Barley, Common barley",Barley,"Barley, Common barley",species,Poaceae,Hordeum,vulgare,NA,Accepted,http://www.tropicos.org/Name/25509707,Annual,NA,"Annual, not climbing",herbaceous,herb,Annual,herbaceous,No,1,NA,NA,NULL,"Cultivated, Wild",Wind,1,,,,,,light (sandy) -medium -  heavy (clay),No shade,Moist,04->08,Yes,Barley,Cereals,Cereals,#N/A,#N/A,#N/A,,,Cereals,Beverage,,,Alim,cereals,4,3,2,alimmedi,Exposure to barley flour can cause asthma. Possible trigger for coeliac disease. Possible hypersensitivity to barley [301].,pfaf.org,NA,"Not known in the wild, it is found in Britain as a relict of cultivation but does not persist[17].",Of uncertain origin.,,Wind,#N/A
,Hovenia dulcis,Japanese Raisin Tree,Japanese_raisin_tree,Japanese Raisin Tree,species,Rhamnaceae,Hovenia,dulcis,NA,Accepted,http://www.tropicos.org/Name/27500165,Tree,Deciduous Tree,Deciduous Tree,Deciduous,tree,Perennial,Woody,No,10,10.00  ,NA,NULL,"Cultivated, Wild",NA,10,NA,NA,NA,NA,,light (sandy) -medium,No shade,Moist,05 -> 09,No,Grapes,Fruits,#N/A,#N/A,#N/A,#N/A,,,Fruits,#N/A,,,Alim,Woody Fruits,3,2,3,alimother,None known,pfaf.org,LC - least concern,Plains and mountains to 2000 metres in W. China[109]. Secondary forest[266].,E. Asia - China to the Himalayas.,,NA,#N/A
Only control species,hura crepitans,,,,,Euphorbiaceae,Hura,crepitans,,,,,,Semi-deciduous Tree,Deciduous,Tree,Perennial,Woody,No,,,,Fast,"Cultivated, Ornamental, Wild",,12,,,,,,,,,,,,#N/A,#N/A,#N/A,Timber,#N/A,#N/A,,,#N/A,Timber,,,,0,2,3,other,,,LC - least concern,,,,,
Only control species,hybanthus atropurpureus,,,,,Violaceae,Hybanthus,atropurpureus,,Synonym,,,,NA,,Tree,Perennial,Woody,No,,,,,,,,,,,,,,,,,,,#N/A,#N/A,#N/A,#N/A,#N/A,#N/A,,,#N/A,,,,,,,,,,,NA,,,,,
,Hymenaea courbaril,West Indian Locust,,West Indian Locust,NA,NA,NA,NA,NA,NA,NA,Tree,Evergreen Tree,Evergreen Tree,Evergreen,tree,Perennial,Woody,No,30,30.00  ,NA,Slow,"Cultivated, Ornamental, Semi-cultivated, Wild",Bats,30,1500,3000,20,30,,medium -  heavy (clay),No shade,Dry- Moist,10 ->  12,NA,NA,#N/A,#N/A,#N/A,Timber,#N/A,,,Timber,#N/A,Timber,,,Timber mainly,3,3,4,alimmediother,None known,pfaf.org,LC - least concern,"Found in a wide range of habitats including tropical dry forest, transition to premontane moist forest, and tropical wet forest as well as subtropical moist forest[303 , 791 ].","S. America - Brazil, Bolivia, Peru, Colombia, Venezuela, the Guyanas",,Bats,#N/A
,Ilex glabra,Inkberry,,Inkberry,species,Aquifoliaceae,Ilex,glabra,NA,Accepted,http://www.tropicos.org/Name/2000077,Shrub,NA,Evergreen Shrub,Evergreen,Shrub,Perennial,Woody,No,3,NA,NA,Slow,"Ornamental, Wild",bees,3,NA,NA,NA,NA,,light (sandy) -medium -  heavy (clay),Semi-shade/full sun,Moist,03->07,No,NA,#N/A,#N/A,#N/A,#N/A,#N/A,#N/A,,NO_FAO_GROUP,#N/A,NA,NA,NA,NA,1,0,2,,"Although no specific reports of toxicity have been seen for this species, the fruits of at least some members of this genus contain saponins and are slightly toxic. They can cause vomiting, diarrhoea and stupor if eaten in quantity[274].",pfaf.org,LC - least concern,Wet acid soils[184]. Low sandy or peaty soils[43].,Eastern N. America - Nova Scotia to Florida and west to Montana.,,"Bees, no self",#N/A
,Ilex paraguariensis,NA,,#N/A,species,Aquifoliaceae,Ilex,paraguariensis,NA,Accepted,http://www.tropicos.org/Name/2000339,NA,Evergreen Tree,Evergreen Tree,Evergreen,Tree,Perennial,Woody,No,NULL,8.00  ,NA,NULL,"Cultivated, Wild",insects,8,NA,NA,NA,NA,,NA,NA,NA,NA,NA,,#N/A,Mate,#N/A,#N/A,"Spice, Essential oil",,,"Stimulant, aromatic, spices, essential oil",Stimulants,,medicinal,Alim,Woody leaves,4,2,0,alim,NA,NA,NT - near threatened,NA,NA,,"nsect-pollinated plant probably without pollinator-specificity (Ferreira et al., 1983)",#N/A
,Indigofera dusoa,NA,,#N/A,species,Fabaceae,Indigofera,dumosa,NA,Accepted,https://wcvp.science.kew.org/taxon/499282-1,NA,NA,NA,herbaceous,herb,Annual/Perennial,herbaceous,Indigofera,NULL,NA,NA,NA,"Cultivated, Wild",insects,1.20,,,,,,NA,Full Sun,Moist,06 -> 10,NO,,#N/A,#N/A,#N/A,#N/A,#N/A,#N/A,,NO_FAO_GROUP,#N/A,NA,NA,NA,NA,"1,00","0,00","0,00",,None known,NA,NA,"Thickets, streamsides, ravines in W. Hupeh, 300 - 2000 metres",NA,,insects,#N/A
,Indigofera hirsuta,NA,,#N/A,species,Fabaceae,Indigofera,hirsuta,NA,Accepted,http://www.tropicos.org/Name/13020821,NA,Annual,Annual,herbaceous,herb,Annual,herbaceous,Indigofera,NULL,1.20  ,NA,NULL,"Cultivated, Wild",insects,1.2,,,,,,NA,NA,NA,NA,NA,,#N/A,#N/A,#N/A,#N/A,#N/A,#N/A,,NO_FAO_GROUP,#N/A,NA,NA,NA,NA,0,2,2,,NA,NA,NA,NA,NA,,Insects,#N/A
,Inga adenophylla,NA,,#N/A,species,Fabaceae,Inga,adenophylla,NA,Accepted,http://www.tropicos.org/Name/13006104,NA,Tree,deciduous Tree,Deciduous,Tree,Perennial,Woody,Inga,NULL,10,NA,NULL,"Cultivated, Wild",NA,10,NA,NA,NA,NA,,NA,NA,NA,NA,NA,,#N/A,#N/A,#N/A,#N/A,#N/A,#N/A,,NO_FAO_GROUP,#N/A,NA,NA,NA,NA,2,0,2,,None known,NA,LC - least concern,"Open woods at elevations from 300 - 2,800 metres in Peru","S. America - Bolivia, Peru.",,NA,#N/A
,Inga densiflora,Densely flowered Inga,,Densely flowered Inga,NA,NA,NA,NA,NA,NA,NA,Tree,Tree,Tree,NA,tree,Perennial,Woody,No,15,0.00  ,NA,Medium,"Cultivated, Wild",Humingbirds,15,NA,NA,NA,NA,,light (sandy) -medium -  heavy (clay),No shade,Moist,10 ->  12,NA,NA,#N/A,#N/A,#N/A,#N/A,#N/A,#N/A,,NO_FAO_GROUP,#N/A,,,Alim,Woody Fruits,4,0,2,alim,None known,pfaf.org,LC - least concern,Not known,"S. America - Peru, Ecuador, Colombia, Venezuela, Guyana, French Guiana",,"hummingbirds (Trochilidae), hawkmoths (Sphingidae) (Koptur, 1983)",#N/A
,Inga edulis,"Ice Cream Bean, Monkey Tamarind",Ice_cream_bean,"Ice Cream Bean, Monkey Tamarind",species,Fabaceae,Inga,edulis,NA,Accepted,http://www.tropicos.org/Name/13006228,Tree,Evergreen Tree,Evergreen Tree,Evergreen,tree,Perennial,Woody,Inga,18,17.00  ,NA,Fast,"Cultivated, Wild",insects,17,NA,NA,NA,NA,,light (sandy) -medium -  heavy (clay),Semi-shade/full sun,Dry- Moist - Wet,09 ->  12,No,Spices nes,Spices,#N/A,#N/A,#N/A,#N/A,,,spices,#N/A,,,Alim,Woody seeds,4,2,3,alimother,None known,pfaf.org,LC - least concern,"Forests on the riverine flood plains[416 ]. Moist, wet, or sometimes rather dry forest, or in open places at elevations below 1,500 metres[331 ]. Thickets and wooded swamps at elevations of 110 - 540 metres in Peru[453 ].","Northern and western S. America - Brazil, Bolivia, Peru, Ecuador, Colombia, Venezuela, the Guyanas.",,"Nocturnal pollinator (Eduardo Cristo de Oliveira Barros, et al., 2013)",#N/A
,Inga expansa,NA,,#N/A,species,Fabaceae,Inga,expansa,NA,Accepted,http://www.tropicos.org/Name/13006243,NA,Tree,deciduous Tree,Deciduous,Tree,Perennial,Woody,Inga,NULL,18.00  ,NA,NULL,"Cultivated, Wild",insects,18,NA,NA,NA,NA,,NA,NA,NA,NA,NA,,#N/A,#N/A,#N/A,#N/A,#N/A,#N/A,,NO_FAO_GROUP,#N/A,NA,NA,NA,NA,3,0,2,alim,NA,NA,NA,NA,The native range of this species is Bolivia. It is a tree and grows primarily in the wet tropical biome,,insects,#N/A
,Inga feuilleei,"Ice-cream Bean, Pacay, Pacayer",Pacay,"Ice-cream Bean, Pacay, Pacayer",species,Fabaceae,Inga,feuillei,NA,Accepted,http://www.tropicos.org/Name/13006256,"Perennial, Not climbing, Tree",Tree,Deciduous Tree,Deciduous,Tree,Perennial,Woody,Inga,18,15.00  ,NA,NULL,Cultivated,insects,15,NA,NA,NA,NA,,NA,NA,NA,NA,NA,NA,#N/A,#N/A,#N/A,#N/A,#N/A,#N/A,,NO_FAO_GROUP,#N/A,NA,NA,NA,NA,3,0,0,alim,NA,NA,NA,NA,NA,,"many pollinators (Herwig TeppnerEdith StabentheinerEdith Stabentheiner, 2006)",#N/A
,Inga flexuosa,NA,,#N/A,species,Fabaceae,Inga,micheliana,NA,Accepted,http://www.tropicos.org/Name/13008830,deciduous Shrub,NA,Evergreen Tree,Evergreen,Tree,Perennial,Woody,Inga,1,NA,NA,NULL,wild,NA,NULL,NA,NA,NA,NA,,NA,NA,NA,NA,NA,,#N/A,#N/A,#N/A,#N/A,#N/A,#N/A,,NO_FAO_GROUP,#N/A,NA,NA,NA,NA,NA,NA,NA,alimmediother,NA,NA,LC - least concern,NA,NA,,NA,#N/A
,Inga ingoides,NA,,#N/A,species,Fabaceae,Inga,ingoides,NA,Accepted,http://www.tropicos.org/Name/13021266,Tree,Tree,Tree,semi-evergeen,Tree,Perennial,Woody,Inga,NULL,20.00  ,NA,NULL,"Cultivated, Wild",insects,20,NA,NA,NA,NA,,NA,NA,NA,NA,NA,,#N/A,#N/A,#N/A,#N/A,#N/A,#N/A,,NO_FAO_GROUP,#N/A,NA,NA,Alim,Woody Fruits,3,0,2,alim,NA,NA,LC - least concern,NA,NA,,Nocturnal pollinators (O Cruz Netto · 2015),#N/A
,Inga jinicuil,"Ice Cream Bean, Jinicuil",,"Ice Cream Bean, Jinicuil",species,Fabaceae,Inga,jinicuil,NA,Synonym,https://wcvp.science.kew.org/taxon/500507-1,Tree,Evergreen Tree,Evergreen Tree,Evergreen,tree,Perennial,Woody,Inga,20,20.00  ,NA,Fast,"Cultivated, Wild",insects,20,NA,NA,NA,NA,,light (sandy) -medium -  heavy (clay),No shade,Moist,10 ->  12,No,NA,#N/A,#N/A,#N/A,#N/A,#N/A,#N/A,,NO_FAO_GROUP,#N/A,,,Alim,Woody Fruits,4,0,1,alim,None known,pfaf.org,LC - least concern,Moist lowland slopes[307 ].,Central America - Mexico to Costa Rica.,,Nocturnal pollinators (O Cruz Netto · 2015),#N/A
,Inga laurina,"Arbre a Miel, Caspiro, Cujincuil, Gina, Jina, Nacaspiro, Palal, Paternillo, Pois Doux Blanc, Spanish Oak",,"Arbre a Miel, Caspiro, Cujincuil, Gina, Jina, Nacaspiro, Palal, Paternillo, Pois Doux Blanc, Spanish Oak",species,Fabaceae,Inga,laurina,NA,Accepted,http://www.tropicos.org/Name/13021281,"Perennial, Not climbing, Tree",Evergreen Tree,Evergreen Tree,Evergreen,Tree,Perennial,Woody,Inga,NULL,9.00  ,NA,NULL,"Cultivated, Ornamental, Wild",insects,9,NA,NA,NA,NA,,NA,NA,NA,NA,NA,NA,#N/A,#N/A,#N/A,#N/A,#N/A,#N/A,,NO_FAO_GROUP,#N/A,NA,NA,NA,NA,3,0,2,alim,NA,NA,LC - least concern,NA,NA,,Nocturnal pollinators (O Cruz Netto · 2015),#N/A
,Inga micheliana,,,#N/A,,Fabaceae,,,,,http://legacy.tropicos.org/Name/13008830?projectid=66,,Deciduous Tree,Deciduous Tree,Deciduous,Tree,Perennial,Woody,No,6-10,,,NA,NA,insects,10,NA,NA,NA,NA,,NA,NA,NA,NA,,,#N/A,#N/A,#N/A,#N/A,#N/A,#N/A,,NO_FAO_GROUP,#N/A,NA,NA,NA,NA,1,0,3,other,,,LC - least concern,,,,insects,#N/A
,Inga oerstediana,NA,,#N/A,species,Fabaceae,Inga,oerstediana,NA,Accepted,http://www.tropicos.org/Name/13008862,NA,Tree,deciduous Tree,Deciduous,Tree,Perennial,Woody,Inga,NULL,15.00  ,NA,NULL,"Cultivated, Wild","Bees, Butterflies, Insects",15,NA,NA,NA,NA,,NA,NA,NA,NA,NA,,#N/A,#N/A,#N/A,#N/A,#N/A,#N/A,,NO_FAO_GROUP,#N/A,NA,NA,NA,NA,"3,00","0,00","0,00",alim,None known,NA,LC - least concern,"Rainforests, mainly on the margins of rivers and wooded areas, at low to medium elevations","S. America - Bolivia, Peru, Ecuador, Colombia, Venezuela; C. America - Panama to southern Mexico; Caribbean - Trinidad to Grenada.",,"Bees, Butterflies, Insects",#N/A
,Inga paterna,,,#N/A,,Fabaceae,,,,,http://legacy.tropicos.org/Name/13008880?projectid=7,,Deciduous Tree,Deciduous Tree,Deciduous,Tree,Perennial,Woody,No,NULL,NA,,NA,NA,insects,30,NA,NA,NA,NA,,NA,NA,NA,NA,,,#N/A,#N/A,#N/A,#N/A,#N/A,#N/A,,NO_FAO_GROUP,#N/A,NA,NA,NA,NA,NA,NA,NA,alimmediother,,,NA,,,,insects,#N/A
Only control species,inga pavoniana,,,,,Fabaceae,Inga,pavoniana,,Illegitimate,,,,Tree,,Tree,Perennial,Woody,Inga,,,,,,,,,,,,,,,,,,,#N/A,#N/A,#N/A,#N/A,#N/A,#N/A,,,#N/A,,,,,2,0,2,,,,LC - least concern,,,,,
,Inga ruiziana,NA,,#N/A,species,Fabaceae,Inga,fagifolia,NA,Synonym,http://www.tropicos.org/Name/13021229,NA,Tree,Evergreen Tree,Evergreen,Tree,Perennial,Woody,Inga,NULL,10.00  ,NA,NULL,"Cultivated, Wild",insects,10,NA,NA,NA,NA,,NA,NA,NA,NA,NA,,#N/A,#N/A,#N/A,#N/A,#N/A,#N/A,,NO_FAO_GROUP,#N/A,NA,NA,NA,NA,3,1,2,alim,None known,NA,LC - least concern,"Wet lowland areas. Tropical moist forests. Found mainly in lowland areas, growing in dry, loamy soils in old clearings or along the margins of forests","S. America - Bolivia, western Brazil, north through Central America to Nicaragua.",,Nocturnal pollinators (O Cruz Netto · 2015),#N/A
,Inga sapindoides,NA,,#N/A,species,Fabaceae,Inga,rodrigueziana,NA,Synonym,http://www.tropicos.org/Name/13008931,NA,Tree,Evergreen Tree,Deciduous,Tree,Perennial,Woody,Inga,NULL,20.00  ,NA,NULL,"Cultivated, Wild",insects,20,NA,NA,NA,NA,,NA,NA,NA,NA,NA,,#N/A,#N/A,#N/A,#N/A,#N/A,#N/A,,NO_FAO_GROUP,#N/A,NA,NA,NA,NA,2,0,2,,NA,NA,LC - least concern,Along forested roadsides ,"Northern S. America - Colombia, Peru, Ecuador and Venezuela, north to Mexico and the Caribbean.",,insects,#N/A
,Inga spp.,NA,,#N/A,genus,Fabaceae,Inga,NA,spp.,Accepted,http://www.tropicos.org/Name/40031040,NA,NA,Evergreen Tree,Evergreen,Tree,Perennial,Woody,Inga,NULL,NA,NA,NULL,NA,NA,NULL,NA,NA,NA,NA,,NA,NA,NA,NA,NA,,#N/A,#N/A,#N/A,#N/A,#N/A,#N/A,,NO_FAO_GROUP,#N/A,NA,NA,NA,NA,NA,NA,NA,alimmediother,NA,NA,NA,NA,NA,,NA,#N/A
,Inga velutina,NA,,#N/A,species,Fabaceae,Inga,velutina,NA,Accepted,http://www.tropicos.org/Name/13009037,"Perennial, Not climbing, Tree",Tree,Deciduous Tree,Deciduous,Tree,Perennial,Woody,Inga,NULL,18.00  ,NA,NULL,"Cultivated, Wild",insects,18,NA,NA,NA,NA,,NA,NA,NA,NA,NA,,#N/A,#N/A,#N/A,#N/A,#N/A,#N/A,,NO_FAO_GROUP,#N/A,NA,NA,NA,NA,3,0,2,alim,NA,NA,LC - least concern,NA,NA,,insects,#N/A
,Inga vera,"Ice cream bean, River koko, Guaba, Pois Doux",,"Ice cream bean, River koko, Guaba, Pois Doux",species,Fabaceae,Inga,vera,NA,Accepted,http://www.tropicos.org/Name/13021418,Tree,Evergreen Tree,Evergreen Tree,Evergreen,tree,Perennial,Woody,Inga,15,12.00  ,NA,Fast,"Cultivated, Ornamental, Wild",bees,12,NA,NA,NA,NA,,medium -  heavy (clay),No shade,Moist,10 ->  12,No,Spices nes,Spices,#N/A,#N/A,#N/A,#N/A,,,spices,#N/A,,,Alim,Woody fruits,2,2,2.33333333333333,other,None known,pfaf.org,LC - least concern,"Tropical moist forest[315 ]. Along riverbanks and in sheltered ravines at elevations of 60 - 700 metres[426 ]. Prefers damp to wet soils, growing mainly in secondary formations[419 ].","Tropical S. America, north to the Caribbean and through Central America to Mexico.",,Bees,#N/A
,Ipomoea batatas,"Sweet Potato, Black Sweet Potato, Sweet Potato Vine",,"Sweet Potato, Black Sweet Potato, Sweet Potato Vine",species,Convolvulaceae,Ipomoea,batatas,NA,Accepted,http://www.tropicos.org/Name/8500721,Perennial Climber,NA,Perennial Climber,NA,herb climber,Perennial,herbaceous,No,3,1.00  ,NA,Fast,Cultivated,NA,2,,,,,,light (sandy) -medium,No shade,Moist,10 ->  12,Yes,Sweet potatoes,Roots and tubers,Sweet potatoes,#N/A,#N/A,#N/A,,,"Root,tuber",#N/A,,,Alim,Root/tuber,5,0,3,alimother,None known,pfaf.org,DD - data deficient,"Derived in cultivation, probably from Ipomoea trifida, this species is not known in a truly wild situation.",Pantropical.,,NA,#N/A
,Ipomoea quamoclit,NA,,#N/A,species,Convolvulaceae,Convolvulus,quamoclit,NA,Synonym,http://www.tropicos.org/Name/8501932,herbaceous,NA,Climbing,herbaceous,herb climber,Annual/Perennial,herbaceous,No,"0,91–3,05  ",NA,NA,NULL,NA,NA,3,,,,,,NA,NA,NA,NA,NA,,#N/A,#N/A,#N/A,#N/A,#N/A,#N/A,,NO_FAO_GROUP,#N/A,NA,NA,NA,NA,NA,NA,ornemental,alimmediother,NA,NA,NA,NA,NA,,NA,#N/A
Only control species,iriartea deltoidea,,,,,Arecaceae,Iriartea,deltoidea,,,,,,Evergreen Tree,Evergreen,Tree,Perennial,Woody,No,,,,,Wild,,25,,,,,,,,,,,,#N/A,#N/A,#N/A,#N/A,#N/A,#N/A,,,#N/A,,,,,2,0,3,other,,,LC - least concern,,,,,
,Irvingia gabonensis,Dika Nut,,Dika Nut,species,Irvingiaceae,Irvingia,gabonensis,NA,Accepted,http://www.tropicos.org/Name/29400178,Tree,Evergreen Tree,Evergreen Tree,Evergreen,tree,Perennial,Woody,No,30,30.00  ,NA,Slow,"Cultivated, Semi-cultivated, Wild",insects,30,NA,NA,NA,NA,,light (sandy) -medium -  heavy (clay),Semi-shade/full sun,Moist,10 ->  12,No,Nuts nes,Nuts,#N/A,Fooder,Timber,#N/A,,,"Fooder, Timber",#N/A,Timber,,Alim,Woody Fruits,4,3,3,alimmediother,None known,pfaf.org,NT - near threatened,"Evergreen dense, moist, lowland rain-forest[303 , 332 ].","Tropical Africa - Nigeria to Central African Republic, south to Congo, DR Congo and Angola.",,Insects,#N/A
Only control species,isatis indigotica,,,,,Brassicaceae,Isatis,indigotica,,Synonym,,,,NA,,herb,herb,herbaceous,No,,,,,,,,,,,,,,,,,,,#N/A,#N/A,#N/A,#N/A,#N/A,#N/A,,,#N/A,,,,,,,,,,,NA,,,,,
,Isatis tinctoria subsp. Tinctoria,NA,,#N/A,species,Brassicaceae,Isatis,indigotica,NA,Synonym,http://www.tropicos.org/Name/4102170,BIENNIAL/PERENNIAL,NA,NA,NA,herb,Biennal/perennial,herbaceous,No,1,NA,NA,NA,NA,NA,1,,,,,,NA,Semi shade/Full Sun,Moist,06 -> 09,YES,,#N/A,#N/A,#N/A,#N/A,#N/A,#N/A,,colorant,#N/A,NA,NA,NA,NA,"2,00","3,00","2,00",medi,None known,NA,NA,"Cliffs and cornfields, often on chalky soils",C. and S. Europe. Naturalized in S. and C. England,,NA,#N/A
,Jacaranda mimosifolia,NA,,#N/A,species,Bignoniaceae,Jacaranda,mimosifolia,NA,Accepted,http://www.tropicos.org/Name/3700578,NA,Deciduous Tree,Deciduous Tree,Deciduous,Tree,Perennial,Woody,No,NULL,15.00  ,NA,NULL,"Ornamental, Wild","Bees, Birds",15,900,1300,20,NA,,NA,NA,NA,NA,NA,,#N/A,#N/A,#N/A,Timber,#N/A,,,Timber,#N/A,Timber,,,Woody shoot,0,2,2,,NA,NA,VU - vulnerable,NA,NA,,"Bees, Birds",#N/A
,Joannesia princeps,NA,,#N/A,species,Euphorbiaceae,Joannesia,princeps,NA,Accepted,http://www.tropicos.org/Name/12800070,A large tree,Deciduous Tree,Deciduous Tree,Deciduous,Tree,Perennial,Woody,No,NULL,17.00  ,NA,NULL,"Cultivated, Ornamental, Wild",NA,17,NA,NA,NA,NA,,NA,NA,NA,NA,NA,,#N/A,#N/A,#N/A,#N/A,#N/A,#N/A,,NO_FAO_GROUP,#N/A,NA,NA,NA,NA,1,2,3,other,NA,NA,VU - vulnerable,NA,NA,,NA,#N/A
,Juglans boliviana,NA,,#N/A,species,Juglandaceae,Juglans,boliviana,NA,Accepted,http://www.tropicos.org/Name/16700013,NA,Deciduous Tree,Deciduous Tree,Deciduous,Tree,Perennial,Woody,No,NULL,30.00  ,NA,NULL,Wild,Wind,30,NA,NA,NA,NA,,NA,NA,NA,NA,NA,,#N/A,#N/A,#N/A,Timber,#N/A,,,"Fruits, nuts, timber",#N/A,Timber,,Alim,Woody Fruits,3,0,2,alim,NA,NA,NA,NA,NA,,wind,#N/A
,juglans major x juglans regia,,,NA,species,Juglandaceae,Juglans,major,x juglans regia,NA,http://www.worldfloraonline.org/taxon/wfo-0001067436,,NA,Deciduous Tree,Deciduous,tree,Perennial,Woody,No,30,NA,NA,NA,"Cultivated, Ornamental, Wild",wind,30,NA,NA,NA,NA,,NA,Full Sun,Moist,04 -> 09,NO,Walnuts,Nuts,#N/A,#N/A,#N/A,#N/A,,,Nuts,#N/A,Other,,,Woody nuts,"3,00","3,00","4,00",alimmediother,The plant has occasionally been known to cause contact dermatitis in humans,NA,NA,"Rich fertile woods and hillsides[43, 82] in deep well-drained soils[229].","Eastern N. America - Massachusetts to Florida, west to Texas and Minnesota.",,"Wind, self fertile",#N/A
,Juglans nigra,Black Walnut,,Black Walnut,species,Juglandaceae,Juglans,nigra,NA,Accepted,http://www.tropicos.org/Name/16700006,Tree,NA,Deciduous tree,Deciduous,tree,Perennial,Woody,No,30,NA,NA,Fast,"Cultivated, Ornamental, Wild",wind,30,NA,NA,NA,NA,,light (sandy) -medium -  heavy (clay),No shade,Moist,04 -> 09,No,Walnuts,Nuts,#N/A,#N/A,Timber,#N/A,,,"Fruits, nuts, timber",#N/A,Timber,,Alim,Woody Fruits,3,3,4,alimmediother,The plant has occasionally been known to cause contact dermatitis in humans[274].,pfaf.org,LC - least concern,"Rich fertile woods and hillsides[43, 82] in deep well-drained soils[229].","Eastern N. America - Massachusetts to Florida, west to Texas and Minnesota.",,"Wind, self fertile",#N/A
,Juglans nigra x Juglans regia,Black Walnut,,Black Walnut,species,Juglandaceae,Juglans,nigra,x Juglans regia,Accepted,http://www.tropicos.org/Name/16700006,deciduous Tree,NA,Deciduous Tree,Deciduous,tree,Perennial,Woody,No,30,NA,NA,NA,"Cultivated, Ornamental, Wild",wind,30,NA,NA,NA,NA,,NA,Full Sun,Moist,04 -> 09,NO,Walnuts,Nuts,#N/A,#N/A,#N/A,#N/A,,,Nuts,#N/A,Other,,,Woody nuts,"3,00","3,00","4,00",alimmediother,The plant has occasionally been known to cause contact dermatitis in humans,NA,NA,"Rich fertile woods and hillsides[43, 82] in deep well-drained soils[229].","Eastern N. America - Massachusetts to Florida, west to Texas and Minnesota.",,"Wind, self fertile",#N/A
,Juglans regia,"Walnut, English walnut, Persian Walnut,",,"Walnut, English walnut, Persian Walnut,",species,Juglandaceae,Juglans,regia,NA,Accepted,http://www.tropicos.org/Name/16700045,Tree,NA,Deciduous tree,Deciduous,Tree,Perennial,Woody,No,20,NA,NA,Medium,Wild,wind,20,NA,NA,NA,NA,,light (sandy) -medium -  heavy (clay),No shade,Moist,07 -> 09,No,Walnuts,Nuts,#N/A,#N/A,Timber,#N/A,,,"Fruits, nuts, timber",Nut,Timber,,Alim,"Woody Fruits, Timber",4,3,4,alimmediother,None known,pfaf.org,LC - least concern,"Forests in the Himalayas, preferring a northerly aspect in the west but a southerly or westerly aspect in the east of the range[144].",E. Europe to N. Asia. More or less naturalized in S. Britain.,,"Wind, self fertile",#N/A
,Juniperus procera,NA,,#N/A,species,Cupressaceae,Juniperus,procera,NA,Accepted,http://www.tropicos.org/Name/9400389,Straight evergreen trees up to 40 m.,Evergreen Tree,Evergreen Tree,Evergreen,Tree,Perennial,Woody,No,NULL,30.00  ,NA,NULL,"Cultivated, Ornamental, Wild",Wind,30,NA,NA,NA,NA,,NA,NA,NA,NA,NA,,#N/A,#N/A,#N/A,#N/A,#N/A,#N/A,,NO_FAO_GROUP,#N/A,NA,NA,NA,NA,0,2,3,other,NA,NA,LC - least concern,NA,NA,,Wind,#N/A
,Kaempferia galanga,NA,,#N/A,species,Zingiberaceae,Kaempferia,galanga,NA,Accepted,http://www.tropicos.org/Name/34500316,NA,Perennial,Perennial,NA,herb,Perennial,herbaceous,No,NULL,0.45  ,NA,NULL,"Cultivated, Ornamental, Wild",insects,0.45,,,,,,NA,NA,NA,NA,NA,,#N/A,#N/A,#N/A,#N/A,Spice,,,spices,#N/A,NA,medicinal,Alim,rhizomes,3,2,2,alim,NA,NA,DD - data deficient,NA,NA,,Insects,#N/A
,Khaya senegalensis,Dryzone Mahogany,,Dryzone Mahogany,species,Meliaceae,Khaya,senegalensis,NA,Accepted,http://www.tropicos.org/Name/20400344,Tree,Semi-deciduous Tree,Semi-deciduous Tree,Semi-deciduous,tree,Perennial,Woody,No,25,25.00  ,NA,Fast,"Cultivated, Ornamental, Wild",NA,25,400,1750,24.5,31.5,,light (sandy) -medium -  heavy (clay),Semi-shade/full sun,Moist -Wet,10 ->  12,No,NA,#N/A,#N/A,#N/A,Timber,#N/A,,,Timber,#N/A,Timber,,,Timber mainly,2,3,4,mediother,Used in Cote d‚Äö√Ñ√¥Ivoire as an ingredient in arrow poison[303 ]. Bark scales are sometimes used as a fish poison[303 ].,pfaf.org,VU - vulnerable,"Riverine forests and is scattered within the higher-rainfall savannah woodlands. In moister areas it is found on uplands, but is restricted to riparian habitats or stream bottoms that extend into the savannah in the drier portions of the range[303 ].",Tropical Africa - Senegal to Sudan and Uganda.,,NA,#N/A
,Khaya spp.,NA,,#N/A,genus,Meliaceae,Khaya,NA,spp.,Accepted,http://www.tropicos.org/Name/40035352,NA,NA,Semi-deciduous Tree,Semi-deciduous,Tree,Perennial,Woody,No,NULL,NA,NA,NULL,NA,NA,NULL,NA,NA,NA,NA,,NA,NA,NA,NA,NA,,#N/A,#N/A,#N/A,#N/A,#N/A,#N/A,,NO_FAO_GROUP,#N/A,NA,NA,NA,NA,NA,NA,NA,alimmediother,NA,NA,NA,NA,NA,,NA,#N/A
,Lablab purpureus,"Hyacinth Bean, Bonavist-bean",Hyacinth_bean,"Hyacinth Bean, Bonavist-bean",species,Fabaceae,Lablab,purpureus,NA,Accepted,http://www.tropicos.org/Name/13021444,Perennial Climber,Perennial Climber,Perennial Climber,NA,herb climber,Perennial,herbaceous,Lablab,2,3.00  ,NA,Fast,"Cultivated, Ornamental",insects,3,,,,,,light (sandy) -medium -  heavy (clay),No shade,Moist,09-> 11,No,"Hyacinth Bean, Bonavist-bean",#N/A,"Pulses, nes",#N/A,#N/A,#N/A,Forage,,Forage,#N/A,Fodder,,Alim,Fodder,4,2,2.33333333333333,alimother,The raw seed is poisonous[34].,pfaf.org,NA,Not known in a truly wild situation.,Probably originated in the Tropics but has been cultivated for so long that its origins are obscure.,,Insects,#N/A
,Lablab purpureus subsp. Purpureus,NA,,#N/A,species,Fabaceae,Dolichos,lablab,NA,Synonym,http://www.tropicos.org/Name/13018864,NA,Perennial Climber,"Annual, climbing",herbaceous,herb climber,Annual,herbaceous,Dolichos,NULL,3.00  ,NA,NULL,"Cultivated, Ornamental",insects,3,,,,,,NA,NA,NA,NA,NA,,#N/A,#N/A,#N/A,#N/A,#N/A,#N/A,ecocrop,Forage,#N/A,NA,NA,Alim,"Leaves, flower, seed","4,00","2,00","2,00",alim,NA,NA,NA,NA,NA,,insects,#N/A
,Lactuca sativa,"Lettuce, Garden lettuce",Lettuce,"Lettuce, Garden lettuce",species,Asteraceae,Lactuca,sativa,NA,Accepted,http://www.tropicos.org/Name/2710604,Annual/Biennial,NA,"Annual/Biennial, not climbing",herbaceous,herb,Annual,herbaceous,No,"0,9",NA,NA,NULL,"Cultivated, Wild",Flies,0.9,,,,,,light (sandy) -medium,Semi-shade/full sun,Moist,05 -> 09,No,Lettuce and chicory,Vegetables,#N/A,#N/A,#N/A,#N/A,,,Vegetables,Vegetable,,,Alim,vegetables,3,3,1,alimmedi,The mature plant is mildly toxic[13].,pfaf.org,NA,Not known in the wild.,"Of garden origin, probably derived from L. serriola.",,"Flies, Self",#N/A
,Lagenaria siceraria,Bottle Gourd,Bottle_gourd,Bottle Gourd,species,Cucurbitaceae,Lagenaria,siceraria,NA,Accepted,http://www.tropicos.org/Name/9200413,Annual Climber,Annual Climber,Annual Climber,herbaceous,herb climber,Annual,herbaceous,No,9,9.00  ,NA,Fast,Cultivated,"Moths, Insects",9,,,,,,light (sandy) -medium -  heavy (clay),No shade,Moist,10 ->  12,No,Gourds,Vegetables,#N/A,#N/A,#N/A,#N/A,,,Vegetables,Vegetable,,,Alim,vegetables,3,2,5,alimother,None known,pfaf.org,NA,Not known in the wild.,"A widely cultivated plant, its original habitat is obscure, though it is probably Asia or Africa.",,"Moths, Insects",#N/A
,Lagerstroemia lanceolata,NA,,#N/A,species,Lythraceae,Lagerstroemia,lanceolata,NA,Synonym,http://www.tropicos.org/Name/50137527,NA,Deciduous Tree,Deciduous Tree,Deciduous,Tree,Perennial,Woody,No,NULL,0.00  ,NA,NULL,Wild,NA,30,NA,NA,NA,NA,,NA,NA,NA,NA,NA,,#N/A,#N/A,#N/A,#N/A,#N/A,#N/A,,NO_FAO_GROUP,#N/A,NA,NA,NA,NA,0,0,3,other,NA,NA,NA,NA,NA,,NA,#N/A
Only control species,lagerstroemia speciose,,,,,Lythraceae,Lagerstroemia,speciosa,,Accepted,,,,Deciduous Tree,Deciduous,Tree,Perennial,Woody,No,,,,,Wild,honey bees (Apis spp) and carpenter bees (Xylocopa spp),15,,,,,,,,,07 -> 09,,,#N/A,#N/A,#N/A,#N/A,#N/A,#N/A,,,#N/A,,,,,,,,,,,NA,,,Southest Asia,,
,Lansium domesticum,"Langsat, Lansa, Lanzon",,"Langsat, Lansa, Lanzon",species,Meliaceae,Lansium,domesticum,NA,Accepted,http://www.tropicos.org/Name/20401064,Tree,Evergreen Tree,Evergreen Tree,Evergreen,tree,Perennial,Woody,No,15,15.00  ,NA,Slow,"Cultivated, Wild",NA,15,NA,NA,NA,NA,,medium -  heavy (clay),Semi-shade/full sun,Moist,11 ->  12,No,"Langsat, Lansa, Lanzon",#N/A,#N/A,#N/A,#N/A,#N/A,#N/A,ecocrop,Fruits,#N/A,NA,NA,Alim,NA,4.66666666666667,2,3,alimother,"An arrow poison is made from the fruit peel and the bark of the tree. Both possess a toxic property, lansium acid, which, on injection, arrests heartbeat in frogs. The seed contains a minute amount of an unnamed alkaloid and two bitter, toxic principles[303 ]. (Parts of plant are poisonous if ingested)",pfaf.org,NA,Rainforests and humid river valleys[307 ].,"E. Asia - Thailand, Malaysia, Indonesia.",,Apomictic (ferns),#N/A
,Lantana camara,"Wild Sage, Lantana Verbena",,"Wild Sage, Lantana Verbena",species,Verbenaceae,Lantana,camara,NA,Accepted,http://www.tropicos.org/Name/33700010,Shrub,Evergreen Shrub,Evergreen Shrub,Evergreen,Shrub,Perennial,Woody,No,"1,8",1.80  ,NA,Fast,"Cultivated, Ornamental, Wild","Butterflies, Insects",1.8,NA,NA,NA,NA,,light (sandy) -medium -  heavy (clay),Semi-shade/full sun,Dry- Moist - Wet,08 ->  12,Yes,Spices nes,Spices,#N/A,#N/A,#N/A,#N/A,,,spices,#N/A,,medicinal,Alim,Fruits,2,4,3,mediother,"The leaves and seeds are toxic[310 ]. The unripe, green berries cause vomiting, diarrhoea, dilated pupils and laboured respiration if ingested[293 ]. The leaves may cause dermatitis[293 ]. (All parts of plant are poisonous if ingested )",pfaf.org,NA,"Mainly a weed of plantation crops and pastures, it is found in relatively open and disturbed, not too moist habitats from sea-level to elevations of 1,700 metres[310 ].","Northern S. America - Venezuela and Colombia, through Central America to Mexico and the Caribbean.",,"Butterflies, Insects",#N/A
,Lens culinaris,Lentil,Lentil,Lentil,species,Fabaceae,Lens,culinaris,NA,Accepted,http://www.tropicos.org/Name/13021779,Annual,Annual,Annual,herbaceous,herb,Annual,herbaceous,Lens,"0,5",0.45  ,NA,NULL,Cultivated,insects,0.45,,,,,,light (sandy) -medium -  heavy (clay),No shade,Dry- Moist,07 ->  12,No,"Lentils, dry",Pulses,Leguminous crops,#N/A,#N/A,#N/A,,,Leguminous crops,#N/A,,,Alim,Leguminous crops,5,1.66666666666667,2.33333333333333,alimmediother,None known,pfaf.org,NA,Not known in the wild.,"Original habitat is obscure, possibly the Mediterranean.",,"Cleistogamous, Insects",#N/A
Only control species,lens esculenta,,,,,Fabaceae,Lens,esculenta,,Illegitimate,,,,Annual,,herb,Annual,herbaceous,Lens,,,,,,,,,,,,,,,,,,,#N/A,#N/A,#N/A,#N/A,#N/A,#N/A,,,#N/A,,,,,5,2,2,alim,,,NA,,,,,
,Leucaena diversifolia,"Chalip, Guache, Guaje, Guaje Blanco, Guaje Del Rio, Guajillo, Guash, Guashi, Shashib, Shashibte, Wild Tamarind",,"Chalip, Guache, Guaje, Guaje Blanco, Guaje Del Rio, Guajillo, Guash, Guashi, Shashib, Shashibte, Wild Tamarind",species,Fabaceae,Leucaena,diversifolia,NA,Accepted,http://www.tropicos.org/Name/13021945,"Perennial, Not climbing, Tree",Deciduous Tree,Deciduous Tree,Deciduous,Tree,Perennial,Woody,Leucaena,NULL,15.00  ,NA,NULL,"Cultivated, Wild",insects,15,600,3500,18,30,,NA,NA,NA,NA,NA,Spices nes,Spices,#N/A,#N/A,#N/A,#N/A,,,spices,#N/A,,,Alim,Other?,2,0,3,other,NA,NA,LC - least concern,NA,NA,,"Insects, Self",#N/A
,Leucaena leucocephala,"Leucaena, Lead Tree, White Tamarind",Peladera,"Leucaena, Lead Tree, White Tamarind",species,Fabaceae,Leucaena,leucocephala,NA,Accepted,http://www.tropicos.org/Name/13002824,Tree,Evergreen Tree,Evergreen Tree,Evergreen,tree,Perennial,Woody,Leucaena,10,10.00  ,NA,Fast,"Cultivated, Ornamental, Wild",insects,10,650,3000,25,30,,light (sandy) -medium -  heavy (clay),No shade,Dry- Moist,09 ->  12,Yes,Spices nes,Spices,#N/A,#N/A,#N/A,#N/A,,,spices,#N/A,"Other, Fuelwood",,Alim,Leaves,3.66666666666667,2,4,alimother,The leaves of most forms of this plant contain the unusual amino acid mimosene[301 ]. In large quantities this can be harmful[301 ]. There are low-mimosene cultivars[301 ].,pfaf.org,NA,"Dry coastal regions, waste ground[307 ].","Central America, north to Mexico.",,"Insects, Self",#N/A
Only control species,leucaena macrophylla,,,,,Fabaceae,Leucaena,macrophylla,,,,,,Tree,,Tree,Perennial,Woody,Leucaena,,,,Slow,Wild,insects,5.5,,,,,,,,,,,,#N/A,#N/A,#N/A,#N/A,#N/A,#N/A,,,#N/A,,,,,3,0,2,alim,,,LC - least concern,,,,,
,Leucaena trichandra,"Bac'il Sasib, Barba Leon, Chali, Frijolillo, Guaje, Guaje Chiquito, Guaje Flojo, Guaje Rojo, La-aye-ti, Lobadaviyia, Quebracho, Shashib, Tze, Vainillo",,"Bac'il Sasib, Barba Leon, Chali, Frijolillo, Guaje, Guaje Chiquito, Guaje Flojo, Guaje Rojo, La-aye-ti, Lobadaviyia, Quebracho, Shashib, Tze, Vainillo",species,Fabaceae,Leucaena,trichandra,NA,Accepted,http://www.tropicos.org/Name/13002848,"Perennial, Not climbing, Shrub/Tree",Tree,Evergreen Shrub/Tree,Evergreen,Shrub/tree,Perennial,Woody,Leucaena,NULL,12.00  ,NA,NULL,"Cultivated, Semi-cultivated, Wild",insects,12,NA,NA,NA,NA,,NA,NA,NA,NA,NA,NA,#N/A,#N/A,#N/A,#N/A,#N/A,#N/A,ecocrop,pods,#N/A,NA,NA,NA,NA,"2,00","2,00","0,00",,None known,NA,LC - least concern,"An understorey or lower canopy tree or shrub in pine and oak forests at mid elevations; extending at lower elevations into dry deciduous forest, dry mattoral and dry secondary forest in a wide range of soils at elevations from 200 - 2,500 metres","C. America - Nicaragua, Honduras, El Salvador, Belize, Guatemala, Mexico",,Insects,#N/A
,Leymus triticoides,"Squaw Grass, Beardless wildrye",,"Squaw Grass, Beardless wildrye",species,Poaceae,Leymus,triticoides,NA,Accepted,http://www.tropicos.org/Name/25511237,Perennial,NA,Perennial,NA,herb,Perennial,herbaceous,No,"1,2",NA,NA,NULL,Wild,Wind,0.4,,,,,,light (sandy) -medium -  heavy (clay),No shade,Dry- Moist,Coming soon,No,Rye,Cereals,#N/A,#N/A,#N/A,#N/A,,,Cereals,#N/A,,,Alim,cereals,3,0,2,alim,None known,pfaf.org,NA,"Dry to moist river flats, saline meadows and sand dunes[60].",Western N. America - Washington to California and east to Montana.,,wind,#N/A
Only control species,licuala spinosa,,,,,Arecaceae,Licuala,spinosa,,Accepted,,,,Evergreen Shrub,Evergreen,Tree/shrub,Perennial,Woody,No,,,,,"Ornamental, Wild",,3,,,,,,,,,,,,#N/A,#N/A,#N/A,#N/A,#N/A,#N/A,,,#N/A,,,,,2,2,2,,,,NA,,,,,
,Linum usitatissimum,"Flax, Common flax",Flax,"Flax, Common flax",species,Linaceae,Linum,usitatissimum,NA,Accepted,http://www.tropicos.org/Name/18700031,Annual,NA,"Annual, not climbing",herbaceous,herb,Annual,herbaceous,No,"0,7",NA,NA,NULL,Wild,insects,0.7,,,,,,light (sandy) -medium,No shade,Moist,04->08,No,Flax fibre and tow,Fibres,Oilseed crops and oleaginous fruits,#N/A,#N/A,#N/A,,,Oilseed crops,Oil,NA,NA,Alim,seeds,4,3,4,alimmediother,"The seed of some strains contain cyanogenic glycosides in the seed though the toxicity is low, especially if the seed is eaten slowly. It becomes more toxic if water is drunk at the same time[76, 222]. The cyanogenic glycosides are also present in other parts of the plant and have caused poisoning to livestock[240]. Contraindicated with a stricture of the oesophagus in no bowel movement conditions and acute gut inflammatory diseases. Contraindicated in pregnancy. Some suggestion it should be avoided with prostate gland diseases [301].",pfaf.org,NA,Not known in the wild.,"Possibly native to Europe. A rare casual in Britain, the original habitat is obscure.",,"Insect, self",#N/A
Only control species,lippia myriocephala,,,,,Verbenaceae,Lippia,myriocephala,,,,,,NA,,Trees/shrubs,Perennial,Woody,No,,,,,,,,,,,,,,,,,,,#N/A,#N/A,#N/A,#N/A,#N/A,#N/A,,,#N/A,,,,,,,,,,,LC - least concern,,,,,
Only control species,liquidambar styraciflua,,,"Sweet Gum, Red Gum, American Sweet Gum, Red Sweet Gum,",,Altingiaceae,Liquidambar,styraciflua,,,,,,Deciduous Tree,Deciduous,Tree,Perennial,Woody,No,,,,Fast,"Ornamental, Wild",Bees,25,,,,,,"light (sandy), medium (loamy) and heavy (clay) soils",NO shade,moist soil,05 -> 07,No,,#N/A,#N/A,#N/A,Timber,"Resine, Essential oil",#N/A,,,#N/A,Timber,,,,2,3,3,mediother,None known,,LC - least concern,Swampy woods which are often inundated annually[43] and on rich bottom lands[82].,"Eastern N. America - Connecticut to Florida, west to Texas and Illinois.",,,
,Liriope muscari,"Lilyturf, Big blue lilyturf, Border Grass, Blue Lilyturf, Liriope",,"Lilyturf, Big blue lilyturf, Border Grass, Blue Lilyturf, Liriope",species,Liliaceae,Liriope,muscari,NA,Accepted,http://www.tropicos.org/Name/18405500,Perennial,NA,Perennial,NA,herb,Perennial,herbaceous,No,"0,3",0.30  ,NA,Slow,Wild,NA,0.3,,,,,,light (sandy) -medium,Semi-shade/full sun,Dry- Moist,05 -> 10,No,NA,#N/A,#N/A,#N/A,#N/A,#N/A,#N/A,,NO_FAO_GROUP,#N/A,NA,NA,NA,NA,2,1,2,,None known,pfaf.org,NA,"Forests, bamboo forests, scrub, shady and moist places in ravines and on slopes at elevations of 100 - 1400 (occasionally to 2000) metres[266].","E. Asia - China, Japan, Korea.",,NA,#N/A
,Lolium multiflorum,talian Ryegrass,,talian Ryegrass,species,Poaceae,Lolium,multiflorum,NA,Accepted,http://www.tropicos.org/Name/25509742,Biennial,Herbaceous,"Biennial, not climbing",herbaceous,herb,Biennial,herbaceous,No,"0,3",NA,NA,NULL,Wild,Wind,0.3,,,,,,light (sandy) -medium -  heavy (clay),No shade,Moist,04->08,No,Rye,Cereals,,#N/A,#N/A,#N/A,,ecocrop,Forage,#N/A,NA,NA,NA,NA,0,0,3,other,None known,pfaf.org,NA,"Meadows, field margins and roadsides, avoiding acid soils[50].","Original habitat is obscure, it is naturalized in Britain.",,wind ,#N/A
,lolium perenne,,,"Perennial Ryegrass, Italian ryegrass, Darnel, Lyme Grass, Terrell Grass, English Ryegrass, Strand Wh",species,Poaceae,Lolium,perenne,NA,NA,http://www.worldfloraonline.org/taxon/wfo-0000878441,,NA,Evergreen Perennial,Evergreen,herbaceous,Perennial,herbaceous,No,1 m,NULL,NA,Fast,Wild,Wind,1,TODO,TODO,TODO,TODO,,NA,NA,NA,05 -> 07,No,,#N/A,#N/A,#N/A,#N/A,#N/A,#N/A,,Forage,#N/A,,,,,1.0,1.0,3,alimmediother,None known,,NA,Meadows and weedy places[74].,Europe to E. Asia.,,Wind,#N/A
Only control species,lonchocarpus guatemalensis,,,,,Fabaceae,Lonchocarpus,guatemalensis,,,,,,Deciduous Tree,Deciduous,Tree,Perennial,Woody,Lonchocarpus,,,,,Wild,insects,10,,,,,,,,,,,,#N/A,#N/A,#N/A,#N/A,#N/A,#N/A,,,#N/A,,,,,0,0,2,,,,LC - least concern,,,,,
,Lonchocarpus sp.,NA,,#N/A,genus,Fabaceae,Lonchocarpus,NA,sp.,Accepted,http://www.tropicos.org/Name/40008471,NA,NA,Evergreen Tree,Evergreen,Tree,Perennial,Woody,Lonchocarpus,NULL,NA,NA,NULL,NA,NA,NULL,NA,NA,NA,NA,,NA,NA,NA,NA,NA,,#N/A,#N/A,#N/A,#N/A,#N/A,#N/A,,NO_FAO_GROUP,#N/A,NA,NA,NA,NA,NA,NA,NA,alimmediother,NA,NA,NA,NA,NA,,NA,#N/A
,Lonicera caerulea,"Sweetberry honeysuckle, Bluefly honeysuckle, Haskap berry",,"Sweetberry honeysuckle, Bluefly honeysuckle, Haskap berry",species,Caprifoliaceae,Lonicera,caerulea,NA,Accepted,http://www.tropicos.org/Name/6000006,Shrub,NA,Deciduous Shrub,Deciduous,Shrub,Perennial,Woody,No,2,NA,NA,Fast,Wild,insects,2,NA,NA,NA,NA,,light (sandy) -medium -  heavy (clay),No shade,Moist,03 -> 09,No,NA,#N/A,#N/A,#N/A,#N/A,#N/A,#N/A,,NO_FAO_GROUP,#N/A,,,Alim,Woody Fruits,4,0,0,alim,None known,pfaf.org,LC - least concern,Low ground[235].,N.E. Europe. Northern N. America - Newfoundland to Alaska and southwards.,,Insects,#N/A
,lonicera maackii,,,NA,species,Caprifoliaceae,Lonicera,maackii,NA,NA,http://www.worldfloraonline.org/taxon/wfo-0001290817,,Deciduous shrub,NA,deciduous,shrub,Perennial,Woody,No,NULL,NA,NA,NA,"Cultivated, Ornamental",NA,6,TODO,TODO,TODO,TODO,,NA,NA,NA,NA,NA,,#N/A,#N/A,#N/A,#N/A,#N/A,#N/A,,NO_FAO_GROUP,#N/A,,,,,NaN,NaN,NA,alimmediother,NA,,NA,NA,NA,,NA,#N/A
,Lonicera periclymenum,"Honeysuckle, European honeysuckle",,"Honeysuckle, European honeysuckle",species,Caprifoliaceae,Lonicera,periclymenum,NA,Accepted,http://www.tropicos.org/Name/6000016,Climber,NA,"Perennail, Climber",NA,herb climber,Perennial,herbaceous,No,"4,5",NA,NA,Medium,Wild,"Bees, Lepidoptera",6,,,,,,light (sandy) -medium -  heavy (clay),Full sun- Semi shade - No shade,Moist,04->08,No,NA,#N/A,#N/A,#N/A,#N/A,#N/A,#N/A,,NO_FAO_GROUP,#N/A,NA,NA,NA,NA,1,2,3,other,Poisonous in large doses[10]. It only has a very mild action[65].,pfaf.org,NA,"Woods, hedgerows, scrub and shady places, avoiding calcareous soils[17].","Europe, including Britain, from Scandanavia south and east to N. Africa and Greece.",,"Bees, Lepidoptera, Self",#N/A
,Lophira alata,Niam Tree,,Niam Tree,species,Ochnaceae,Lophira,alata,NA,Accepted,http://www.tropicos.org/Name/22800469,Tree,Evergreen Tree,Evergreen Tree,Evergreen,tree,Perennial,Woody,No,40,40.00  ,NA,Slow,Wild,NA,40,NA,NA,NA,NA,,light (sandy) -medium -  heavy (clay),No shade,Moist,10 ->  12,No,NA,#N/A,#N/A,Fuelwood,Timber,#N/A,,,"Fuelwood, Timber",#N/A,Timber,,,Timber mainly,2,0,4,other,None known,pfaf.org,VU - vulnerable,"Evergreen moist rain-forest at elevations of 550 - 1,300 metres[328 ]. Evergreen and moist deciduous forests, in freshwater swamp forests, and close to riverbanks[316 ].","Australia - New South Wales, Queensland.",,NA,#N/A
,Lotus corniculatus,Bird's Foot Trefoil,,Bird's Foot Trefoil,species,Fabaceae,Lotus,corniculatus,NA,Accepted,http://www.tropicos.org/Name/13022186,Perennial,Herbaceous,"Perennial, not climbing",NA,herb,Perennial,herbaceous,Lotus,"0,3",NA,NA,Medium,Wild,bees,0.3,,,,,,light (sandy) -medium -  heavy (clay),No shade,Dry- Moist,03->08,Yes,,#N/A,,#N/A,#N/A,#N/A,,ecocrop,Forage,#N/A,NA,NA,NA,NA,1,1,4,other,"All parts of the plant are poisonous, containing cyanogenic glycosides(hydrogen cyanide)[65, 76]. In small quantities, hydrogen cyanide has been shown to stimulate respiration and improve digestion, it is also claimed to be of benefit in the treatment of cancer. In excess, however, it can cause respiratory failure and even death. This species is polymorphic for cyanogenic glycosides[218]. The flowers of some forms of the plant contain traces of prussic acid and so the plants can become mildly toxic when flowering[218]. They are completely innocuous when dried[218].",pfaf.org,NA,"Pastures and sunny banks of streams, especially on calcareous soils[7, 13, 17].","Europe, including Britain, from Scandanavia south and east to N. Africa and temperate Asia.",,"bees, self",#N/A
,Luehea divaricata,NA,,#N/A,species,Malvaceae,Luehea,divaricata,NA,Accepted,http://www.tropicos.org/Name/32200111,NA,Deciduous Tree,Deciduous Tree,Deciduous,Tree,Perennial,Woody,No,NULL,20.00  ,NA,NULL,Wild,NA,20,NA,NA,NA,NA,,NA,NA,NA,NA,NA,,#N/A,#N/A,#N/A,Timber,#N/A,,,Timber,#N/A,Timber,,,Woody shoot,0,2,2,,NA,NA,DD - data deficient,NA,NA,,NA,#N/A
,Luffa acutangula,NA,,#N/A,species,Cucurbitaceae,Luffa,acutangula,NA,Accepted,http://www.tropicos.org/Name/9200006,NA,Annual Climber,Annual Climber,herbaceous,herb climber,Annual,herbaceous,No,NULL,0.00  ,NA,NULL,"Cultivated, Ornamental, Wild","Bees, Butterflies, Moths, Insects",2,,,,,,NA,NA,NA,NA,NA,,#N/A,#N/A,#N/A,#N/A,#N/A,#N/A,ecocrop,"Fruits, vegetables",#N/A,NA,NA,NA,NA,3,2,3,alimother,NA,NA,NA,NA,NA,,"Bees, Butterflies, Moths, Insects",#N/A
,Lupinus angustifolius,"Blue Lupin, Narrowleaf lupine",Blue_lupin,"Blue Lupin, Narrowleaf lupine",species,Fabaceae,Lupinus,angustifolius,NA,Accepted,http://www.tropicos.org/Name/13036916,Annual,NA,Annual,herbaceous,herb,Annual,herbaceous,Lupinus,1,NA,NA,NULL,"Cultivated, Ornamental, Wild",bees,1,,,,,,light (sandy) -medium,No shade,Moist,07 -> 09,No,NA,#N/A,#N/A,#N/A,#N/A,#N/A,#N/A,ecocrop,Forage,#N/A,NA,NA,Alim,Seeds,4,0,4,alimother,"The seed of many lupin species contain bitter-tasting toxic alkaloids, though there are often sweet varieties within that species that are completely wholesome[65, 76]. Taste is a very clear indicator. These toxic alkaloids can be leeched out of the seed by soaking it overnight and discarding the soak water. It may also be necessary to change the water once during cooking. Fungal toxins also readily invade the crushed seed and can cause chronic illness[65].",pfaf.org,LC - least concern,"Cultivated and rocky ground on light acid soils [45, 50].",Europe - Mediterranean.,,bees,#N/A
,Lycopersicon esculentum,Tomato,,Tomato,species,Solanaceae,Lycopersicon,esculentum,NA,Accepted,http://www.tropicos.org/Name/29602513,Annual,Annual,Annual,herbaceous,herb,Annual,herbaceous,No,2,2.00  ,NA,NULL,Cultivated,insects,2,,,,,,light (sandy) -medium -  heavy (clay),No shade,Moist,08-> 11,No,"Tomatoes, fresh",Vegetables,#N/A,#N/A,#N/A,Spice,,,"Vegetables, spices",#N/A,,,Alim,vegetables,4.66666666666667,3,2.33333333333333,alimmediother,"All green parts of the plant are poisonous[19, 76].",pfaf.org,LC - least concern,Not known in a truly wild situation.,"Original habitat is obscure, probably Western S. America, a cultivated form of L. cerasiforme[132].",,"Insects, Self",#N/A
,Macadamia integrifolia,"Macadamia, Macadamia nut",Macadamia,"Macadamia, Macadamia nut",NA,NA,NA,NA,NA,NA,NA,Tree,Evergreen Tree,Evergreen Tree,Evergreen,Tree,Perennial,Woody,No,10,15.00  ,NA,Slow,"Cultivated, Ornamental, Wild",bees,15,1000,3000,-6,25,,light (sandy) -medium -  heavy (clay),No shade,Moist,09 ->  12,NA,Nuts nes,Nuts,#N/A,#N/A,#N/A,#N/A,,,"Fruits, nuts",Nut,,,Alim,Woody Fruits,4.66666666666667,0,2.33333333333333,alimother,None known,pfaf.org,VU - vulnerable,Dry rainforests of the eastern coastal scrub[167,NA,,Bees,#N/A
,Machaerium aculeatum,NA,,#N/A,species,Fabaceae,Machaerium,aculeatum,NA,Accepted,http://www.tropicos.org/Name/13035290,"Perennial, Not climbing, Tree",Tree,Semi-deciduous Tree,Semi-deciduous,Tree,Perennial,Woody,Machaerium,NULL,10.00  ,NA,NULL,"Ornamental, Wild",NA,10,NA,NA,NA,NA,,NA,NA,NA,NA,NA,,#N/A,#N/A,#N/A,#N/A,#N/A,#N/A,,NO_FAO_GROUP,#N/A,NA,NA,NA,NA,0,0,2,,None known,NA,NA,"Semi-deciduous forest, mainly in open, secondary formations, in unusual sites such as quarries, steep roadside banks and even on scraped subsoil. Exceptionally, it can be found in humid lowlands","S. America - Argentina, Brazil, Bolivia and Peru, north to Panama.",,NA,#N/A
,Machaerium sp.,NA,,#N/A,genus,Fabaceae,Machaerium,NA,sp.,Accepted,http://www.tropicos.org/Name/40010932,NA,NA,NA,NA,herb,NA,herbaceous,Machaerium,NULL,NA,NA,NULL,NA,NA,NULL,,,,,,NA,NA,NA,NA,NA,,#N/A,#N/A,#N/A,#N/A,#N/A,#N/A,,NO_FAO_GROUP,#N/A,,,,NA,NA,NA,NA,alimmediother,NA,NA,NA,NA,NA,,NA,#N/A
,Maclura pomifera,"Osage Orange, Bois D'Arc",,"Osage Orange, Bois D'Arc",species,Moraceae,Maclura,pomifera,NA,Accepted,http://www.tropicos.org/Name/21300468,Tree,NA,Deciduous tree,Deciduous,tree,Perennial,Woody,No,15,NA,NA,Medium,Wild,NA,15,NA,NA,NA,NA,,light (sandy) -medium -  heavy (clay),No shade,Dry- Moist,04 -> 09,No,NA,#N/A,#N/A,#N/A,Timber,#N/A,,,Timber,#N/A,Timber,,,Timber mainly,1,2,4,other,"The milky sap can cause dermatitis in some people[200]. An extract and the juice of the fruit is toxic, though a 10% aqueous infusion and extract diluted 1:1 are not toxic[240].",pfaf.org,LC - least concern,"Woods, fields and thickets in rich bottom lands[73, 83].",Southeastern N. America - Arkansas to Texas.,,no self,#N/A
Only control species,macrolobium acaciaefolium,,,,,Fabaceae,Macrolobium,acaciifolium,,,,,,NA,,herb,herb,herbaceous,Macrolobium,,,,,,,,,,,,,,,,,,,#N/A,#N/A,#N/A,#N/A,#N/A,#N/A,,,#N/A,,,,,,,,,,,NA,,,,,
,Macroptilium atropurpureum,"Conchito, Purple Bean, Siratro",,"Conchito, Purple Bean, Siratro",species,Fabaceae,Macroptilium,atropurpureum,NA,Accepted,http://www.tropicos.org/Name/13014971,"Annual/Perennial, Climbing/Not climbing, Herb",Perennial,Perennial,NA,herb,Perennial,herbaceous,Macroptilium,NULL,2.00  ,NA,NULL,Cultivated,insects,2,,,,,,NA,NA,NA,NA,NA,"Conchito, Purple Bean, Siratro",#N/A,,#N/A,#N/A,#N/A,#N/A,ecocrop,Forage,#N/A,NA,NA,NA,NA,0,0,3,other,NA,NA,NA,NA,NA,,"Self, Insects",Andrenidae; Anthophoridae; Apidae; Euglossa; Halictidae; Megachilidae
,Maesopsis eminii,NA,,#N/A,species,Rhamnaceae,Maesopsis,eminii,NA,Accepted,http://www.tropicos.org/Name/27501023,"A fast-growing deciduous tree,",Semi-deciduous Tree,Semi-deciduous Tree,Semi-deciduous,Tree,Perennial,Woody,No,25,25.00  ,NA,NULL,"Cultivated, Wild",insects,25,1200,3000,22,27,,NA,NA,NA,NA,YES,,#N/A,#N/A,#N/A,#N/A,#N/A,#N/A,ecocrop,Forage,#N/A,NA,NA,NA,NA,2,2,3,other,NA,NA,LC - least concern,NA,NA,,Insects (https://keys.lucidcentral.org/,#N/A
,Magnolia ovata,NA,,#N/A,species,Magnoliaceae,Magnolia,ovata,NA,Accepted,http://www.tropicos.org/Name/50237281,NA,Evergreen Tree,Evergreen Tree,Evergreen,Tree,Perennial,Woody,No,NULL,25.00  ,NA,NULL,Wild,beetles,25,NA,NA,NA,NA,,NA,NA,NA,NA,NA,,#N/A,#N/A,#N/A,#N/A,#N/A,#N/A,,NO_FAO_GROUP,#N/A,NA,NA,NA,NA,0,1,2,,NA,NA,LC - least concern,NA,NA,,"Large dynastid scarab beetles (Gottsberger et al., 2012)",#N/A
,Malus baccata,"Chinese Crab, Siberian crab apple",Chinese_crab,"Chinese Crab, Siberian crab apple",species,Rosaceae,Malus,baccata,NA,Accepted,http://www.tropicos.org/Name/27800979,Tree,NA,Deciduous tree,Deciduous,tree,Perennial,Woody,No,15,NA,NA,Medium,"Cultivated, Ornamental, Wild",insects,15,NA,NA,NA,NA,,light (sandy) -medium -  heavy (clay),Semi-shade/full sun,Moist,02->07,No,Apples,Fruits,#N/A,#N/A,#N/A,#N/A,,,Fruits,#N/A,,,Alim,Woody Fruits,2,1,2,,"All members of this genus contain the toxin hydrogen cyanide in their seeds and possibly also in their leaves, but not in their fruits. Hydrogen cyanide is the substance that gives almonds their characteristic taste but it should only be consumed in very small quantities. Apple seeds do not normally contain very high quantities of hydrogen cyanide but, even so, should not be consumed in very large quantities. In small quantities, hydrogen cyanide has been shown to stimulate respiration and improve digestion, it is also claimed to be of benefit in the treatment of cancer. In excess, however, it can cause respiratory failure and even death.",pfaf.org,LC - least concern,"Open forested areas to elevations of 1800 - 3600 metres[51, 272].",E. Asia - N. China to the Himalayas.,,"insects, self",#N/A
,Malus domestica,Apple,Apple,Apple,species,Rosaceae,Malus,domestica,NA,Accepted,http://www.tropicos.org/Name/27804420,Tree,NA,Deciduous tree,Deciduous,tree,Perennial,Woody,No,9,NA,NA,NULL,Cultivated,NA,9,NA,NA,NA,NA,,light (sandy) -medium -  heavy (clay),Semi-shade/full sun,Moist,03->08,No,Apples,Fruits,Apples,#N/A,#N/A,#N/A,,,Fruits,Fruits,Other,,Alim,Woody Fruits,5,2,4,alimother,"All members of this genus contain the toxin hydrogen cyanide in their seeds and possibly also in their leaves, but not in their fruits. Hydrogen cyanide is the substance that gives almonds their characteristic taste but it should only be consumed in very small quantities. Apple seeds do not normally contain very high quantities of hydrogen cyanide but, even so, should not be consumed in very large quantities. In small quantities, hydrogen cyanide has been shown to stimulate respiration and improve digestion, it is also claimed to be of benefit in the treatment of cancer. In excess, however, it can cause respiratory failure and even death.",pfaf.org,NA,Not known in a truly wild situation.,"A hybrid of garden origin, mainly involving M. sylvestris and M. pumila[200]..",,NA,#N/A
,Malus pumila,"Paradise Apple, Common Apple, Apple Tree",,"Paradise Apple, Common Apple, Apple Tree",species,Rosaceae,Malus,pumila,NA,Synonym,https://wcvp.science.kew.org/taxon/726372-1,Tree,NA,Deciduous tree,Deciduous,tree,Perennial,Woody,No,7,NA,NA,Medium,Wild,insects,7,NA,NA,NA,NA,,light (sandy) -medium -  heavy (clay),Semi-shade/full sun,Moist,03 -> 09,No,Apples,Fruits,Apples,#N/A,#N/A,#N/A,,,Fruits,#N/A,,,Alim,Woody Fruits,4,2,3,alimother,"All members of this genus contain the toxin hydrogen cyanide in their seeds and possibly also in their leaves, but not in their fruits. Hydrogen cyanide is the substance that gives almonds their characteristic taste but it should only be consumed in very small quantities. Apple seeds do not normally contain very high quantities of hydrogen cyanide but, even so, should not be consumed in very large quantities. In small quantities, hydrogen cyanide has been shown to stimulate respiration and improve digestion, it is also claimed to be of benefit in the treatment of cancer. In excess, however, it can cause respiratory failure and even death.",pfaf.org,NA,Not known in a truly wild situation[74].,"Europe, including Britain, from Scandanavia south and east to Spain, Greece and S.W. Asia.",,Insects,#N/A
,Malus spp.,NA,,#N/A,genus,Rosaceae,Malus,NA,sp.,Accepted,http://www.tropicos.org/Name/40012934,NA,NA,Deciduous  tree,Deciduous,Tree,Perennial,Woody,No,NULL,NA,NA,NULL,Cultivated,NA,NULL,NA,NA,NA,NA,,NA,NA,NA,NA,NA,,#N/A,#N/A,#N/A,#N/A,#N/A,#N/A,,NO_FAO_GROUP,#N/A,NA,NA,NA,NA,NA,NA,NA,alimmediother,NA,NA,NA,NA,NA,,NA,#N/A
,Malva neglecta,"Dwarf Mallow, Common mallow",,"Dwarf Mallow, Common mallow",species,Malvaceae,Malva,neglecta,NA,Accepted,http://www.tropicos.org/Name/19601039,Annual,NA,"Annual, not climbing",herbaceous,herb,Annual,herbaceous,No,"0,6",NA,NA,NULL,"Cultivated, Wild","Bees, Flies",0.6,,,,,,light (sandy) -medium -  heavy (clay),Semi-shade/full sun,Dry- Moist,04->08,Yes,"Dwarf Mallow, Common mallow",#N/A,#N/A,#N/A,#N/A,#N/A,#N/A,,NO_FAO_GROUP,#N/A,NA,NA,Alim,Leaves,4,2,1,alim,"When grown on nitrogen rich soils (and particularly when these are inorganic), the plant tends to concentrate high levels of nitrates in its leaves[76]. The leaves are perfectly wholesome at all other times.",pfaf.org,NA,"Waste and cultivated ground[17], usually on dry soils, frequently in coastal habitats, on dry walls or as a weed of cultivated ground[200].","Most of Europe, including Britain, south and east to N. Africa and Asia.",,"Bees, flies, self",#N/A
,Malva parviflora,"Cheeseweed, Cheeseweed mallow",,"Cheeseweed, Cheeseweed mallow",species,Malvaceae,Malva,parviflora,NA,Accepted,http://www.tropicos.org/Name/19600174,Annual,Annual,Annual,herbaceous,herb,Annual,herbaceous,No,"0,5",0.30  ,NA,NULL,Wild,"Bees, insects",0.3,,,,,,light (sandy) -medium -  heavy (clay),Semi-shade/full sun,Moist,Coming soon,No,"Cheeseweed, Cheeseweed mallow",#N/A,#N/A,#N/A,#N/A,#N/A,#N/A,,NO_FAO_GROUP,#N/A,NA,NA,NA,NA,3,2,1.66666666666667,alimother,"Although we have seen no reports of toxicity for this species, when grown on nitrogen rich soils (and particularly when these are cultivated inorganically), the leaves of some species tend to concentrate high levels of nitrates in their leaves[76]. The leaves are perfectly wholesome at all other times.",pfaf.org,NA,Fields and waste land[50].,S.W. Europe. A casual in Britain.,,"Bees, Insects",#N/A
,Mangifera indica,"Mango, Bowen Mango",,"Mango, Bowen Mango",species,Anacardiaceae,Mangifera,indica,NA,Accepted,http://www.tropicos.org/Name/1300071,Tree,Evergreen Tree,Evergreen Tree,Evergreen,Tree,Perennial,Woody,No,25,30.00  ,NA,Medium,"Cultivated, Wild","Bees, Bats, Flies, Ants",30,500,2500,19,35,,light (sandy) -medium -  heavy (clay),No shade,Moist,10 ->  12,No,"Fruit, tropical (Dried) nes (incl. pineapple and mangoes)",Fruits,"Mangoes, mangosteens, guavas",#N/A,Timber,#N/A,,,"Fruits, nuts, timber",Fruits,Timber,,Alim,Woody Fruits,5,3,3,alimmediother,"In sensitive individuals, ingestion of the fruit or skin contact with the juice may cause a rash like that of poison ivy[303 ]. (Parts of plant are poisonous if ingested)",pfaf.org,DD - data deficient,"A mid-canopy tree in humid tropical forests, usually growing in the more open, secondary formations, at elevations usually below 500 metres, but occasionally ascending to 1,700 metres[307 , 653 ].","E. Asia - Indian subcontinent, Myanmar.",,"Bees, Bats, Flies, Ants",#N/A
,Manihot carthagenensis subsp. Glaziovii,NA,,#N/A,species,Euphorbiaceae,Manihot,glaziovii,NA,Accepted,http://www.tropicos.org/Name/12800078,NA,Deciduous Tree,Deciduous Tree,Deciduous,Tree,Perennial,Woody,No,NULL,6.00  ,NA,fast,NA,NA,6,NA,NA,NA,NA,,NA,NA,NA,09 ->  12,Yes,,#N/A,#N/A,#N/A,#N/A,#N/A,#N/A,,NO_FAO_GROUP,#N/A,NA,NA,NA,NA,"2,00","2,00","3,00",other,None known,NA,NA,"Often left behind as a relict of cultivation and therefore found in scrubs, secondary forest and waste places along roads and rivers, near paddies, old cultivated fields[303 ]. Also found occasionally in dense, primary forests[625 ].",S. America - northeast Brazil.,,NA,#N/A
,Manihot esculenta,"Cassava, Tapioca Plant, Yuca",Cassava,"Cassava, Tapioca Plant, Yuca",species,Euphorbiaceae,Manihot,esculenta,NA,Accepted,http://www.tropicos.org/Name/12800237,Shrub,Shrub,Deciduous Shrub,Deciduous,Shrub,Annual,Woody,No,3,3.00  ,NA,Medium,Cultivated,insects,3,NA,NA,NA,NA,,light (sandy) -medium -  heavy (clay),Full sun- Semi shade - No shade,Dry- Moist,09 ->  12,No,Cassava,Roots and tubers,Cassava,#N/A,#N/A,#N/A,,,"Root,tuber",Root and tuber,,,Alim,Woody Root/tuber,5,2,2,alim,"The leaves contain the harmful glucoside linamarin, which can release the toxic hydrocyanic acid in the presence of the enzyme linase[298 , 300 ]. This can be destroyed by heat[298 ] (Parts of plant are poisonous if ingested)",pfaf.org,NA,"Widely cultivated as a food crop, it is not known in a truly wild situation.",Tropics.,,Insects,#N/A
,manihot glaziovii,,,NA,species,Euphorbiaceae,Manihot,glaziovii,NA,Synonym,http://www.worldfloraonline.org/taxon/wfo-0000235536,,Deciduous Tree,Deciduous Tree,Deciduous,Tree,Perennial,Woody,No,6,NA,NULL,NA,NA,NA,6,TODO,TODO,TODO,TODO,,NA,NA,NA,NA,NA,,#N/A,#N/A,#N/A,#N/A,#N/A,#N/A,,NO_FAO_GROUP,#N/A,,,,,2.0,2.0,3,alimmediother,NA,,LC - least concern,NA,NA,,NA,#N/A
Only control species,manilkara achras,,,,,Sapotaceae,Manilkara,achras,,,,,,Evergreen Tree,Evergreen,Tree,Perennial,Woody,No,,,,,,,,,,,,,,,,,,,#N/A,#N/A,#N/A,#N/A,#N/A,#N/A,,,#N/A,Other,,Alim,,5,2,4,alimother,,,NA,,,,,
,Manilkara zapota,NA,,#N/A,species,Sapotaceae,Achras,zapota,NA,Synonym,http://www.tropicos.org/Name/28700449,NA,Evergreen Tree,Evergreen Tree,Evergreen,Tree,Perennial,Woody,No,NULL,20.00  ,NA,NULL,"Cultivated, Ornamental, Wild","thrips, beetle",20,NA,NA,NA,NA,,NA,NA,NA,NA,NA,,#N/A,"Fruit, tropical fresh nes",#N/A,Timber,#N/A,,,"Fruit, tropical fresh nes, Timber",Fruits,Timber,,Alim,Timber mainly,5,2,4,alimother,NA,NA,LC - least concern,NA,NA,,"thrips and beetle (Kishore et al., 2017)",#N/A
,Mansonia altissima,Mansonia,,Mansonia,NA,NA,NA,NA,NA,NA,NA,Tree,Evergreen Tree,Evergreen Tree,Evergreen,tree,Perennial,Woody,No,35,35.00  ,NA,Fast,"Cultivated, Wild",NA,35,NA,NA,NA,NA,,light (sandy) -medium -  heavy (clay),No shade,Dry- Moist,10 ->  12,NA,Mansonia,#N/A,#N/A,#N/A,Timber,#N/A,,,Timber,#N/A,Timber,,,Timber mainly,0,2,4,other,"The bark is very poisonous and in parts of south-western C‚àö¬•te d‚Äö√Ñ√¥Ivoire it is the main component of a very effective arrow-poison, also used in spear traps for large game. In other parts of its range the bark is a component of arrow poisons too[299 ]. In processing, the wood produces high levels of dust which can cause serious health problems to workers. The dust may cause dermatitis, nose-bleeding, throat irritation, asthma and eczema, the reactions becoming stronger on repeated exposure. Heart troubles have also been reported. Pigs given the sawdust as litter developed severe contact dermatitis and piglets even died. The toxins in the wood, even in the form of thin veneer, are resistant to oxidation and are heat-stable",pfaf.org,LC - least concern,NA,NA,,NA,#N/A
,Maranta arundinacea,Arrowroot,Arrowroot,Arrowroot,species,Marantaceae,Maranta,arundinacea,NA,Accepted,http://www.tropicos.org/Name/19700214,Perennial,Perennial,Perennial,NA,herb,Perennial,herbaceous,No,1,1.20  ,NA,Medium,"Cultivated, Ornamental, Wild",insects,1.2,,,,,,light (sandy) -medium -  heavy (clay),Full sun- Semi shade - No shade,Moist -Wet,10 ->  12,No,"Vegetables, Fresh n.e.s.",Vegetables,"Roots and tubers, nes",#N/A,#N/A,#N/A,,,"Root,tuber",Root and tuber,,,Alim,Root/tuber,4,3,2,alimmedi,None known,pfaf.org,NA,"Moist floors of evergreen or deciduous forests, often in clearings where light levels are relatively high[200 ].",Northern and western S. America.,,insects,#N/A
,Markhamia lutea,NA,,#N/A,species,Bignoniaceae,Markhamia,lutea,NA,Accepted,http://www.tropicos.org/Name/3701602,Shrub,Evergreen Tree,Evergreen Tree,Evergreen,Tree,Perennial,Woody,No,NULL,10.00  ,NA,NULL,"Cultivated, Ornamental, Wild",bees,10,800,2000,12,27,,NA,NA,NA,NA,NA,,#N/A,#N/A,#N/A,#N/A,#N/A,#N/A,ecocrop,"Timber, medicinal",#N/A,NA,NA,NA,NA,0,2,3,other,NA,NA,LC - least concern,NA,NA,,Bees,#N/A
,Matisia cordata,NA,,#N/A,species,Asteraceae,Matricaria,recutita,NA,Accepted,http://www.tropicos.org/Name/2702891,NA,Deciduous Tree,Deciduous Tree,Deciduous,Tree,Perennial,Woody,No,NULL,20.00  ,NA,NULL,"Cultivated, Wild","Insects, humming birds",20,NA,NA,NA,NA,,NA,NA,NA,05 -> 09,No,,#N/A,#N/A,#N/A,#N/A,#N/A,#N/A,,NO_FAO_GROUP,#N/A,,,Alim,Woody Fruits,4,1,3,alimother,"Allergic reactions (tongue thickening, tightness in the throat,swelling of the lips, throat and eyes, itching over the body) have been reported with German chamomile but are infrequent. Patients with severe allergic responses to ragweed (ragwort) should be warned about the possible cross-sensitivity to chamomile and other members of the Asteraceae/Compositae family (e.g. echinacea, feverfew, milk thistle).",NA,LC - least concern,"Sandy or loamy arable soils in Britain[13, 17]. Also found on saline steppes in Europe[50].","Europe, including Britain, east to W. Asia and the Himalayas.",,"Insects, humming birds",#N/A
,Matricaria chamomilla,Chamomile,,Chamomile,species,Asteraceae,,,,Accepted,https://www.tropicos.org/name/2726619,,Annual,"Annual, not climbing",herbaceous,herb,Annual,herbaceous,No,"0,8","0,5-0,8",,NA,"Cultivated, Ornamental, Wild","Bees, Flies",0.5,,,,,,NA,Full sun,moist soil/well drained,05 -> 09,NO,NA,#N/A,#N/A,#N/A,#N/A,Essential oil,,,Essential oil,#N/A,,medicinal,,Essential oil,1.66666666666667,5,3.33333333333333,alimmediother,"Allergic reactions (tongue thickening, tightness in the throat,swelling of the lips, throat and eyes, itching over the body) have been reported with German chamomile but are infrequent. Patients with severe allergic responses to ragweed (ragwort) should be warned about the possible cross-sensitivity to chamomile and other members of the Asteraceae/Compositae family (e.g. echinacea, feverfew, milk thistle).",,NA,"Sandy or loamy arable soils in Britain[13, 17]. Also found on saline steppes in Europe[50].","Europe, including Britain, east to W. Asia and the Himalayas.",,"bees, flies",#N/A
Only control species,matudea trinervia,,,,,Hamamelidaceae,Matudaea,trinervia,,,,,,NA,,Tree,Perennial,Woody,No,,,,,,,,,,,,,,,,,,,#N/A,#N/A,#N/A,#N/A,#N/A,#N/A,,,#N/A,,,,,,,,,,,NA,,,,,
,Mauritia flexuosa,"Buriti Palm, Aguaje Palm",,"Buriti Palm, Aguaje Palm",NA,NA,NA,NA,NA,NA,NA,Tree,Evergreen Tree,Evergreen Tree,Evergreen,tree,Perennial,Woody,No,25,25.00  ,NA,Slow,"Cultivated, Ornamental, Wild",beetles,25,NA,NA,NA,NA,,light (sandy) -medium -  heavy (clay),Semi-shade/full sun,Moist -Wet,11 ->  12,NA,"Buriti Palm, Aguaje Palm",#N/A,#N/A,#N/A,#N/A,#N/A,#N/A,Ecocrop,Fiber,#N/A,,,Alim,Woody Fruits,4,2,3,alimother,None known,pfaf.org,NA,"Riverine swamps[314 ]. Found in poorly drained or periodically flooded soils[335 ]. Usually in permanently swampy areas, often forming extensive, high-density stands",NA,,"curculionid beetle species (Fernanda Nogueira Mendes et al. , 2017)",#N/A
,Medicago sativa,"Alfalfa, Yellow alfalfa",Alfalfa_for_fodder,"Alfalfa, Yellow alfalfa",species,Fabaceae,Medicago,sativa,NA,Accepted,http://www.tropicos.org/Name/13035689,Perennial,NA,"Perennial, not climbing",NA,herb,Perennial,herbaceous,Medicago,1,NA,NA,Medium,"Cultivated, Wild","Bees, Lepidoptera",1,,,,,,light (sandy) -medium -  heavy (clay),No shade,Dry- Moist,04->08,Yes,Alfalfa for forage,Fodder,,#N/A,#N/A,#N/A,,ecocrop,Forage,#N/A,NA,NA,Alim,leaves,4,3,4,alimmediother,"The plant contains saponin-like substances[222]. Eating large quantities of the leaves may cause the breakdown of red blood cells[222]. However, although they are potentially harmful, saponins are poorly absorbed by the human body and so most pass through without harm. Saponins are quite bitter and can be found in many common foods such as some beans. Thorough cooking, and perhaps changing the cooking water once, will normally remove most of them from the food. Saponins are much more toxic to some creatures, such as fish, and hunting tribes have traditionally put large quantities of them in streams, lakes etc in order to stupefy or kill the fish[K]. Alfalfa sprouts (and especially the seeds) contain canavanine. Recent reports suggest that ingestion of this substance can cause the recurrence of systemic lupus erythematosus (an ulcerous disease of the skin) in patients where the disease had become dormant[222]. The FDA advises that children, the elderly and people with compromised immune systems should avoid eating alfalfa sprouts due to bacterial contamination. Avoid during pregnancy and lactation. Avoid for people with hormone sensitive cancer. Avoid for people with gout (due to purines). Possible antagonize the anticoagulant effect of warfarin (due to vit K) and interfere with the immunosuppressant effect of corticosteroids [301].",pfaf.org,LC - least concern,"Waste ground, avoiding acid soils[17].",Europe - Mediterranean. More or less naturalized in Britain[17].,,"Bees, Lepidoptera, Self",#N/A
,Melaleuca leucadendron,"Paperbark, Weeping Paperbark",,"Paperbark, Weeping Paperbark",species,Myrtaceae,Cajuputi,leucadendron,NA,Synonym,https://wcvp.science.kew.org/taxon/118345-3,evergreen Tree,NA,Evergreen Tree,Evergreen,Tree,Perennial,Woody,No,30,NA,NA,NULL,"Wild, ornemental",NA,30,NA,NA,NA,NA,,NA,NA,NA,10 ->  12,NO,NA,#N/A,#N/A,#N/A,#N/A,#N/A,#N/A,Ecocrop,"Timber, fuelwood",#N/A,,medicinal,,Other?,"2,00","4,00","3,00",mediother,None known,NA,NA,"Found mainly on flat or very gentle topography, especially river flats, coastal plains or seasonal swamps, at elevations up to 800 metres[418 ].",Australasia - northern and western Australia to New Caledonia and Malaysia,,NA,#N/A
,Melia azedarach,Para√≠so,,Para√≠so,species,Meliaceae,Melia,azedarach,NA,Accepted,http://www.tropicos.org/Name/20400345,"Shrub, Small tree.",Deciduous Tree,Deciduous Tree,Deciduous,Shrub/tree,Perennial,Woody,No,NULL,9.00  ,NA,NULL,"Cultivated, Ornamental, Wild",NA,9,350,2000,23,27,,NA,NA,NA,NA,NA,NA,#N/A,#N/A,#N/A,Timber,#N/A,,,Timber,#N/A,Timber,medicinal,,Timber mainly,3,4,4,alimmediother,NA,NA,LC - least concern,NA,NA,,NA,#N/A
,Melia azederach,"Bead Tree, Pride of India, Chinaberry",,"Bead Tree, Pride of India, Chinaberry",species,Meliaceae,Melia,azederach,NA,No opinion,http://www.tropicos.org/Name/20400407,Tree,NA,Deciduous tree,Deciduous,tree,Perennial,Woody,No,9,NA,NA,Fast,"Cultivated, Ornamental, Wild",NA,9,350,2000,23,27,,light (sandy) -medium -  heavy (clay),No shade,Dry- Moist,07 ->  12,Yes,NA,#N/A,#N/A,#N/A,#N/A,#N/A,#N/A,,NO_FAO_GROUP,#N/A,Other,,,Other?,3,3,4,alimmediother,"The fruit is somewhat poisonous[2, 4, 89]. Ripe fruits are more toxic than green ones[218]. As little as six fruits have caused fatalities in children[274]. All parts of the plant contain toxins that can cause gastric tract irritation and degeneration of the liver and kidneys[274].",pfaf.org,NA,Moist sunny locations[152] to 2700 metres in the Himalayas[51].,E. Asia - N. India to China. Naturalized in the Mediterranean.,,NA,#N/A
,melia composita,,,NA,species,Meliaceae,Melia,composita,NA,Synonym,http://www.worldfloraonline.org/taxon/wfo-0000450107,,Deciduous Tree,Deciduous Tree,Deciduous,Tree,Perennial,Woody,No,NULL,NA,NULL,NA,NA,NA,20,TODO,TODO,TODO,TODO,,NA,NA,NA,NA,NA,,#N/A,#N/A,#N/A,#N/A,#N/A,#N/A,,NO_FAO_GROUP,#N/A,,medicinal,,,3.0,4.0,4,alimmediother,NA,,NA,NA,NA,,NA,#N/A
,Melia dubia,NA,,#N/A,species,Meliaceae,Melia,composita,NA,Synonym,http://www.tropicos.org/Name/50170053,NA,Deciduous Tree,Deciduous Tree,Deciduous,Tree,Perennial,Woody,No,NULL,9.00  ,NA,NULL,"Cultivated, Ornamental, Wild",insects,9,NA,NA,NA,NA,,NA,NA,NA,NA,NA,,#N/A,#N/A,#N/A,#N/A,#N/A,#N/A,,NO_FAO_GROUP,#N/A,Other,medicinal,,Other?,3,4,4,alimmediother,NA,NA,NA,NA,NA,,insects,#N/A
,Melia volkensii,NA,,#N/A,species,Meliaceae,Melia,volkensii,NA,Accepted,http://www.tropicos.org/Name/20401009,NA,Deciduous Tree,Deciduous Tree,Deciduous,Tree,Perennial,Woody,No,NULL,15.00  ,NA,NULL,"Cultivated, Wild",bees,15,NA,NA,NA,NA,,NA,NA,NA,NA,NA,,#N/A,#N/A,#N/A,#N/A,#N/A,#N/A,ecocrop,Forage,#N/A,NA,NA,NA,NA,0,0,2,,NA,NA,NA,NA,NA,,Bees,#N/A
,Melica californica,NA,,#N/A,species,Poaceae,Melica,californica,NA,Accepted,http://www.tropicos.org/Name/25512152,Perennial. Butt sheaths herbaceous,,,herbaceous,herb,Annual/Perennial,herbaceous,No,NULL,,,NA,Wild,Wind,12,,,,,,NA,Semi shade/Full Sun,NA,06 -> 10,,,#N/A,#N/A,#N/A,#N/A,#N/A,#N/A,,NO_FAO_GROUP,#N/A,NA,NA,NA,NA,NA,NA,NA,alimmediother,,,NA,,,,wind,#N/A
Only control species,mesua ferrea,,,"Surli nut, Poached Egg Tree",,Calophyllaceae,Mesua,ferrea,,,,,,Evergreen Tree,Evergreen,Tree,Perennial,Woody,No,,,,Slow,"Ornamental, Wild","Bees, insects",25,,,,,,"ight (sandy), medium (loamy) and heavy (clay)",Semi shade,,10 -> 12,No,,#N/A,#N/A,#N/A,Timber,#N/A,#N/A,,,#N/A,Timber,,,,3,2,3,alimother,There is some concern about the safety of the flowers. In laboratory tests extracts of the flowers terminated the pregnancy or resulted in lack of implantation in rats[303 ]. Toxic resin.,,NA,"Canopy tree in lowland evergreen forest on level or undulating land, usually along streams but also on ridges with shallow soils, sea-level up to 500 metres[303 ]. Also an understorey tree in montane evergreen or semi-evergreen forest[303 ].","E. Asia - India, Bhutan, Myanmar, Thailand, Malaysia, Vietnam, Indonesia, Philippines.",,,
Only control species,metrosideros petiolata,,,,,Myrtaceae,Metrosideros,petiolata,,Synonym,,,,NA,,Tree,Perennial,Woody,No,,,,,,,,,,,,,,,,,,,#N/A,#N/A,#N/A,#N/A,#N/A,#N/A,,,#N/A,,,,,,,,,,,NA,,,,,
,Miconia spp.,NA,,#N/A,genus,Melastomataceae,Miconia,NA,sp.,Accepted,http://www.tropicos.org/Name/40018467,NA,NA,NA,NA,herb,NA,herbaceous,No,NULL,NA,NA,NULL,NA,NA,NULL,,,,,,NA,NA,NA,NA,NA,,#N/A,#N/A,#N/A,#N/A,#N/A,#N/A,,NO_FAO_GROUP,#N/A,,,,NA,NA,NA,NA,alimmediother,NA,NA,NA,NA,NA,,NA,#N/A
,Milicia excelsa,African Teak,,African Teak,species,Moraceae,Milicia,excelsa,NA,Accepted,http://www.tropicos.org/Name/21301645,Tree,Deciduous Tree,Deciduous Tree,Deciduous,tree,Perennial,Woody,No,50,50.00  ,NA,Medium,"Cultivated, Ornamental, Wild",NA,50,NA,NA,NA,NA,,light (sandy) -medium -  heavy (clay),No shade,Dry- Moist,10 ->  12,No,NA,#N/A,#N/A,#N/A,Timber,#N/A,,,Timber,#N/A,Timber,,,Timber mainly,2,3,5,mediother,"The wood and sawdust may cause dermatitis, irritation to nose and throat, and asthmatic reactions, due to the presence of the phenol chlorophorin[299 ].",pfaf.org,NT - near threatened,"Deciduous, semi-deciduous or evergreen, primary or secondary forest, with an apparent preference for drier forest types, at elevations up to 1,200 metres. Often occurs in gallery forest and in forest islands or as lone trees in savannah regions[299 ].","Tropical Africa - Guinea Bissau east to Ethiopia and south to Angola, Zimbabwe and Mozambique.",,NA,#N/A
,millettia pinnata,,,arbre de pongolote,species,Fabaceae,Millettia,pinnata,NA,NA,http://www.worldfloraonline.org/taxon/wfo-0000206856,,Evergreen Tree,NA,Deciduous,Tree,Perennial,Woody,Millettia,NULL,NA,NULL,Fast,NA,,20,TODO,TODO,TODO,TODO,,"light (sandy), medium (loamy) and heavy (clay) soils ","Full shade, No shade",Moist,10 -> 12 ,NA,,#N/A,#N/A,#N/A,#N/A,#N/A,#N/A,,NO_FAO_GROUP,#N/A,,,,,0.0,3.0,4,alimmediother,The seeds are poisonous[309 ]. Pounded and roasted seeds used to be utilized as fish poison[303 ].(Seed is poisonous if ingested),,LC - least concern,"Occurs naturally in lowland forest on limestone and rocky coral outcrops on the coast, along the edges of mangrove forest and along tidal streams and rivers, often with its roots in fresh or saltwater","E. Asia - Indian subcontinent, through south-east Asia to north-eastern Australia, Fiji and Japan.",,insects,#N/A
,Millettia thonningii,NA,,#N/A,species,Fabaceae,Millettia,thonningii,NA,Accepted,http://www.tropicos.org/Name/13035960,"Perennial, Not climbing, Tree",Deciduous Tree,Deciduous Tree,Deciduous,Tree,Perennial,Woody,Millettia,NULL,15.00  ,NA,NULL,"Ornamental, Wild","Bees, insects",15,NA,NA,NA,NA,,NA,NA,NA,NA,NA,,#N/A,#N/A,#N/A,#N/A,#N/A,#N/A,,NO_FAO_GROUP,#N/A,NA,NA,NA,NA,0,2,2,,NA,NA,LC - least concern,NA,NA,,"Bees, Insects",#N/A
,Mimosa caesalpiniifolia,"Jupinuan, Sabia, Unha De Gata",,"Jupinuan, Sabia, Unha De Gata",species,Fabaceae,Mimosa,caesalpiniifolia,NA,Accepted,http://www.tropicos.org/Name/13036178,"Perennial, Not climbing, Shrub/Tree",Deciduous Tree,Deciduous Tree,Deciduous,Tree,Perennial,Woody,Mimosa,NULL,6.50  ,NA,NULL,"Cultivated, Ornamental, Wild",bees,6.5,NA,NA,NA,NA,,NA,NA,NA,NA,NA,NA,#N/A,#N/A,#N/A,#N/A,#N/A,#N/A,,NO_FAO_GROUP,#N/A,NA,NA,NA,NA,0,2,3,other,NA,NA,VU - vulnerable,NA,NA,,Bees,#N/A
,Mimosa scabrella,"abaracaatinga, bracaatinga, bracatinga",,"abaracaatinga, bracaatinga, bracatinga",species,Fabaceae,Mimosa,scabrella,NA,Accepted,http://www.tropicos.org/Name/13036735,Tree,Semi-deciduous Tree,Semi-deciduous Tree,Semi-deciduous,tree,Perennial,Woody,Mimosa,10,10.00  ,NA,Fast,"Cultivated, Ornamental, Wild",bees,10,600,3500,12,23,,light (sandy) -medium -  heavy (clay),No shade,Moist -Wet,10 ->  12,No,NA,#N/A,#N/A,#N/A,#N/A,#N/A,,,Timber,#N/A,Timber,,,Timber mainly,0,0,4,other,None known,pfaf.org,NA,"Araucaria pine forests at higher elevations, where it is more common in secondary formations[419 ].",S. America - southern and eastern Brazil.,,Bees,#N/A
Only control species,mischocarpus sundaicus,,,,,Sapindaceae,Mischocarpus,sundaicus,,,,,,Evergreen Tree,Evergreen,Tree,Perennial,Woody,No,,,,,Wild,,8,,,,,,,,,,,,#N/A,#N/A,#N/A,#N/A,#N/A,#N/A,,,#N/A,,,,,0,2,2,,,,NA,,,,,
Only control species,mixed vegetation fallow,,,,,NA,NA,NA,NA,NA,,,,NA,,Herb,Herb,herbaceous,No,,,,NA,NA,NA,1,,,,,NA,NA,NA,NA,NA,NA,NA,NA,#N/A,NA,NA,NA,NA,,NA,#N/A,NA,NA,NA,NA,NA,NA,NA,NA,NA,NA,NA,NA,NA,NA,NA,NA
,Montanoa sp.,NA,,#N/A,genus,Asteraceae,Montanoa,NA,sp.,Accepted,http://www.tropicos.org/Name/40022483,NA,NA,NA,NA,herb,NA,herbaceous,No,NULL,NA,NA,NULL,NA,NA,NULL,,,,,,NA,NA,NA,NA,NA,,#N/A,#N/A,#N/A,#N/A,#N/A,#N/A,,NO_FAO_GROUP,#N/A,,,,NA,NA,NA,NA,alimmediother,NA,NA,NA,NA,NA,,NA,#N/A
,Moquilea tomentosa,NA,,#N/A,species,Chrysobalanaceae,Licania,tomentosa,NA,Synonym,http://www.tropicos.org/Name/50103394,NA,Evergreen Tree,Evergreen Tree,Evergreen,Tree,Perennial,Woody,No,NULL,15.00  ,NA,NULL,"Cultivated, Wild",NA,15,NA,NA,NA,NA,,NA,NA,NA,NA,NA,,#N/A,#N/A,#N/A,#N/A,#N/A,#N/A,,NO_FAO_GROUP,#N/A,NA,NA,NA,NA,2,0,2,,NA,NA,NA,NA,NA,,NA,#N/A
Only control species,morella cerifera,,,,,Myricaceae,Morella,cerifera,,,,,,Evergreen Tree,Deciduous/evergreen,Tree,Perennial,Woody,Morella,,,,Medium,"Cultivated, Wild",Wind,10,,,,,,,,,,,,#N/A,#N/A,#N/A,#N/A,#N/A,#N/A,,,#N/A,,,,,3,3,3,alimmediother,,,LC - least concern,,,,,
,Moringa oleifera,"Horseradish Tree, Moringa,",Drumstick_tree,"Horseradish Tree, Moringa,",species,Moringaceae,Moringa,oleifera,NA,Accepted,http://www.tropicos.org/Name/21400003,Tree,Deciduous Tree,Deciduous Tree,Deciduous,Tree,Perennial,Woody,No,8,8.00  ,NA,Fast,"Cultivated, Ornamental, Wild","Bees, birds",8,500,NA,12.6,40,,light (sandy) -medium -  heavy (clay),No shade,NA,10 ->  12,No,Spices nes,Spices,#N/A,Fooder,Timber,Spice,,,"Stimulant, spice, aromatic, fodder, timber",#N/A,Timber,medicinal,Alim,Woody leaves; other; medicinal,4,4,5,alimmediother,None known,pfaf.org,LC - least concern,Readily colonizes stream banks and savannah areas where the soils are well drained and the water table remains fairly high all the year round[303 ].,E. Asia - Indian subcontinent.,,"Bees, Sunbirds",#N/A
,Moringa stenopetala,"African horseradish tree, cabbagetree",,"African horseradish tree, cabbagetree",NA,NA,NA,NA,NA,NA,NA,Tree,Deciduous Tree,Deciduous Tree,Deciduous,tree,Perennial,Woody,No,9,9.00  ,NA,Medium,"Cultivated, Semi-cultivated, Wild",insects,9,500,1400,24,30,,light (sandy) -medium -  heavy (clay),Semi-shade/full sun,Dry- Moist,10 ->  12,NA,Spices nes,Spices,#N/A,#N/A,#N/A,#N/A,,,spices,#N/A,Other,,Alim,Woody leaves,4,3,4,alimmediother,"The glucosinolates in the leaves were found to cause goitre but to a lesser extent than expected on the basis of their concentration. However, in a diet poor in iodine it may be a contributing factor[299 ].",pfaf.org,DD - data deficient,"Acacia tortilis woodland, riverine woodland of Hyphaene, Acacia, etc.",NA,,"Multiple insects (Sagona et al., 2020)",#N/A
,Morus alba,"White Mulberry, Common Mulberry,",Mulberry_for_silkworms,"White Mulberry, Common Mulberry,",species,Moraceae,Morus,alba,NA,Accepted,http://www.tropicos.org/Name/21300010,Tree,Deciduous Tree,Deciduous Tree,Deciduous,Tree,Perennial,Woody,No,18,25.00  ,NA,Medium,"Cultivated, Ornamental",Wind,25,1500,2500,0,43,,light (sandy) -medium -  heavy (clay),Semi-shade/full sun,Moist,04 -> 10,Yes,"Berries nes (subset blackberries, mulberries and loganberries)",Fruits,#N/A,#N/A,Timber,Essential oil,,,"Fruits, nuts, timber, essential oil, fuelwood",#N/A,Timber,medicinal,Alim,Woody Fruits,4,3,3.33333333333333,alimmediother,"One report suggests that the raw fruit contains hallucinogens[62]. This fruit is frequently eaten in various parts of the world, there are even some named varieties, and no such effects have been mentioned elsewhere, nor observed by the writer when he has eaten the fruit. Possibly the unripe fruit was being referred to in the report, though even this would be surprising[K].",pfaf.org,LC - least concern,Not known in a truly wild situation.,E. Asia - central and northern China.,,wind,#N/A
,Mucuna aterrima,NA,,#N/A,species,Fabaceae,Mucuna,aterrima,NA,Accepted,http://www.tropicos.org/Name/13044316,NA,Annual/Perennial,Annual/Perennial,herbaceous,herb,Annual/Perennial,herbaceous,Mucuna,NULL,4.00  ,NA,NULL,"Cultivated, Ornamental",NA,4,,,,,,NA,NA,NA,NA,NA,,#N/A,#N/A,#N/A,#N/A,#N/A,#N/A,,NO_FAO_GROUP,#N/A,NA,NA,NA,NA,2,3,2,medi,NA,NA,NA,NA,NA,,Self,#N/A
,Mucuna cochinchinensis,NA,,#N/A,species,Fabaceae,Mucuna,cochinchinensis,NA,Synonym,http://www.tropicos.org/Name/13044341,NA,Annual/Perennial,Annual/Perennial,herbaceous,herb,Annual/Perennial,herbaceous,Mucuna,NULL,4.00  ,NA,NULL,"Cultivated, Wild",NA,4,,,,,,NA,NA,NA,NA,NA,,#N/A,#N/A,#N/A,#N/A,#N/A,#N/A,Ecocrop,Forage,#N/A,NA,medicinal,NA,NA,2,4,2,medi,NA,NA,NA,NA,NA,,Self,#N/A
,Mucuna deeringiana,NA,,#N/A,species,Fabaceae,Mucuna,deeringiana,NA,Accepted,http://www.tropicos.org/Name/13000195,NA,Annual/Perennial,Annual/Perennial,herbaceous,herb,Annual/Perennial,herbaceous,Mucuna,NULL,4.00  ,NA,NULL,"Cultivated, Ornamental",NA,4,,,,,,NA,NA,NA,NA,NA,,#N/A,#N/A,#N/A,#N/A,#N/A,#N/A,,NO_FAO_GROUP,#N/A,NA,NA,NA,NA,2,3,2,medi,NA,NA,NA,NA,NA,,Self,#N/A
,Mucuna pruriens,"Achariya, Achariya-pala, Aga, Agy, Ahagy, Bhainswalibel, Buchariwa, Bu-chariya, Buffalo Bean, Chunao-avarai, Cow Itch, Cowage Velvetbean, Cowitch, Cow-itch, Fogarate, Ginipus-wel, Gratey, Hell Fire Bean, Itchy Bean, Phandatullai, Pica Pica, Poil A Gratter",,"Achariya, Achariya-pala, Aga, Agy, Ahagy, Bhainswalibel, Buchariwa, Bu-chariya, Buffalo Bean, Chunao-avarai, Cow Itch, Cowage Velvetbean, Cowitch, Cow-itch, Fogarate, Ginipus-wel, Gratey, Hell Fire Bean, Itchy Bean, Phandatullai, Pica Pica, Poil A Gratter",species,Fabaceae,Mucuna,pruriens,NA,Accepted,http://www.tropicos.org/Name/13036037,"Annual/Perennial, Climbing, Herb/Shrub / Liana, Climbing.",Annual/Perennial,Annual/Perennial,herbaceous,herb,Annual,herbaceous,Mucuna,NULL,4.00  ,NA,NULL,"Cultivated, Wild",NA,4,,,,,,NA,NA,NA,NA,NA,NA,#N/A,"Pulses, Other",#N/A,#N/A,#N/A,#N/A,,"Pulses, others",#N/A,forage,medicinal,NA,NA,2,4,2,medi,NA,NA,LC - least concern,NA,NA,,Self,#N/A
,Mucuna pruriens var. utilis,NA,,#N/A,species,Fabaceae,Stizolobium,cinereum,NA,No opinion,http://www.tropicos.org/Name/13050520,NA,Annual/Perennial,"Climbing, annual, shrub",NA,"herb climber, shrub",Perennial,herbaceous,No,4,NA,NA,Fast,"Cultivated, Ornamental",NA,4,,,,,,NA,NA,NA,NA,NA,,#N/A,#N/A,#N/A,#N/A,#N/A,#N/A,,"Pulses, others",#N/A,forage,NA,NA,NA,"2,00","3,00","2,00",medi,NA,NA,NA,NA,NA,,self,#N/A
,Musa AAB,NA,,#N/A,genus,Musaceae,Musa,NA,AAB,Accepted,http://www.tropicos.org/Name/40023883,NA,NA,Perennial,NA,herb,Perennial,herbaceous,No,NULL,NA,NA,NULL,Cultivated,NA,4,,,,,,NA,NA,NA,10 -> 12,NO,,#N/A,#N/A,#N/A,#N/A,#N/A,#N/A,,Fruits,#N/A,,,Alim,Non woody fruits,"5,00","2,00","2,00",alim,NA,NA,NA,NA,NA,,NA,#N/A
,Musa acuminata,"Dwarf Banana, Edible banana",Banana,"Dwarf Banana, Edible banana",species,Musaceae,Musa,acuminata,NA,Accepted,http://www.tropicos.org/Name/21500048,Perennial,Evergreen Perennial,Evergreen Perennial,evergreen,herb,Perennial,herbaceous,No,3,3.00  ,NA,NULL,"Cultivated, Ornamental","Bats, Birds",3,,,,,,light (sandy) -medium -  heavy (clay),Semi-shade/full sun,Moist,10 ->  12,No,Bananas,Fruits,Bananas,#N/A,#N/A,#N/A,,,Fruits,#N/A,,,Alim,Non woody fruits,5,2,2,alim,None known,pfaf.org,LC - least concern,"Shaded and moist ravines, marshlands, semi-marshlands and slopes from near sea level to 1200 metres[266].","E. Asia - Southern China, India, Sri Lanka, Myanmar, Thailand, Vietnam, Malaysia, Indonesia and the Philippines.",,bats and birds,#N/A
,musa balbisiana,,,NA,genus,Musaceae,Musa,,balbisiana.,NA,http://www.worldfloraonline.org/taxon/wfo-4000025011,,Evergreen Perennial,Perennial,evergreen,herb,Perennial,herbaceous,No,NULL,NA,NA,NA,"Cultivated, Wild",NA,5,TODO,TODO,TODO,TODO,,NA,Full sun; ligh shade,NA,NA,NA,,#N/A,Fruit and nuts,#N/A,#N/A,#N/A,#N/A,,"Fruits, nuts",#N/A,,,Alim ,Fruits,4,1,2,alim,NA,,LC - least concern,"Forests, on forest edges, in ravines and on water sides","E. Asia - China, Indian subcontinent, Myanmar, Thailand, Vietnam, Malaysia, Indonesia, Philippines, New Guinea.",,NA,#N/A
,Musa paradisiaca,Banana,,Banana,species,Musaceae,Musa,paradisiaca,NA,Accepted,http://www.tropicos.org/Name/50212976,Herb,NA,Herb,NA,herb,Perennial,herbaceous,No,NULL,NA,NA,NA,Cultivated,NA,7.5,,,,,,NA,Full sun,Moist,10 ->  12,NO,Bananas,Fruits,#N/A,#N/A,#N/A,#N/A,,,"Fruits, nuts",#N/A,,,Alim,Non woody fruits,"5,00","2,00","2,00",alim,None known,NA,NA,None known,"Only known as a cultivated plant, it is a hybrid of M. Acuminata × M. Balbisiana.",,NA,#N/A
,Musa spp.,NA,,#N/A,genus,Musaceae,Musa,NA,spp.,Accepted,http://www.tropicos.org/Name/40023883,NA,NA,Perennial,NA,herb,Perennial,herbaceous,No,NULL,NA,NA,NULL,Cultivated,NA,4,,,,,,NA,NA,NA,10 -> 12,NO,,#N/A,#N/A,#N/A,#N/A,#N/A,#N/A,,Fruits,#N/A,,,Alim,Non woody fruits,"5,00","2,00","2,00",alim,NA,NA,NA,NA,NA,,NA,#N/A
,Musa spp. AAB,NA,,Banana,NA,NA,NA,NA,Musa spp. AAB,NA,NA,NA,NA,Perennial,NA,herb,Perennial,herbaceous,No,NULL,NA,NA,NULL,Cultivated,NA,7.5,,,,,,NA,NA,NA,10 -> 12,NO,,#N/A,#N/A,#N/A,#N/A,#N/A,#N/A,,Fruits,#N/A,,,Alim,Non woody fruits,"5,00","2,00","2,00",alim,NA,NA,NA,NA,NA,,NA,#N/A
,Myrcianthes sp.,NA,,#N/A,genus,Myrtaceae,Myrcianthes,NA,sp.,Accepted,http://www.tropicos.org/Name/40024277,NA,NA,Semi-deciduous Tree,Semi-deciduous,Tree,Perennial,Woody,No,NULL,NA,NA,NULL,NA,NA,NULL,NA,NA,NA,NA,,NA,NA,NA,NA,NA,,#N/A,#N/A,#N/A,#N/A,#N/A,#N/A,,NO_FAO_GROUP,#N/A,NA,NA,NA,NA,NA,NA,NA,alimmediother,NA,NA,NA,NA,NA,,NA,#N/A
,Myrianthus arboreus,"Giant yellow mulberry, Monkeyfruit",,"Giant yellow mulberry, Monkeyfruit",NA,NA,NA,NA,NA,NA,NA,Tree,Tree,Evergreen Tree,Evergreen,tree,Perennial,Woody,No,15,15.00  ,NA,Medium,"Semi-cultivated, Wild",NA,15,NA, NA, NA, NA,,light (sandy) -medium -  heavy (clay),No shade,Moist -Wet,10 ->  12,NA,"Berries nes (subset blackberries, mulberries and loganberries)",Fruits,#N/A,Fresh leaf vegetables,#N/A,#N/A,,,"vegetables, Fruits",#N/A,,,Alim,woody fruits,4,3,2,alimmedi,None known,pfaf.org,LC - least concern,Secondary vegetation,NA,,NA,#N/A
,Myrica cerifera,NA,,#N/A,species,Myricaceae,Morella,cerifera,NA,Accepted,http://www.tropicos.org/Name/21700096,NA,Evergreen Tree,Evergreen Tree,Evergreen,Tree,Perennial,Woody,Morella,NULL,10.00  ,NA,NULL,"Cultivated, Wild",Wind,10,NA,NA,NA,NA,,NA,NA,NA,NA,NA,,#N/A,#N/A,#N/A,#N/A,#N/A,#N/A,,NO_FAO_GROUP,#N/A,NA,NA,NA,NA,3,3,3.33333333333333,alimmediother,NA,NA,LC - least concern,NA,NA,,Wind,#N/A
,Myrica rubra,"churimo, guamo, guamo blanco, guamo cansamuelas, guamo cheneve, guamo cuatrofilos",,"churimo, guamo, guamo blanco, guamo cansamuelas, guamo cheneve, guamo cuatrofilos",species,Myricaceae,Morella,rubra,NA,Synonym,http://www.tropicos.org/Name/21700129,NA,Evergreen Shrub,Evergreen Shrub,Evergreen,Shrub,Perennial,Woody,Morella,NULL,15.00  ,NA,NULL,"Cultivated, Wild",Wind,15,NA,NA,NA,NA,,NA,NA,NA,NA,NA,NA,#N/A,#N/A,#N/A,#N/A,#N/A,#N/A,,NO_FAO_GROUP,#N/A,NA,NA,NA,NA,2.66666666666667,2,1.66666666666667,alimother,NA,NA,LC - least concern,NA,NA,,Wind,#N/A
,Myristica fragrans,"Ibapur√∫, Jaboticaba",,"Ibapur√∫, Jaboticaba",species,Myristicaceae,Myristica,fragrans,NA,Accepted,http://www.tropicos.org/Name/21800077,NA,Evergreen Tree,Evergreen Tree,Evergreen,Tree,Perennial,Woody,No,NULL,15.00  ,NA,NULL,Cultivated,"Moths, Insects",15,NA,NA,NA,NA,,NA,NA,NA,NA,NA,,#N/A,"Nutmeg, mace and cardamoms",#N/A,#N/A,"Spice, Essential oil, O",,,"Stimulant, aromatic, spices, essential oil",Herbs and spices,,medicinal,Alim,Woody fruits,3,2,2,alim,NA,NA,LC - least concern,NA,NA,,"Moths, Insects",#N/A
,Myroxylon balsamum,"Balsam, Balsam Of Tolu, Balsamo, Balsamo De Tolu, Balsamo Del Peru, Kata-kamanchal, Sambranee, Tolu Balsam",,"Balsam, Balsam Of Tolu, Balsamo, Balsamo De Tolu, Balsamo Del Peru, Kata-kamanchal, Sambranee, Tolu Balsam",species,Fabaceae,Myroxylon,balsamum,NA,Accepted,http://www.tropicos.org/Name/13003351,"Perennial, Not climbing, Tree /small shrub",Tree,Evergreen Tree/shrub,Evergreen,Tree,Perennial,Woody,Myroxylon,NULL,30.00  ,NA,NULL,"Cultivated, Ornamental, Wild",NA,30,1350,4030,27,32,,NA,NA,NA,NA,NA,NA,#N/A,#N/A,#N/A,Timber,#N/A,,,Timber,#N/A,Timber,,,Woody shoot,2,3,3,mediother,NA,NA,LC - least concern,NA,NA,,NA,#N/A
,Nassella cernua,NA,,#N/A,species,Poaceae,Nassella,cernua,NA,Accepted,http://www.tropicos.org/Name/25519456,Perennial,grass,Bunchgrass,herbaceous,herb,Perennial,herbaceous,No,NULL,,,NA,"Wimd, ornemental",Wind,0.9,,,,,,NA,NA,NA,NA,,,#N/A,#N/A,#N/A,#N/A,#N/A,#N/A,,NO_FAO_GROUP,#N/A,NA,NA,NA,NA,NA,NA,NA,alimmediother,,,NA,,,,wind,#N/A
,Nassella pulchra,NA,,#N/A,species,Poaceae,Nassella,pulchra,NA,Accepted,http://www.tropicos.org/Name/25519484,Perennial. Culms 60-100 cm long.,NA,Perennial. Culms 60-100 cm long.,NA,herb,Perennial,herbaceous,No,0.90,NA,NA,NULL,NA,Wind,0.9,,,,,,NA,NA,NA,07-> 11,NA,,#N/A,#N/A,#N/A,#N/A,#N/A,#N/A,,NO_FAO_GROUP,#N/A,NA,NA,NA,NA,"0,00","0,00","0,00",,NA,NA,NA,NA,NA,,wind,#N/A
Only control species,Natural vegetation,,,,,NA,NA,NA,NA,NA,,,,NA,NA,NA,NA,NA,No,,,,NA,NA,NA,1,,,,,NA,NA,NA,NA,NA,NA,NA,NA,#N/A,NA,NA,NA,NA,,NA,#N/A,NA,NA,NA,NA,NA,NA,NA,NA,NA,NA,NA,NA,NA,NA,NA,NA
,Nectandra sp.,NA,,#N/A,genus,Lauraceae,Nectandra,NA,sp.,Accepted,http://www.tropicos.org/Name/40025736,NA,NA,Tree,NA,Tree,Perennial,Woody,No,NULL,NA,NA,NULL,NA,NA,NULL,NA,NA,NA,NA,,NA,NA,NA,NA,NA,,#N/A,#N/A,#N/A,#N/A,#N/A,#N/A,,NO_FAO_GROUP,#N/A,NA,NA,NA,NA,NA,NA,NA,alimmediother,NA,NA,NA,NA,NA,,NA,#N/A
,Neolamarckia cadamba,"Amboina, Kadam",,"Amboina, Kadam",species,Rubiaceae,Neolamarckia,cadamba,NA,Accepted,http://www.tropicos.org/Name/50126691,Tree,Tree,Evergreen Tree,Evergreen,tree,Perennial,Woody,No,45,45.00  ,NA,Fast,"Cultivated, Ornamental, Wild",insects,45,NA, NA, NA, NA,,light (sandy) -medium -  heavy (clay),Semi-shade/full sun,Moist -Wet,10 ->  12,No,NA,#N/A,#N/A,#N/A,#N/A,#N/A,#N/A,,NO_FAO_GROUP,#N/A,Other,,,Other?,1,2,4,other,None known,pfaf.org,NA,"An early-succession species, it grows best on deep, moist, alluvial sites, often in secondary forests along riverbanks and in the transitional zone between swampy, permanently flooded and periodically flooded areas[303 ].","E. Asia - Indian subcontinent, China, Malaysia through Indo-China to Australia.",,Insects,#N/A
,Neonotonia wightii,NA,,#N/A,species,Fabaceae,Neonotonia,wightii,NA,Accepted,http://www.tropicos.org/Name/13065558,"Perennial, Climbing/Not climbing, Herb",Perennial Climber,Perennial Climber,NA,herb climber,Perennial,herbaceous,Neonotonia,NULL,3.00  ,NA,NULL,Cultivated,"Lepidoptera, Diptera,  Hymenoptera",3,,,,,,NA,NA,NA,NA,NA,,#N/A,,#N/A,#N/A,#N/A,#N/A,,NO_FAO_GROUP,#N/A,NA,NA,NA,NA,2,0,2,,NA,NA,LC - least concern,NA,NA,,"Flowers are visited by a suite of generalist pollinators in the Lepidoptera, Diptera and Hymenoptera orders. Hymenopteran visitors include members of the Vespidae, Halictidae, Anthophoridae (Exomalopsis sp.) and Apidae (Apis mellifera scutellata) (Roubik, 1995; Nogueira-Couto et al., 1998). ",#N/A
,Nepeta cataria,"Catmint, Catnip",,"Catmint, Catnip",species,Lamiaceae,Nepeta,cataria,NA,Accepted,http://www.tropicos.org/Name/17600177,Perennial,NA,"Perennial, not climbing",NA,herb,Perennial,herbaceous,No,1,NA,NA,NULL,Cultivated,NA,1,,,,,,light (sandy) -medium,No shade,Dry- Moist,03->07,Yes,NA,#N/A,#N/A,#N/A,#N/A,"Spice, Essential oil",,,"spices, Essential oil",#N/A,NA,NA,Alim,leaves,3,2,1,alim,Catnip has diuretic properties and may increase amount and frequency of urination. Smoking catnip can produce euphoria and visual hallucinations. Sedation. Women with inflammatory diseases of the pelvis or are pregnant should not use. Care if using and driving or using machines [301].,pfaf.org,NA,"Roadsides and near streams[7]. Hedgerows, borders of fields, dry banks and waste ground, especially on calcareous and gravelly soils[4, 17].","Europe, including Britain, from Scandanavia south and east to Spain, W. and C. Asia to the Himalayas",,NA,#N/A
,Nephelium lappaceum,"Rambutan, Hairy Lychee",,"Rambutan, Hairy Lychee",NA,NA,NA,NA,NA,NA,NA,Tree,Evergreen Tree,Evergreen Tree,Evergreen,tree,Perennial,Woody,No,20,15.00  ,NA,Fast,"Cultivated, Ornamental, Wild","Bees, insects",15,2000,3000,22,35,,medium -  heavy (clay),Semi-shade/full sun,Moist,10 ->  12,NA,NA,#N/A,"Fruit, tropical fresh nes",#N/A,Timber,#N/A,,,"Fruit, tropical fresh nes, Timber",Fruits,Timber,,Alim,Timber mainly,5,2,3,alimother,The fruit wall contains a toxic saponin,pfaf.org,LC - least concern,NA,NA,,"Bees, Insects",#N/A
,Neustanthus phaseoloides,NA,,#N/A,genus,Fabaceae,Pueraria,NA,NA,Accepted,http://www.tropicos.org/Name/40020613,NA,Climber,Climber,NA,herb climber,Perennial,herbaceous,Pueraria,NULL,3.00  ,NA,NULL,"Cultivated, Wild",Wind,3,,,,,,NA,NA,NA,10 ->  12,Yes,,#N/A,#N/A,#N/A,#N/A,#N/A,#N/A,,NO_FAO_GROUP,#N/A,NA,NA,NA,NA,2,2,4,other,None known,NA,NA,Found in broadleaved forests growing over rocks and into trees in the upper tropical and lower subtropical zones.,"E. Asia - Himalayas to China, Myanmar, Thailand, Malaysia, Laos, Cambodia and Vietnam.",,wind,#N/A
,Newbouldia laevis,NA,,#N/A,species,Bignoniaceae,Newbouldia,laevis,NA,Accepted,http://www.tropicos.org/Name/3701367,NA,Evergreen Tree,Evergreen Tree,Evergreen,Tree,Perennial,Woody,No,15,15.00  ,NA,NULL,"Cultivated, Ornamental, Wild",NA,15,NA,NA,NA,NA,,NA,NA,NA,NA,NA,,#N/A,#N/A,Fooder,#N/A,#N/A,,,Fooder,#N/A,Fodder,,,Woody Fodder,0,3,3,mediother,NA,NA,LC - least concern,NA,NA,,NA,#N/A
,Nicotiana tabacum,"Tobacco, Cultivated tobacco",,"Tobacco, Cultivated tobacco",species,Solanaceae,Nicotiana,tabacum,NA,Accepted,http://www.tropicos.org/Name/29603382,Annual,Annual/Perennial,Annual/Perennial,herbaceous,herb,Annual/Perennial,herbaceous,No,"1,2",1.20  ,NA,NULL,Cultivated,"Bees, Lepidoptera",1.2,,,,,,light (sandy) -medium -  heavy (clay),No shade,Moist,07 -> 10,No,Tobacco Products nes,Tobacco,Other crops,#N/A,#N/A,#N/A,,,Other crops,#N/A,NA,NA,NA,NA,2,2.66666666666667,2.33333333333333,mediother,"All parts of the plant are poisonous[4, 19, 65, 76]. They contain a volatile oil called nicotine, this is a virulent poison that produces nausea, vomiting, sweating, palpitations and nausea[232].",pfaf.org,NA,Not known in a truly wild situation.,S. America. Naturalized in C. and S. Europe.,,"Self, Bees, Lepidoptera",#N/A
,Nopalea cochenillifera,Cochineal plant.,Cochineal_nopal_cactus,Cochineal plant.,species,Cactaceae,Nopalea,cochenillifera,NA,Accepted,http://www.tropicos.org/Name/5100480,Shrub,Evergreen Shrub,Evergreen Shrub,Evergreen,Shrub,Perennial,Woody,No,5,4.00  ,NA,Slow,"Ornamental, Wild",Humingbirds,4,NA,NA,NA,NA,,light (sandy) -medium -  heavy (clay),No shade,Dry- Moist,09-> 11,Yes,NA,#N/A,#N/A,#N/A,#N/A,#N/A,#N/A,,NO_FAO_GROUP,#N/A,NA,NA,NA,NA,2,2,3,other,Species in this genus generally have numerous minutely barbed glochids (hairs) that are easily dislodged when the plant is touched and they then become stuck to the skin where they are difficult to see and remove. They can cause considerable discomfort[200 ].,pfaf.org,DD - data deficient,"It is a tropical plant. It needs good sunlight. It needs a temperature above 13¬¨‚àûC. It can grow in arid places. Hammocks, fields, sandy soils[270 ].","Mesoamerica. Central America - Mexico, Panama. Caribbean - Cuba, Puerto Rica.",,"Hummingbirds (Juan Antonio Reyes-Agüero, Juan Rogelio Aguirre-Rivera, 2016)",#N/A
,Ochroma pyramidale,Balsa Wood,,Balsa Wood,species,Malvaceae,Ochroma,pyramidale,NA,Accepted,http://www.tropicos.org/Name/3900204,Tree,Evergreen Tree,Evergreen Tree,Evergreen,tree,Perennial,Woody,No,30,30.00  ,NA,Fast,"Cultivated, Ornamental, Wild","Bats, Birds",30,1250,3000,22,27,,light (sandy) -medium -  heavy (clay),No shade,Moist,10 ->  12,No,NA,#N/A,#N/A,#N/A,Timber,#N/A,,,Timber,#N/A,Timber,,,Timber mainly,0,2,5,other,None known,pfaf.org,LC - least concern,"Moist, lowland, limestone forest[307 ]. Common along the margins of lakes or in disturbed areas, rare in the older forest where it is a large tree[315 ]. It is found mainly on fertile, bottom-land soils along the sides of streams[378 ]","S. America - Bolivia, north to the Caribbean and through Central America to Guatemala.",,"Bats, Birds",#N/A
,Ocimum basilicum,"Sweet Basil, Common Basil, Thai Basil, Tropical Basil",Basil,"Sweet Basil, Common Basil, Thai Basil, Tropical Basil",species,Lamiaceae,Ocimum,basilicum,NA,Accepted,http://www.tropicos.org/Name/17600210,Perennial,Perennial,Perennial,NA,herb,Perennial,herbaceous,No,"0,5",0.45  ,NA,Fast,"Cultivated, Ornamental",bees,0.45,,,,,,light (sandy) -medium,No shade,Moist,09-> 11,No,Spices nes,Spices,#N/A,#N/A,#N/A,Essential oil,,,spices,Herbs and spices,NA,NA,Alim,leaves,4,3,2.66666666666667,alimmediother,Basil contains estragole a potentially carcinogenic and mutagenic essential oil. Do not take during pregnancy or give basil oil to small infants/children.,pfaf.org,NA,"Long cultivated, its original habitat is obscure[132].",Tropical Asia?,,Bees,#N/A
Only control species,ocotea sinuata,,,,,Lauraceae,Ocotea,sinuata,,,,,,NA,,Tree,Perennial,Woody,No,,,,,,,,,,,,,,,,,,,#N/A,#N/A,#N/A,#N/A,#N/A,#N/A,,,#N/A,,,,,,,,,,,LC - least concern,,,,,
Only control species,oenocarpus bacaba,,,,,Arecaceae,Oenocarpus,bacaba,,,,,,Evergreen Tree,Evergreen,Tree,Perennial,Woody,No,,,,Slow,"Cultivated, Ornamental, Wild",,15,,,,,,,,,,,,#N/A,#N/A,#N/A,#N/A,#N/A,#N/A,,,#N/A,,,,,3,2,3,alimother,,,NA,,,,,
,Oenocarpus bataua,Pataua Palm. Bataua,,Pataua Palm. Bataua,NA,NA,NA,NA,NA,NA,NA,Tree,Evergreen Tree,Evergreen Tree,Evergreen,tree,Perennial,Woody,No,20,0.00  ,NA,Fast,"Cultivated, Wild",insects,20,NA,NA,NA,NA,,medium -  heavy (clay),No shade,Moist -Wet,10 ->  12,NA,Pataua Palm. Bataua,#N/A,#N/A,#N/A,Timber,#N/A,,,Timber,#N/A,Timber,,,Woody shoot,3,2,3,alimother,None known,pfaf.org,NA,"Rainforest[314 ]. Tropical rainforests of South America, in a wide range of growing conditions from swampy lowlands to mountainous regions[370 ]. Found in both inundated and non-inundated areas[768 ].","Northern S. America - Brazil, Bolivia, Peru, Ecuador, Colombia, Venezuela, the Guyanas",,"insects (Ottewell et al., 2012)",#N/A
,Oenothera laciniata,NA,,#N/A,species,Onagraceae,Oenothera,laciniata,NA,Accepted,http://www.tropicos.org/Name/23200804,Herb,NA,Annual,herbaceous,herb,Annual,herbaceous,No,0.50,NA,NA,NULL,NA,NA,0.5,,,,,,NA,NA,NA,NA,NA,,#N/A,#N/A,#N/A,#N/A,#N/A,#N/A,,NO_FAO_GROUP,#N/A,NA,NA,NA,NA,NA,NA,NA,alimmediother,NA,NA,NA,NA,NA,,NA,#N/A
,Olea europaea,"Olive, African olive, European olive",Olive,"Olive, African olive, European olive",species,Oleaceae,Olea,europaea,NA,Accepted,http://www.tropicos.org/Name/23000814,Tree,NA,Evergreen Tree,Evergreen,Tree,Perennial,Woody,No,10,NA,NA,Slow,Wild,wind,10, NA, NA, NA, NA,,light (sandy) -medium -  heavy (clay),No shade,Dry- Moist,08 -> 10,Yes,Olives,Oil crops,Olives,#N/A,Timber,"Spice, E",,,"Fruits, oil crop, Timber, spices",Oil,Timber,,Alim,Woody Fruits,4,3,4,alimmediother,None known,pfaf.org,NA,Woods and scrub in dry rocky places[50].,S. Europe - Mediterranean.,,"Wind, self fertile",#N/A
,Olea europaea subsp. Cuspidata,NA,,#N/A,species,Oleaceae,Olea,africana,NA,Synonym,http://www.tropicos.org/Name/23000233,NA,Evergreen Tree,Evergreen Tree,Evergreen,Tree,Perennial,Woody,No,8,NA,NA,Slow,"Cultivated, Ornamental, Wild",NA,8,NA,NA,NA,NA,,NA,NA,NA,NA,NA,,#N/A,#N/A,#N/A,#N/A,#N/A,#N/A,,Fruits,#N/A,NA,NA,NA,NA,"2,00","2,00","3,00",other,None known,NA,NA,"Widely distributed in its native range of southern Africa occurring in a variety of habitats, usually near water, on stream banks, in riverine fringes, but also in open woodland, among rocks and in mountain ravines","Eastern and southern Africa, through Arabia to Afghanistan, Iran, Pakistan, India, Nepal and China.",,NA,#N/A
,Opuntia ficus-indica,"Prickly Pear, Barbary fig",Prickly_pear,"Prickly Pear, Barbary fig",species,Cactaceae,Opuntia,ficus-indica,NA,Accepted,http://www.tropicos.org/Name/5100164,Perennial,Evergreen Shrub,Evergreen Shrub,Evergreen,Shrub,Perennial,Woody,No,5,5.00  ,NA,NULL,"Cultivated, Ornamental, Wild","Bees, insects",5,150,600,-18,26,,light (sandy) -medium,No shade,Dry,08-> 11,No,"Fruit, Nuts, Peel, Sugar Preserved",Fruits,"Fruit, fresh nes",#N/A,#N/A,#N/A,,,Fruits,#N/A,,,Alim,Woody Fruits,3,2,3,alimother,The plant has numerous minutely barbed glochids (hairs) that are easily dislodged when the plant is touched and they then become stuck to the skin where they are difficult to see and remove. They can cause considerable discomfort[200].,pfaf.org,DD - data deficient,Naturalized in the Mediterranean where it grows in dry arid and rocky places[89].,Original habitat is obscure.,,"Bees, Insects",#N/A
Only control species,oreopanax xalapensis,,,,,Araliaceae,Oreopanax,xalapensis,,,,,,NA,Evergreen,Tree,Perennial,Woody,No,,,,,,,5,,,,,,,,,,,,#N/A,#N/A,#N/A,#N/A,#N/A,#N/A,,,#N/A,,,,,,,,,,,LC - least concern,,,,,
,Origanum majorana,Sweet Marjoram,Sweet_marjoram,Sweet Marjoram,species,Lamiaceae,Origanum,majorana,NA,Accepted,http://www.tropicos.org/Name/17601585,Perennial,NA,Perennial,NA,herb,Perennial,herbaceous,No,"0,6",NA,NA,NULL,Wild,bees,0.6,,,,,,light (sandy) -medium -  heavy (clay),Semi-shade/full sun,Dry- Moist,06 -> 09,No,Spices nes,Spices,#N/A,#N/A,#N/A,Essential oil,,,spices,Herbs and spices,NA,NA,Alim,leaves,3,3,3,alimmediother,None known,pfaf.org,NA,"Dry slopes and rocky places, occasionally in partial shade, to 1500 metres in Turkey[93].",N. Africa to Turkey.,,Bees,#N/A
,Origanum syriacum,Bible Hyssop,,Bible Hyssop,species,Lamiaceae,Origanum,syriacum,NA,Accepted,https://wcvp.science.kew.org/taxon/453375-1,Perennial,NA,Perennial,NA,herb,Perennial,herbaceous,No,1,NA,NA,NULL,Wild,bees,1,,,,,,light (sandy) -medium -  heavy (clay),Semi-shade/full sun,Dry- Moist,07 -> 10,No,Bible Hyssop,#N/A,#N/A,#N/A,#N/A,#N/A,#N/A,,NO_FAO_GROUP,#N/A,NA,NA,NA,NA,2,0,0,,None known,pfaf.org,NA,"Calcareous rocks and slopes, often in partial shade, 200 - 2700 metres in Turkey[93].",S. Europe - E. Mediterranean to W. Asia.,,bees,#N/A
,Ormosia sp.,NA,,#N/A,genus,Fabaceae,Ormosia,NA,sp.,Accepted,http://www.tropicos.org/Name/40033586,NA,NA,NA,NA,herb,NA,herbaceous,Ormosia,NULL,NA,NA,NULL,NA,NA,NULL,,,,,,NA,NA,NA,NA,NA,,#N/A,#N/A,#N/A,#N/A,#N/A,#N/A,,NO_FAO_GROUP,#N/A,,,,NA,NA,NA,NA,alimmediother,NA,NA,NA,NA,NA,,NA,#N/A
,Ornithogalum umbellatum,"Star Of Bethlehem, Dove's Dung",,"Star Of Bethlehem, Dove's Dung",species,Asparagaceae,Ornithogalum,umbellatum,NA,Accepted,http://www.tropicos.org/Name/18400300,Bulb,NA,Bulb,Bulb,herb,Perennial,herbaceous,No,"0,3",NA,NA,Fast,Wild,insects,0.3,,,,,,light (sandy) -medium -  heavy (clay),Semi-shade/full sun,Moist,06 -> 09,Yes,"Star Of Bethlehem, Dove's Dung",#N/A,#N/A,#N/A,#N/A,#N/A,#N/A,,NO_FAO_GROUP,#N/A,NA,NA,NA,NA,3,1,0,alim,"Skin contact with the bulb can cause dermatitis in sensitive people[65]. The bulb contains alkaloids and is poisonous[2, 62]. Another report says that the bulb is poisonous to grazing animals[183].",pfaf.org,NA,"Grassy places in eastern England[5, 17].","Europe, including Britain, from Scandanavia south and east to the Mediterranean.",,"Insects, Self",#N/A
,Oryza sativa,"Rice, Common Rice",Rice,"Rice, Common Rice",species,Poaceae,Oryza,sativa,NA,Accepted,http://www.tropicos.org/Name/25509797,Annual,Annual/Perennial,Annual/Perennial,herbaceous,herb,Annual,herbaceous,No,"1,8",1.00  ,NA,Fast,Cultivated,Wind,1,,,,,,light (sandy) -medium -  heavy (clay),No shade,Moist -Wet,10 ->  12,Yes,"Rice, Husked",Cereals,Rice,#N/A,#N/A,#N/A,,,Cereals,Cereal,,,Alim,cereals,5,2,2,alim,None known,pfaf.org,LC - least concern,Not known in a truly wild situation,Only known in cultivation.,,Wind,#N/A
,Otoba parvifolia,"Aguanillo, Cumala colorada, Gabui, Mamilla, Naiqu√≠, Sangre de toro",,"Aguanillo, Cumala colorada, Gabui, Mamilla, Naiqu√≠, Sangre de toro",species,Myristicaceae,Otoba,parvifolia,NA,Accepted,http://www.tropicos.org/Name/21800182,"Small tree, Tree.",Tree,Evergreen Tree,Evergreen,tree,Perennial,Woody,No,NULL,15.00  ,NA,NULL,Wild,NA,15,NA,NA,NA,NA,,NA,NA,NA,NA,NA,NA,#N/A,#N/A,#N/A,#N/A,#N/A,#N/A,,NO_FAO_GROUP,#N/A,NA,NA,NA,NA,0,2,2,,None known,NA,NA,Humid tropical and subtropical forests,"S. America - Brazil, Bolivia, Peru, Ecuador, Colombia, Venezuela.",,NA,#N/A
,Pachyrhizus erosus,"Yam Bean, Jicama, Mexican Yam",Jícama,"Yam Bean, Jicama, Mexican Yam",species,Fabaceae,Pachyrhizus,erosus,NA,Accepted,http://www.tropicos.org/Name/13047106,Climber Perennial,Perennial Climber,Perennial Climber,NA,herb climber,Perennial,herbaceous,Pachyrhizus,6,6.00  ,NA,Fast,Cultivated,NA,6,,,,,,light (sandy) -medium -  heavy (clay),No shade,Moist,09 ->  12,No,Yams,Roots and tubers,"Pulses, nes",#N/A,#N/A,#N/A,,,"Root,tuber",#N/A,,,Alim,Root/tuber,4,0,2,alim,"Seeds and leaves are poisonous[296 ]. The leaves, mature seedpods and the seeds contain a poisonous glucoside[300 , 418 ]. (Seed is poisonous if ingested Parts of plant are poisonous if ingested )",pfaf.org,NA,Not known,Central America - Mexico.,,NA,#N/A
,Paeonia ostii,Tree Peony,,Tree Peony,species,Paeoniaceae,Paeonia,ostii,NA,Accepted,http://www.tropicos.org/Name/50106608,Shrub,NA,Deciduous Shrub,Deciduous,Shrub,Perennial,Woody,No,"1,5",NA,NA,NULL,NA,insects,15,NA,NA,NA,NA,,light (sandy) -medium -  heavy (clay),Semi-shade/full sun,Moist,06 -> 09,No,Tree Peony,#N/A,#N/A,#N/A,#N/A,#N/A,#N/A,,NO_FAO_GROUP,#N/A,NA,NA,NA,NA,1,2,0,,None known,pfaf.org,NOT EVALUATED,"Deciduous broad-leaved forests, thickets on slopes at elevations of 800 - 1600 metres[266].",E. Asia - China in Shaanxi and Heenan.,,"insects,,seld",#N/A
,Palmae sp.,NA,,#N/A,family,Palmae,NA,NA,sp.,Synonym,http://www.tropicos.org/Name/42000469,NA,NA,Evergreen Tree,Evergreen,Tree,Perennial,Woody,No,NULL,NA,NA,NULL,NA,NA,NULL,NA,NA,NA,NA,,NA,NA,NA,NA,NA,,#N/A,#N/A,#N/A,#N/A,#N/A,#N/A,,NO_FAO_GROUP,#N/A,NA,NA,NA,NA,NA,NA,NA,alimmediother,NA,NA,NA,NA,NA,,NA,#N/A
,panicum maximum,,,Guinea grass. Green panic grass,species,Poaceae,Panicum,maximum,NA,Accepted,http://www.worldfloraonline.org/taxon/wfo-0000885123,,Perennial,Perennial,herb,herb,Perennial,herbaceous,No,2,NA,NULL,NA,"Cumtivated, wild",wind,2,TODO,TODO,TODO,TODO,,NA,Full sun; Shaded,NA,10 -> 12,Yes,,#N/A,#N/A,#N/A,#N/A,#N/A,#N/A,Ecocrop,Forage,#N/A,,,,,1.0,2.0,2,alimmedi,"In South Africa, it is suspected to cause a sheep disease (""dikoor""), perhaps in conjunction with a smut. The plant is said to cause fatal colic if eaten too wet or in excess. Traces of HCN occur in stems and leaves, more in the roots[269 ].",,NA,"Grasslands, open woodlands and shady places[418 ].","Tropical and subtropical Africa from Senegal to Ethiopia and Somalia, south to S. Africa, the Arab Peninsula and islands in the west Indian Ocean",,"Apomixy, Wind",#N/A
Only control species,panicum spp.,,,,,Poaceae,Panicum,,spp.,,,,,NA,,herb,herb,herbaceous,No,,,,,,,,,,,,,,,,,,,#N/A,#N/A,#N/A,#N/A,#N/A,#N/A,,,#N/A,,,,,,,,,,,NA,,,,,
,panicum virgatum,,,Switch Grass,species,Poaceae,Panicum,virgatum,NA,NA,http://www.worldfloraonline.org/taxon/wfo-0000886863,,Perennial,Perennial,herb,herb,Perennial,herbaceous,No,8,NULL,NULL,fast,Wild,Wind,1.8,TODO,TODO,TODO,TODO,,light (sandy) and medium (loamy) soils,no shade,NA,10 -> 12,Yes,,#N/A,#N/A,#N/A,#N/A,#N/A,#N/A,Ecocrop,Forage,#N/A,,,,,0.0,0.0,2,alimmedi,None known,,LC - least concern,"Found in both wet and dry soils in prairies and open woods, gravel bars and stream banks and along railroad tracks[352 ].","Found in many areas of the world, especially in the temperate and subtropical zones, but also in the tropics, especially in the Americas.",,Wind,#N/A
Only control species,papaver sp.,,,,,Papaveraceae,Papaver,,sp.,,,,,NA,,Herb,Herb,herbaceous,No,,,,,,,,,,,,,,,,,,,#N/A,#N/A,#N/A,#N/A,#N/A,#N/A,,,#N/A,,,,,,,,,,,NA,,,,,
,Parkia biglobosa,African Locust Bean,African_locust_bean,African Locust Bean,species,Fabaceae,Parkia,biglobosa,NA,Accepted,http://www.tropicos.org/Name/13067608,Tree,Deciduous Tree,Deciduous Tree,Deciduous,tree,Perennial,Woody,Parkia,15,15.00  ,NA,Medium,"Cultivated, Semi-cultivated, Wild","Bats, Bees, Insects",15,400,700,24,30,,light (sandy) -medium -  heavy (clay),No shade,Moist,10 ->  12,No,,#N/A,#N/A,#N/A,#N/A,#N/A,#N/A,Ecocrop,"Forage, Fuelwood",#N/A,Other,,Alim,"Woody pulp, leaves; other",4,2,4,alimother,The bark and pods contain substances toxic to fish - the alkaloid parkine that occurs in the pods and bark may be responsible[303 ].,pfaf.org,LC - least concern,"Particularly found on areas such as farm woodland which are subject to semi-permanent cultivation, also open woodlands on savannahs, rocky slopes, stony ridges etc[303 ].",Western central and northeastern tropical Africa.,,"Bats, Bees, Insects",#N/A
,Parkia multijuga,NA,,#N/A,species,Fabaceae,Parkia,multijuga,NA,Accepted,http://www.tropicos.org/Name/13031301,Tree,Evergreen Tree,Evergreen Tree,Evergreen,Tree,Perennial,Woody,Parkia,NULL,25.00  ,NA,NULL,"Ornamental, Wild",Bats,25,NA,NA,NA,NA,,NA,NA,NA,NA,NA,,#N/A,#N/A,#N/A,#N/A,#N/A,#N/A,,NO_FAO_GROUP,#N/A,NA,NA,NA,NA,0,0,2,,NA,NA,LC - least concern,NA,NA,,Bats,#N/A
,Parkia speciosa,"Petai, Pete",,"Petai, Pete",species,Fabaceae,Parkia,speciosa,NA,Accepted,https://wcvp.science.kew.org/taxon/512231-1,"Perennial, Not climbing, Tree",Evergreen Tree,Evergreen Tree,Evergreen,Tree,Perennial,Woody,Parkia,NULL,25.00  ,NA,NULL,"Cultivated, Wild",Bats,25,1000,2000,24,NA,,NA,NA,NA,NA,NA,"Petai, Pete",#N/A,#N/A,#N/A,#N/A,#N/A,#N/A,Ecocrop,"Vegetable, Timber, medicinal",#N/A,NA,NA,NA,NA,3,2,2,alim,NA,NA,LC - least concern,NA,NA,,Bats,#N/A
,Paspalum notatum,NA,,#N/A,species,Poaceae,Paspalum,notatum,NA,Accepted,http://www.tropicos.org/Name/25509839,NA,Perennial,Perennial,NA,herb,Perennial,herbaceous,No,NULL,0.20  ,NA,NULL,"Cultivated, Wild",Wind,0.2,,,,,,NA,NA,NA,NA,NA,,#N/A,#N/A,#N/A,#N/A,#N/A,#N/A,Ecocrop,"forage, erosion control",#N/A,NA,NA,NA,NA,0,0,2,,NA,NA,NA,NA,NA,,Wind,#N/A
,passiflora edulis,,,"Passion Flower, Purple granadilla",species,Passifloraceae,Passiflora,edulis,NA,NA,http://www.worldfloraonline.org/taxon/wfo-0000479905,,Evergreen Climber,Evergreen Climber,Evergreen,Climber,Perennial,Herbaceous,No,9,NULL,NULL,Fast,"Cultivated, Wild",bees,9,TODO,TODO,TODO,TODO,,NA,NA,NA,09 -> 12,Yes,,#N/A,,#N/A,#N/A,#N/A,#N/A,Ecocrop,Fruits,Fruits,,,Alim,Fruits,4.0,1.5,"1,5",alimmedi,None known,,NA,Not known,"S. America - Brazil, Paraguay and northern Argentina.",,Bees,#N/A
,Paulownia elongata,NA,,#N/A,species,Paulowniaceae,Paulownia,elongata,NA,Accepted,http://www.tropicos.org/Name/29202454,NA,deciduous tree,deciduous tree,Deciduous,Tree,Perennial,Woody,No,10,NA,NA,NULL,"Ornamental, Wild",insects,10,NA, NA, NA, NA,,NA,NA,NA,NA,NA,,#N/A,#N/A,#N/A,#N/A,#N/A,#N/A,,NO_FAO_GROUP,#N/A,NA,NA,NA,NA,"0,00","0,00","3,00",other,None known,NA,NA,"Deciduous montane woodland, Low elevations","E. Asia - eastern China (Anhui, Hebei, Henan, Hubei, Jiangsu, Shaanxi, Shandong, Shanxi)",,insects,#N/A
,Paulownia fortunei,NA,,#N/A,species,Paulowniaceae,Paulownia,fortunei,NA,Accepted,http://www.tropicos.org/Name/29202455,NA,Semi-deciduous Tree,Semi-deciduous Tree,Semi-deciduous,Tree,Perennial,Woody,No,NULL,18.00  ,NA,NULL,"Cultivated, Ornamental, Wild",insects,18,NA, NA, NA, NA,,NA,NA,NA,NA,NA,,#N/A,#N/A,#N/A,#N/A,#N/A,#N/A,,NO_FAO_GROUP,#N/A,NA,NA,NA,NA,0,0,3,other,NA,NA,NA,NA,NA,,Insects,#N/A
,Pavetta ternifolia,NA,,#N/A,species,Rubiaceae,Pavetta,ternifolia,NA,Accepted,http://www.tropicos.org/Name/27909188,NA,NA,NA,semi-evergreen ,Shrub/tree,Perennial,Woody,No,NULL,NA,NA,NULL,NA,NA,5,,,,,,NA,NA,NA,NA,NA,,#N/A,#N/A,#N/A,#N/A,#N/A,#N/A,,NO_FAO_GROUP,#N/A,NA,NA,NA,NA,NA,NA,NA,alimmediother,NA,NA,NA,NA,NA,,NA,#N/A
,Peltophorum dasyrrhachis,NA,,#N/A,species,Fabaceae,Peltophorum,dasyrhachis,NA,Accepted,https://wcvp.science.kew.org/taxon/60469466-2,NA,Deciduous Tree,Deciduous Tree,Deciduous,Tree,Perennial,Woody,Peltophorum,25,NA,NA,NULL,NA,NA,25,NA, NA, NA, NA,,NA,NA,NA,NA,NA,,#N/A,#N/A,#N/A,#N/A,#N/A,#N/A,,NO_FAO_GROUP,#N/A,Other,,,Other?,"0,00","2,00","4,00",other,None known,NA,NA,"Secondary, deciduous or evergreen forest, usually occupying the upper  storey of secondary forest, and large openings in the forest or at  forest margins. Usually found mixed with other broad-leaved species in  evergreen broad-leaved forest","Southeast Asia - Thailand, Malaysia, Indonesia, Cambodia, Laos, Vietnam.",,NA,#N/A
,Peltophorum dubium,"Arbol De Artigas, Cana Fistula, Farinha-seca, Ibira-puita, Imbira-puita, Yellow Poinciana",,"Arbol De Artigas, Cana Fistula, Farinha-seca, Ibira-puita, Imbira-puita, Yellow Poinciana",species,Fabaceae,Peltophorum,dubium,NA,Accepted,http://www.tropicos.org/Name/13012008,"Perennial, Not climbing, Tree",Tree,Deciduous Tree,Deciduous,Tree,Perennial,Woody,Peltophorum,NULL,20.00  ,NA,NULL,"Ornamental, Wild","Bees, insects",20,NA,NA,NA,NA,,NA,NA,NA,NA,NA,NA,#N/A,#N/A,#N/A,Timber,#N/A,,,Timber,#N/A,Timber,,,Woody shoot,0,0,3,other,None known,NA,LC - least concern,"Broadleaf semideciduous forests. Found mainly in clayey, humid and deep soils on river margins, both in primary forests and also in secondary growth areas","S. America - Argentina, Paraguay, Uruguay, Brazil, Bolivia. Caribbean - Cuba, Hispaniola.",,"Bees, Insects",#N/A
,Peltophorum pterocarpum,"Copperpod, Yellow Poinciana",,"Copperpod, Yellow Poinciana",species,Fabaceae,Peltophorum,pterocarpum,NA,Accepted,http://www.tropicos.org/Name/13051839,Tree,Evergreen Tree,Evergreen Tree,Evergreen,tree,Perennial,Woody,Peltophorum,20,15.00  ,NA,Fast,"Ornamental, Wild",NA,15,1500,4500,22,32,,light (sandy) -medium -  heavy (clay),No shade,Moist,10 ->  12,No,NA,#N/A,#N/A,#N/A,#N/A,#N/A,#N/A,Ecocrop,colorant,#N/A,Other,,,Other?,0,2,4,other,None known,pfaf.org,NA,"Preferring open or disturbed forest conditions, it is frequently found along beaches and in mangrove forests, especially the inner margins of mangroves[303 ]. It is also found growing wild in Imperata grassland fields and teak forests[303 ].","E. Asia - Sri Lanka, Thailand, Malaysia, Vietnam, Indonesia, Philippines, New Guinea, Australia.",,NA,#N/A
,Pennisetum americanum,NA,,#N/A,species,Poaceae,Pennisetum,americanum,NA,Synonym,http://www.tropicos.org/Name/25534410,NA,Annual,Annual,herbaceous,herb,Annual,herbaceous,No,NULL,3.00  ,NA,NULL,Cultivated,Wind,3,,,,,,NA,NA,NA,NA,NA,,#N/A,,#N/A,#N/A,#N/A,,ecocrop,Cereals,#N/A,,,Alim,cereals,3,2,2,alim,NA,NA,NA,NA,NA,,Wind,#N/A
,pennisetum glaucum,,,Pearl Millet,species,Poaceae,Pennisetum,glaucum,NA,Accepted,http://www.worldfloraonline.org/taxon/wfo-0000888897,,Annual,Annual,herb,herb,Annual,herbaceous,No,3,NULL,NULL,NA,Wild,Wind,3,TODO,TODO,TODO,TODO,,light (sandy) and medium (loamy) soils,NA,NA,Coming soon,No,,#N/A,Cereals,#N/A,#N/A,#N/A,cereals and pseudocereals,Ecocrop,CEreals,Cereal,,,,,2.5,1.5,1,alimmedi,None known,,NA,"River banks in sandy soils, common as a weed[74].",E. Asia - China.,,Wind,#N/A
Only control species,pentaclethra macroloba,,,,,Fabaceae,Pentaclethra,macroloba,,,,,,Evergreen Tree,Evergreen,Tree,Perennial,Woody,Pentaclethra,,,,,,,,,,,,,,,,,,,#N/A,#N/A,#N/A,Timber,#N/A,#N/A,,,#N/A,Timber,,,,2,2,3,other,,,LC - least concern,,,,,
,Peronema canescens,NA,,#N/A,species,Lamiaceae,Peronema,canescens,NA,Accepted,https://wcvp.science.kew.org/taxon/863995-1,NA,Evergreen Tree,Evergreen Tree,Evergreen,Tree,Perennial,Woody,No,NULL,15.00  ,NA,NULL,"Cultivated, Wild",NA,15,NA, NA, NA, NA,,NA,NA,NA,NA,NA,,#N/A,#N/A,#N/A,Timber,#N/A,,,Timber,#N/A,Timber,,,Woody shoot,0,2,3,other,NA,NA,LC - least concern,NA,NA,,NA,#N/A
,Persea americana,"Avocado, Alligator Pear",Avocado,"Avocado, Alligator Pear",species,Lauraceae,Persea,americana,NA,Accepted,http://www.tropicos.org/Name/17801262,Tree,Evergreen Tree,Evergreen Tree,Evergreen,Tree,Perennial,Woody,No,15,15.00  ,NA,Fast,"Cultivated, Wild","Bees, insects",15,200,2500,-4,40,,medium -  heavy (clay),No shade,Moist,09 ->  12,No,Avocados,Fruits,Avocados,#N/A,#N/A,#N/A,,,"Fruits, nuts",Fruits,,,Alim,Woody Fruits,5,3,3,alimmediother,The unripe fruit is poisonous[303 ]. The ground up seed is mixed with cheese and used as a poisonous bait to kill rats and mice[418 ]. (Parts of plant are poisonous if ingested),pfaf.org,LC - least concern,Humid lowland forests on limestone formations[307 ].,Central America - Mexico.,,"Bees, Insects",#N/A
,Phaseolus aconitifolius,NA,,#N/A,species,Fabaceae,Phaseolus,aconitifolius,NA,Synonym,http://www.tropicos.org/Name/13031475,NA,Annual,Annual,herbaceous,herb,Annual,herbaceous,Phaseolus,NULL,0.30  ,NA,NULL,Cultivated,insects,0.3,,,,,,NA,NA,NA,NA,NA,,#N/A,#N/A,#N/A,#N/A,#N/A,#N/A,ecocrop,"seeds, vegetables",#N/A,NA,NA,NA,NA,3,2,2,alim,NA,NA,DD - data deficient,NA,NA,,"Self, Insects",#N/A
,Phaseolus vulgaris,NA,,#N/A,species,Fabaceae,Phaseolus,vulgaris,NA,Accepted,http://www.tropicos.org/Name/13031753,NA,Perennial,Perennial,NA,herb,Perennial,herbaceous,Phaseolus,NULL,2.00  ,NA,NULL,Cultivated,bees,2,,,,,,NA,NA,NA,02 -> 11,No,,#N/A,Leguminous crops,#N/A,#N/A,#N/A,,,Leguminous crops,Vegetable,,,Alim,Leguminous crops,5,2,2,alim,"Large quantities of the raw mature seed are poisonous[10, 65]. Children eating just a few seeds have shown mild forms of poisoning with nausea and diarrhoea, though complete recovery took place in 12 - 24 hours[269]. The toxins play a role in protecting the plant from insect predation[76].",NA,LC - least concern,Not known in a truly wild situation.,S. America? Original habitat is obscure.,,Bees,#N/A
,Photinia arbutifolia,NA,,#N/A,species,Rosaceae,Heteromeles,arbutifolia,NA,Accepted,http://www.tropicos.org/Name/27800909,NA,NA,Evergreen Tree,Evergreen,Tree,Perennial,Woody,No,NULL,NA,NA,NULL,"Ornamental, Wild","Bees, Insects",3,NA, NA, NA, NA,,NA,Semi shade/Full Sun,moist/weel drained,04 -> 09,NO,,#N/A,#N/A,#N/A,#N/A,#N/A,#N/A,,NO_FAO_GROUP,#N/A,NA,NA,NA,NA,2,1,2,,None known,NA,LC - least concern,"Semi-dry brushy slopes and in canyons below 1200 metres[71]. It is usually found in the neighbourhood of streams or on dry hills, especially on north-facing slopes[82]. Often on steep sea-cliffs",South-western N. America - California,,"NABees, Insects, Apomictic, self",#N/A
,Phyllanthopsis phyllanthoides,NA,,#N/A,species,Phyllanthaceae,Phyllanthopsis,phyllanthoides,NA,Accepted,http://www.tropicos.org/Name/50328212,NA,shrub perennial,Perennial shrub,NA,herb,Perennial,herbaceous,No,NULL,NA,NA,NULL,NA,NA,1.5,,,,,,NA,NA,NA,NA,NA,,#N/A,#N/A,#N/A,#N/A,#N/A,#N/A,,NO_FAO_GROUP,#N/A,NA,NA,NA,NA,NA,NA,NA,alimmediother,NA,NA,NA,NA,NA,,NA,#N/A
,Phyllanthus emblica,NA,,#N/A,species,Phyllanthaceae,Emblica,officinalis,NA,Synonym,http://www.tropicos.org/Name/12800022,NA,Deciduous Shrub,Deciduous Shrub,Deciduous,Shrub,Perennial,Woody,No,NULL,15.00  ,NA,NULL,"Cultivated, Ornamental, Wild",bees,15,NA, NA, NA, NA,,NA,NA,NA,NA,NA,,#N/A,#N/A,#N/A,#N/A,#N/A,#N/A,ecocrop,Fruits,#N/A,,medicinal,,Woody Fruits,3,5,3,alimmediother,NA,NA,LC - least concern,NA,NA,,Bees,#N/A
,Picea abies,Norway Spruce,,Norway Spruce,species,Pinaceae,Picea,abies,NA,Accepted,http://www.tropicos.org/Name/24900164,Tree,NA,Evergreen Tree,Evergreen,tree,Perennial,Woody,No,30,NA,NA,Fast,Wild,Wind,30, NA, NA, NA, NA,,light (sandy) -medium -  heavy (clay),No shade,Moist -Wet,02->07,No,NA,#N/A,#N/A,#N/A,#N/A,#N/A,#N/A,ecocrop,Timber,#N/A,Other,,,Other?,2,1,4,other,None known,pfaf.org,LC - least concern,Not known,N. and C. Europe.,,Wind,#N/A
,Picris echioides,Bristly Ox-Tongue,,Bristly Ox-Tongue,species,Asteraceae,Picris,echioides,NA,Accepted,http://www.tropicos.org/Name/2703001,Annual/Biennial,NA,"Annual/Biennial, sprawling",herbaceous,herb,Annual,herbaceous,No,"0,9",NA,NA,NULL,Wild,"Bees, Flies",0.9,,,,,,light (sandy) -medium -  heavy (clay),No shade,Dry- Moist,05 -> 09,No,NA,#N/A,#N/A,#N/A,#N/A,#N/A,#N/A,,NO_FAO_GROUP,#N/A,NA,NA,NA,NA,2,0,0,,None known,pfaf.org,NA,"Roadsides, hedgebanks, field margins and waste places, usually on stiff and calcareous soils[17].",S. Europe. Possibly native but certainly established in Britain.,,"Bees, Flies, apomictic",#N/A
,Piliostigma reticulatum,NA,,#N/A,species,Fabaceae,Piliostigma,reticulatum,NA,Accepted,http://www.tropicos.org/Name/13060936,"Perennial, Not climbing, Shrub/Tree",Evergreen Tree,Evergreen Tree,Evergreen,Tree,Perennial,Woody,Piliostigma,9,8.00  ,NA,NULL,Wild,NA,8,NA, NA, NA, NA,,NA,NA,NA,NA,NA,,#N/A,#N/A,#N/A,#N/A,#N/A,#N/A,,NO_FAO_GROUP,#N/A,NA,NA,NA,NA,2,2,2,,NA,NA,NA,NA,NA,,NA,#N/A
,Pimenta dioica,NA,,#N/A,species,Myrtaceae,Pimenta,dioica,NA,Accepted,http://www.tropicos.org/Name/22101787,Tree to 20 m,Evergreen Tree,Evergreen Tree,Evergreen,Tree,Perennial,Woody,No,NULL,12.00  ,NA,NULL,"Cultivated, Wild",bees,12,NA, NA, NA, NA,,NA,NA,NA,NA,NA,,#N/A,Chillies and peppers,#N/A,#N/A,"Spice, Essential oil, O",,,"spices, Essential oil",Herbs and spices,,medicinal,Alim,Woody fruits,3,3,3,alimmediother,NA,NA,LC - least concern,NA,NA,,Bees,#N/A
,Pinus caribaea,Caribbean Pine. Caribbean pitch pine,,Caribbean Pine. Caribbean pitch pine,species,Pinaceae,Pinus,caribaea,NA,Accepted,http://www.tropicos.org/Name/24900180,Tree,Evergreen Tree,Evergreen Tree,Evergreen,tree,Perennial,Woody,No,30,30.00  ,NA,Fast,"Cultivated, Ornamental, Wild",Wind,30,1000,3000,22,37,,light (sandy) -medium,No shade,Dry- Moist,10 ->  12,Yes,NA,#N/A,#N/A,#N/A,#N/A,#N/A,#N/A,ecocrop,"Timber, Fuelwood",#N/A,NA,NA,NA,NA,2,2,3,other,None known,pfaf.org,LC - least concern,"Hillsides and plains at low elevations from sea level to 600 metres[331 ]. Found in a wide range of forest and savannah habitats, often as a pioneer species, for instance after fires, where it can create pure stands[320 ].","Central America - Nicaragua to Mexico. Caribbean - Bahamas, Cuba",,Wind,#N/A
,Pinus massoniana,Chinese Red Pine,,Chinese Red Pine,NA,NA,NA,NA,NA,NA,NA,Tree,NA,Evergreen Tree,Evergreen,tree,Perennial,Woody,No,25,NA,NA,NULL,Wild,wind,25, NA, NA, NA, NA,,light (sandy) -medium,No shade,Dry- Moist,06 -> 09,NA,NA,#N/A,#N/A,#N/A,#N/A,#N/A,#N/A,,NO_FAO_GROUP,#N/A,NA,NA,NA,NA,2,2,3,other,"The wood, sawdust and resins from various species of pine can cause dermatitis in sensitive people[222].",pfaf.org,LC - least concern,"Plains, hills, mountains",NA,,"Wind, no",#N/A
Only control species,pinus oocarpa,,,"Oocarpa Pine, Pino amarillo",,Pinaceae,Pinus,oocarpa,,,,,,Evergreen Tree,Evergreen,Tree,Perennial,Woody,No,,,,Fast,"Cultivated, Ornamental, Wild",Wind,20,,,,,,"light (sandy) and medium (loamy) soils,",NO shade,"Dry, moist soil",10 -> 12,No,,#N/A,#N/A,#N/A,#N/A,#N/A,#N/A,,,#N/A,,,,,1,2,3,other,None known,,LC - least concern,"Widely distributed on mountain slopes and plains, sometimes forming almost pure stands, but often associated with oaks and sometimes with other pines, occurring at elevations of 1,000 - 2,700 metres[303 ].",Central America - Nicaragua to Mexico.,,,
,Pinus palustris,"Pitch Pine, Longleaf pine, Southern Pine",,"Pitch Pine, Longleaf pine, Southern Pine",species,Pinaceae,Pinus,palustris,NA,Accepted,http://www.tropicos.org/Name/24900204,Tree,NA,Evergreen Tree,Evergreen,tree,Perennial,Woody,No,30,NA,NA,Slow,Wild,wind,30, NA, NA, NA, NA,,light (sandy) -medium,No shade,Dry- Moist,07 -> 10,No,NA,#N/A,#N/A,#N/A,#N/A,#N/A,#N/A,ecocrop,Essential oil,#N/A,NA,NA,NA,NA,1,2,3,other,"The wood, sawdust and resins from various species of pine can cause dermatitis in sensitive people[222].",pfaf.org,EN-Endangered,"Poor acid soils that are low in organic matter on sandhills, flats and scrubland from sea level to 650 metres[229], but usually near the coast[235].",South-eastern N. America - Virginia to Florida and Texas.,,"wind, no",#N/A
,Pinus pinaster,Maritime Pine,,Maritime Pine,species,Pinaceae,Pinus,pinaster,NA,Accepted,http://www.tropicos.org/Name/24900370,Tree,NA,Evergreen Tree,Evergreen,tree,Perennial,Woody,No,20,NA,NA,Fast,Wild,wind,20, NA, NA, NA, NA,,light (sandy) -medium,No shade,Dry- Moist,07 -> 10,Yes,NA,#N/A,#N/A,#N/A,#N/A,#N/A,#N/A,,NO_FAO_GROUP,#N/A,NA,NA,NA,NA,2,2,3,other,"The wood, sawdust and resins from various species of pine can cause dermatitis in sensitive people[222]. Avoid if allergies. Avoid internally if suffering from asthma or bronchitis. The astringent taste may cause stomach discomfort [301].",pfaf.org,LC - least concern,"Coastal sands and dunes, it is also found on mountains inland.",Europe - W. Mediterranean. Naturalized in Britain in some parts of the New Forest[81].,,"wind, no",#N/A
,Pinus pinea,"talian Stone Pine, Umbrella Pine, Stone Pine",,"talian Stone Pine, Umbrella Pine, Stone Pine",species,Pinaceae,Pinus,pinea,NA,Accepted,https://wcvp.science.kew.org/taxon/263221-1,Tree,NA,Evergreen Tree,Evergreen,tree,Perennial,Woody,No,10,NA,NA,Medium,Wild,wind,10, NA, NA, NA, NA,,light (sandy) -medium,No shade,Dry- Moist,07-> 11,No,NA,#N/A,"Nuts, nes",#N/A,#N/A,Spice,,,spices,Nut,Other,,Alim,Woody seed; other,4,2,4,alimother,"The wood, sawdust and resins from various species of pine can cause dermatitis in sensitive people[222].",pfaf.org,LC - least concern,Maritime sands and alluvium[89].,S. Europe around the Mediterranean.,,"wind, no",#N/A
,Pinus roxburghii,Chir Pine,,Chir Pine,species,Pinaceae,Pinus,roxburghii,NA,Accepted,http://www.tropicos.org/Name/24900668,Tree,NA,Evergreen Tree,Evergreen,tree,Perennial,Woody,No,40,NA,NA,NULL,"Cultivated, Ornamental, Wild",wind,40, NA, NA, NA, NA,,light (sandy) -medium,No shade,Dry- Moist,08-> 11,No,NA,#N/A,#N/A,#N/A,#N/A,#N/A,#N/A,,NO_FAO_GROUP,#N/A,NA,NA,NA,NA,2,2,3,other,"The wood, sawdust and resins from various species of pine can cause dermatitis in sensitive people[222].",pfaf.org,LC - least concern,Forms extensive forests to 2700 metres[51]. Does best on north slopes or on good soils[146].,E. Asia - Himalayas from Afghanistan to Bhutan.,,"Wind, no",#N/A
,Pinus spp.,NA,,#N/A,genus,Pinaceae,Pinus,NA,spp.,Accepted,http://www.tropicos.org/Name/40009142,NA,NA,Evergreen Tree,Evergreen,Tree,Perennial,Woody,No,NULL,NA,NA,NULL,NA,NA,NULL, NA, NA, NA, NA,,NA,NA,NA,NA,NA,,#N/A,#N/A,#N/A,#N/A,"Essential oil, Resine, O, E",,,Essential oil,#N/A,NA,medicinal,NA,Woody Fodder,NA,NA,NA,alimmediother,NA,NA,NA,NA,NA,,NA,#N/A
,Pinus strobus,"White Pine, Eastern white pine",,"White Pine, Eastern white pine",species,Pinaceae,Pinus,strobus,NA,Accepted,http://www.tropicos.org/Name/24900219,Tree,NA,Evergreen Tree,Evergreen,tree,Perennial,Woody,No,20,NA,NA,Fast,Wild,wind,20, NA, NA, NA, NA,,light (sandy) -medium,No shade,Dry- Moist,03->07,No,NA,#N/A,#N/A,#N/A,#N/A,#N/A,#N/A,,NO_FAO_GROUP,#N/A,NA,NA,NA,NA,2,3,3,mediother,"The wood, sawdust and resins from various species of pine can cause dermatitis in sensitive people[222]. Avoid if allergies. Avoid internally if suffering from asthma or bronchitis. The astringent taste may cause stomach discomfort [301].",pfaf.org,LC - least concern,"Woods, especially on sandy drift soils or fertile well-drained soils, sometimes on river banks and rarely in swamps[82]. Often forming dense forests[235].","Eastern N. America - Newfoundland to Manitoba, south to Georgia.",,"wind, no self",#N/A
,Pinus sylvestris,"Scot's Pine, Scotch Pine",,"Scot's Pine, Scotch Pine",species,Pinaceae,Pinus,sylvestris,NA,Accepted,http://www.tropicos.org/Name/24900220,Tree,NA,Evergreen Tree,Evergreen,tree,Perennial,Woody,No,25,NA,NA,Fast,"Cultivated, Ornamental, Wild",wind,25,NA, NA, NA, NA,,light (sandy) -medium,Semi-shade/full sun,Dry- Moist - Wet,03->07,No,NA,#N/A,#N/A,#N/A,#N/A,#N/A,#N/A,,NO_FAO_GROUP,#N/A,Other,,,Other?,2,3,5,mediother,"The wood, sawdust and resins from various species of pine can cause dermatitis in sensitive people[222].",pfaf.org,LC - least concern,"Forming woods in the mountains of Scotland[7, 9].","Europe, including Britain, from Scandanavia south and east to Spain, Albania and temperate Asia.",,"wind, no self",#N/A
Only control species,piper amelago,,,,,Piperaceae,Piper,amalago,,,,,,Evergreen shrub,Evergreen,Shrub,Perennial,Woody,No,,,,,"Semi-cultivated, Wild",,3,,,,,,,,,,,,#N/A,#N/A,#N/A,#N/A,#N/A,#N/A,,,#N/A,,,,,2,2,2,,,,NA,,,,,
,Piper auritum,NA,,#N/A,species,Piperaceae,Piper,auritum,NA,Accepted,http://www.tropicos.org/Name/25002010,"Herb, Shrub.",Perennial,Perennial,NA,herb,Perennial,herbaceous,No,NULL,2.00  ,NA,NULL,Wild,insects,2,,,,,,NA,NA,NA,NA,NA,,#N/A,#N/A,#N/A,#N/A,#N/A,#N/A,,NO_FAO_GROUP,#N/A,NA,NA,NA,NA,2,0,0,,NA,NA,LC - least concern,NA,NA,,"insects (Kathleen Shea Semple, 1974)",#N/A
,Piper nigrum,Black Pepper,Black_pepper,Black Pepper,species,Piperaceae,Piper,nigrum,NA,Accepted,http://www.tropicos.org/Name/25000013,Climber,Climber,Climber,Evergreen,herb climber,Annual/Perennial,Woody,No,6,6.00  ,NA,Fast,"Cultivated, Wild",NA,6,,,,,,light (sandy) -medium -  heavy (clay),S,Moist,10 ->  12,No,Pepper,Spices,Pepper,#N/A,#N/A,"Spice, Essential oil, O",,,"Stimulant, aromatic, spices, essential oil",#N/A,NA,NA,Alim,seed,4,3,2,alimmedi,None known,pfaf.org,NOT EVALUATED,Not known,E. Asia - Indian Subcontinent.,,NA,#N/A
,Piper sp.,NA,,#N/A,genus,Piperaceae,Piper,NA,sp.,Accepted,http://www.tropicos.org/Name/40009192,NA,NA,NA,herbaceous,herb,Annual,herbaceous,No,NULL,NA,NA,NULL,NA,NA,NULL,,,,,,NA,NA,NA,NA,NA,,#N/A,#N/A,#N/A,#N/A,#N/A,#N/A,,NO_FAO_GROUP,#N/A,,,,NA,NA,NA,NA,alimmediother,NA,NA,NA,NA,NA,,NA,#N/A
,Piptadenia gonoacantha,Pau jacar‚àö¬© - alligator stick,,Pau jacar‚àö¬© - alligator stick,species,Fabaceae,Piptadenia,gonoacantha,NA,Accepted,http://www.tropicos.org/Name/13012468,Tree,Semi-deciduous Tree,Semi-deciduous Tree,Semi-deciduous,tree,Perennial,Woody,Piptadenia,15,15.00  ,NA,Fast,Wild,bees,15, NA, NA, NA, NA,,light (sandy) -medium -  heavy (clay),No shade,Dry- Moist,10 ->  12,No,NA,#N/A,#N/A,#N/A,#N/A,#N/A,#N/A,,NO_FAO_GROUP,#N/A,Other,,,Other?,0,0,4,other,None known,pfaf.org,LC - least concern,"Atlantic rainforest, most commonly along the coastal plain, favouring open and secondary growth areas, growing in both rich and poor soils[419 ].","S. America - Paraguay, southern, eastern and northeastern Brazil, Bolivia, Peru, Colombia.",,Bees,#N/A
,Pistacia lentiscus,Mastic Tree - Pistachier Lentisque,,Mastic Tree - Pistachier Lentisque,species,Anacardiaceae,Pistacia,lentiscus,NA,Accepted,http://www.tropicos.org/Name/1301119,Shrub,NA,Evergreen shrub,Evergreen,Shrub,Perennial,Woody,No,5,NA,NA,Slow,Wild,NA,5, NA, NA, NA, NA,,light (sandy) -medium -  heavy (clay),No shade,Dry- Moist,08 -> 09,No,NA,#N/A,#N/A,#N/A,#N/A,"Spice, Resine, A",,,spices,#N/A,,,Alim,Woody trunk,2,2,2,,Small risk of diarrhoea in children. Avoid oral intake of essential oil [301].,pfaf.org,LC - least concern,"Open woods and scrub on dry hillsides[50], usually by the coast[64].",Europe - Mediterranean.,,no self,#N/A
,Pisum sativum,Garden Pea,Pea,Garden Pea,species,Fabaceae,Pisum,sativum,NA,Accepted,http://www.tropicos.org/Name/13031856,Annual,Annual,Annual,herbaceous,herb,Annual,herbaceous,Pisum,2,2.00  ,NA,NULL,Cultivated,bees,2,,,,,,light (sandy) -medium,No shade,Moist,Coming soon,No,"Peas, dry",Pulses,Leguminous crops,#N/A,#N/A,#N/A,,,Leguminous crops,#N/A,,,Alim,Leguminous crops,4,2,1.33333333333333,alimother,None known,pfaf.org,NA,Plants are not known in a genuinely wild condition[200].,E. Asia.,,Self. Occasionally Bees,#N/A
Only control species,platanus mexicana,,,,,Platanaceae,Platanus,mexicana,,,,,,Deciduous Tree,Deciduous,Tree,Perennial,Woody,No,,,,,Wild,,15,,,,,,,,,,,,#N/A,#N/A,#N/A,#N/A,#N/A,#N/A,,,#N/A,,,,,0,0,2,,,,LC - least concern,,,,,
,Platanus occidentalis,"Buttonwood, American sycamore, American Planetree, Sycamore, American Sycamore",,"Buttonwood, American sycamore, American Planetree, Sycamore, American Sycamore",species,Platanaceae,Platanus,occidentalis,NA,Accepted,http://www.tropicos.org/Name/25300003,Tree,NA,Deciduous Tree,Deciduous,tree,Perennial,Woody,No,30,NA,NA,Fast,Wild,NA,30,NA, NA, NA, NA,,light (sandy) -medium -  heavy (clay),No shade,Moist -Wet,04 -> 09,No,NA,#N/A,#N/A,#N/A,Timber,#N/A,,,Timber,#N/A,Timber,,,Woody shoot,1,2,3,other,"In hot dry climates the hairs of the fruits and leaves are believed to cause an effect similar to hay fever[11, 200].",pfaf.org,LC - least concern,"Rich soils on the borders of streams and lakes[43, 82]. Often abundant on alluvial soils near streams and lakes and in moist ravines, sometimes on uplands, sometimes on limestone soils[270].","Eastern N. America - New England to Florida, west to Texas and Nebraska.",,NA,#N/A
,Plinia cauliflora,NA,,#N/A,species,Myrtaceae,Myrciaria,jaboticaba,NA,Accepted,http://www.tropicos.org/Name/22101389,NA,Evergreen Tree,Evergreen Tree,Evergreen,Tree,Perennial,Woody,No,NULL,13.00  ,NA,NULL,"Cultivated, Ornamental",NA,13, NA, NA, NA, NA,,NA,NA,NA,NA,NA,,#N/A,#N/A,#N/A,#N/A,#N/A,#N/A,,NO_FAO_GROUP,#N/A,,,Alim,Woody Fruits,4,0,2,alim,NA,NA,LC - least concern,NA,NA,,NA,#N/A
,Poa secunda,NA,,#N/A,species,Poaceae,Poa,secunda,NA,Accepted,http://www.tropicos.org/Name/25512425,Perennial,,Perennial bunchgrass,NA,herb,Perennial,herbaceous,No,"1,5",,,NA,NOTDEFINED,Wind,0.6,,,,,,NA,NA,NA,NA,,,#N/A,#N/A,#N/A,#N/A,#N/A,#N/A,,NO_FAO_GROUP,#N/A,NA,NA,NA,NA,NA,NA,NA,alimmediother,,,NA,,,,wind,#N/A
,poa trivialis,,,NA,species,Poaceae,Poa,trivialis,NA,NA,http://www.worldfloraonline.org/taxon/wfo-0000894135,,NA,Perennial,herb,herb,Perennial,herbaceous,No,NULL,NA,NA,NA,Wild,Wind,1,TODO,TODO,TODO,TODO,,NA,NA,NA,NA,YES,,#N/A,#N/A,#N/A,#N/A,#N/A,#N/A,,NO_FAO_GROUP,#N/A,,,,,NaN,NaN,NA,alimmediother,NA,,NA,NA,NA,,Wind,#N/A
,Polyscias fulva,NA,,#N/A,species,Araliaceae,Polyscias,fulva,NA,Accepted,http://www.tropicos.org/Name/2200665,NA,Evergreen Tree,Evergreen Tree,Evergreen,Tree,Perennial,Woody,No,"6,1-15 ",25.00  ,NA,NULL,"Cultivated, Ornamental, Wild","Bees, Flies",25, NA, NA, NA, NA,,NA,NA,NA,NA,NA,,#N/A,#N/A,#N/A,#N/A,#N/A,#N/A,Ecocrop,"Timber, medicinal",#N/A,NA,NA,NA,NA,0,2,3,other,NA,NA,LC - least concern,NA,NA,,"Bees, Flies",#N/A
Only control species,polyscias murrayi,,,,,Araliaceae,Polyscias,murrayi,,,,,,Evergreen Tree,Evergreen,Tree,Perennial,Woody,No,,,,Fast,Wild,,20,,,,,,,,,,,,#N/A,#N/A,#N/A,#N/A,#N/A,#N/A,,,#N/A,,,,,0,0,3,other,,,LC - least concern,,,,,
Only control species,pometia tomentosa,,,,,Sapindaceae,Pometia,tomentosa,,,,,,Evergreen Tree,Evergreen,Tree,Perennial,Woody,No,,,,,Wild,"Moths, Bats",10,,,,,,,,,,,,#N/A,#N/A,#N/A,#N/A,#N/A,#N/A,,,#N/A,,,,,3,2,3,alimother,,,NA,,,,,
,Pongamia pinnata,NA,,#N/A,species,Fabaceae,Millettia,pinnata,NA,Accepted,http://www.tropicos.org/Name/50338060,NA,Evergreen Tree,Evergreen Tree,Evergreen,Tree,Perennial,Woody,Millettia,NULL,20.00  ,NA,NULL,"Cultivated, Ornamental, Wild",bees,20,500,2500,1-16,27-38,,NA,NA,NA,NA,NA,,#N/A,#N/A,#N/A,#N/A,#N/A,#N/A,,essential oil,Oil,Other,,,Other?,0,3,4,mediother,NA,NA,LC - least concern,NA,NA,,"bee species such as Apis dorsata, A. cerana indica, Page 3 135 Amegilla sp., Megachile sp., Xylocopa latipes and X. pubescens (Uma Shankar, D.P. Abrol and Amit K. Singh, 2017)",#N/A
,Poplar sp.,NA,,#N/A,genus,Mniaceae,Polla,NA,sp.,Synonym,http://www.tropicos.org/Name/35001541,NA,NA,Deciduous Tree,Deciduous,Tree,Perennial,Woody,No,NULL,NA,NA,NULL,"Cultivated, wild",NA,NULL,NA, NA, NA, NA,,NA,NA,NA,NA,NA,,#N/A,#N/A,#N/A,#N/A,#N/A,#N/A,,NO_FAO_GROUP,#N/A,NA,NA,NA,NA,NA,NA,NA,alimmediother,NA,NA,NA,NA,NA,,NA,#N/A
,Populus × canadensis,"Canadian Poplar, Carolina Poplar",,"Canadian Poplar, Carolina Poplar",,Salicaceae,,,,,,deciduous Tree,deciduous Tree,deciduous Tree,Deciduous,shrub,Perennial,Woody,No,30,,,NA,Cultivated,Wind,30,NA, NA, NA, NA,,NA,Full sun,Moist,04 -> 09,NO,,,#N/A,#N/A,#N/A,#N/A,#N/A,,Timber,#N/A,Timber,,,Woody shoot,"0,00","1,00","3,00",other,None known,,NA,A group of naturally occurring hybrids between P. nigra and P. deltoidea[11].,N. America.,,Wind,#N/A
,Populus alba,White Poplar,,White Poplar,species,Salicaceae,Populus,alba,NA,Accepted,http://www.tropicos.org/Name/28300002,Tree,NA,Deciduous Tree,Deciduous,tree,Perennial,Woody,No,20,NA,NA,Fast,Wild,Wind,20,NA, NA, NA, NA,,light (sandy) -medium -  heavy (clay),No shade,Dry- Moist,03 -> 09,Yes,NA,#N/A,#N/A,#N/A,Timber,#N/A,,,Timber,#N/A,Timber,,,Woody shoot,1,2,3,other,None known,pfaf.org,LC - least concern,Woods and watersides[100].,C. Europe to Asia. Frequently planted in Britain but not naturalized[17].,,Wind (pfaf),#N/A
,Populus deltoides,"Eastern Cottonwood, Plains cottonwood, Rio Grande cottonwood, Necklace Poplar",,"Eastern Cottonwood, Plains cottonwood, Rio Grande cottonwood, Necklace Poplar",species,Salicaceae,Populus,deltoides,NA,Accepted,http://www.tropicos.org/Name/28300004,Tree,NA,Deciduous Tree,Deciduous,tree,Perennial,Woody,No,30,NA,NA,Fast,Wild,wind,30,600,1500,8,14,,light (sandy) -medium -  heavy (clay),No shade,Moist,03 -> 09,Yes,NA,#N/A,#N/A,#N/A,Timber,#N/A,,,Timber,#N/A,Timber,,,Timber mainly,2,2,4,other,None known,pfaf.org,LC - least concern,"Rich moist soils, mainly along riverbanks, bottoms and rich woods[43, 227].","N. America - Quebec to Florida, west to Minnesota and Texas.",,"Wind, no",#N/A
,Populus deltoides x Populus nigra,"Eastern Cottonwood, Plains cottonwood, Rio Grande cottonwood, Necklace Poplar",,"Eastern Cottonwood, Plains cottonwood, Rio Grande cottonwood, Necklace Poplar",species,Salicaceae,Populus,deltoides,x Populus nigra,Accepted,http://www.tropicos.org/Name/28300004,NA,NA,Deciduous Tree,Deciduous,Tree,Perennial,Woody,No,NULL,NA,NA,NA,Wild,wind,25,NA, NA, NA, NA,,NA,Full sun,Moist,03 -> 09,YES,NA,#N/A,#N/A,#N/A,#N/A,#N/A,#N/A,Ecocrop,Timber,#N/A,Other,,,Timber,"2,00","2,00","4,00",other,NA,NA,NA,"Rich moist soils, mainly along riverbanks, bottoms and rich woods","N. America - Quebec to Florida, west to Minnesota and Texas",,"wind, no",#N/A
,populus euramericana,,,NA,species,Salicaceae,Populus,euramericana,NA,No opinion,http://www.worldfloraonline.org/taxon/wfo-0000930743,,NA,deciduous Tree,Deciduous,shrub,Perennial,Woody,No,30,,,NA,Cultivated,NA,30,NA, NA, NA, NA,,NA,Full sun,Moist,04 -> 09,NO,,,#N/A,#N/A,#N/A,#N/A,#N/A,,Timber,#N/A,Timber,,,Woody shoot,"0,00","1,00","3,00",other,None known,,NA,A group of naturally occurring hybrids between P. nigra and P. deltoidea[11].,N. America.,,NA,#N/A
,Populus hybrid 275,Hybrid poplar,,Hybrid poplar,species,Salicaceae,Populus,hybrida,275,Synonym,https://wcvp.science.kew.org/taxon/776724-1,NA,TREE,Deciduous Tree,Deciduous,Tree,Perennial,Woody,No,50,NA,NA,NA,Wild,wind,50,NA, NA, NA, NA,,NA,Semi shade/Full Sun,moist soil/ Well drained soil,02 -> 10,NO,NA,#N/A,#N/A,#N/A,#N/A,#N/A,#N/A,Ecocrop,Timber,#N/A,Other,,,Timber,"3,00","3,00","4,00",alimmediother,See individual species,NA,NA,NA,"Origin: N. Temperate. Widely distributed throughout the northern temperate regions, ranging from North America through Eurasia and northern Africa.",,"Wind, no",#N/A
,populus maximowiczii,,,"Doronoki, Japanese poplar",species,Salicaceae,Populus,maximowiczii,NA,Synonym,http://www.worldfloraonline.org/taxon/wfo-0000928375,,NA,Deciduous Tree,Deciduous,Tree,Perennial,Woody,No,30,NULL,NA,Fast,Wild,Wind,30,TODO,TODO,TODO,TODO,,NA,NA,NA,04 -> 08,No,,#N/A,#N/A,#N/A,#N/A,#N/A,#N/A,,NO_FAO_GROUP,#N/A,,,,,0.0,1.0,2,alimmedi,None known,,NA,"Sunny fluvial plains and river banks, C. and N. Japan[58]. Woods at elevations of 500 - 2000 metres in China[266].","E. Asia - China, Japan, Korea.",,Wind,#N/A
,Populus nigra,"Black Poplar, Lombardy poplar",,"Black Poplar, Lombardy poplar",species,Salicaceae,Populus,nigra,NA,Accepted,http://www.tropicos.org/Name/28300007,Tree,NA,Deciduous Tree,Deciduous,tree,Perennial,Woody,No,30,NA,NA,Fast,Wild,Wind,30, NA, NA, NA, NA,,light (sandy) -medium -  heavy (clay),No shade,Moist,03 -> 09,No,NA,#N/A,#N/A,#N/A,Timber,#N/A,,,Timber,#N/A,Timber,,,Timber mainly,1,3,4,mediother,None known,pfaf.org,DD - data deficient,"Moist ground in woods and by streams[9, 17].","Central and southern Europe, including Britain, Mediterranean, temperate Asia to the Himalayas.",,Wind (pfaf),#N/A
,Populus simonii,"Simon poplar, Chinese Poplar",,"Simon poplar, Chinese Poplar",species,Salicaceae,Populus,simonii,NA,Accepted,http://www.tropicos.org/Name/28300132,Tree,NA,Deciduous Tree,Deciduous,tree,Perennial,Woody,No,30,NA,NA,Fast,Wild,wind,30, NA, NA, NA, NA,,light (sandy) -medium -  heavy (clay),No shade,Moist,02->05,No,NA,#N/A,#N/A,#N/A,#N/A,#N/A,#N/A,,NO_FAO_GROUP,#N/A,NA,NA,NA,NA,1,1,2,,None known,pfaf.org,NA,"River valleys, by streams etc, often in sandy soils[109]. Mountains, plains, alluvial deposits and valleys from near sea level to 3000 metres[266].",E. Asia - N. China.,,"wind, no",#N/A
,Populus sp.,NA,,#N/A,genus,Salicaceae,Populus,NA,sp.,Accepted,http://www.tropicos.org/Name/40014915,NA,NA,Deciduous Tree,Deciduous,Tree,Perennial,Woody,No,NULL,NA,NA,NULL,"Cultivated, wild",NA,NULL,NA,NA,NA,NA,,NA,NA,NA,NA,NA,,#N/A,#N/A,#N/A,#N/A,#N/A,#N/A,,NO_FAO_GROUP,#N/A,NA,NA,NA,NA,NA,NA,NA,alimmediother,NA,NA,NA,NA,NA,,NA,#N/A
,Populus tremula x Populus alba,NA,,#N/A,species,Salicaceae,Populus,tremula,x Populus alba,Accepted,http://www.tropicos.org/Name/28300009,NA,TREE,Deciduous Tree,Deciduous,Tree,Perennial,Woody,No,50,NA,NA,NA,Wild,wind,50,NA,NA,NA,NA,,NA,Semi shade/Full Sun,moist soil/ Well drained soil,02 -> 10,NO,,#N/A,#N/A,#N/A,#N/A,#N/A,#N/A,Ecocrop,Timber,#N/A,Other,,,Timber,"3,00","3,00","4,00",alimmediother,See individual species,NA,NA,NA,"Origin: N. Temperate. Widely distributed throughout the northern temperate regions, ranging from North America through Eurasia and northern Africa.",,"Wind, no",#N/A
,Populus tremuloides x Populus nigra,NA,,#N/A,species,Salicaceae,Populus,tremula,x Populus alba,Accepted,http://www.tropicos.org/Name/28300009,NA,TREE,Deciduous Tree,Deciduous,Tree,Perennial,Woody,No,50,NA,NA,NA,Wild,wind,50,NA,NA,NA,NA,,NA,Semi shade/Full Sun,moist soil/ Well drained soil,02 -> 10,NO,,#N/A,#N/A,#N/A,#N/A,#N/A,#N/A,Ecocrop,Timber,#N/A,Other,,,Other?,"3,00","3,00","4,00",alimmediother,See individual species,NA,NA,NA,"Origin: N. Temperate. Widely distributed throughout the northern temperate regions, ranging from North America through Eurasia and northern Africa.",,"Wind, no",#N/A
Only control species,poulsenia armata,,,,,Moraceae,Poulsenia,armata,,,,,,Tree,,Tree,Perennial,Woody,No,,,,,Wild,,20,,,,,,,,,,,,#N/A,#N/A,#N/A,Timber,#N/A,#N/A,,,#N/A,Timber,,,,3,0,3,alimother,,,LC - least concern,,,,,
,Pouteria caimito,"Abiu, Yellow Star Apple",Abiú,"Abiu, Yellow Star Apple",species,Sapotaceae,Pouteria,caimito,NA,Accepted,http://www.tropicos.org/Name/28700422,Tree,Evergreen Tree,Evergreen Tree,Evergreen,tree,Perennial,Woody,No,15,15.00  ,NA,Medium,"Cultivated, Wild",insects,15, NA, NA, NA, NA,,light (sandy) -medium -  heavy (clay),Semi-shade/full sun,Moist -Wet,10 ->  12,No,,#N/A,#N/A,#N/A,#N/A,#N/A,#N/A,,NO_FAO_GROUP,#N/A,,,Alim,Woody Fruits,4,0,2,alim,None known,pfaf.org,LC - least concern,"Forests, especially in areas that are seasonally flooded, and by the coast, at elevations from sea level to 1,500 metres[420 ].","S. America - Brazil, Bolivia and Peru, north to the Caribbean and through C. America to Costa Rica.",,"insects (Paz et al., 2021)",#N/A
,Pouteria sapota,"Sapote, Mamey Sapote",,"Sapote, Mamey Sapote",species,Sapotaceae,Pouteria,sapota,NA,Accepted,http://www.tropicos.org/Name/28700390,Tree,Evergreen Tree,Evergreen Tree,Evergreen,tree,Perennial,Woody,No,25,25.00  ,NA,Medium,"Cultivated, Ornamental, Wild",bees,25, NA, NA, NA, NA,,medium -  heavy (clay),No shade,Moist,10 ->  12,No,NA,#N/A,"Fruits, Other",#N/A,#N/A,#N/A,#N/A,Ecocrop,Fruits,Fruits,,,Alim,Woody Fruits,4,2,2,alim,"The seed has stupefying properties, and this may be due to its HCN content[303 ]. One is cautioned not to rub the eyes after handling the green fruit because of the sap exuding from the cut or broken stalk[303 ]. The milky sap of the tree is highly irritant to the eyes and caustic and vesicant on the skin[303 ]. The leaves are reportedly poisonous[303 ].(Seed is poisonous if ingested Parts of plant are poisonous if ingested Handling plant may cause skin irritation or allergic reaction )",pfaf.org,LC - least concern,Humid lowland woodland[307 ].,C. America - Panama to Mexico.,,bees (J Martínez-Castillo · 2019),#N/A
,Prosopis cineraria,"Jandi, Ghaf",,"Jandi, Ghaf",species,Fabaceae,Prosopis,cineraria,NA,Accepted,http://www.tropicos.org/Name/13046207,Tree,Evergreen Tree,Evergreen Tree,Evergreen,tree,Perennial,Woody,Prosopis,"6,5",6.50  ,NA,Medium,"Cultivated, Wild",insects,6.5,120,250,-6,50,,light (sandy) -medium -  heavy (clay),No shade,Dry- Moist,10 ->  12,No,NA,#N/A,#N/A,#N/A,#N/A,#N/A,#N/A,Ecocrop,Timber,#N/A,NA,NA,NA,NA,2.33333333333333,2,3,alimother,None known,pfaf.org,NA,"A characteristic tree of secondary dry deciduous forest, desert thorn forest, ravine thorn forest, Zizyphus scrub, and desert dune scrub[303 ].","W. Asia - Arabia, Afghanistan, Iran to India and Pakistan.",,Insects,#N/A
Only control species,protium tenuifolium,,,,,Burseraceae,Protium,tenuifolium,,Accepted,,,,Evergreen Tree,Evergreen,Tree,Perennial,Woody,No,,,,,Wild,,12,,,,,,,,,,,,#N/A,#N/A,#N/A,#N/A,#N/A,#N/A,,,#N/A,,,,,0,0,2,,,,LC - least concern,,,,,
,Prunus amygdalus,Almendro,,Almendro,species,Rosaceae,Prunus,amygdalus,NA,Accepted,https://wcvp.science.kew.org/taxon/60439867-2,NA,deciduous Tree,Deciduous Tree,Deciduous,Tree,Perennial,Woody,No,6,NA,NA,NA,NA,NA,6, NA, NA, NA, NA,,NA,Full sun,Moist,06 -> 09,NO,NA,#N/A,#N/A,#N/A,#N/A,#N/A,#N/A,Ecocrop,other,#N/A,,,Alim,Woody Fruits,"4,00","3,00","3,00",alimmediother,"Although no specific mention has been seen for this species, it belongs to a genus where most, if not all members of the genus produce hydrogen cyanide, a poison that gives almonds their characteristic flavour. This toxin is found mainly in the leaves and seed and is readily detected by its bitter taste. It is usually present in too small a quantity to do any harm but any very bitter seed or fruit should not be eaten. In small quantities, hydrogen cyanide has been shown to stimulate respiration and improve digestion, it is also claimed to be of benefit in the treatment of cancer. In excess, however, it can cause respiratory failure and even death.",NA,NA,"Cultivated ground, thickets, hedges and rocky places near cultivation[89].",Europe - E. Mediterranean to C. Asia.,,NA,#N/A
,Prunus armeniaca,Apricot,Apricot,Apricot,species,Rosaceae,Prunus,armeniaca,NA,Accepted,http://www.tropicos.org/Name/27801087,Tree,NA,Deciduous Tree,Deciduous,Tree,Perennial,Woody,No,9,NA,NA,Medium,"Cultivated, Ornamental, Wild",insects,9, NA, NA, NA, NA,,light (sandy) -medium,Semi-shade/full sun,Moist,05->07,No,Apricots,Fruits,Apricots,#N/A,#N/A,#N/A,,,"Fruits, nuts",Fruits,Other,,Alim,Woody Fruits,4,3,4,alimmediother,"This species produces hydrogen cyanide, a poison that gives almonds their characteristic flavour. This toxin is found mainly in the leaves and seed and is readily detected by its bitter taste. Usually present in too small a quantity to do any harm, any very bitter seed or fruit should not be eaten[65]. In small quantities, hydrogen cyanide has been shown to stimulate respiration and improve digestion, it is also claimed to be of benefit in the treatment of cancer. In excess, however, it can cause respiratory failure and even death. Oral doses of 50g of hydrogen cyanide can be fatal (= 30g of kernels or 50-60 kernels at 2 mg HCN/g kernel) [301].",pfaf.org,DD - data deficient,Most trees growing apparently wild have escaped from cultivation but there are pure stands of the trees in Tibet on mountain slopes in sparse forests at elevations of 700 - 3000 metres[266].,"E. Asia - N. China, Mongolia.",,"insect, self",#N/A
,Prunus avium,"Wild Cherry, Sweet cherry",Sweet_cherry,"Wild Cherry, Sweet cherry",species,Rosaceae,Prunus,avium,NA,Accepted,http://www.tropicos.org/Name/27801088,Tree,NA,Deciduous Tree,Deciduous,Tree,Perennial,Woody,No,18,NA,NA,Fast,"Cultivated, Ornamental, Wild",bees,18, NA, NA, NA, NA,,light (sandy) -medium -  heavy (clay),Semi-shade/full sun,Moist,03->07,No,Cherries,Fruits,#N/A,#N/A,#N/A,#N/A,,,"Fruits, nuts",Fruits,Other,,Alim,Woody Fruits,4,2,4,alimother,"Although no specific mention has been seen for this species, it belongs to a genus where most, if not all members of the genus produce hydrogen cyanide, a poison that gives almonds their characteristic flavour. This toxin is found mainly in the leaves and seed and is readily detected by its bitter taste. It is usually present in too small a quantity to do any harm but any very bitter seed or fruit should not be eaten. In small quantities, hydrogen cyanide has been shown to stimulate respiration and improve digestion, it is also claimed to be of benefit in the treatment of cancer. In excess, however, it can cause respiratory failure and even death.",pfaf.org,LC - least concern,"Better soils in hedgerows and woods, especially in beech woods[5, 17].","Europe, including Britain, from Scandanavia south and east to N. Africa and W. Asia.",,"bees, no self",#N/A
,Prunus cerasoides,Wild Himalayan Cherry,,Wild Himalayan Cherry,species,Rosaceae,Prunus,cerasoides,NA,Accepted,https://wcvp.science.kew.org/taxon/729572-1,Tree,Deciduous Tree,Deciduous Tree,Deciduous,tree,Perennial,Woody,No,30,30.00  ,NA,NULL,"Cultivated, Wild",insects,30, NA, NA, NA, NA,,light (sandy) -medium -  heavy (clay),Semi-shade/full sun,Moist,07 -> 10,No,Cherries,Fruits,#N/A,#N/A,#N/A,#N/A,,,Fruits,#N/A,,,Alim,Woody Fruits,2,2,2,,"Although no specific mention has been seen for this species, it belongs to a genus where most, if not all members of the genus produce hydrogen cyanide, a poison that gives almonds their characteristic flavour. This toxin is found mainly in the leaves and seed and is readily detected by its bitter taste. It is usually present in too small a quantity to do any harm but any very bitter seed or fruit should not be eaten. In small quantities, hydrogen cyanide has been shown to stimulate respiration and improve digestion, it is also claimed to be of benefit in the treatment of cancer. In excess, however, it can cause respiratory failure and even death.",pfaf.org,LC - least concern,"Forests, 1200 - 2400 metres[51]. Forests in ravines at elevations of 700 - 3700 metres in western China[266].",E. Asia - Himalayas from Himachel Pradesh to S.W. China and Burma.,,Insects,#N/A
,Prunus domestica,"Plum, European plum",Plum_and_prune,"Plum, European plum",species,Rosaceae,Prunus,domestica,NA,Accepted,http://www.tropicos.org/Name/27800332,Tree,NA,Deciduous Tree,Deciduous,Tree,Perennial,Woody,No,12,NA,NA,Medium,Cultivated,insects,12, NA, NA, NA, NA,,light (sandy) -medium -  heavy (clay),Semi-shade/full sun,Moist,04 -> 09,No,Plums,Fruits,Plums and sloes,#N/A,#N/A,#N/A,,,"Fruits, nuts",Fruits,,,Alim,Woody Fruits,5,2,3,alimother,"Although no specific mention has been seen for this species, it belongs to a genus where most, if not all members of the genus produce hydrogen cyanide, a poison that gives almonds their characteristic flavour. This toxin is found mainly in the leaves and seed and is readily detected by its bitter taste. It is usually present in too small a quantity to do any harm but any very bitter seed or fruit should not be eaten. In small quantities, hydrogen cyanide has been shown to stimulate respiration and improve digestion, it is also claimed to be of benefit in the treatment of cancer. In excess, however, it can cause respiratory failure and even death.",pfaf.org,DD - data deficient,Found in hedges in Britain[17].,Europe to W. Asia. Naturalized in Britain. A hybrid P. spinosa x P. cerasifera divaricata.,,"insect, self",#N/A
,Prunus dulcis,"Almond, Sweet almond",Almond,"Almond, Sweet almond",species,Rosaceae,Prunus,dulcis,NA,Accepted,http://www.tropicos.org/Name/27801092,Tree,NA,Deciduous Tree,Deciduous,Tree,Perennial,Woody,No,6,NA,NA,NULL,"Cultivated, Ornamental, Wild",insects,6, NA, NA, NA, NA,,light (sandy) -medium -  heavy (clay),No shade,Moist,06 -> 09,No,Almonds,Nuts,Almonds,#N/A,#N/A,"Spice, Essential oil, O",,,"Fruits, nuts, spices, essential oil",Nut,,medicinal,Alim,Woody Fruits,4,3,3,alimmediother,"Although no specific mention has been seen for this species, it belongs to a genus where most, if not all members of the genus produce hydrogen cyanide, a poison that gives almonds their characteristic flavour. This toxin is found mainly in the leaves and seed and is readily detected by its bitter taste. It is usually present in too small a quantity to do any harm but any very bitter seed or fruit should not be eaten. In small quantities, hydrogen cyanide has been shown to stimulate respiration and improve digestion, it is also claimed to be of benefit in the treatment of cancer. In excess, however, it can cause respiratory failure and even death.",pfaf.org,NA,"Cultivated ground, thickets, hedges and rocky places near cultivation[89].",Europe - E. Mediterranean to C. Asia.,,"Insects, self",#N/A
,Prunus persica,"Peach, Flowering Peach, Ornamental Peach, Common Peach",Peach,"Peach, Flowering Peach, Ornamental Peach, Common Peach",species,Rosaceae,Prunus,persica,NA,Accepted,http://www.tropicos.org/Name/27801115,Tree,NA,Deciduous Tree,Deciduous,Tree,Perennial,Woody,No,6,NA,NA,Fast,"Cultivated, Ornamental",bees,6, NA, NA, NA, NA,,light (sandy) -medium -  heavy (clay),No shade,Moist,05 -> 09,No,Peaches and nectarines,Fruits,Peaches and nectarines,#N/A,#N/A,#N/A,,,"Fruits, nuts",Fruits,,,Alim,Woody Fruits,5,3,3,alimmediother,"The seed can contain high levels of hydrogen cyanide, a poison that gives almonds their characteristic flavour. This toxin is readily detected by its bitter taste. Usually present in too small a quantity to do any harm, any very bitter seed or fruit should not be eaten[65]. In small quantities, hydrogen cyanide has been shown to stimulate respiration and improve digestion, it is also claimed to be of benefit in the treatment of cancer. In excess, however, it can cause respiratory failure and even death.",pfaf.org,NA,"Not known in a truly wild situation, it is possibly derived in cultivation from P. davidiana.",E. Asia - China.,,"Bees, self",#N/A
,Prunus salicina,Japanese Plum,Japanese_plum,Japanese Plum,species,Rosaceae,Prunus,salicina,NA,Accepted,http://www.tropicos.org/Name/27803679,Tree,NA,Deciduous Tree,Deciduous,tree,Perennial,Woody,No,4,NA,NA,Medium,"Cultivated, Wild",insects,4, NA, NA, NA, NA,,light (sandy) -medium -  heavy (clay),Semi-shade/full sun,Moist,05->08,No,Plums,Fruits,#N/A,#N/A,#N/A,#N/A,,,Fruits,#N/A,,,Alim,Woody Fruits,2,1,2,,"Although no specific mention has been seen for this species, it belongs to a genus where most, if not all members of the genus produce hydrogen cyanide, a poison that gives almonds their characteristic flavour. This toxin is found mainly in the leaves and seed and is readily detected by its bitter taste. It is usually present in too small a quantity to do any harm but any very bitter seed or fruit should not be eaten. In small quantities, hydrogen cyanide has been shown to stimulate respiration and improve digestion, it is also claimed to be of benefit in the treatment of cancer. In excess, however, it can cause respiratory failure and even death.",pfaf.org,LC - least concern,"Sparse forests, forest margins, scrub, along trails in mountains, beside streams in valleys, thickets at elevations of 200 - 2600 metres[266].",E. Asia - China.,,insects,#N/A
,Prunus serotina,"Rum Cherry - Wild Cherry, Black Cherry, Wild Black Cherry",,"Rum Cherry - Wild Cherry, Black Cherry, Wild Black Cherry",species,Rosaceae,Prunus,serotina,NA,Accepted,http://www.tropicos.org/Name/27800337,Tree,NA,Deciduous Tree,Deciduous,tree,Perennial,Woody,No,18,NA,NA,Fast,Wild,insects,18, NA, NA, NA, NA,,light (sandy) -medium -  heavy (clay),No shade,Moist,03 -> 09,Yes,Cherries,Fruits,#N/A,#N/A,#N/A,#N/A,,,Fruits,#N/A,,,Alim,Woody Fruits,4,2,2,alim,"The seeds and leaves of this species contain high quantities of hydrogen cyanide, a poison that gives almonds their characteristic flavour. This toxin is readily detected by its bitter taste. Usually present in too small a quantity to do any harm, any very bitter seed or fruit should not be eaten[21, 65]. In small quantities, hydrogen cyanide has been shown to stimulate respiration and improve digestion, it is also claimed to be of benefit in the treatment of cancer. In excess, however, it can cause respiratory failure and even death. Discard the seeds. Keep plant way from children [301].",pfaf.org,LC - least concern,"Found in a variety of soils, preferring moist fertile conditions on north or east facing slopes or protected coves[229]. Dry woods[43].","N. America - Nova Scotia to Minnesota, south to Florida and Texas. Also in Arizona and Mexico.",,Insects,#N/A
,Prunus sp.,NA,,#N/A,genus,Rosaceae,Prunus,NA,sp.,Accepted,http://www.tropicos.org/Name/40016726,NA,NA,Deciduous Tree,Deciduous,Tree,Perennial,Woody,No,NULL,NA,NA,NULL,Cultivated,NA,NULL, NA, NA, NA, NA,,NA,NA,NA,NA,NA,,#N/A,#N/A,#N/A,#N/A,#N/A,#N/A,,NO_FAO_GROUP,#N/A,NA,NA,Alim,Woody Fruits,NA,NA,NA,alimmediother,NA,NA,NA,NA,NA,,NA,#N/A
,Prunus spinosa,Sloe - Blackthorn,,Sloe - Blackthorn,species,Rosaceae,Prunus,spinosa,NA,Accepted,http://www.tropicos.org/Name/27800136,Shrub,NA,Deciduous Shrub,Deciduous,Shrub,Perennial,Woody,No,3,NA,NA,Medium,Wild,insects,3, NA, NA, NA, NA,,light (sandy) -medium -  heavy (clay),Semi-shade/full sun,Moist,04->08,No,"Berries nes (excluding subset blackberries, mulberries and loganberries)",Fruits,Plums and sloes,#N/A,#N/A,#N/A,,,"Fruits, nuts",#N/A,Other,,Alim,Woody Fruits,3,2,4,alimother,"Although no specific mention has been seen for this species, it belongs to a genus where most, if not all members of the genus produce hydrogen cyanide, a poison that gives almonds their characteristic flavour. This toxin is found mainly in the leaves and seed and is readily detected by its bitter taste. It is usually present in too small a quantity to do any harm but any very bitter seed or fruit should not be eaten. In small quantities, hydrogen cyanide has been shown to stimulate respiration and improve digestion, it is also claimed to be of benefit in the treatment of cancer. In excess, however, it can cause respiratory failure and even death. Avoid excessive intake and use recommended doses.",pfaf.org,LC - least concern,"Hedgerows and woods, usually in sunny positions, on all soils except acid peats[9, 17].","Europe, including Britain, from Scandanavia south and east to the Mediterranean, Siberia and Iran.",,Insects,#N/A
,Pseudalbizzia adinocephala,NA,,#N/A,species,Fabaceae,Albizia,adinocephala,NA,Accepted,http://www.tropicos.org/Name/13007698,NA,tree,Tree,NA,Tree,Perennial,Woody,Albizia,15,NA,NA,NULL,"Cultivated, Wild",NA,15, NA, NA, NA, NA,,NA,NA,NA,NA,NA,,#N/A,#N/A,#N/A,#N/A,#N/A,#N/A,,NO_FAO_GROUP,#N/A,NA,NA,NA,NA,"0,00","0,00","2,00",,None known,NA,NA,"Common in dry, degraded seasonal forest; also in secondary vegetation on slopes with superficial soil; less frequent in Pine-Quercus forest.; at elevations from sea level to 100 metres, occasionally ascending to 1,500 metres",C. America - Panama to Mexico.,,NA,#N/A
,Pseudobombax grandiflorum,NA,,#N/A,species,Malvaceae,Pseudobombax,grandiflorum,NA,Accepted,http://www.tropicos.org/Name/3900134,NA,Deciduous Tree,Deciduous Tree,Deciduous,Tree,Perennial,Woody,No,NULL,20.00  ,NA,NULL,"Ornamental, Wild",NA,20, NA, NA, NA, NA,,NA,NA,NA,NA,NA,,#N/A,#N/A,#N/A,#N/A,#N/A,#N/A,,NO_FAO_GROUP,#N/A,NA,NA,NA,NA,0,0,2,,NA,NA,LC - least concern,NA,NA,,NA,#N/A
,Pseudocydonia sinensis,NA,,#N/A,species,Rosaceae,Chaenomeles,sinensis,NA,Accepted,http://www.tropicos.org/Name/27806378,NA,NA,Deciduous Tree,Deciduous,Tree,Perennial,Woody,No,NULL,NA,NA,NA,wild,NA,6, NA, NA, NA, NA,,NA,Full sun,Moist,05->08,No,,#N/A,#N/A,#N/A,#N/A,#N/A,#N/A,,NO_FAO_GROUP,#N/A,NA,NA,NA,NA,2,1,2,,None known,NA,LC - least concern,"Found at elevations around 1000 metres in Anhui, Fujian, Guangdong, Guangxi, Guizhou, Hebei, Hubei, Jiangsu, Jiangxi, Shaanxi, Shandong and Zhejiang Provinces",E. Asia - China.,,NA,#N/A
,Psidium guajava,"Guava, Tropical Guava, Goiaba, Ara‚àö√ü‚àö¬∞-goiaba",Guava,"Guava, Tropical Guava, Goiaba, Ara‚àö√ü‚àö¬∞-goiaba",species,Myrtaceae,Psidium,guajava,NA,Accepted,http://www.tropicos.org/Name/22101794,Tree,Evergreen Tree,Evergreen Tree,Evergreen,Tree,Perennial,Woody,No,10,10.00  ,NA,Medium,"Cultivated, Ornamental, Wild",bees,10,1000,2000,15,45,,light (sandy) -medium -  heavy (clay),No shade,Moist,09 ->  12,Yes,Mangoes (incl.mangosteen and guavas),Fruits,"Mangoes, mangosteens, guavas",Fuelwood,Timber,Essential oil,,,"Fruits, nuts, timber, essential oil, fuelwood",Fruits,Timber,medicinal,Alim,Woody Fruits,5,2,5,alimother,None known,pfaf.org,LC - least concern,"Common in disturbed places often forming thickets in pastures, plantations and other similar habitats in the Pacific Islands[311 ].",S. America from Peru north to Mexico and the Caribbean.,,"Bees, Self",#N/A
,Pterocarpus indicus,"Amboyna, Indian Padauk, Burmese Rosewood, Narra, Bloodwood",,"Amboyna, Indian Padauk, Burmese Rosewood, Narra, Bloodwood",species,Fabaceae,Pterocarpus,indicus,NA,Accepted,http://www.tropicos.org/Name/13032388,Tree,Deciduous Tree,Deciduous Tree,Deciduous,tree,Perennial,Woody,Pterocarpus,30,30.00  ,NA,Fast,"Ornamental, Wild","bees, Insects",30, NA, NA, NA, NA,,light (sandy) -medium -  heavy (clay),Semi-shade/full sun,Moist,10 ->  12,No,NA,#N/A,#N/A,#N/A,Timber,#N/A,,,Timber,#N/A,Timber,,,Timber mainly,2,2,4,other,None known,pfaf.org,EN-Endangered,"A widespread tree found in lowland primary and some secondary forest, mainly along tidal creeks and rocky shores at elevations up to 750 metres[338 , 349 ]. Also found in beach forest, on coral sand and on rocky shores[349 ].","E. Asia - southern China, Japan, Myanmar, Thailand, Cambodia, Vietnam, Malaysia, Philippines, Papua New Guinea and the western Pacific Islands.",,"Honey bees, Insects",#N/A
,Pterocarpus marsupium,NA,,#N/A,species,Fabaceae,Pterocarpus,marsupium,NA,Accepted,http://www.tropicos.org/Name/13032396,NA,Deciduous Tree,Deciduous Tree,Deciduous,Tree,Perennial,Woody,Pterocarpus,NULL,25.00  ,NA,NULL,"Cultivated, Ornamental, Wild",insects,25, NA, NA, NA, NA,,NA,NA,NA,NA,NA,,#N/A,#N/A,#N/A,Timber,#N/A,,,Timber,#N/A,Timber,,,Woody shoot,2,3,3,mediother,NA,NA,NT - near threatened,NA,NA,,insects,#N/A
,Pterocarpus soyauxii,African Coralwood,,African Coralwood,NA,NA,NA,NA,NA,NA,NA,Tree,Semi-deciduous Tree,Semi-deciduous Tree,Semi-deciduous,tree,Perennial,Woody,No,30,40.00  ,NA,Fast,"Cultivated, Wild",insects,40, NA, NA, NA, NA,,light (sandy) -medium -  heavy (clay),No shade,Moist,10 ->  12,NA,NA,#N/A,#N/A,Fresh leaf vegetables,Timber,#N/A,,,"vegetables, timber",#N/A,Timber,,Alim,woody leaves,2.66666666666667,2,4,alimother,"The dry sawdust may cause irritation to skin, nose and bronchi[299 ].",pfaf.org,NA,"Evergreen or deciduous forests on firm-ground, rain-forest",NA,,Insects,#N/A
,Pueraria montana,Kudzu Vine,Pueraria_montana,Kudzu Vine,species,Fabaceae,Pueraria,montana,NA,Accepted,http://www.tropicos.org/Name/13060017,Perennial Climber,Perennial Climber,Perennial Climber,NA,herb climber,Perennial,herbaceous,Pueraria,10,10.00  ,NA,Fast,"Cultivated, Wild","Bees, insects",10,,,,,,medium -  heavy (clay),No shade,Moist,10 ->  12,Yes,NA,#N/A,#N/A,#N/A,#N/A,#N/A,#N/A,,NO_FAO_GROUP,#N/A,NA,medicinal,Alim,"Flowers, leaves",4,5,3,alimmediother,"Although no specific mention has been found for this species, the leaves of the closely related Pueraria hirsuta (which might be no more than a synonym for this species) have barbed hairs and these can cause severe irritation[151 ].",pfaf.org,NA,Thickets and thin woods all over Japan[58 ].,"E. Asia - China, Japan, Korea, Myanmar, Thailand, Laos, Vietnam, Malaysia, Indonesia, Philippines. New Guinea,th the Solomon Islands and Vanuatu.",,"Bees, Insects",#N/A
,Pueraria phaseoloides,Tropical Kudzu,Kudzu,Tropical Kudzu,species,Fabaceae,Pueraria,phaseoloides,NA,Accepted,http://www.tropicos.org/Name/13048544,Climber,Climber,Climber,NA,herb climber,Perennial,herbaceous,Pueraria,NA,3.00  ,NA,Fast,"Cultivated, Wild",insects,3,,,,,,light (sandy) -medium -  heavy (clay),No shade,Moist,10 ->  12,Yes,NA,#N/A,#N/A,#N/A,#N/A,#N/A,Forage,,Forage,#N/A,Fodder,,,Fodder,2,1.66666666666667,4,mediother,None known,pfaf.org,NA,Found in broadleaved forests growing over rocks and into trees in the upper tropical and lower subtropical zones.,"E. Asia - Himalayas to China, Myanmar, Thailand, Malaysia, Laos, Cambodia and Vietnam.",,"Many pollinatorsd (Kar et Datta, 2017)",#N/A
,Punica granatum,"Pomegranate, Dwarf Pomegranate",Pomegranate,"Pomegranate, Dwarf Pomegranate",species,Lythraceae,Punica,granatum,NA,Accepted,http://www.tropicos.org/Name/26700001,Tree,Deciduous Tree,Deciduous Tree,Deciduous,Tree,Perennial,Woody,No,5,5.00  ,NA,Medium,"Cultivated, Ornamental, Wild",insects,5,1000,NA,20,NA,,light (sandy) -medium -  heavy (clay),No shade,Dry- Moist,08 ->  12,No,Pome fruit nes,Fruits,"Fruit, fresh nes",#N/A,#N/A,Spice,,,"Fruits, nuts, spices",Fruits,,medicinal,Alim,Woody Fruits ; medicinal,4,4,3,alimmediother,"Take recommended doses. Overdose symptoms include: gastric irritation, vomiting, dizziness, chills, vision disorders, collapse and death [301].",pfaf.org,LC - least concern,Dry limestone soils to 2700 metres in the Himalayas[51].,S.E. Europe to E. Asia - Himalayas.,,Insects,#N/A
,Pyrus communis,"Wild Pear, Common pear",Pear,"Wild Pear, Common pear",species,Rosaceae,Pyrus,communis,NA,Accepted,http://www.tropicos.org/Name/27800339,Tree,NA,Deciduous Tree,Deciduous,Tree,Perennial,Woody,No,13,NA,NA,Fast,Wild,"Bees, insects",13, NA, NA, NA, NA,,light (sandy) -medium -  heavy (clay),Semi-shade/full sun,Moist,04 -> 09,No,Pears,Fruits,#N/A,#N/A,#N/A,#N/A,,,"Fruits, nuts",#N/A,,,Alim,Woody Fruits,2,1,3,other,None known,pfaf.org,LC - least concern,"Hedges, woodland margins etc in Britain[17].",Europe. Naturalized in Britain[17].,,"Bees, Insects",#N/A
,Pyrus korshinskyi,NA,,#N/A,species,Rosaceae,Pyrus,korshinskyi,NA,Accepted,http://www.tropicos.org/Name/27804739,NA,Deciduous Tree,Deciduous Tree,Deciduous,Tree,Perennial,Woody,No,10,NA,NA,NULL,"Cultivated, Ornamental, Wild","Bees, insects",10, NA, NA, NA, NA,,NA,NA,NA,NA,NA,,#N/A,#N/A,#N/A,#N/A,#N/A,#N/A,,NO_FAO_GROUP,#N/A,NA,NA,Alim,Woody Fruits,"2,00","0,00","3,00",other,"Although no specific information has been seen for this plant, the seed  of many species in the family Rosaceae are likely to contain cyanogenic glycosides. When injested, these compounds break down in the digestive tract to release cyanide. Used in small quantities in both traditional and conventional medicine, this exceedingly poisonous compound has been shown to stimulate respiration, improve digestion, and promote a sense of well-being[238. It is also claimed by some to be of benefit in the treatment of cancer - though this claim has been largely refuted. In  larger concentrations, however, cyanide can cause gasping, weakness,  excitement, pupil dilation, spasms, convulsions, coma and respiratory failure leading to death[293]. The levels of toxin  can be detected by the level of bitterness:- sweet  almonds, for example, contain only very low levels of it and are safe to  eat in quantity, whilst bitter almonds (which are used as a flavouring in foods such as marzipan) contain much higher levels and should only be eaten in very small quantities. Great caution should be employed if the  taste is moderately to very bitter",NA,CR - critically endangered,"Dry slopes, shrub thickets, open forests, at elevations from 1,000 - 2,600 metres","W. Asia - Kyrgyzstan, Tajikistan, Uzbekistan, Afghanistan",,"Bees, Insects",#N/A
,pyrus pashia,,,Indian Wild Pear,species,Rosaceae,Pyrus,pashia,NA,NA,http://www.worldfloraonline.org/taxon/wfo-0000992562,,Deciduous Tree,Deciduous Tree,Deciduous,Tree,Perennial,Woody,No,9,NULL,NULL,character(0),"Cultivated, Ornamental, Wild","Bees, insects",9,TODO,TODO,TODO,TODO,,NA,NA,NA,04 -> 08,No,,#N/A,#N/A,#N/A,#N/A,#N/A,#N/A,,NO_FAO_GROUP,#N/A,,,,,3.0,1.5,2,alimmedi,None known,,LC - least concern,Shrubberies in the Himalayas to 2700 metres[51].,E. Asia - Afghanistan to W. China.,,"Bees, Insects",#N/A
,Pyrus pyraster,NA,,#N/A,species,Rosaceae,Pyrus,pyraster,NA,Accepted,http://www.tropicos.org/Name/50076981,Tree,NA,Deciduous Tree,Deciduous,Tree,Perennial,Woody,No,7,NA,NA,NULL,Wild,"Bees, insects",7, NA, NA, NA, NA,,light (sandy) -medium -  heavy (clay),Semi-shade/full sun,Moist,05 -> 09,No,,#N/A,#N/A,#N/A,#N/A,#N/A,#N/A,,NO_FAO_GROUP,#N/A,NA,NA,Alim,Woody Fruits,3,0,0,alim,None known,pfaf.org,NA,Thickets and open woods[50].,C. and S.W. Europe.,,"Bees, Insects",#N/A
,Pyrus pyrifolia,"Sand Pear, Chinese pear",Sand_pear,"Sand Pear, Chinese pear",species,Rosaceae,Pyrus,pyrifolia,NA,Accepted,http://www.tropicos.org/Name/27801132,Tree,NA,Deciduous Tree,Deciduous,tree,Perennial,Woody,No,10,NA,NA,NULL,Wild,insects,10, NA, NA, NA, NA,,light (sandy) -medium -  heavy (clay),Semi-shade/full sun,Moist,05 -> 09,No,Pears,Fruits,#N/A,#N/A,#N/A,#N/A,,,Fruits,#N/A,,,Alim,Woody Fruits,4,1,0,alim,None known,pfaf.org,NA,Warm rainy regions at elevations of 100 - 1400 metres in China[266]. Naturalized in low mountains and around villages in C. and S. Japan[58].,E. Asia - China.,,insects,#N/A
,Pyrus pyrifolia x Pyrus betulaefolia,"Sand Pear, Chinese pear",,"Sand Pear, Chinese pear",species,Rosaceae,Pyrus,pyrifolia,x Pyrus betulaefolia,Accepted,http://www.tropicos.org/Name/27801132,NA,Deciduous Tree,Deciduous Tree,Deciduous,Tree,Perennial,Woody,No,10,NA,NA,NA,Wild,insects,10, NA, NA, NA, NA,,NA,Semi shade/Full Sun,Moist,05 -> 09,NO,Pears,Fruits,#N/A,#N/A,#N/A,#N/A,,,Fruits,#N/A,,,Alim,Woody Fruits,"4,00","1,00","0,00",alim,None known,NA,NA,Warm rainy regions at elevations of 100 - 1400 metres in China[266]. Naturalized in low mountains and around villages in C. and S. Japan[58].,E. Asia - China.,,insects,#N/A
,Pyrus sp.,NA,,#N/A,genus,Rosaceae,Pyrus,NA,sp.,Accepted,http://www.tropicos.org/Name/40021515,NA,NA,Deciduous Tree,Deciduous,Tree,Perennial,Woody,No,NULL,NA,NA,NULL,Cultivated,NA,NULL, NA, NA, NA, NA,,NA,NA,NA,NA,NA,,#N/A,#N/A,#N/A,#N/A,#N/A,#N/A,,NO_FAO_GROUP,#N/A,NA,NA,Alim,Woody Fruits,NA,NA,NA,alimmediother,NA,NA,NA,NA,NA,,NA,#N/A
,Quercus bicolor,Swamp White Oak,,Swamp White Oak,species,Fagaceae,Quercus,bicolor,NA,Accepted,http://www.tropicos.org/Name/13100038,Tree,NA,Deciduous Tree,Deciduous,tree,Perennial,Woody,No,25,NA,NA,Medium,"Ornamental, Wild",Wind,25, NA, NA, NA, NA,,medium -  heavy (clay),Semi-shade/full sun,Moist -Wet,04->08,No,NA,#N/A,#N/A,#N/A,Timber,#N/A,,,Timber,#N/A,Timber,,Alim,"Woody seed, Timber",4,2,3,alimother,None known,pfaf.org,LC - least concern,"Bottomlands, stream margins and swamps[43]. Tolerant of poorly drained sites, it is frequently found in heavy mucky soils[229].","Eastern N. America - Quebec to Minnesota, Georgia and Arkansas.",,Wind,#N/A
,Quercus coccifera,Kermes Oak,,Kermes Oak,species,Fagaceae,Quercus,coccifera,NA,Accepted,https://wcvp.science.kew.org/taxon/295963-1,Shrub,NA,Evergreen Shrub,Evergreen,Shrub,Perennial,Woody,No,4,NA,NA,NULL,Wild,Wind,4, NA, NA, NA, NA,,medium -  heavy (clay),Semi-shade/full sun,Moist,05 -> 09,No,NA,#N/A,#N/A,#N/A,#N/A,#N/A,#N/A,,NO_FAO_GROUP,#N/A,NA,NA,NA,NA,3,2,3,alimother,None known,pfaf.org,LC - least concern,Dry places on limestone and siliceous rocks[89].,Europe - Mediterranean.,,Wind,#N/A
Only control species,quercus germana,,,,,Fagaceae,Quercus,germana,,,,,,NA,,Trees/shrubs,Perennial,Woody,No,,,,,,,,,,,,,,,,,,,#N/A,#N/A,#N/A,#N/A,#N/A,#N/A,,,#N/A,,,,,,,,,,,LC - least concern,,,,,
Only control species,quercus laurina,,,,,Fagaceae,Quercus,laurina,,,,,,Deciduous Tree,Deciduous,Tree,Perennial,Woody,No,,,,,Wild,Wind,20,,,,,,,,,,,,#N/A,#N/A,#N/A,#N/A,#N/A,#N/A,,,#N/A,,,,,1,2,2,,,,LC - least concern,,,,,
,quercus leucotrichophora,,,,species,Fagaceae,Quercus,leucotrichophora,NA,NA,http://www.worldfloraonline.org/taxon/wfo-0000291678,,NA,Deciduous Tree,Deciduous,Tree,Perennial,Woody,No,25,15,NA,NA,NA,NA,25,TODO,TODO,TODO,TODO,,medium (loamy) and heavy (clay) soils,Semi-shade; no-shade,Dry or moist soil,07 -> 12,No,,#N/A,#N/A,#N/A,#N/A,#N/A,#N/A,,NO_FAO_GROUP,#N/A,,,,,2.0,2.0,3,alimmediother,None known,,NA,"Forests where it is usually gregarious and common, 1200 - 2400 metres[51]. Prefers rather dry hillsides[146].",E. Asia - Himalayas from Pakistan to C. Nepal.,,NA,#N/A
,Quercus macrocarpa,"Burr Oak, Mossy Cup Oak",,"Burr Oak, Mossy Cup Oak",species,Fagaceae,Quercus,macrocarpa,NA,Accepted,http://www.tropicos.org/Name/13100002,Tree,NA,Deciduous Tree,Deciduous,tree,Perennial,Woody,No,15,NA,NA,Slow,Wild,Wind,15, NA, NA, NA, NA,,medium -  heavy (clay),Semi-shade/full sun,Dry- Moist,03->08,No,NA,#N/A,#N/A,#N/A,Timber,#N/A,,,Timber,#N/A,Timber,,,Timber mainly,3,2,4,alimother,None known,pfaf.org,LC - least concern,"Found in a variety of habitats from dry hillsides to moist bottomlands, rich woods and fertile slopes, mainly on limestone soils[43, 229].","Eastern N. America - Nova Scotia to Manitoba, Wyoming, Massachusetts, Georgia, Kansas and Texas.",,Wind,#N/A
,Quercus palustris,"Pin Oak, Swamp Oak",,"Pin Oak, Swamp Oak",species,Fagaceae,Quercus,palustris,NA,Accepted,http://www.tropicos.org/Name/13100212,Tree,NA,Deciduous Tree,Deciduous,tree,Perennial,Woody,No,25,NA,NA,Fast,"Cultivated, Ornamental, Wild",Wind,25, NA, NA, NA, NA,,medium -  heavy (clay),Semi-shade/full sun,Moist,04->08,No,NA,#N/A,#N/A,#N/A,Timber,#N/A,,,Timber,#N/A,Timber,,,Woody shoot,3,2,2,alim,None known,pfaf.org,LC - least concern,"Deep rich soils[227, 229] in swampy woods and bottoms at low elevations[43]. Often found in wet, poorly drained claypan soils typical of floodplains, tolerating short periods of spring flooding[229].","North-eastern and Central N. America - Massachusetts to Michigan, Virginia and Arkansas.",,wind,#N/A
,Quercus petraea,"Sessile Oak, Durmast oak",,"Sessile Oak, Durmast oak",species,Fagaceae,Quercus,petraea,NA,Accepted,http://www.tropicos.org/Name/13100437,Tree,NA,Deciduous Tree,Deciduous,tree,Perennial,Woody,No,40,NA,NA,Slow,"Cultivated, Ornamental, Semi-cultivated, Wild",Wind,40, NA, NA, NA, NA,,medium -  heavy (clay),Semi-shade/full sun,Moist -Wet,05->08,No,NA,#N/A,#N/A,#N/A,Timber,#N/A,,,Timber,#N/A,Timber,,,Woody shoot,2,3,2,medi,None known,pfaf.org,LC - least concern,"Woods, especially on acid soils and in the western part of Britain, where it is often dominant[17].","Europe, including Britain, from Norway south and east to Spain, S.W. Russia and Greece.",,wind,#N/A
,Quercus rubra,"Red Oak, Northern red oak",,"Red Oak, Northern red oak",species,Fagaceae,Quercus,rubra,NA,Accepted,http://www.tropicos.org/Name/13100118,Tree,NA,Deciduous Tree,Deciduous,tree,Perennial,Woody,No,25,NA,NA,Fast,"Cultivated, Ornamental, Wild",Wind,25, NA, NA, NA, NA,,medium -  heavy (clay),Semi-shade/full sun,Dry- Moist,03->07,No,NA,#N/A,#N/A,#N/A,Timber,#N/A,,,Timber,#N/A,Timber,,Alim,"Woody shoot, seeds",3,2,3,alimother,None known,pfaf.org,LC - least concern,"Dry or upland woods[43]. Found in a variety of soils, it grows best in those that are deep and fine textured, and the largest trees are found in protected ravines or on sheltered slopes[229].","Eastern N. America - Nova Scotia to Georgia, west to Oklahoma and Minnesota.",,Wind,#N/A
,Quercus serrata,Bao li,,Bao li,species,Fagaceae,Quercus,serrata,NA,Accepted,http://www.tropicos.org/Name/13101356,Tree,Evergreen Tree,Evergreen Tree,Evergreen,tree,Perennial,Woody,No,15,25.00  ,NA,NULL,Wild,Wind,25, NA, NA, NA, NA,,medium -  heavy (clay),Semi-shade/full sun,Moist,04->08,No,NA,#N/A,#N/A,#N/A,#N/A,#N/A,#N/A,,NO_FAO_GROUP,#N/A,NA,NA,NA,NA,2,0.666666666666667,3,mediother,None known,pfaf.org,LC - least concern,Deciduous forests below 100 - 2000 metres[266].,"E. Asia - China, Japan, Korea, Himalayas.",,wind (ferns),#N/A
Only control species,quercus spp.,,,,,Fagaceae,Quercus,,spp.,,,,,NA,,Trees/shrubs,Perennial,Woody,No,,,,,,,,,,,,,,,,,,,#N/A,#N/A,#N/A,#N/A,#N/A,#N/A,,,#N/A,,,,,,,,,,,NA,,,,,
Only control species,quercus xalapensis,,,,,Fagaceae,Quercus,xalapensis,,,,,,Deciduous Tree,Deciduous/evergreen,Tree/shrub,Perennial,Woody,No,,,,,Wild,,5,,,,,,,,,,,,#N/A,#N/A,#N/A,#N/A,#N/A,#N/A,,,#N/A,,,,,1,2,3,other,,,LC - least concern,,,,,
Only control species,randia armata,,,,,Rubiaceae,Randia,armata,,,,,,Deciduous Tree,Deciduous,Tree,Perennial,Woody,No,,,,,,,,,,,,,,,,,,,#N/A,#N/A,#N/A,#N/A,#N/A,#N/A,,,#N/A,,,,,1,0,2,,,,LC - least concern,,,,,
,Rapanea ferruginea,NA,,#N/A,species,Primulaceae,Rapanea,ferruginea,NA,Synonym,http://www.tropicos.org/Name/22000764,NA,Evergreen Tree,Evergreen Tree,Evergreen,Tree,Perennial,Woody,No,NULL,9.00  ,NA,NULL,Wild,NA,9, NA, NA, NA, NA,,NA,NA,NA,NA,NA,,#N/A,#N/A,#N/A,#N/A,#N/A,#N/A,,NO_FAO_GROUP,#N/A,NA,NA,NA,NA,0,0,2,,NA,NA,NA,NA,NA,,NA,#N/A
,Raphanus sativus,"Radish, Cultivated radish",,"Radish, Cultivated radish",species,Brassicaceae,Raphanus,sativus,NA,Accepted,http://www.tropicos.org/Name/4100238,Annual,Annual,Annual,herbaceous,herb,Annual,herbaceous,No,"0,5",0.45  ,NA,Fast,Cultivated,"Bees, Flies",0.45,,,,,,light (sandy) -medium -  heavy (clay),Semi-shade/full sun,Moist,02 -> 11,Yes,Spices nes,Spices,#N/A,#N/A,#N/A,#N/A,,,Vegetables,Vegetable,,,Alim,vegetables,4,3,2.33333333333333,alimmediother,"The Japanese radishes have higher concentrations of glucosinolate, a substance that acts against the thyroid gland. It is probably best to remove the skin[160].",pfaf.org,NA,Not known in the wild.,A plant of cultivation. the origin of which is obscure. It probably arose through cultivation.,,"Bees, flies",#N/A
,ratibida pinnata,,,"pinnate prairie coneflowergray-head coneflower, yellow coneflower, and prairie coneflower.",species,Asteraceae,Ratibida,pinnata,NA,Accepted,http://www.worldfloraonline.org/taxon/wfo-0000121004,,perennial,Perennial,herb,herb,Perennial,herbaceous,No,NULL,NA,NA,NA,NA,NA,1,TODO,TODO,TODO,TODO,,NA,NA,NA,NA,NA,,#N/A,#N/A,#N/A,#N/A,#N/A,#N/A,,NO_FAO_GROUP,#N/A,,,,,NaN,NaN,NA,alimmediother,NA,,NA,NA,native to the central and eastern United States and Ontario in Canada.[3][1],,NA,#N/A
,Rauvolfia verticillata,NA,,#N/A,species,Apocynaceae,Rauvolfia,verticillata,NA,Accepted,http://www.tropicos.org/Name/1800041,NA,Shrub,Evergreen Shrub,Evergreen,Shrub,Perennial,Woody,No,NULL,3.00  ,NA,NULL,Wild,NA,3, NA, NA, NA, NA,,NA,NA,NA,NA,NA,,#N/A,#N/A,#N/A,#N/A,#N/A,#N/A,,NO_FAO_GROUP,#N/A,NA,NA,NA,NA,0,2,0,,NA,NA,NA,NA,NA,,NA,#N/A
,Retrophyllum rospigliosii,NA,,#N/A,species,Podocarpaceae,Retrophyllum,rospigliosii,NA,Accepted,http://www.tropicos.org/Name/50216037,NA,Evergreen Tree,Evergreen Tree,Evergreen,Tree,Perennial,Woody,No,NULL,25.00  ,NA,NULL,Wild,NA,25, NA, NA, NA, NA,,NA,NA,NA,NA,NA,,#N/A,#N/A,#N/A,#N/A,#N/A,#N/A,,NO_FAO_GROUP,#N/A,NA,NA,NA,NA,0,0,3,other,NA,NA,VU - vulnerable,NA,NA,,NA,#N/A
,Reutealis trisperma,"Otaheite Walnut, Lumbang Tree",,"Otaheite Walnut, Lumbang Tree",NA,NA,NA,NA,NA,NA,NA,Tree,Evergreen Tree,Evergreen Tree,Evergreen,tree,Perennial,Woody,No,12,12.00  ,NA,Fast,"Cultivated, Wild",insects,12, NA, NA, NA, NA,,light (sandy) -medium -  heavy (clay),No shade,Moist,09 ->  12,NA,Walnuts,Nuts,#N/A,#N/A,#N/A,#N/A,,,Nuts,#N/A,Other,,,Woody nuts,0,2,4,other,"The fruit is poisonous[372 ]. The kernels, when fresh, have a pleasant nutty flavour, but leave a burning sensation in mouth, throat, oesophagus and stomach",pfaf.org,VU - vulnerable,NA,NA,,"insects (Indriati1 et al, 2022)",#N/A
Only control species,rheedia edulis,,,,,Clusiaceae,Rheedia,edulis,,Synonym,,,,Evergreen Tree,Evergreen,Tree,Perennial,Woody,No,,,,,,,,,,,,,,,,,,,#N/A,#N/A,#N/A,#N/A,#N/A,#N/A,,,#N/A,,,,,3,0,2,alim,,,NA,,,,,
,rheedia macrophylla,,,#N/A,species,Clusiaceae,Garcinia,macrophylla,NA,Accepted,http://www.tropicos.org/Name/7800805,NA,Evergreen Tree,Evergreen Tree,Evergreen,Tree,Perennial,Woody,No,NULL,12.00  ,NA,NULL,"Cultivated, Wild",bees,12,NA,NA,NA,NA,,NA,NA,NA,NA,NA,,#N/A,#N/A,#N/A,#N/A,#N/A,#N/A,,NO_FAO_GROUP,#N/A,NA,NA,NA,NA,3,2,2,alim,NA,NA,LC - least concern,NA,NA,,"Bees (Paz et al., 2021)",#N/A
Only control species,rhynchanthus longiflorus,,,,,Zingiberaceae,Rhynchanthus,longiflorus,,,,,,NA,herb,herb,NA,epiphyte,No,,,,,,,,,,,,,,,,,,,#N/A,#N/A,#N/A,#N/A,#N/A,#N/A,,,#N/A,,,,,,,,,,,NA,,,,,
,Ribes x nidigrolaria,Jostaberry,,Jostaberry,species,Grossulariaceae,Ribes,nidigrolaria,NA,Accepted,https://wcvp.science.kew.org/taxon/939018-1,NA,deciduous Shrub,Deciduous Shrub,Deciduous,Shrub,Perennial,Woody,No,"1,8",NA,NA,NA,Cultivated,insects,1.8, NA, NA, NA, NA,,NA,Semi shade/Full Sun,Moist,05 -> 09,NO,Jostaberry,#N/A,#N/A,#N/A,#N/A,#N/A,#N/A,,NO_FAO_GROUP,#N/A,,,Alim,Woody Fruits,"5,00","0,00","0,00",alim,None known,NA,NA,Not known in the wild.,A range of garden hybrids.,,"insect, self",#N/A
,Ricinodendron heudelotii,"Manketti nut, Zambezi almond, African oil-nut-tree",,"Manketti nut, Zambezi almond, African oil-nut-tree",species,Euphorbiaceae,Ricinodendron,heudelotii,NA,Accepted,http://www.tropicos.org/Name/12804267,Tree,Deciduous Tree,Deciduous Tree,Deciduous,tree,Perennial,Woody,No,40,40.00  ,NA,Fast,"Cultivated, Ornamental, Semi-cultivated, Wild",NA,40, NA, NA, NA, NA,,light (sandy) -medium,No shade,Moist,10 ->  12,No,Nuts nes,Nuts,#N/A,#N/A,Timber,#N/A,,,Timber,#N/A,Timber,,,Timber mainly,3,3,4,alimmediother,None known,pfaf.org,LC - least concern,"Fringing, deciduous and secondary forests, common throughout the semi-dry wooded-savannah zone[332 ]. Rain forests, but is typical of the more open, secondary formations and is common on abandoned farmland[299 , 316 ].","Tropical Africa - Senegal to Sudan and Kenya, south to Angola and Mozambique.",,NA,#N/A
,Ricinus communis,"Castor-Oil Plant, Castorbean, Palma Christi, Wonder Tree, Castor Oil Plant",,"Castor-Oil Plant, Castorbean, Palma Christi, Wonder Tree, Castor Oil Plant",species,Euphorbiaceae,Ricinus,communis,NA,Accepted,http://www.tropicos.org/Name/12800093,Shrub,Evergreen Shrub,Evergreen Shrub,Evergreen,Shrub,Perennial,Woody,No,"1,5",1.50  ,NA,Fast,"Cultivated, Ornamental, Wild",Wind,1.5, NA, NA, NA, NA,,light (sandy) -medium -  heavy (clay),No shade,Moist,10-> 11,Yes,Castor Beans,Oil crops,Castor bean,#N/A,#N/A,#N/A,,,"Fruits, oil crop",Oil,,medicinal,Alim,Woody Fruits,1,4,3.66666666666667,mediother,"The whole plant is very poisonous[10, 19, 20], even one seed has been known to be lethal to children[65, 76, 200]. The seedcoat contains an extremely lethal poison that was once used by the KGB to dispose of their enemies[260]. The leaves are only mildly poisonous[76]. The toxic principle is water-soluble so is not found in the oil[76]. Abdominal discomfort, cramping, nausea, loss of fluid and electrolytes. Possible allergens present. Do not use during pregnancy as may induce premature labour and miscarriage [301].",pfaf.org,NA,Not known in a truly wild situation.,Africa? Original habitat is obscure. Naturalized in S. and S.C. Europe.,,Wind,#N/A
Only control species,rinorea squamata,,,,,Violaceae,Rinorea,squamata,,,,,,NA,,Tree,Perennial,Woody,No,,,,,,,,,,,,,,,,,,,#N/A,#N/A,#N/A,#N/A,#N/A,#N/A,,,#N/A,,,,,,,,,,,LC - least concern,,,,,
,Robinia pseudoacacia,"Black Locust, Yellow Locust",,"Black Locust, Yellow Locust",species,Fabaceae,Robinia,pseudoacacia,NA,Accepted,http://www.tropicos.org/Name/13032749,Tree,NA,Deciduous Tree,Deciduous,tree,Perennial,Woody,Robinia,25,NA,NA,Fast,"Ornamental, Wild","Bees, Insects, Humming birds",25,1000,1500,-35,40,,light (sandy) -medium -  heavy (clay),No shade,Dry- Moist,04 -> 09,Yes,NA,#N/A,#N/A,#N/A,Timber,#N/A,,,Timber,#N/A,Timber,,,Timber mainly,3,2,4,alimother,"All parts of the plant (except the flowers) and especially the bark, should be considered to be toxic[4, 65, 76]. The toxins are destroyed by heat[65].",pfaf.org,LC - least concern,"Woods and thickets[43], especially in deep well-drained calcareous soils[149].",Eastern N. America - Appalachian and Ozark mountain ranges. Naturalized in Britain[17].,,"Bees, Insects, Humming birds",#N/A
,Rosa sp.,Rose,Rose,Rose,genus,Rosaceae,Rosa,NA,sp.,Accepted,http://www.tropicos.org/Name/40026937,NA,NA,Deciduous Tree,Deciduous,Tree,Perennial,Woody,No,NULL,NA,NA,NULL,NA,NA,2, NA, NA, NA, NA,,NA,NA,NA,NA,NA,,#N/A,,#N/A,#N/A,#N/A,,,NO_FAO_GROUP,#N/A,NA,NA,NA,NA,NA,NA,NA,alimmediother,NA,NA,NA,NA,NA,,NA,#N/A
Only control species,rosa spp.,,,,,Rosaceae,Rosa,,spp.,,,,,NA,,herb,Annual,herbaceous,No,,,,,,,,,,,,,,,,,,,#N/A,#N/A,#N/A,#N/A,#N/A,#N/A,,,#N/A,,,,,,,,,,,NA,,,,,
,Rosmarinus officinalis,Rosemary,,Rosemary,species,Lamiaceae,Rosmarinus,officinalis,NA,Synonym,http://www.tropicos.org/Name/17600561,Shrub,NA,Evergreen Shrub,Evergreen,Shrub,Perennial,Woody,No,"1,5",NA,NA,Medium,Wild,bees,18, NA, NA, NA, NA,,light (sandy) -medium,No shade,Dry- Moist,06-> 11,No,Spices nes,Spices,#N/A,#N/A,#N/A,"Spice, Essential oil",,,spices,Herbs and spices,Other,,Alim,Leaves,3,3,4,alimmediother,"Products containing rosemary oil may cause erythema (redness) of the skin. Caution needed if allergies. Reportedly used as an abortifacient in large quantities but can lead to deep coma, spasm and vomiting and even death [301].",pfaf.org,NA,"Dry scrub and rocky places, especially near the sea[50, 132].",S. Europe to W. Asia.,,Bees,#N/A
Only control species,roupala montana,,,,,Proteaceae,Roupala,montana,,,,,,Deciduous Tree,Deciduous,Tree,Perennial,Woody,No,,,,Medium,Wild,,15,,,,,,,,,NA,,,#N/A,#N/A,#N/A,Timber,#N/A,#N/A,,,#N/A,Timber,,,,0,2,4,other,,,LC - least concern,,,,,
,Rubus corchorifolius,"Fingerberry, Brombeere, Jute-leaved raspberry,",,"Fingerberry, Brombeere, Jute-leaved raspberry,",species,Rosaceae,Rubus,corchorifolius,NA,Accepted,http://www.tropicos.org/Name/27807684,Shrub,NA,Deciduous Shrub,Deciduous,Shrub,Perennial,Woody,No,"1,5",NA,NA,NULL,"Ornamental, Wild",insects,2, NA, NA, NA, NA,,light (sandy) -medium -  heavy (clay),Semi-shade/full sun,Moist,05 -> 09,No,"Berries nes (excluding subset blackberries, mulberries and loganberries)",Fruits,#N/A,#N/A,#N/A,#N/A,,,"Fruits, nuts",#N/A,,,Alim,Woody Fruits,3,0,1,alim,None known,pfaf.org,NA,"Thickets to 1200 metres in W. China[109]. Sunny slopes, streamsides, montane valleys, thickets and waste places at elevations of 200 - 2600 metres[266].","E. Asia - China, N. Japan.",,insects,#N/A
,Rubus idaeus,"Raspberry, American red raspberry, Grayleaf red raspberry",Raspberry,"Raspberry, American red raspberry, Grayleaf red raspberry",species,Rosaceae,Rubus,idaeus,NA,Accepted,http://www.tropicos.org/Name/27800177,Shrub,NA,Deciduous Shrub,Deciduous,Shrub,Perennial,Woody,No,2,NA,NA,Medium,Wild,"Bees, Flies",2, NA, NA, NA, NA,,light (sandy) -medium -  heavy (clay),Semi-shade/full sun,Moist,04->08,No,Raspberries,Fruits,Raspberries,#N/A,#N/A,#N/A,,,"Fruits, nuts",Fruits,,,Alim,Woody Fruits,5,3,3,alimmediother,None known,pfaf.org,NA,"Moist neglected land, hedgerows and woodland edges[7, 11, 244].","Europe, including Britain, from Iceland south and east to Spain and temperate Asia.",,"Bees, Flies, Self",#N/A
,Rubus spp.,NA,,#N/A,genus,Rosaceae,Rubus,NA,spp.,Accepted,http://www.tropicos.org/Name/40027499,NA,NA,Evergreen Shrub,Evergreen,Shrub,Perennial,Woody,No,NULL,NA,NA,NULL,NA,NA,NULL, NA, NA, NA, NA,,NA,NA,NA,NA,NA,,#N/A,#N/A,#N/A,#N/A,#N/A,,,"Fruits, nuts",#N/A,,,Alim,Woody Fruits,NA,NA,NA,alimmediother,NA,NA,NA,NA,NA,,NA,#N/A
,Sabal mexicana,"Mexican Palmetto, Rio Grande palmetto, Texas Palmetto",,"Mexican Palmetto, Rio Grande palmetto, Texas Palmetto",species,Arecaceae,Sabal,mexicana,NA,Accepted,http://www.tropicos.org/Name/2400612,Tree,Evergreen Tree,Evergreen Tree,Evergreen,tree,Perennial,Woody,No,10,10.00  ,NA,Slow,"Cultivated, Ornamental, Wild",bees,10, NA, NA, NA, NA,,light (sandy) -medium -  heavy (clay),No shade,Moist,08-> 11,No,NA,#N/A,#N/A,#N/A,#N/A,#N/A,#N/A,,NO_FAO_GROUP,#N/A,NA,NA,NA,NA,2,0,3,other,None known,pfaf.org,LC - least concern,"Mesic hammocks, floodplains, levees, river banks and swamps from sea level to 50 metres[270]. Rich soil of the bottom lands near the coast[82].",Southern N. America - Texas to Mexico and Guatemala.,,Bees,#N/A
,Salacia impressifolia,NA,,#N/A,species,Celastraceae,Salacia,impressifolia,NA,Accepted,http://www.tropicos.org/Name/15600175,"Arbusto, liana",NA,Tree,NA,"liane, Tree",Perennial,Woody,No,NULL,NA,NA,NULL,Wild,NA,12, NA, NA, NA, NA,,NA,NA,NA,NA,NA,,#N/A,#N/A,#N/A,#N/A,#N/A,#N/A,,NO_FAO_GROUP,#N/A,NA,NA,Alim,Other?,NA,NA,NA,alimmediother,NA,NA,LC - least concern,NA,NA,,NA,#N/A
,Salix bebbiana,"Beak Willow, Bebb Willow",,"Beak Willow, Bebb Willow",species,Salicaceae,Salix,bebbiana,NA,Accepted,http://www.tropicos.org/Name/28300022,NA,Deciduous Shrub,Deciduous Shrub,Deciduous,Shrub,Perennial,Woody,No,7,NA,NA,Fast,"Ornamental, Wild","Bees, insects",7, NA, NA, NA, NA,,NA,NA,NA,03 -> 07,NA,NA,#N/A,#N/A,#N/A,#N/A,#N/A,#N/A,,NO_FAO_GROUP,#N/A,NA,NA,NA,NA,"0,00","2,00","3,00",other,None known,NA,LC - least concern,"Forest-tundra[74]. Moist rich soils along streams, lakes and swamps, but also forming dense thickets in open meadows[229]. Found at elevations up to 3,000 metres[229].","N. America - Alaska to Nunavut, south to California, Illinois and Maryland; Eurasia - Scandanavia, through European Russia to Kazakhstan; east Siberia",,"Bees, Insects",#N/A
,Salix discolor,NA,,#N/A,species,Salicaceae,Salix,discolor,NA,Accepted,http://www.tropicos.org/Name/28300033,NA,Deciduous Shrub,Deciduous Shrub,Deciduous,Shrub,Perennial,Woody,No,4,NA,NA,NULL,"Ornamental, Wild","Bees, Insects, Wind",4, NA, NA, NA, NA,,NA,NA,NA,NA,NA,,#N/A,#N/A,#N/A,#N/A,#N/A,#N/A,,NO_FAO_GROUP,#N/A,NA,NA,NA,NA,"1,00","2,00","2,00",,None known,NA,LC - least concern,"Marshy margins of ponds, streams, and open alluvial woods, fens, seepage  areas, and peaty substrates; at elevations to over 2,000 metres","Northern and central N. America - British Colombia and Northwest Territories, east to Newfoundland, south to Colorado, Missouri and North Carolina",,"Bees, Insects, Wind",#N/A
,Salvia lavandulifolia,Spanish Sage,,Spanish Sage,species,Lamiaceae,Salvia,lavandulifolia,NA,Synonym,http://www.tropicos.org/Name/17600592,Shrub,NA,Evergreen Shrub,Evergreen,Shrub,Perennial,Woody,No,"0,3",NA,NA,NULL,"Cultivated, Ornamental, Wild",insects,0.3, NA, NA, NA, NA,,light (sandy) -medium,No shade,Dry- Moist,04->08,No,Spices nes,Spices,#N/A,#N/A,#N/A,Essential oil,,,spices,#N/A,,,Alim,Woody leaves,2,3,2,medi,None known,pfaf.org,LC - least concern,Dry hills and slopes amongst bushes.,S.W. Europe - Spain.,,insects,#N/A
,Salvia officinalis,"Sage, Kitchen sage, Small Leaf Sage, Garden Sage",Sage,"Sage, Kitchen sage, Small Leaf Sage, Garden Sage",species,Lamiaceae,Salvia,officinalis,NA,Accepted,http://www.tropicos.org/Name/17600600,Shrub,Evergreen Shrub,Evergreen Shrub,Evergreen,Shrub,Perennial,Woody,No,"0,6",0.60  ,NA,Medium,"Cultivated, Ornamental, Wild",bees,0.6, NA, NA, NA, NA,,light (sandy) -medium,No shade,Dry- Moist,05 -> 10,No,Spices nes,Spices,#N/A,#N/A,#N/A,"Spice, Essential oil",,,spices,#N/A,,medicinal,Alim,Leaves,3.33333333333333,5,3.66666666666667,alimmediother,"The plant can be toxic when used in excess or when taken for extended periods[238] symptoms include: restlessness, vomiting, vertigo, tremors, seizures. Contraindicated during pregnancy. Avoid if predisposed to convulsions [301].",pfaf.org,LC - least concern,"Dry banks and stony places[100], usually in limestone areas and often where there is very little soil[4].",S. Europe.,,Bees,#N/A
,Samanea saman,"Rain Tree, False Powder Puff, Monkey Pod",,"Rain Tree, False Powder Puff, Monkey Pod",NA,NA,NA,NA,NA,NA,NA,Tree,Deciduous Tree,Deciduous Tree,Deciduous,tree,Perennial,Woody,No,20,25.00  ,NA,Fast,"Cultivated, Ornamental, Wild","Bees, Lepidoptera",25,600,3000,20,35,,light (sandy) -medium -  heavy (clay),Semi-shade/full sun,Dry- Moist - Wet,10 ->  12,NA,NA,#N/A,#N/A,#N/A,#N/A,#N/A,#N/A,Ecocrop,Timber,#N/A,Other,,,Other?,3,2,4,alimother,Parts of plant are poisonous if ingested Handling plant may cause skin irritation or allergic reaction,pfaf.org,LC - least concern,"Dry lowland grassland, coastal bushland and forest[307 ].","Northern S. America - Colombia, Venezuela",,"Bees, Lepidoptera",#N/A
,Sambucus ebulus,"Dwarf Elder, Dwarf elderberry",,"Dwarf Elder, Dwarf elderberry",species,Viburnaceae,Sambucus,ebulus,NA,Accepted,http://www.tropicos.org/Name/6000021,Perennial,NA,"Perennial, not climbing",NA,herb,Perennial,herbaceous,No,"1,2",NA,NA,Fast,Wild,"Bees, Flies, Beetles",2,,,,,,light (sandy) -medium -  heavy (clay),Semi-shade/full sun,Moist,04->08,No,NA,#N/A,#N/A,#N/A,#N/A,#N/A,#N/A,,NO_FAO_GROUP,#N/A,NA,NA,NA,NA,1,2,3,other,"Although no specific mention has been seen for this species, the leaves and stems of some, if not all, members of this genus are poisonous[9, 76]. The fruit of this species has been known to cause stomach upsets to some people. Any toxin the fruit might contain is liable to be of very low toxicity and is destroyed when the fruit is cooked[65, 76].",pfaf.org,NA,"Waste ground, woods, hedgerows and scrub. especially on calcareous soils[7, 13].","Europe, including Britain, from the Netherlands south and east to the Mediterranean and Himalayas.",,"Bees, Flies, Beetles, Self",#N/A
,Sambucus mexicana,Mexican Elder,,Mexican Elder,species,Viburnaceae,Sambucus,mexicana,NA,Accepted,https://wcvp.science.kew.org/taxon/227173-2,Shrub,NA,Deciduous Shrub,Deciduous,Shrub,Perennial,Woody,No,1,NA,NA,NULL,Wild,insects,1, NA, NA, NA, NA,,light (sandy) -medium -  heavy (clay),Semi-shade/full sun,Moist,03 -> 09,No,NA,#N/A,#N/A,#N/A,#N/A,#N/A,#N/A,,NO_FAO_GROUP,#N/A,NA,NA,NA,NA,2,1.66666666666667,2.66666666666667,mediother,"Although no specific mention has been seen for this species, the leaves and stems of some, if not all, members of this genus are poisonous[9, 76]. The fruit of many species (although no records have been seen for this species) has been known to cause stomach upsets to some people. Any toxin the fruit might contain is liable to be of very low toxicity and is destroyed when the fruit is cooked[65, 76].",pfaf.org,NA,"Open flats and cismontane valleys and canyons below 1850 metres in California[71]. Oak forests along streams and ditches, 1800 - 3000 metres in Mexico[181].","South-western N. America - California to New Mexico, south to Mexico.",,Insects,#N/A
,Sambucus nigra,"Elderberry - European Elder, Black elderberry, American black elderberry, Blue elderberry, Europea",Elderberry,"Elderberry - European Elder, Black elderberry, American black elderberry, Blue elderberry, Europea",species,Viburnaceae,Sambucus,nigra,NA,Accepted,http://www.tropicos.org/Name/6000026,Shrub,NA,Deciduous Shrub,Deciduous,Shrub,Perennial,Woody,No,6,NA,NA,Fast,Wild,Flies,6, NA, NA, NA, NA,,light (sandy) -medium -  heavy (clay),Semi-shade/full sun,Moist,05 -> 10,No,NA,#N/A,"Fruit, fresh nes",#N/A,#N/A,Spice,,,spices,#N/A,Other,,Alim,"Woody Fruits,; other",4,3,5,alimmediother,"The leaves and stems are poisonous[9, 76]. The fruit of many species (although no records have been seen for this species) has been known to cause stomach upsets to some people. Any toxin the fruit might contain is liable to be of very low toxicity and is destroyed when the fruit is cooked[65, 76].",pfaf.org,LC - least concern,"Hedgerows, scrub, woods, roadsides, waste places etc, especially on disturbed base-rich and nitrogen rich soils[9, 17].","Europe, including Britain, from Scandanavia south and east to N. Africa and W. Asia.",,Flies,#N/A
,Sapindus saponaria,"Soapberry, Wild Chinaberry, Florida Soap Berry, Soap Nut, Soap Tree",,"Soapberry, Wild Chinaberry, Florida Soap Berry, Soap Nut, Soap Tree",NA,NA,NA,NA,NA,NA,NA,Tree,Evergreen Tree,Evergreen Tree,Evergreen,tree,Perennial,Woody,No,10,10.00  ,NA,Medium,"Cultivated, Ornamental, Wild",insects,10, NA, NA, NA, NA,,light (sandy) -medium -  heavy (clay),No shade,Dry- Moist,10 ->  12,NA,"Berries nes (excluding subset blackberries, mulberries and loganberries)",Fruits,#N/A,#N/A,#N/A,#N/A,,,Fruits,#N/A,Other,,Alim,Woody Fruits,0,2,4,other,"The seeds are toxic[307 ]. They are used as a fish poison[331 ]. The fruits and the seeds contain up to 30% emulsifying saponins[307 , 348 ]. Although poisonous, saponins are poorly absorbed by the human body and so most pass through without harm. Saponins are quite bitter and can be found in many common foods such as some beans. They can be removed by carefully leaching in running water. Thorough cooking, and perhaps changing the cooking water once, will also normally remove most of them. However, it is not advisable to eat large quantities of food that contain saponins. Saponins are much more toxic to some creatures, such as fish, and hunting tribes have traditionally put large quantities of them in streams, lakes etc in order to stupefy or kill the fish[K ]. (Parts of plant are poisonous if ingested)",pfaf.org,LC - least concern,"Moist or dry thickets and open forest[200 ]. Dry, coastal, limestone thickets[307 ].","S. America - Argentina, Paraguay, Brazil, Bolivia, Peru, Colombia, Venezuela, Surinam",,"insects (Silva , 2023)",#N/A
,Sapodilla sapote,NA,,#N/A,genus,Liliaceae,Sabadilla,NA,sapote,Synonym,http://www.tropicos.org/Name/40037676,NA,NA,Evergreen Tree,Evergreen,Tree,Perennial,Woody,No,NULL,NA,NA,NULL,"Wild, cultivated",NA,30, NA, NA, NA, NA,,NA,NA,NA,NA,NA,,#N/A,#N/A,#N/A,#N/A,#N/A,#N/A,,NO_FAO_GROUP,#N/A,NA,NA,NA,NA,NA,NA,NA,alimmediother,NA,NA,NA,NA,NA,,NA,#N/A
,Satureja hortensis,Summer Savory,,Summer Savory,species,Lamiaceae,Satureja,hortensis,NA,Accepted,http://www.tropicos.org/Name/17600323,Annual,NA,"Annual, not climbing",herbaceous,herb,Annual,herbaceous,No,"0,3",NA,NA,NULL,Wild,insects,0.3,,,,,,light (sandy) -medium,No shade,Dry- Moist,05 -> 09,No,Summer Savory,#N/A,#N/A,#N/A,#N/A,Essential oil,,,Essential oil,#N/A,,medicinal,,Essential oil,3,2,3,alimother,None known,pfaf.org,NA,Dry gravelly and stony slopes to 1500 metres[74].,S.E. Europe to W. Asia.,,"insects, self",#N/A
Only control species,saurauia scabrida,,,,,Actinidiaceae,Saurauia,scabrida,,,,,,NA,,Tree,Perennial,Woody,No,,,,,,,,,,,,,,,,,,,#N/A,#N/A,#N/A,#N/A,#N/A,#N/A,,,#N/A,,,,,,,,,,,NT - near threatened,,,,,
Only control species,scheelia zonensis,,,,,Arecaceae,Scheelea,zonensis,,Synonym,,,,NA,,herb,Annual,herbaceous,No,,,,,,,,,,,,,,,,,,,#N/A,#N/A,#N/A,#N/A,#N/A,#N/A,,,#N/A,,,,,,,,,,,NA,,,,,
,Schefflera sp.,NA,,#N/A,genus,Araliaceae,Schefflera,NA,sp.,Accepted,http://www.tropicos.org/Name/40031109,NA,NA,Evergreen Tree,Evergreen,Tree,Perennial,Woody,No,NULL,NA,NA,NULL,NA,NA,NULL, NA, NA, NA, NA,,NA,NA,NA,NA,NA,,#N/A,#N/A,#N/A,#N/A,#N/A,#N/A,,NO_FAO_GROUP,#N/A,NA,NA,NA,NA,NA,NA,NA,alimmediother,NA,NA,NA,NA,NA,,NA,#N/A
,Schima superba,NA,,#N/A,species,Theaceae,Schima,superba,NA,Accepted,http://www.tropicos.org/Name/31600253,NA,NA,Evergreen Tree,Evergreen,Tree,Perennial,Woody,No,5-20  ,NA,NA,NULL,NA,NA,20,1400,5000,0,37,,NA,NA,NA,NA,NA,,#N/A,#N/A,#N/A,#N/A,#N/A,#N/A,,NO_FAO_GROUP,#N/A,NA,NA,NA,NA,"0,00","0,00","3,00",other,NA,NA,LC - least concern,,NA,,NA,#N/A
,Schinus terebinthifolius,NA,,Brazilian peppertree,species,Anacardiaceae,Schinus,terebinthifolius,NA,No opinion,http://www.tropicos.org/Name/100350086,NA,NA,Shrub/tree,Evergreen,Shrub/tree,Perennial,Woody,No,NULL,NA,NA,NULL,NA,NA,9, NA, NA, NA, NA,,NA,NA,NA,NA,NA,,#N/A,#N/A,#N/A,#N/A,#N/A,#N/A,,NO_FAO_GROUP,#N/A,NA,NA,NA,NA,NA,NA,NA,alimmediother,NA,NA,NA,,NA,,NA,#N/A
,schizolobium amazonicum,,,NA,species,Fabaceae,Schizolobium,amazonicum,NA,NA,http://www.worldfloraonline.org/taxon/wfo-0000187464,,Deciduous Tree,Deciduous Tree,Deciduous,Tree,Perennial,Woody,Schizolobium,NULL,NA,NULL,NA,NA,NA,NA,TODO,TODO,TODO,TODO,,NA,NA,NA,NA,NA,,#N/A,#N/A,#N/A,Timber,#N/A,#N/A,,Timber,#N/A,,,,,0.0,0.0,4,alimmediother,NA,,LC - least concern,NA,NA,,NA,#N/A
,Schizolobium parahyba,Guapiruvu,,Guapiruvu,NA,NA,NA,NA,NA,NA,NA,Tree,Deciduous Tree,Deciduous Tree,Deciduous,tree,Perennial,Woody,No,25,25.00  ,NA,Fast,"Cultivated, Ornamental, Wild",bees,25, NA, NA, NA, NA,,medium -  heavy (clay),No shade,Moist,10 ->  12,NA,NA,#N/A,#N/A,#N/A,Timber,#N/A,,,Timber,#N/A,Timber,,,Timber mainly,0,0,4,other,None known,pfaf.org,LC - least concern,"Atlantic rainforest, most commonly in open, secondary formations, preferring valley bottoms, alluvial plains and near rivers, forming dense groups in hillside depressions[419 ].","S. America - Brazil, Bolivia, Peru, Ecuador, Colombia, Venezuela",,Bees,#N/A
,Secale cereale,"Rye, Cereal rye",Rye,"Rye, Cereal rye",species,Poaceae,Secale,cereale,NA,Accepted,http://www.tropicos.org/Name/25509953,Annual,NA,"Annual, not climbing",herbaceous,herb,Annual,herbaceous,No,"1,8",NA,NA,NULL,"Cultivated, Wild",Wind,15,,,,,,light (sandy) -medium -  heavy (clay),No shade,Moist,03->07,Yes,Rye,Cereals,Cereals,#N/A,#N/A,#N/A,,,Cereals,Cereal,,,Alim,cereals,4,1,3,alimother,None known,pfaf.org,NA,Not known in a truly wild situation.,W. Asia? Original habitat is obscure.,,Wind,#N/A
,Senegalia senegal,NA,,#N/A,NA,NA,NA,NA,NA,NA,NA,NA,Deciduous Shrub,Deciduous Shrub,Deciduous,Shrub,Perennial,Woody,No,NULL,6.00  ,NA,NULL,Wild,"Bees, insects",6, NA, NA, NA, NA,,NA,NA,NA,10 ->  12,NA,,#N/A,#N/A,#N/A,#N/A,#N/A,#N/A,,NO_FAO_GROUP,#N/A,Other,,,Other?,3,2,4,alimother,None known,NA,NA,"Hot, dry regions[238 ]. Dry scrub and wooded grassland at elevations of 500 - 1,650 metres[396 ].","Drier regions of Africa - Senegal to Ethiopia and Somalia, south to Natal",,"Bees, Insects",#N/A
,Senna macranthera,"alcaparro flor√≥n, alcaparro macho, cuala, flor√≥n",,"alcaparro flor√≥n, alcaparro macho, cuala, flor√≥n",species,Fabaceae,Senna,macranthera,NA,Accepted,http://www.tropicos.org/Name/13041366,"Shrub, Tree.",Semi-deciduous Tree,Semi-deciduous Tree,Semi-deciduous,Shrub/tree,Perennial,Woody,Senna,NULL,7.00  ,NA,NULL,"Ornamental, Wild",insects,7, NA, NA, NA, NA,,NA,NA,NA,NA,NA,NA,#N/A,#N/A,#N/A,#N/A,#N/A,#N/A,,NO_FAO_GROUP,#N/A,NA,NA,NA,NA,0,2,2,,NA,NA,LC - least concern,NA,NA,,Ins,#N/A
,Senna obtusifolia,NA,,#N/A,species,Fabaceae,Cassia,obtusifolia,NA,Synonym,http://www.tropicos.org/Name/13028283,NA,Deciduous Shrub,Deciduous Shrub,Deciduous,Shrub,Perennial,Woody,Cassia,NULL,2.00  ,NA,NULL,"Cultivated, Ornamental, Wild",insects,2, NA, NA, NA, NA,,NA,NA,NA,NA,NA,,#N/A,#N/A,#N/A,#N/A,#N/A,#N/A,,NO_FAO_GROUP,#N/A,NA,NA,NA,NA,3,2,3,alimother,NA,NA,LC - least concern,NA,NA,,Insects,#N/A
,Senna siamea,"Siamese Senna, Kassod Tree",,"Siamese Senna, Kassod Tree",species,Fabaceae,Senna,siamea,NA,Accepted,http://www.tropicos.org/Name/13048426,Tree,Evergreen Tree,Evergreen Tree,Evergreen,tree,Perennial,Woody,Senna,12,15.00  ,NA,Fast,"Cultivated, Ornamental, Wild",bees,15,400,2800,20,31,,light (sandy) -medium -  heavy (clay),Semi-shade/full sun,Moist,09 ->  12,No,NA,#N/A,#N/A,#N/A,Timber,#N/A,,,Timber,#N/A,Timber,,,Timber mainly,1,1,4,other,"The sawdust may cause some irritation to the nose, throat and eyes[303 ]. The wood sometimes produces a yellow powder that may cause irritation to the skin[310 ].(Parts of plant are poisonous if ingested)",pfaf.org,LC - least concern,Various types of forests at low elevations[451 ]. Secondary forest formations on the plains[404 ].,"Southeast Asia - Myanmar, Thailand, Malaysia, Cambodia, Laos, Vietnam.",,"anthophorid bees  (Dola BoralBhattacharya KashinathBhattacharya KashinathSunirmal ChandaSwati Gupta-BhattacharyaSwati Gupta-Bhattacharya, 20017à",#N/A
,Senna spectabilis,"Bruscon, Canafistola Macho, Canchin, Candelilla, Candelillo, Carnaval, Chiquichique, Flor De Los Muertos, Flor De Todos Los Santos, Frijolillo, Golden Shower, Kaha-Kona, Munjal-kona, Ramo, Tarantan, Vasito Sucio, Velero, Yuto",,"Bruscon, Canafistola Macho, Canchin, Candelilla, Candelillo, Carnaval, Chiquichique, Flor De Los Muertos, Flor De Todos Los Santos, Frijolillo, Golden Shower, Kaha-Kona, Munjal-kona, Ramo, Tarantan, Vasito Sucio, Velero, Yuto",species,Fabaceae,Senna,spectabilis,NA,Accepted,http://www.tropicos.org/Name/13041516,"Perennial, Not climbing, Shrub/Tree",Semi-deciduous Tree,Semi-deciduous Tree,Semi-deciduous,Tree,Perennial,Woody,Senna,NULL,12.00  ,NA,NULL,"Cultivated, Ornamental, Wild",bees,12,800,1000,15,25,,NA,NA,NA,NA,NA,NA,#N/A,#N/A,#N/A,#N/A,#N/A,#N/A,Ecocrop,"Timber, Firewood",#N/A,NA,NA,NA,NA,0,2,2,,NA,NA,LC - least concern,NA,NA,,Bees,#N/A
,Sesamum indicum,Sesame,Sesame,Sesame,species,Pedaliaceae,Sesamum,indicum,NA,Accepted,http://www.tropicos.org/Name/24300029,Annual,Annual,Annual,herbaceous,herb,Annual,herbaceous,No,1,1.00  ,NA,NULL,Cultivated,NA,1,,,,,,light (sandy) -medium -  heavy (clay),No shade,Moist,10 ->  12,No,Sesame seed,Oil crops,Sesame,#N/A,#N/A,"Spice, E",,,"Fruits, oil crop, spices",Oil,,,Alim,oilseeds,3.66666666666667,3,4,alimmediother,None known,pfaf.org,NA,Not known in a truly wild situation.,Not known but possibly northeast Africa or India.,,Self,#N/A
,Sesbania bispinosa,NA,,#N/A,species,Fabaceae,Sesbania,aculeata,NA,Accepted,http://www.tropicos.org/Name/13066307,NA,Annual/Perennial,Annual/Perennial,NA,Shrub,Perennial,Woody,Sesbania,NULL,2.00  ,NA,NULL,"Cultivated, Ornamental, Wild",bees,2, NA, NA, NA, NA,,NA,NA,NA,NA,NA,,#N/A,#N/A,#N/A,#N/A,#N/A,#N/A,Ecocrop,"Forage, Firewood",#N/A,Other,,,Other?,2,2,4,other,NA,NA,LC - least concern,NA,NA,,"Bees, Self",#N/A
,Sesbania sesban,Sesban,,Sesban,species,Fabaceae,Sesbania,sesban,NA,Accepted,http://www.tropicos.org/Name/13048541,Shrub,Shrub,Deciduous Shrub,Deciduous,Shrub,Perennial,Woody,Sesbania,5,5.00  ,NA,Fast,"Cultivated, Wild",bees,5,500,2000,10-18,23-45,,light (sandy) -medium -  heavy (clay),No shade,Moist -Wet,10 ->  12,No,NA,#N/A,,#N/A,#N/A,#N/A,#N/A,Ecocrop,"Vegetables, Firewood",#N/A,Other,,,Other?,2,2,4,other,Fresh seeds are poisonous to humans but are eaten after soaking for 3 days and then cooking[418 ].,pfaf.org,LC - least concern,"Common along streams, swamp banks and moist and inundated bottomlands[303 ].","Africa, through Arabia, southern Asia to Australia. Widely naturalised in other areas of the tropics.",,Bees,#N/A
,Sesbania spp.,NA,,#N/A,genus,Fabaceae,Sesbania,NA,spp.,Accepted,http://www.tropicos.org/Name/40035859,NA,NA,Evergreen Tree,Evergreen,Tree,Perennial,Woody,Sesbania,NULL,NA,NA,NULL,NA,NA,NULL, NA, NA, NA, NA,,NA,NA,NA,NA,NA,,#N/A,#N/A,#N/A,#N/A,#N/A,#N/A,,NO_FAO_GROUP,#N/A,NA,NA,NA,NA,NA,NA,NA,alimmediother,NA,NA,NA,NA,NA,,NA,#N/A
,Setaria italica,Foxtail Millet,Millet_italian,Foxtail Millet,species,Poaceae,Setaria,italica,NA,Accepted,http://www.tropicos.org/Name/25509961,Annual,Annual,Annual,herbaceous,herb,Annual,herbaceous,No,"0,5",0.75  ,NA,NULL,Cultivated,Wind,0.75,,,,,,light (sandy) -medium -  heavy (clay),No shade,Moist,10 ->  12,No,Millets,Cereals,Cereals,#N/A,#N/A,#N/A,,,Cereals,Cereal,,,Alim,cereals,4,2,0.666666666666667,alimother,None known,pfaf.org,NA,Not known in a truly wild situation.,Asia? The plant was derived through cultivation and its origin is obscure.,,Wind,#N/A
,Setaria sphacelata,NA,,#N/A,species,Poaceae,Setaria,sphacelata,NA,Accepted,http://www.tropicos.org/Name/25511500,Perennial,grass,Grass,NA,herb,Perennial,herbaceous,No,NULL,,,NA,Cultivated,Wind,25,,,,,,NA,NA,NA,NA,,,#N/A,#N/A,#N/A,#N/A,#N/A,Forage crops – Poaceae,,Forage,#N/A,Fodder,,,Fodder,NA,NA,NA,alimmediother,,,LC - least concern,,,,wind,#N/A
,Setaria viridis,Green Bristle Grass,,Green Bristle Grass,species,Poaceae,Setaria,viridis,NA,Accepted,http://www.tropicos.org/Name/25509967,Annual,NA,"Annual, not climbing",herbaceous,herb,Annual,herbaceous,No,"0,5","0,45",NA,NULL,Wild,Wind,0.5,,,,,,light (sandy) -medium -  heavy (clay),No shade,Dry- Moist,05 -> 09,Yes,NA,#N/A,#N/A,#N/A,#N/A,#N/A,#N/A,,NO_FAO_GROUP,#N/A,NA,NA,NA,NA,2,2,0,,None known,pfaf.org,NA,"Dry places and cultivated ground[89]. Mountain slopes, roadsides and grassy waste places throughout most of China[266].",Europe to E. Asia - Japan. A casual in Britain[17].,,Wind,#N/A
,shade trees,NA,,#N/A,genus,Malvaceae,Side,NA,trees,Synonym,https://wcvp.science.kew.org/taxon/26069-1,NA,NA,Tree,NA,Tree,Perennial,Woody,No,NULL,NA,NA,NULL,NA,NA,NULL, NA, NA, NA, NA,,NA,NA,NA,NA,NA,,#N/A,#N/A,#N/A,#N/A,#N/A,#N/A,,NO_FAO_GROUP,#N/A,NA,NA,NA,NA,NA,NA,NA,alimmediother,NA,NA,NA,NA,NA,,NA,#N/A
,shefflera morototoni,,,NA,species,Araliaceae,Schefflera,morototoni,NA,NA,http://www.worldfloraonline.org/taxon/wfo-0000306111,,NA,NA,Evergreen,Tree,Perennial,Woody,No,NULL,NA,NA,fast,"Ornamental, Wild",NA,15,TODO,TODO,TODO,TODO,,NA,NA,NA,NA,NA,,#N/A,#N/A,#N/A,#N/A,#N/A,#N/A,,NO_FAO_GROUP,#N/A,,,,,0,2,3,other,None known,,NA,"Widespread in the wet forests of tropical America, it is frequently found in upland forests and in old open woodlands[303
]. In Peru, it is common on the savannah margins[303
]. It prefers open forests with abundant light[303
].","S. America - Argentina, Uruguay, Paraguay, Brazil, Bolivia, Peru, Ecuador, Colombia, Venezuela, the Guyanas; C. America - Panama to Mexico; Caribbean.",,NA,#N/A
,Shorea leprosula,NA,,#N/A,species,Dipterocarpaceae,Shorea,leprosula,NA,Accepted,https://wcvp.science.kew.org/taxon/321328-1,NA,Tree,Deciduous Tree,Deciduous,Tree,Perennial,Woody,No,NULL,45.00  ,NA,NULL,Wild,Thrips,45,NA,NA,NA,NA,,NA,NA,NA,NA,NA,,#N/A,#N/A,#N/A,Timber,#N/A,,,Timber,#N/A,Timber,,,Woody shoot,0,1,3,other,NA,NA,NT - near threatened,NA,NA,,Thrips,#N/A
Only control species,shorea robusta,,,,,Dipterocarpaceae,Shorea,robusta,,,,,,Evergreen Tree,Evergreen,Tree,Perennial,Woody,No,,,,,Wild,,12,,,,,,,,,,,,#N/A,"Oilcrops, Other",#N/A,#N/A,#N/A,#N/A,,,Oil,Other,,Alim,,4,3,4,alimmediother,,,LC - least concern,,,,,
,shrubs,NA,,#N/A,NA,NA,NA,NA,shrubs,NA,NA,NA,NA,Shrub,NA,shrub,Perennial,Woody,No,NULL,NA,NA,NULL,NA,NA,NULL, NA, NA, NA, NA,,NA,NA,NA,NA,NA,,#N/A,#N/A,#N/A,#N/A,#N/A,#N/A,,NO_FAO_GROUP,#N/A,NA,NA,NA,NA,NA,NA,NA,alimmediother,NA,NA,NA,NA,NA,,NA,#N/A
,Simarouba glauca,"Paradise Tree, Bitterwood, Dysentery-bark",,"Paradise Tree, Bitterwood, Dysentery-bark",species,Simaroubaceae,Simarouba,glauca,NA,Accepted,http://www.tropicos.org/Name/29400084,Tree,Evergreen Tree,Evergreen Tree,Evergreen,tree,Perennial,Woody,No,15,15.00  ,NA,Fast,Wild,bees,15, NA, NA, NA, NA,,light (sandy) -medium -  heavy (clay),Semi-shade/full sun,Moist -Wet,09 ->  12,No,NA,#N/A,#N/A,#N/A,#N/A,#N/A,#N/A,Ecoc rop,essential oil,#N/A,,medicinal,,Fruits,3,4,2,alimmedi,None known,pfaf.org,LC - least concern,"An understorey tree in moist or usually dry forest or thickets, often on dry open rocky hillsides, common in many regions along stream beds at elevations up to 900 metres[331 , 378 ].",Central America - Panama to Mexico. Caribbean - Cuba to southern Florida.,,Bees,#N/A
Only control species,sloanea sp.,,,,,Elaeocarpaceae,Sloanea,,sp.,,,,,NA,,Tree,Perennial,Woody,No,,,,,,,,,,,,,,,,,,,#N/A,#N/A,#N/A,#N/A,#N/A,#N/A,,,#N/A,,,,,,,,,,,NA,,,,,
,Solanum aethiopicum,NA,,#N/A,species,Solanaceae,Solanum,gilo,NA,Synonym,http://www.tropicos.org/Name/29600109,NA,Deciduous Shrub,Deciduous Shrub,Deciduous,Shrub,Perennial,Woody,No,NULL,2.50  ,NA,NULL,Cultivated,"Bees, insects",2.5, NA, NA, NA, NA,,NA,NA,NA,NA,NA,,#N/A,,#N/A,#N/A,#N/A,#N/A,,vegetables,Vegetable,NA,NA,Alim,Non woody fruits,3.66666666666667,2,2,alim,NA,NA,NA,NA,NA,,"Bees, Insects",#N/A
,Solanum lycopersicum,"Tomato, Garden Tomato",Tomato,"Tomato, Garden Tomato",species,Solanaceae,Solanum,lycopersicum,NA,Accepted,http://www.tropicos.org/Name/29605838,Annual,Annual,Annual,herbaceous,herb,Annual,herbaceous,No,2,2.00  ,NA,Fast,Cultivated,insects,2,,,,,,light (sandy) -medium -  heavy (clay),No shade,Moist,10 ->  12,No,"Tomatoes, fresh",Vegetables,Tomato,#N/A,#N/A,#N/A,,,Vegetables,Fruits,,,Alim,vegetables,5,3,3,alimmediother,"All green parts of the plant are poisonous[19 , 76 ]. Although providing many well-known foods for people, including the potato, tomato, pepper and aubergine, most plants in the family Solanaceae also contain poisonous alkaloids. Unless there are specific entries with information on edible uses, it would be unwise to ingest any part of this plant[K ].",pfaf.org,NA,Not known in a truly wild situation.,"Original habitat is obscure, probably Western S. America[132 ].",,"Insects, Self",#N/A
,Solanum melongena,"Aubergine, Eggplant",Eggplant,"Aubergine, Eggplant",species,Solanaceae,Solanum,melongena,NA,Accepted,http://www.tropicos.org/Name/29600121,Perennial,Perennial,Perennial,NA,herb,Perennial,herbaceous,No,1,1.00  ,NA,NULL,Cultivated,insects,1,,,,,,light (sandy) -medium -  heavy (clay),No shade,Moist,08-> 11,No,Eggplants (aubergines),Vegetables,#N/A,#N/A,#N/A,#N/A,,,Vegetables,Vegetable,,,Alim,vegetables,3,2,0,alim,All green parts of the plant are poisonous[19].,pfaf.org,NA,Not known in the wild.,The origin of this plant is obscure.,,"Insects, Self",#N/A
,Solanum rugosum,pelotillo,,pelotillo,species,Solanaceae,Solanum,rugosum,NA,Accepted,http://www.tropicos.org/Name/29602620,"Shrub, Small tree.",Evergreen Shrub,Evergreen Shrub,Evergreen,Shrub/tree,Perennial,Woody,No,NULL,3.00  ,NA,NULL,Wild,NA,3, NA, NA, NA, NA,,NA,NA,NA,NA,NA,pelotillo,#N/A,#N/A,#N/A,#N/A,#N/A,#N/A,,NO_FAO_GROUP,#N/A,NA,NA,NA,NA,0,2,0,,NA,NA,LC - least concern,NA,NA,,NA,#N/A
,Solanum sp.,NA,,#N/A,genus,Solanaceae,Solanum,NA,sp.,Accepted,http://www.tropicos.org/Name/40001681,NA,NA,NA,NA,herb,Annual/Perennial,herbaceous,No,NULL,NA,NA,NULL,NA,NA,NULL,,,,,,NA,NA,NA,NA,NA,,#N/A,#N/A,#N/A,#N/A,#N/A,#N/A,,Fruits,#N/A,,,Alim,Non woody fruits,NA,NA,NA,alimmediother,NA,NA,NA,NA,NA,,NA,#N/A
,Solanum tuberosum,"Potato, Irish potato",Potato,"Potato, Irish potato",species,Solanaceae,Solanum,tuberosum,NA,Accepted,http://www.tropicos.org/Name/29600334,Perennial,Perennial,Perennial,NA,herb,Perennial,herbaceous,No,1,1.00  ,NA,NULL,Cultivated,insects,1,,,,,,light (sandy) -medium -  heavy (clay),No shade,Moist,Coming soon,No,Potatoes,Roots and tubers,Potatoes,#N/A,#N/A,#N/A,,,"Root,tuber",Root and tuber,,,Alim,Root/tuber,"5,00","2,00","3,00",alimother,"Although no specific mention of toxicity has been seen for this species, it belongs to a genus where many if not all the members have poisonous leaves and sometimes also the unripe fruits.",pfaf.org,NA,"Cultivated as a food crop, it is not known in the wild.","S. America - Colombia, Peru..",,Insects,#N/A
,solidago rigida,,,"Stiff Goldenrod, Flat Topped Goldenrod, Stiff Goldenrod",species,Asteraceae,Solidago,rigida,NA,NA,http://www.worldfloraonline.org/taxon/wfo-0000129341,,NA,Perennial,herb,herb,Perennial,herbaceous,No,2,NULL,NA,fast,Wild,,2,TODO,TODO,TODO,TODO,,"light (sandy), medium (loamy) and heavy (clay) soils",semi-shade,Moist,03 -> 09,No,,#N/A,#N/A,#N/A,#N/A,#N/A,#N/A,,NO_FAO_GROUP,#N/A,,,,,0.0,2.0,2,alimmedi,None known,,NA,"Dry or gravelly open woods, thickets and prairies[43].","Eastern N. America - Ontario to Saskatchewan, south to Massachusetts, Georgia, Texas and Colorado.",,Insects,#N/A
,Sorbus domestica,Service Tree,Service_tree,Service Tree,species,Rosaceae,Sorbus,domestica,NA,Synonym,http://www.tropicos.org/Name/27803722,Tree,NA,Deciduous Tree,Deciduous,tree,Perennial,Woody,No,15,NA,NA,Medium,Wild,insects,15, NA, NA, NA, NA,,light (sandy) -medium -  heavy (clay),Semi-shade/full sun,Moist,06 -> 10,No,NA,#N/A,"Fruits, Other",#N/A,#N/A,#N/A,#N/A,,"Fruits, others",#N/A,,,Alim,Woody Fruits,5,0,2,alim,"The seeds probably contain hydrogen cyanide. This is the ingredient that gives almonds their characteristic flavour. Unless the seed is very bitter it should be perfectly safe in reasonable quantities. In small quantities, hydrogen cyanide has been shown to stimulate respiration and improve digestion, it is also claimed to be of benefit in the treatment of cancer. In excess, however, it can cause respiratory failure and even death.",pfaf.org,LC - least concern,Woods and bushy places[45].,Europe.,,Insects,#N/A
,Sorbus torminalis,"Wild Service Tree, Checkertree",,"Wild Service Tree, Checkertree",species,Rosaceae,Sorbus,torminalis,NA,Accepted,http://www.tropicos.org/Name/27800381,Tree,NA,Deciduous Tree,Deciduous,tree,Perennial,Woody,No,20,NA,NA,Medium,Wild,insects,20, NA, NA, NA, NA,,light (sandy) -medium -  heavy (clay),Semi-shade/full sun,Moist,05 -> 09,No,NA,#N/A,#N/A,#N/A,#N/A,#N/A,#N/A,,NO_FAO_GROUP,#N/A,,,Alim,Woody Fruits,4,0,2,alim,"The seeds probably contain hydrogen cyanide. This is the ingredient that gives almonds their characteristic flavour. Unless the seed is very bitter it should be perfectly safe in reasonable quantities. In small quantities, hydrogen cyanide has been shown to stimulate respiration and improve digestion, it is also claimed to be of benefit in the treatment of cancer. In excess, however, it can cause respiratory failure and even death.",pfaf.org,LC - least concern,"Woods, usually on clay[186], sometimes on limestone[17].","Europe, from Britain and Denmark south and east to N. Africa, the Caucasus and W. Asia.",,insects,#N/A
,Sorghum bicolor,"Sorghum, Common wild sorghum, Grain sorghum, Sudangrass",Sorghum,"Sorghum, Common wild sorghum, Grain sorghum, Sudangrass",species,Poaceae,Sorghum,bicolor,NA,Accepted,http://www.tropicos.org/Name/25513454,Annual,Annual,Annual,herbaceous,herb,Annual,herbaceous,No,5,5.00  ,NA,Fast,Cultivated,wind,5,,,,,,light (sandy) -medium -  heavy (clay),No shade,Dry- Moist,09 ->  12,No,Sorghum,Cereals,Cereals,#N/A,#N/A,#N/A,,,Cereals,Cereal,,,Alim,cereals,4,2,3,alimother,"The immature plant is poisonous, especially if slightly wilted, since it can contain the toxins hydrogen cyanide and the alkaloid hordenine[4, 142, 269]. These substances are destroyed if the plant is dried or made into silage[269]. In small quantities, hydrogen cyanide has been shown to stimulate respiration and improve digestion, it is also claimed to be of benefit in the treatment of cancer. In excess, however, it can cause respiratory failure and even death.",pfaf.org,NA,Not known in the wild.,Original habitat is obscure.,,"Self, Wind",#N/A
,sorghum sp.,,,NA,genus,Poaceae,Sorghum,,sp.,NA,http://www.worldfloraonline.org/taxon/wfo-4000035801,,Annual,Annual,herbaceous,herb,Annual,herbaceous,No,5,5.00  ,NA,Fast,Cultivated,wind,5,,,,,,light (sandy) -medium -  heavy (clay),No shade,Dry- Moist,09 ->  12,No,Sorghum,Cereals,#N/A,#N/A,#N/A,#N/A,,ecocrop,cereals,#N/A,,,Alim,cereals,4,2,3,alimother,"The immature plant is poisonous, especially if slightly wilted, since it can contain the toxins hydrogen cyanide and the alkaloid hordenine[4, 142, 269]. These substances are destroyed if the plant is dried or made into silage[269]. In small quantities, hydrogen cyanide has been shown to stimulate respiration and improve digestion, it is also claimed to be of benefit in the treatment of cancer. In excess, however, it can cause respiratory failure and even death.",pfaf.org,NA,Not known in the wild.,Original habitat is obscure.,,"Self, Wind",#N/A
,Spathodea campanulata,NA,,#N/A,species,Bignoniaceae,Spathodea,campanulata,NA,Accepted,http://www.tropicos.org/Name/3700582,NA,Semi-deciduous Tree,Semi-deciduous Tree,Semi-deciduous,Tree,Perennial,Woody,No,30,25.00  ,NA,NULL,"Cultivated, Ornamental, Wild",birds,25,1300,2000,27,30,,NA,NA,NA,NA,NA,,#N/A,#N/A,#N/A,Timber,#N/A,,,Timber,#N/A,Timber,,,Woody shoot,2,2,3,other,NA,NA,LC - least concern,NA,NA,,"nectar-feeding birds, which may be important pollinators (Corlett 2005)",#N/A
,spondias cytherea,,,"Golden Apple, Ambarella,",species,Anacardiaceae,Spondias,cytherea,NA,Illegitimate,https://powo.science.kew.org/taxon/urn:lsid:ipni.org:names:2480685,,Deciduous Tree,Deciduous Tree,Deciduous,Tree,Perennial,Woody,No,15,NA,NULL,Fast,NA,bees,15,TODO,TODO,TODO,TODO,,NA,NA,NA,09 -> 12,No,,#N/A,#N/A,#N/A,#N/A,#N/A,#N/A,Ecocrop,Fruits,#N/A,,,Alim,,4.0,2.0,1,alimmedi,Care should be taken when eating the fruit since the seeds have very sharp spines[307 ].,,NA,Dry or secondary forests from sea-level to 500 metres[311 ].,"Probably arose in tropical Asia, but only known in cultivation.",,Bees,#N/A
,Spondias dulcis,"Golden Apple, Ambarella,",Ambarella,"Golden Apple, Ambarella,",species,Anacardiaceae,Spondias,dulcis,NA,Accepted,http://www.tropicos.org/Name/1300225,Tree,Deciduous Tree,Deciduous Tree,Deciduous,tree,Perennial,Woody,No,15,15.00  ,NA,Fast,"Cultivated, Ornamental, Wild",bees,15, NA, NA, NA, NA,,light (sandy) -medium -  heavy (clay),Semi-shade/full sun,Dry- Moist,09 ->  12,No,Apples,Fruits,#N/A,#N/A,#N/A,#N/A,,,Fruits,#N/A,,,Alim,Woody Fruits,4,2,0.666666666666667,alimother,Care should be taken when eating the fruit since the seeds have very sharp spines[307 ].,pfaf.org,NA,Dry or secondary forests from sea-level to 500 metres[311 ].,"Probably arose in tropical Asia, but only known in cultivation.",,Bees,#N/A
,Spondias mombin,"Yellow Mombin, Hog Plum, Caja Fruit, Tapereb‚àö¬∞",,"Yellow Mombin, Hog Plum, Caja Fruit, Tapereb‚àö¬∞",NA,NA,NA,NA,NA,NA,NA,Tree,Deciduous Tree,Deciduous Tree,Deciduous,tree,Perennial,Woody,No,20,15.00  ,NA,Fast,"Cultivated, Ornamental, Wild",bees,15, NA, NA, NA, NA,,medium -  heavy (clay),No shade,Dry- Moist,10 ->  12,NA,"Fruit, tropical (fresh) nes",Fruits,#N/A,Fruit pulp; fruit jam and jellies,Timber,#N/A,,,"Fruits, Timber",#N/A,Timber,,Alim,Woody Fruits,"4,00","2,00","2,00",alim,None known,pfaf.org,LC - least concern,"Occurs in a great variety of humid tropical climates, often in secondary vegetation derived from evergreen lowland forest or semi-deciduous forest[303 ].","S. America - Paraguay, Brazil, Bolivia, Peru, Ecuador, Colombia, Venezuela, Guyana, Surinam",,Bees,#N/A
,Stachytarpheta jamaicensis,NA,,#N/A,species,Verbenaceae,Stachytarpheta,jamaicensis,NA,Accepted,http://www.tropicos.org/Name/33700520,NA,Perennial,"Perennial, Not climbing, Herb",NA,herb,Perennial,herbaceous,No,NULL,1.00  ,NA,NULL,"Cultivated, Ornamental, Wild","bees, beetles, moths, hummingbirds ",1,,,,,,NA,NA,NA,NA,NA,,#N/A,#N/A,#N/A,#N/A,#N/A,#N/A,,NO_FAO_GROUP,#N/A,NA,NA,NA,NA,2,3,1,medi,NA,NA,LC - least concern,NA,NA,,"bees, beetles, moths, and hummingbirds (https://sfyl.ifas.ufl.edu/)",#N/A
,Stevia rebaudiana,"Stevia, Candyleaf",Stevia,"Stevia, Candyleaf",species,Asteraceae,Stevia,rebaudiana,NA,Accepted,http://www.tropicos.org/Name/2716375,Annual,Perennial,Perennial,NA,herb,Perennial,herbaceous,No,"0,5",1.00  ,NA,NULL,"Cultivated, Wild",insects,1,,,,,,light (sandy) -medium,No shade,Moist,08-> 11,No,NA,#N/A,#N/A,#N/A,#N/A,#N/A,#N/A,Ecocrop,medicinal,#N/A,NA,NA,Alim,Leaves,4,1.33333333333333,1.33333333333333,alimmediother,"May cause dizziness, headache, flatulence, nausea & muscle pain. Caution with diabetic patients. May increase blood pressure lowering effects of allopathic medicine [301].",pfaf.org,NA,"Infertile, sandy acid soils with shallow water tables. This is normally in areas like the edge of mashes and grassland communities.","S. America - Brazil, Paraguay.",,Insects,#N/A
,Stryphnodendron sp.,NA,,#N/A,genus,Fabaceae,Stryphnodendron,NA,sp.,Accepted,http://www.tropicos.org/Name/40007370,NA,NA,Deciduous Tree,Deciduous,Tree,Perennial,Woody,Stryphnodendron,NULL,NA,NA,NULL,NA,NA,NULL, NA, NA, NA, NA,,NA,NA,NA,NA,NA,,#N/A,#N/A,#N/A,#N/A,#N/A,#N/A,,NO_FAO_GROUP,#N/A,NA,NA,NA,NA,NA,NA,NA,alimmediother,NA,NA,NA,NA,NA,,NA,#N/A
,Stylosanthes humilis,neblina,,neblina,species,Fabaceae,Stylosanthes,humilis,NA,Accepted,http://www.tropicos.org/Name/13001618,"Perennial, Not climbing, Herb",NA,"Perennial, Not climbing, Herb",NA,herb,Perennial,herbaceous,Stylosanthes,NULL,NA,NA,NULL,cultivated,bees,0.7,,,,,,NA,NA,NA,NA,NA,neblina,#N/A,#N/A,#N/A,#N/A,#N/A,#N/A,Ecocrop,Forage,#N/A,NA,NA,NA,NA,NA,NA,NA,alimmediother,NA,NA,NA,,NA,,Bees,#N/A
,stylosanthes seabrana,,,NA,species,Fabaceae,Stylosanthes,seabrana,NA,NA,http://www.worldfloraonline.org/taxon/wfo-0001267365,,NA,NA,Evergreen,Shrub,Perennial,Woody,Stylosanthes,NULL,NA,NA,NA,NA,NA,0.7,TODO,TODO,TODO,TODO,,NA,NA,NA,NA,NA,,#N/A,#N/A,#N/A,#N/A,#N/A,#N/A,Ecocrop,Forage,#N/A,,,,,NaN,NaN,NA,alimmediother,NA,,NA,NA,NA,,NA,#N/A
,Swietenia macrophylla,"Big Leaf Mahogany, Honduras Mahogany",,"Big Leaf Mahogany, Honduras Mahogany",species,Meliaceae,Swietenia,macrophylla,NA,Accepted,http://www.tropicos.org/Name/20400346,Tree,Evergreen Tree,Evergreen Tree,Evergreen,tree,Perennial,Woody,No,35,35.00  ,NA,Slow,"Cultivated, Ornamental, Wild",insects,35,1600,2500,11-20,28-35,,medium -  heavy (clay),No shade,Moist,10 ->  12,Yes,NA,#N/A,#N/A,#N/A,Timber,#N/A,,,Timber,#N/A,Timber,,,Timber mainly,0,2,5,other,None known,pfaf.org,VU - vulnerable,"Found in all forest types, from the edge of the pine savannah to the climax rainforest, but mostly in mixed hardwood forest belts, along riverbanks, on deep alluvial soils of considerable fertility[303 ].","S. America - Brazil, Bolivia and Peru, north through Central America to Mexico.",,Insects,#N/A
,Swietenia mahagoni,"Mahogany, West Indies Mahogany",,"Mahogany, West Indies Mahogany",species,Meliaceae,Swietenia,mahagoni,NA,Accepted,http://www.tropicos.org/Name/20400599,Tree,Evergreen Tree,Evergreen Tree,Evergreen,tree,Perennial,Woody,No,25,25.00  ,NA,Fast,"Cultivated, Ornamental, Wild","Bees, Moths, Thrips",25,800,2500,16,32,,medium -  heavy (clay),No shade,Moist,10 ->  12,No,NA,#N/A,#N/A,#N/A,Timber,#N/A,,,Timber,#N/A,Timber,,,Timber mainly,0,2,5,other,None known,pfaf.org,NT - near threatened,"Pastures, along the sides of roads, rare in natural woodland[426 ].","Southeastern N. America - Florida, to the Caribbean.",,"Bees, Moths, Thrips",#N/A
,Syzygium aromaticum,"Clove, Zanzibar Redhead",,"Clove, Zanzibar Redhead",species,Myrtaceae,Syzygium,aromaticum,NA,Accepted,http://www.tropicos.org/Name/22102278,Tree,Evergreen Tree,Evergreen Tree,Evergreen,tree,Perennial,Woody,No,20,20.00  ,NA,Slow,"Cultivated, Wild",bees,20,1500,2500,25,NA,,light (sandy) -medium,Semi-shade/full sun,Moist,11 ->  12,No,Spices nes,Spices,Cloves,#N/A,#N/A,"Spice, Essential oil, O, Concrete, A, E",,,spices,Herbs and spices,,medicinal,Alim,Woody buds,4,4,3,alimmediother,None known,pfaf.org,NA,"Maritime forests in deep, well-drained sandy, acid loams with a pH as low as 4.5[200 ].",E. Asia - Malaysia.,,Bees,#N/A
,Syzygium jambos,"Jambos, Rose Apple, Plum Rose",Jambos,"Jambos, Rose Apple, Plum Rose",species,Myrtaceae,Eugenia,jambos,NA,Synonym,http://www.tropicos.org/Name/22101734,evergreen Tree,NA,Evergreen Tree,Evergreen,tree,Perennial,Woody,No,8,NA,NA,NULL,NA,NA,8, NA, NA, NA, NA,,NA,NA,NA,09 ->  12,YES,"Berries nes (excluding subset blackberries, mulberries and loganberries)",Fruits,#N/A,#N/A,#N/A,#N/A,,,Fruits,#N/A,Other,,Alim,Woody Fruits,3,2,4,alimother,"The seeds are said to be poisonous[303 ]. An unknown amount of hydrocyanic acid has been reported in the roots, stems and leaves[303 ]. An alkaloid, jambosine, has been found in the bark of the tree and of the roots, and the roots are considered poisonous",NA,NA,"Open places, generally around villages, at elevations of 600 - 1,400 metres in Nepal[272 ]. Most commonly found in moister habitats such as stream banks, becoming more frequent at higher elevations as rainfall levels rise",E. Asia - Malaysia.,"Borneo,  Cambodia, China South-Central,  Laos,  Lesser Sunda Is., Malaya, Myanmar, Sumatera,  Thailand, Vietnam",NA,#N/A
,tabebuia heptaphylla,,,#N/A,species,Bignoniaceae,Tabebuia,heptaphylla,NA,Synonym,http://www.tropicos.org/Name/3700882,NA,Deciduous Tree,Deciduous Tree,Deciduous,Tree,Perennial,Woody,No,NULL,20.00  ,NA,NULL,"Ornamental, Wild",NA,20,NA,NA,NA,NA,,NA,NA,NA,NA,NA,,#N/A,#N/A,#N/A,#N/A,#N/A,,,Timber,#N/A,Timber,,,Woody shoot,0,2,3,other,NA,NA,LC - least concern,NA,NA,,NA,#N/A
,Tabebuia rosea,"Apamate, Pink Poui, Pink Tecoma, Rosy Trumpet Tree",,"Apamate, Pink Poui, Pink Tecoma, Rosy Trumpet Tree",NA,NA,NA,NA,NA,NA,NA,Tree,Deciduous Tree,Deciduous Tree,Deciduous,tree,Perennial,Woody,No,20,25.00  ,NA,Medium,"Ornamental, Wild",bees,25,1250,2500,22,27,,light (sandy) -medium -  heavy (clay),No shade,Dry- Moist,10 ->  12,NA,NA,#N/A,#N/A,#N/A,Timber,#N/A,,,Timber,#N/A,Timber,,,Timber mainly,0,0.666666666666667,4,mediother,None known,pfaf.org,LC - least concern,"Common in moist or rather dry forest, often in open fields or along roadsides, most abundant on the Pacific plains, but often on steep hillsides, at elevations up to 1,200 metres in Guatemala[331 ]. Coastal thickets in Dominica[362 ].","Northern S. America - Colombia, Ecuador, Venezuela",,"bees ( Vélez-Gavilán, 2016)",#N/A
,Tabebuia sp.,NA,,#N/A,genus,Bignoniaceae,Tabebuia,NA,sp.,Accepted,http://www.tropicos.org/Name/40009350,NA,NA,Deciduous Tree,Deciduous,Tree,Perennial,Woody,No,NULL,NA,NA,NULL,NA,NA,NULL, NA, NA, NA, NA,,NA,NA,NA,NA,NA,,#N/A,#N/A,#N/A,#N/A,#N/A,#N/A,,NO_FAO_GROUP,#N/A,NA,NA,NA,NA,NA,NA,NA,alimmediother,NA,NA,NA,NA,NA,,NA,#N/A
,Tagetes erecta,"African Marigold, Aztec marigold, Big Marigold, American Marigold",,"African Marigold, Aztec marigold, Big Marigold, American Marigold",species,Asteraceae,Tagetes,erecta,NA,Accepted,http://www.tropicos.org/Name/2703314,Annual,Annual,Annual,herbaceous,herb,Annual,herbaceous,No,1,1.00  ,NA,Medium,"Ornamental, Wild",insects,1,,,,,,light (sandy) -medium -  heavy (clay),No shade,Dry- Moist,02 -> 11,No,NA,#N/A,#N/A,#N/A,#N/A,Essential oil,,,Essential oil,#N/A,,medicinal,,Essential oil,3,3,3,alimmediother,None known,pfaf.org,NA,Grows in the pine-oak forest zone[181]. A garden escape in the USA where it grows along the sides of roads[43].,Southern N. America - Mexico.,,Insects,#N/A
,Tagetes patula,"French Marigold, Dwarf French Marigold",,"French Marigold, Dwarf French Marigold",species,Asteraceae,Tagetes,patula,NA,Synonym,http://www.tropicos.org/Name/2711174,Annual,Annual,Annual,herbaceous,herb,Annual,herbaceous,No,"0,5",0.50  ,NA,Medium,"Ornamental, Wild",insects,0.5,,,,,,light (sandy) -medium -  heavy (clay),No shade,Dry- Moist,02 -> 11,No,NA,#N/A,#N/A,#N/A,#N/A,Essential oil,,,Essential oil,#N/A,,medicinal,,Essential oil,2,2,3.33333333333333,other,None known,pfaf.org,NA,The pine-oak forest zone[181]. Naturalized in California where it grows on waste ground[71].,Southern N. America - Mexico.,,Insects,#N/A
,Tamarindus indica,Tamarind,,Tamarind,species,Fabaceae,Tamarindus,indica,NA,Accepted,http://www.tropicos.org/Name/13033329,Tree,Evergreen Tree,Evergreen Tree,Evergreen,tree,Perennial,Woody,Tamarindus,20,20.00  ,NA,Slow,"Cultivated, Ornamental, Wild",insects,20,350,1500,NA,47,,light (sandy) -medium -  heavy (clay),No shade,Dry- Moist,10 ->  12,No,Spices nes,Spices,"Fruit, fresh nes",Fruit drink/wine; fruit pulp; fruit jam and jellies,Timber,Spice,,,"Fruits, Timber, spices",Fruits,Timber,,Alim,Woody Fruits,"4,00","3,00","3,00",alimmediother,None known,pfaf.org,LC - least concern,"Low-altitude woodland, savannah and bush, often associated with termite mounds. Prefers semi-arid areas and wooded grassland, and can also be found growing along stream and riverbanks[303 ].","Probably originating in tropical Africa, it is now widespread through the tropics and subtropics.",,Insects,#N/A
,Tapirira sp.,NA,,#N/A,genus,Anacardiaceae,Tapirira,NA,sp.,Accepted,http://www.tropicos.org/Name/40010172,NA,NA,Evergreen Tree,Evergreen,Tree,Perennial,Woody,No,NULL,NA,NA,NULL,NA,NA,NULL, NA, NA, NA, NA,,NA,NA,NA,NA,NA,,#N/A,#N/A,#N/A,#N/A,#N/A,#N/A,,NO_FAO_GROUP,#N/A,NA,NA,NA,NA,NA,NA,NA,alimmediother,NA,NA,NA,NA,NA,,NA,#N/A
,Taraxacum officinale,"Dandelion - Kukraundha, Kanphool, Common dandelion, Dandelion",,"Dandelion - Kukraundha, Kanphool, Common dandelion, Dandelion",species,Asteraceae,Taraxacum,officinale,NA,Accepted,http://www.tropicos.org/Name/2726999,Perennial,NA,"Perennial, not climbing",NA,herb,Perennial,herbaceous,No,"0,5",NA,NA,Fast,Wild,insects,0.5,,,,,,light (sandy) -medium -  heavy (clay),Semi-shade/full sun,Moist,05 -> 09,Yes,NA,#N/A,#N/A,#N/A,#N/A,#N/A,#N/A,ecocrop,vegetables,#N/A,NA,NA,Alim,"Flowers, leaves",4,3,3,alimmediother,"This plant has been mentioned in various books on poisonous plants but any possible toxins will be of very low concentration and toxicity[10]. There are reports that some people have suffered dermatitis as a result of touching the plant, this is probably caused by the latex in the leaves and stems[222].",pfaf.org,NA,A very common weed of grassland and cultivated ground[17].,"Throughout most of the northern hemisphere, including Britain.",,"Insects, Self, apomictic",#N/A
,taxodium ascendens,,,pond cypress,species,Cupressaceae,Taxodium,ascendens,NA,Synonym,http://www.worldfloraonline.org/taxon/wfo-0000408601,,Deciduous conifer,NA,Deciduous,Tree,Perennial,Woody,No,NULL,NA,NA,NA,NA,NA,18,TODO,TODO,TODO,TODO,,NA,NA,NA,NA,NA,,#N/A,#N/A,#N/A,#N/A,#N/A,#N/A,,NO_FAO_GROUP,#N/A,,,,,NaN,NaN,NA,alimmediother,NA,,NA,"native to the southeastern United States, from southeastern Virginia to southeastern Louisiana and south into Florida ",NA,,NA,#N/A
,Taxodium distichum var. imbricarium,NA,,#N/A,species,Cupressaceae,Taxodium,ascendens,NA,Synonym,http://www.tropicos.org/Name/31300007,NA,NA,Deciduous Tree,Deciduous,Tree,Perennial,Woody,No,9-21  ,NA,NA,NULL,Wild,Wind,21, NA, NA, NA, NA,,NA,Full sun,NA,NA,NA,,#N/A,#N/A,#N/A,#N/A,#N/A,#N/A,,NO_FAO_GROUP,#N/A,Other,,,Other?,"0,00","2,00","4,00",other,None known,NA,NA,"Wet sites that are under water for at least part of the year[82], and often overlying calcareous soils[43]. Often found where the water is brackish[200].","Southern and eastern N. America - New Jersey to Florida, also southern Missouri and Illinois to Alabama, Texas, Mexico and Guatemala",,Wind,#N/A
,Tectona grandis,Teak,,Teak,NA,NA,NA,NA,NA,NA,NA,Tree,Deciduous Tree,Deciduous Tree,Deciduous,tree,Perennial,Woody,No,30,30.00  ,NA,Fast,"Cultivated, Ornamental, Wild","Bees, Flies, Ants",30,600-1200,2500-4000,14,36,,light (sandy) -medium -  heavy (clay),No shade,Moist,10 ->  12,NA,Teak,#N/A,#N/A,#N/A,Timber,#N/A,,,Timber,#N/A,Timber,,,Timber mainly,2,2,5,other,The fine dust produced in machining operations may cause irritation of the skin or bronchial asthma and rhinitis after inhalation,pfaf.org,EN-Endangered,NA,NA,,"Bees, Flies, Ants",#N/A
,Tephrosia candida,White Tephrosia,,White Tephrosia,species,Fabaceae,Tephrosia,candida,NA,Accepted,http://www.tropicos.org/Name/13033368,Shrub,Deciduous Shrub,Deciduous Shrub,Deciduous,Shrub,Perennial,Woody,Tephrosia,3,3.00  ,NA,Medium,"Cultivated, Ornamental",insects,3,700,2500,18,28,,light (sandy) -medium,Semi-shade/full sun,Moist,10 ->  12,No,NA,#N/A,#N/A,#N/A,#N/A,#N/A,#N/A,ecocrop,forage,#N/A,Other,,,Other?,0,0,4,other,There are unconfirmed reports of the bark and roots being used as a fish poison[303 ]. Powdered leaves are used as an insecticide and the bark and roots are used as fish poison in India[418 ].,pfaf.org,NA,"Primary and secondary forest, higher locations in sago-palm swamps and disturbed places such as roadsides, riverbanks, steep slopes and fields[303 ].","E. Asia - India, Nepal, Bhutan.",,Insects,#N/A
,Tephrosia vogelii,"Fish-poison-bean,",,"Fish-poison-bean,",species,Fabaceae,Tephrosia,vogelii,NA,Accepted,http://www.tropicos.org/Name/13033611,Shrub,Shrub,Evergreen Shrub,Evergreen,"Herb, Shrub",Perennial,Woody,Tephrosia,3,3.00  ,NA,Fast,"Cultivated, Ornamental, Wild",bees,3,850,2650,12,27,,light (sandy) -medium -  heavy (clay),Semi-shade/full sun,Moist,10 ->  12,No,NA,#N/A,#N/A,#N/A,#N/A,#N/A,#N/A,ecocrop,other,#N/A,NA,NA,NA,NA,0,2,2.66666666666667,other,The plant contains compounds that are used as insecticides and can be toxic to humans[418 ].,pfaf.org,LC - least concern,"Found in widely varying habitats, including savannah-like vegetation, grassland, forest margins and shrubland, wasteland and fallow fields[303 ].","Tropical Africa - Sierra Leone to Sudan, south to Angola, Malawi, Mozambique, Zambia, Zimbabwe",,"Bees, Self",#N/A
,Terminalia amazonia,NA,,#N/A,species,Combretaceae,Terminalia,amazonia,NA,Accepted,http://www.tropicos.org/Name/8200207,Tree,Evergreen Tree,Evergreen Tree,Evergreen,Tree,Perennial,Woody,No,NULL,30.00  ,NA,NULL,Wild,wind,30, NA, NA, NA, NA,,NA,NA,NA,NA,NA,,#N/A,#N/A,#N/A,Timber,#N/A,,,Timber,#N/A,Timber,,,Woody shoot,0,0,3,other,NA,NA,LC - least concern,NA,NA,,"T. amazonia is pollinated by insects and its seeds are dispersed by wind (Gentry, 1993).",#N/A
,Terminalia arjuna,"Arjuna, Terminalia",,"Arjuna, Terminalia",species,Combretaceae,Terminalia,arjuna,NA,Accepted,http://www.tropicos.org/Name/8200009,Tree,Evergreen Tree,Evergreen Tree,Evergreen,tree,Perennial,Woody,No,30,30.00  ,NA,Fast,"Cultivated, Ornamental, Wild","honeybees, butterflies, wasps, flies, ants, birds",30, NA, NA, NA, NA,,light (sandy) -medium -  heavy (clay),No shade,Dry- Moist,10 ->  12,No,NA,#N/A,#N/A,#N/A,Timber,#N/A,,,Timber,#N/A,Timber,medicinal,,Timber mainly,2,4,3,mediother,None known,pfaf.org,NA,"Wet, marshy areas and on riverbanks[254 ]. Banks of streams and rivers in central India[146 , 303 ].","E. Asia - India, Sri Lanka, Myanmar.",,"honeybees, butterflies, wasps, flies, ants and sunbirds (Chauhan et al., 2008)",#N/A
,Terminalia bellirica,Beleric Myrobalan,,Beleric Myrobalan,species,Combretaceae,Terminalia,bellirica,NA,Accepted,http://www.tropicos.org/Name/8200807,Tree,Deciduous Tree,Deciduous Tree,Deciduous,tree,Perennial,Woody,No,35,35.00  ,NA,Medium,"Cultivated, Wild",insects,35, NA, NA, NA, NA,,light (sandy) -medium -  heavy (clay),No shade,Dry- Moist,10 ->  12,No,NA,#N/A,#N/A,#N/A,Timber,#N/A,,,Timber,#N/A,Timber,,,Woody shoot,2,3,3,mediother,The seeds are possible toxic or narcotic[317 ].,pfaf.org,LC - least concern,"Scattered forests, sunny mountain slopes, one of the upper layer trees of stream valleys and lower seasonal rain forests at elevations of 500 - 1,400 metres[266 ].","E. Asia - southwest China, Indian subcontinent, Myanmar, Thailand, Laos, Vietnam, Malaysia, Indonesia.",,Insects,#N/A
,Terminalia elliptica,NA,,#N/A,species,Combretaceae,Terminalia,alata,NA,Accepted,http://www.tropicos.org/Name/100386257,NA,Deciduous Tree,Deciduous Tree,Deciduous,Tree,Perennial,Woody,No,NULL,20.00  ,NA,NULL,"Cultivated, Wild",insects,20, NA, NA, NA, NA,,NA,NA,NA,NA,NA,,#N/A,#N/A,#N/A,#N/A,#N/A,#N/A,,NO_FAO_GROUP,#N/A,NA,NA,NA,NA,1,2,3,other,NA,NA,NA,NA,NA,,insects,#N/A
,Terminalia ivorensis,Black Afara,,Black Afara,species,Combretaceae,Terminalia,ivorensis,NA,Accepted,http://www.tropicos.org/Name/8200503,Tree,Deciduous Tree,Deciduous Tree,Deciduous,tree,Perennial,Woody,No,30,30.00  ,NA,Fast,"Cultivated, Wild","Butterflies, Flies",30,1250,3000,20,33,,light (sandy) -medium -  heavy (clay),No shade,Moist,10 ->  12,No,NA,#N/A,#N/A,#N/A,Timber,#N/A,,,Timber,#N/A,Timber,,,Timber mainly,0,2,4,other,"The dust from sawn timber may irritate the skin or respiratory tract[316 , 407 ]. The wood has been found to contain a saponin which may induce allergy in persons working with it[332 ].",pfaf.org,VU - vulnerable,"Predominantly a tree of seasonal forest zones, where it often forms part of the canopy. It is also sometimes found in evergreen rainforest conditions[299 , 303 ].",Western tropical Africa - Guinea Bissau to Cameroon.,,"Butterflies, Flies",#N/A
Only control species,terminalia myriocarpa,,,,,Combretaceae,Terminalia,myriocarpa,,,,,,Evergreen Tree,Evergreen,Tree,Perennial,Woody,No,,,,,,,,,,,,,,,,,,,#N/A,#N/A,#N/A,#N/A,#N/A,#N/A,,,#N/A,,,,,0,0,3,other,,,NA,,,,,
,Terminalia oblonga,"guayabillo, guayabito, guayabo, vara de le√≥n",,"guayabillo, guayabito, guayabo, vara de le√≥n",species,Combretaceae,Terminalia,oblonga,NA,Accepted,http://www.tropicos.org/Name/8200211,NA,Evergreen Tree,Evergreen Tree,Evergreen,Tree,Perennial,Woody,No,NULL,33.00  ,NA,NULL,Wild,bees,33, NA, NA, NA, NA,,NA,NA,NA,NA,NA,NA,#N/A,#N/A,#N/A,Timber,#N/A,,,Timber,#N/A,Timber,,,Woody shoot,0,0,3,other,NA,NA,LC - least concern,NA,NA,,Bees,#N/A
,Terminalia paniculata,NA,,#N/A,species,Combretaceae,Terminalia,paniculata,NA,Accepted,http://www.tropicos.org/Name/100412696,NA,Semi-deciduous Tree,Semi-deciduous Tree,Semi-deciduous,Tree,Perennial,Woody,No,NULL,25.00  ,NA,NULL,Wild,"bees, wasps and butterflies",25, NA, NA, NA, NA,,NA,NA,NA,NA,NA,,#N/A,#N/A,#N/A,Timber,#N/A,,,Timber,#N/A,Timber,,,Woody shoot,0,0,3,other,NA,NA,NA,NA,NA,,"large bees, wasps and butterflies",#N/A
,Terminalia sp.,NA,,#N/A,genus,Combretaceae,Terminalia,NA,sp.,Accepted,http://www.tropicos.org/Name/40011263,NA,NA,Deciduous Tree,Deciduous,Tree,Perennial,Woody,No,NULL,NA,NA,NULL,NA,NA,NULL, NA, NA, NA, NA,,NA,NA,NA,NA,NA,,#N/A,#N/A,#N/A,#N/A,#N/A,#N/A,,NO_FAO_GROUP,#N/A,NA,NA,NA,NA,NA,NA,NA,alimmediother,NA,NA,NA,NA,NA,,NA,#N/A
,Terminalia superba,Shinglewood,,Shinglewood,species,Combretaceae,Terminalia,superba,NA,Accepted,http://www.tropicos.org/Name/8200461,Tree,Deciduous Tree,Deciduous Tree,Deciduous,tree,Perennial,Woody,No,40,40.00  ,NA,Fast,"Cultivated, Wild","Bees, Flies",40,1000,1800-3000,20,28,,light (sandy) -medium -  heavy (clay),No shade,Moist,10 ->  12,No,NA,#N/A,#N/A,#N/A,Timber,#N/A,,,Timber,#N/A,Timber,,,Timber mainly,0,2,4,other,"Although the timber is widely used in the wood industry, skin irritations are rare. However, there have been various reports as follows:- Splinters of the wood can cause wounds that become increasingly inflamed and resist healing[407 ]. Vesicular dermatitis of the fingers, apparently caused by the sawdust, has been observed[407 ]. Contact dermatitis from the wood dust in ten Swiss workers has been reported[407 ]. The wood can also cause respiratory disorders such as asthma and bleeding of the nose and gums, and also contact urticaria[407 ].",pfaf.org,NT - near threatened,A characteristic canopy tree of tropical high secondary forest areas with a dry season of about 4 months[303 ].,"West Tropical Africa - Guinea Bissau to Cameroon and DR Congo, south to Angola.",,"Bees, Flies",#N/A
Only control species,terminelia arjuna,,,,,Combretaceae,Terminalia,arjuna,,,,,,NA,,Tree,Perennial,Woody,No,,,,,,,,,,,,,,,,,,,#N/A,#N/A,#N/A,#N/A,#N/A,#N/A,,,#N/A,,,,,,,,,,,NA,,,,,
,Tetrapleura tetraptera,NA,,#N/A,species,Fabaceae,Tetrapleura,tetraptera,NA,Accepted,http://www.tropicos.org/Name/13057082,"Perennial, Not climbing, Tree",Deciduous Tree,Deciduous Tree,Deciduous,Tree,Perennial,Woody,Tetrapleura,25,20.00  ,NA,NULL,Wild,NA,20, NA, NA, NA, NA,,NA,NA,NA,NA,NA,,#N/A,#N/A,Seed spices and condiments,Timber,#N/A,,,"spices, Timber",#N/A,Timber,,Alim,Woody fruits,3,3,2,alimmedi,NA,NA,LC - least concern,NA,NA,,NA,#N/A
,Theobroma cacao,"Cacao, Cocoa Tree",Cocoa_cacao,"Cacao, Cocoa Tree",NA,NA,NA,NA,NA,NA,NA,Tree,Evergreen Tree,Evergreen Tree,Evergreen,Tree,Perennial,Woody,No,8,8.00  ,NA,Medium,"Cultivated, Wild",insects,8,1000,3000,26,NA,,medium -  heavy (clay),Full sun- Semi shade - No shade,Moist,10 ->  12,NA,Cocoa beans,Stimulants,Cocoa,Fuelwood,#N/A,#N/A,,,"Stimulant, spice, aromatic, fuelwood",Herbs and spices,,medicinal,Alim,Woody Fruits,5,3,3,alimmediother,Chocolate can cause allergies and migraine in some people[238 ].,pfaf.org,NOT EVALUATED,"An understorey plant of evergreen rainforest in the wet humid tropics, growing in places that are not usually seasonally inundated[303 , 636 ].","S. America - Brazil, Peru, Colombia, the Guyanas",,"Thrips, Midges, Ants, Aphids",#N/A
,Theobroma grandiflorum,"Cupuassu, Cupuacu",Cupuassu,"Cupuassu, Cupuacu",species,Malvaceae,Theobroma,grandiflorum,NA,Accepted,http://www.tropicos.org/Name/30400582,Tree,Evergreen Tree,Evergreen Tree,Evergreen,tree,Perennial,Woody,No,10,10.00  ,NA,Medium,"Cultivated, Wild","insects, wind",10, NA, NA, NA, NA,,medium -  heavy (clay),S,Moist,10 ->  12,No,"Cupuassu, Cupuacu",#N/A,#N/A,#N/A,#N/A,#N/A,#N/A,ecocrop,Fruits,#N/A,,,Alim,Woody Fruits,4,3,1,alimmedi,None known,pfaf.org,LC - least concern,"Rainforests, usually in areas that do not become inundated[416 ]. The lower tree storey of evergreen rainforests[636 ].",S. America - Amazonian Brazil.,,"Insects, ?Wind",#N/A
,Thuja occidentalis,"American Arbor-Vitae, Arborvitae, Eastern Arborvitae, Siberian Arborvitae, Northern White Cedar, Wh",,"American Arbor-Vitae, Arborvitae, Eastern Arborvitae, Siberian Arborvitae, Northern White Cedar, Wh",species,Cupressaceae,Thuja,occidentalis,NA,Accepted,http://www.tropicos.org/Name/9400130,Tree,NA,Evergreen Tree,Evergreen,tree,Perennial,Woody,No,15,NA,NA,Slow,Wild,insects,15, NA, NA, NA, NA,,light (sandy) -medium -  heavy (clay),Semi-shade/full sun,Moist -Wet,03->07,No,NA,#N/A,#N/A,#N/A,#N/A,Essential oil,,,Essential oil,#N/A,,medicinal,,Woody other,2,3,3,mediother,"An essential oil from the leaves is poisonous if taken in large doses[7, 65]. Nausea, vomiting, flatulence, indigestion reported. Possible asthma & seizures [301]. This plant should not be used by pregnant women[165]. Use oil internally in small quantities and under medical supervision. Death and convulsions reported with improper internal use [301].",pfaf.org,LC - least concern,"Swamps and cool rocky banks of streams[43], forming dense almost impenetrable forests[82, 165]. Also found on rocky soils[226]. Plants are usually found on neutral to alkaline limestone soils[226].","Eastern N. America - Nova Scotia to Georgia, west to Illinois and Minnesota.",,"insects (Avitabile, 1982)",#N/A
,Thymus baeticus,NA,,#N/A,species,Lamiaceae,Thymus,baeticus,NA,Accepted,https://wcvp.science.kew.org/taxon/77176671-1,NA,Deciduous Tree,"Perennial, Not climbing, Herb",evergreen,shrub,Perennial,herbaceous,No,30,NA,NA,NULL,"Wild, cultivated",NA,30,,,,,,NA,NA,NA,NA,NA,,#N/A,#N/A,#N/A,#N/A,#N/A,#N/A,,NO_FAO_GROUP,#N/A,NA,NA,NA,NA,NA,NA,NA,alimmediother,NA,NA,LC - least concern,,NA,,NA,#N/A
,Thymus vulgaris,"Common Thyme, Garden thyme, Wild Thyme",Common_thyme,"Common Thyme, Garden thyme, Wild Thyme",species,Lamiaceae,Thymus,vulgaris,NA,Accepted,http://www.tropicos.org/Name/17600443,Shrub,NA,Evergreen Shrub,Evergreen,Shrub,Perennial,Woody,No,"0,2","0,2",NA,Medium,Wild,"Bees, Flies, Lepidoptera",0.2, NA, NA, NA, NA,,light (sandy) -medium,No shade,Dry- Moist,05-> 11,No,Spices nes,Spices,"Spices, nes",#N/A,#N/A,"Spice, Essential oil",,,spices,#N/A,Other,,Alim,Woody flowers,4,3,5,alimmediother,"A comment has been made in one report on medicinal uses that the plant should be used with caution[21]. No explanation was given. It quite possibly refers to overuse of the essential oil. All essential oils, since they are so concentrated, can be harmful in large doses[K]. Avoid if inflammatory disease of the gastrointestinal tract. Internal use contraindicated especially in pregnancy. Caution if sensitive to grasses [301]. Dilute oil in carrier oil before topical use.",pfaf.org,LC - least concern,"Dry slopes, rocks and maquis. Always found on clay or limestone soils[89].",S. Europe.,,"Bees, Flies, Lepidoptera",#N/A
,Tithonia diversifolia,Mexican Sunflower,,Mexican Sunflower,species,Asteraceae,Tithonia,diversifolia,NA,Accepted,http://www.tropicos.org/Name/2701460,Perennial,Annual/Perennial,Annual/Perennial,herbaceous,herb,Annual,herbaceous,No,3,3.00  ,NA,Fast,"Cultivated, Ornamental, Wild",insects,3,,,,,,light (sandy) -medium -  heavy (clay),No shade,Dry- Moist,10 ->  12,Yes,Sunflower seed,Oil crops,#N/A,#N/A,#N/A,#N/A,,,Oil crop,#N/A,NA,NA,NA,NA,0,3,3,mediother,None known,pfaf.org,NA,"Damp thickets or dry, brushy slopes, at elevations from 200 - 2,300 metres in Guatemala[331 ].","C. America - Panama, Costa Rica, Nicaragua, El Salvador, Honduras, Belize, Guatemala, Mexico.",,Insects,#N/A
,Toona ciliata,"Mountain Cedar, Australian Red Cedar, Toona",,"Mountain Cedar, Australian Red Cedar, Toona",species,Meliaceae,Toona,ciliata,NA,Accepted,http://www.tropicos.org/Name/20400348,Tree,Deciduous Tree,Deciduous Tree,Deciduous,tree,Perennial,Woody,No,30,40.00  ,NA,Fast,"Cultivated, Ornamental, Wild","Bees, Moths",40,750,4000,-1,NA,,medium -  heavy (clay),Full sun- Semi shade - No shade,Moist -Wet,09 ->  12,Yes,NA,#N/A,#N/A,#N/A,Timber,#N/A,,,Timber,#N/A,Timber,,,Timber mainly,2,2,4,other,Sawdust from machining operations has been reported to cause dermatitis in some individuals[303 ].,pfaf.org,LC - least concern,"Common to abundant in shade or open habitats: valleys, ravines, woods, thickets, forests, hillsides, mountaintops, slopes, near rivers and streams, especially throughout Yunnan, at elevations of 400 - 2,800 metres[266 ].","E. Asia - China, Indian subcontinent, Myanmar, Thailand, Cambodia, Laos, Vietnam, Malaysia, Indonesi",,"Bees, Moths",#N/A
,Toona sinensis,Chinese Cedar,,Chinese Cedar,species,Meliaceae,Toona,sinensis,NA,Accepted,http://www.tropicos.org/Name/20400497,Tree,Deciduous Tree,Deciduous Tree,Deciduous,tree,Perennial,Woody,No,20,40.00  ,NA,Fast,"Ornamental, Wild",insects,40, NA, NA, NA, NA,,light (sandy) -medium -  heavy (clay),No shade,Moist,06-> 11,No,NA,#N/A,#N/A,#N/A,#N/A,#N/A,#N/A,,NO_FAO_GROUP,#N/A,Other,,,Other?,2.33333333333333,2,4,alimother,None known,pfaf.org,LC - least concern,Woodland[109].,"E. Asia - China, northern India, Bhutan, Myanmar, Thailand, Laos, Malaysia, Indonesia.",,insects (https://practicalplants.org/,#N/A
,trees,NA,,#N/A,genus,Cannabaceae,Trema,NA,NA,Accepted,http://www.tropicos.org/Name/40016530,NA,NA,Tree,NA,Tree,Perennial,Woody,No,NULL,NA,NA,NULL,NA,NA,NULL, NA, NA, NA, NA,,NA,NA,NA,NA,NA,,#N/A,#N/A,#N/A,#N/A,#N/A,#N/A,,NO_FAO_GROUP,#N/A,NA,NA,NA,NA,NA,NA,NA,alimmediother,NA,NA,NA,NA,NA,,NA,#N/A
,Trema micrantha,NA,,#N/A,species,Cannabaceae,Trema,micrantha,NA,Accepted,http://www.tropicos.org/Name/33300067,Annual or perennial erect or climbing herbs without latex,Evergreen Tree,Evergreen Tree,Evergreen,Tree,Perennial,Woody,No,NULL,9.00  ,NA,NULL,Wild,bees,9, NA, NA, NA, NA,,NA,NA,NA,NA,NA,,#N/A,#N/A,#N/A,#N/A,#N/A,#N/A,,NO_FAO_GROUP,#N/A,NA,NA,NA,NA,0,2,3,other,NA,NA,LC - least concern,NA,NA,,Bees,#N/A
,Trichanthera gigantea,"Giant trichanthera, Nacadero",,"Giant trichanthera, Nacadero",NA,NA,NA,NA,NA,NA,NA,Tree,Semi-deciduous Tree,Semi-deciduous Tree,Semi-deciduous,tree,Perennial,Woody,No,5,5.00  ,NA,Fast,"Cultivated, Wild","Bats, Birds, Ants, Bees",5, NA, NA, NA, NA,,light (sandy) -medium -  heavy (clay),Semi-shade/full sun,Moist,10 ->  12,NA,NA,#N/A,#N/A,#N/A,#N/A,#N/A,#N/A,ecocrop,"Forage, medicinal",#N/A,NA,NA,NA,NA,2,2,3,other,None known,pfaf.org,LC - least concern,"Streams and swampy areas and wet forests at low elevations[418 ]. Along roadsides, in clearings, swampy areas, forests and thickets[428 ].","S. America - Brazil, Peru, Ecuador, Colombia, Guyana",,"Bats, Birds, Ants, Bees",#N/A
,Trichilia moschata,NA,,#N/A,species,Meliaceae,Trichilia,moschata,NA,Accepted,http://www.tropicos.org/Name/20400610,√Årbol,Tree,deciduous Tree,Deciduous,Tree,Perennial,Woody,No,NULL,12.00  ,NA,NULL,Wild,NA,12,NA,NA,NA,NA,,NA,NA,NA,NA,NA,,#N/A,#N/A,#N/A,#N/A,#N/A,#N/A,,NO_FAO_GROUP,#N/A,NA,NA,NA,NA,0,0,2,,None known,NA,LC - least concern,NA,"The native range of this species is S. Mexico to Guatemala, Jamaica, W. Colombia to W. Ecuador. It is a tree and grows primarily in the wet tropical biome",,NA,#N/A
,Trifolium alexandrinum,"Aleksandrian Apila, Alexandriner-Klee, Alexandrinischer Klee, Alexandrinsk Klover, Berseem, Bersim, Egipetski Klever, Egyiptomi Here, Egyptian Clover, Klever Aleksandriiski, Koniczyna Egipska, Trebol De Alexandria, Trefle D'Alexandrie, Trifoglio Allessand",Egyptian_clover_berseem_clover,"Aleksandrian Apila, Alexandriner-Klee, Alexandrinischer Klee, Alexandrinsk Klover, Berseem, Bersim, Egipetski Klever, Egyiptomi Here, Egyptian Clover, Klever Aleksandriiski, Koniczyna Egipska, Trebol De Alexandria, Trefle D'Alexandrie, Trifoglio Allessand",species,Fabaceae,Trifolium,alexandrinum,NA,Accepted,http://www.tropicos.org/Name/13033672,"Annual, Not climbing, Herb",NA,"Annual, Not climbing, Herb",herbaceous,herb,Annual,herbaceous,Trifolium,"0,55",NA,NA,Fast,Cultivated,bees,0.6,,,,,,NA,NA,NA,NA,NA,"Hay (Clover, Lucerne, etc.)",Fodder,#N/A,#N/A,#N/A,#N/A,,,Fodder,#N/A,Fodder,,,Fodder,"0,00","0,00","3,00",other,None known,NA,NA,"The plant arose through cultivation, probably in Syria, and is not known n a truly wild situation.","N. Africa - Egypt; W. Asia - Lebanon, Israel, Jordan",,Bees,#N/A
,Trifolium ambiguum,"Amoriya Egrisskaya, Amoriya Ruprekhta, Amoriya Somnitelnaya, Caucasian Clover, Klever Ruprekhta, Klever Skhodnyi, Klever Somnitelnyi, Konyushina Minliva, Kura, Kura Clover, Pellett Clover",,"Amoriya Egrisskaya, Amoriya Ruprekhta, Amoriya Somnitelnaya, Caucasian Clover, Klever Ruprekhta, Klever Skhodnyi, Klever Somnitelnyi, Konyushina Minliva, Kura, Kura Clover, Pellett Clover",species,Fabaceae,Trifolium,ambiguum,NA,Accepted,https://wcvp.science.kew.org/taxon/522843-1,"Perennial, Not climbing, Herb",NA,"Perennial, Not climbing, Herb",NA,herb,Perennial,herbaceous,Trifolium,NULL,NA,NA,NULL,NA,NA,0.6,,,,,,NA,NA,NA,NA,NA,"Hay (Clover, Lucerne, etc.)",Fodder,#N/A,#N/A,#N/A,#N/A,,,Fodder,#N/A,Fodder,,,Fodder,NA,NA,NA,alimmediother,NA,NA,NA,NA,NA,,NA,#N/A
,Trifolium incarnatum,Crimson Clover,Crimson_clover_italian_clover,Crimson Clover,species,Fabaceae,Trifolium,incarnatum,NA,Accepted,http://www.tropicos.org/Name/13033934,Annual,NA,"Annual, not climbing",herbaceous,herb,Annual,herbaceous,Trifolium,"0,5","0,2-0,9",NA,Medium,"Cultivated, Wild",bees,0.5,,,,,,light (sandy) -medium -  heavy (clay),No shade,Moist,03 -> 09,Yes,"Hay (Clover, Lucerne, etc.)",Fodder,#N/A,#N/A,#N/A,#N/A,,,Fodder,#N/A,Fodder,,,Fodder,2,0,4,other,None known,pfaf.org,LC - least concern,Grassy places near the Lizard peninsula in Cornwall[17].,"Western and southern Europe, including Britain, to the Balkans and the Mediterranean.",,"bees, no self",#N/A
,Trifolium pratense,Red Clover,Red_clover,Red Clover,species,Fabaceae,Trifolium,pratense,NA,Accepted,http://www.tropicos.org/Name/13034154,Perennial,NA,"Perennial, not climbing",NA,herb,Perennial,herbaceous,Trifolium,"0,6",NA,NA,Medium,Wild,"Bees, Lepidoptera",0.6,,,,,,light (sandy) -medium -  heavy (clay),No shade,Moist,05 -> 09,No,"Hay (Clover, Lucerne, etc.)",Fodder,#N/A,#N/A,#N/A,#N/A,,,Fodder,#N/A,Fodder,,,Fodder,3,3,4,alimmediother,"Diseased clover, even if no symptoms of disease are visible, can contain toxic alkaloids[222].",pfaf.org,LC - least concern,"Meadows, pastures and other grassy places[9], especially on calcareous soils. Usually found on circumneutral soils[17].","Europe, including Britain, from Norway south and east to Spain and W. Asia.",,"Bees, Lepidoptera, no self",Apis; Bombus terrestris
,Trifolium repens,"White Clover, Dutch Clover, Purple Dutch Clover, Shamrock, White Clover",White_clover,"White Clover, Dutch Clover, Purple Dutch Clover, Shamrock, White Clover",species,Fabaceae,Trifolium,repens,NA,Accepted,http://www.tropicos.org/Name/13034184,Perennial,NA,"Perennial, not climbing",NA,herb,Perennial,herbaceous,Trifolium,"0,1","0,1-0,5",NA,Medium,Wild,bees,0.5,,,,,,light (sandy) -medium -  heavy (clay),No shade,Moist,04->08,Yes,"Hay (Clover, Lucerne, etc.)",Fodder,#N/A,#N/A,#N/A,#N/A,,,Fodder,#N/A,Fodder,,,Fodder,3,2,4,alimother,"This plant has been known to cause problems for grazing animals, though this has never happened in Britain[76]. The problem may be associated with the climate in which the plant is growing[76]. The species is polymorphic for cyanogenic glycosides[218]. The leaves and flowers of certain cyanogenic phenotypes contain a glycoside which releases cyanide on contact with the enzyme linamarase[218].",pfaf.org,NA,"Grassland and lawns, preferring a calcareous clay soil[9, 17].","Europe, including Britain, from Norwat south and east to N. Africa, north and western Asia.",,"bees, no self",#N/A
,Trifolium sp.,NA,,#N/A,genus,Fabaceae,Trifolium,NA,sp.,Accepted,http://www.tropicos.org/Name/40018244,NA,NA,"Perennial, Not climbing, Herb",NA,herb,Perennial,herbaceous,Trifolium,NULL,NA,NA,NULL,"Cultivated, Wild",NA,NULL,,,,,,NA,NA,NA,NA,NA,"Hay (Clover, Lucerne, etc.)",Fodder,#N/A,#N/A,#N/A,#N/A,,,Fodder,#N/A,Fodder,,,Fodder,NA,NA,NA,alimmediother,NA,NA,NA,NA,NA,,NA,#N/A
,Trigonella foenum,"Fenugreek, Sicklefruit fenugreek",Fenugreek,"Fenugreek, Sicklefruit fenugreek",species,Fabaceae,Trigonella,foenum-graecum,NA,Accepted,http://www.tropicos.org/Name/13034390,Annual,Annual,"Annual, not climbing",herbaceous,herb,Annual,herbaceous,Trigonella,"0,6",0.60  ,NA,Fast,Cultivated,insects,0.6,,,,,,light (sandy) -medium -  heavy (clay),No shade,Dry- Moist,05 -> 09,No,Fenugreek,#N/A,,#N/A,#N/A,#N/A,,ecocrop,"seeds, essential oil",#N/A,,medicinal,Alim,"seeds, essential oil",4,5,3,alimmediother,"The seed contains 1% saponins[240]. Although poisonous, saponins are poorly absorbed by the human body and so most pass through without harm. Saponins are quite bitter and can be found in many common foods such as some beans. They can be removed by carefully leaching the seed or flour in running water. Thorough cooking, and perhaps changing the cooking water once, will also remove most of them. However, it is not advisable to eat large quantities of food that contain saponins. Saponins are much more toxic to some creatures, such as fish, and hunting tribes have traditionally put large quantities of them in streams, lakes etc in order to stupefy or kill the fish[K]. Care for diabetics on antidiabetic allopathic as may lower blood sugar. Can affect drug absorption as high fibre content. Constituents can alter the effects of monoamine oxide inhibitors [301].",pfaf.org,NA,"Field verges, uncultivated ground, dry grasslands and hillsides[200].",Europe - S. France.,,Insects,#N/A
,Triplochiton scleroxylon,"Arere, Obeche, Samba",,"Arere, Obeche, Samba",NA,NA,NA,NA,NA,NA,NA,Tree,Deciduous Tree,Deciduous Tree,Deciduous,tree,Perennial,Woody,No,40,40.00  ,NA,Fast,"Cultivated, Wild",NA,40,1000,3000,24,26.7,,light (sandy) -medium -  heavy (clay),No shade,Moist,10 ->  12,NA,"Arere, Obeche, Samba",#N/A,#N/A,Fuelwood,Timber,#N/A,,,"Fuelwood, Timber",#N/A,Timber,,,Timber mainly,2,2,4,other,"The sawdust has been known to cause occupational allergic contact dermatitis, allergic rhinitis and asthma in workers in sawmills[299 ].",pfaf.org,LC - least concern,Lowland half-deciduous forest,NA,,NA,#N/A
,Triticum aestivum,"Bread Wheat, Common wheat",Bread_wheat,"Bread Wheat, Common wheat",species,Poaceae,Triticum,aestivum,NA,Accepted,http://www.tropicos.org/Name/25510034,Annual,Annual,Annual,herbaceous,herb,Annual,herbaceous,No,"1,5",1.20  ,NA,NULL,Cultivated,Wind,1.2,,,,,,light (sandy) -medium -  heavy (clay),No shade,Moist,10 ->  12,No,Wheat,Cereals,Cereals,#N/A,#N/A,#N/A,,,Cereals,Cereal,,,Alim,cereals,4.66666666666667,0.666666666666667,2,alimmedi,None known,pfaf.org,NA,Not known in the wild.,"Of uncertain origin, perhaps the Middle East or Armenia.",,Wind,#N/A
,Triticum sp.,NA,,#N/A,genus,Poaceae,Triticum,NA,sp.,Accepted,http://www.tropicos.org/Name/40019634,NA,NA,"Perennial, Not climbing, Herb",herbaceous,herb,Annual,herbaceous,No,NULL,NA,NA,NULL,NA,Wind,NULL,,,,,,NA,NA,NA,NA,NA,,#N/A,#N/A,#N/A,#N/A,#N/A,#N/A,,cereals,#N/A,,,Alim,cereals,NA,NA,NA,alimmediother,NA,NA,NA,NA,NA,,wind,#N/A
,Triticum turgidum,Rivet Wheat,,Rivet Wheat,species,Poaceae,Triticum,turgidum,NA,Accepted,http://www.tropicos.org/Name/25511581,Annual,NA,Annual,herbaceous,herb,Annual,herbaceous,No,"1,5",NA,NA,NULL,Wild,Wind,105,,,,,,light (sandy) -medium -  heavy (clay),No shade,Moist,Coming soon,No,Wheat,Cereals,#N/A,#N/A,#N/A,#N/A,,,Cereals,#N/A,,,Alim,cereals,4,0,3,alimother,None known,pfaf.org,LC - least concern,"Developed through cultivation, it is not known in a truly wild location.",Middle East? Original habitat is obscure.,,Wind,#N/A
,Ulmus americana,"American Elm, Gray Elm, Water Elm",,"American Elm, Gray Elm, Water Elm",species,Ulmaceae,Ulmus,americana,NA,Accepted,http://www.tropicos.org/Name/33300003,Tree,NA,Deciduous Tree,Deciduous,tree,Perennial,Woody,No,25,NA,NA,Medium,"Ornamental, Wild",Wind,25, NA, NA, NA, NA,,light (sandy) -medium -  heavy (clay),Semi-shade/full sun,Moist,03 -> 09,No,NA,#N/A,#N/A,#N/A,Timber,#N/A,,,Timber,#N/A,Timber,,,Woody shoot,2,2,3,other,None known,pfaf.org,EN-Endangered,"Rich soils, especially by streams and in lowlands[43, 82]. Found on a range of soil types, from acidic to mildly alkaline[229].","Eastern N. America - Newfoundland to Manitoba, Florida and Texas.",,wind,#N/A
,Ulmus mexicana,Winged Elm,,Winged Elm,species,Ulmaceae,,,,,,,deciduous Tree,Deciduous tree,Deciduous,Tree,Perennial,Woody,No,12-25 ,,,NA,NA,Wind,12, NA, NA, NA, NA,,NA,Semi-shade/full sun,Moist,06 -> 09,,,,#N/A,#N/A,#N/A,#N/A,#N/A,,NO_FAO_GROUP,#N/A,NA,NA,NA,NA,0,2,2,,None known,,LC - least concern,"Dry gravelly uplands, less often in alluvial soils on the borders of swamps and banks of streams, occasionally in inundated swamps[82].","Eastern and Central N. America - Virginia to Florida, west to Illinois, Missouri and Texas.",,"wind (Giovanni CaudulloDaniele de RigoDaniele de Rigo, 2016)",#N/A
,Ulmus pumila,"Siberian Elm, Hybrid elm",,"Siberian Elm, Hybrid elm",species,Ulmaceae,Ulmus,pumila,NA,Accepted,http://www.tropicos.org/Name/33300018,Tree,NA,Deciduous Tree,Deciduous,tree,Perennial,Woody,No,15,NA,NA,Fast,"Ornamental, Wild",Wind,15, NA, NA, NA, NA,,light (sandy) -medium -  heavy (clay),Semi-shade/full sun,Dry- Moist,04 -> 09,Yes,NA,#N/A,#N/A,#N/A,Timber,#N/A,,,Timber,#N/A,Timber,,,Woody shoot,2,2,3,other,None known,pfaf.org,LC - least concern,"Dry sandy or stony soils, pebbles of river valleys, slopes and occasionally on rocks[74]. Slopes, valleys and plains at elevations of 1000 - 2500 metres[266].","E. Asia - China, E. Siberia, Turkestan.",,wind,#N/A
,Ulmus spp.,NA,,#N/A,genus,Ulmaceae,Ulmus,NA,spp.,Accepted,http://www.tropicos.org/Name/40021444,NA,NA,Semi-deciduous Tree,Semi-deciduous,Tree,Perennial,Woody,No,NULL,NA,NA,NULL,NA,NA,NULL, NA, NA, NA, NA,,NA,NA,NA,NA,NA,,#N/A,#N/A,#N/A,#N/A,#N/A,#N/A,,NO_FAO_GROUP,#N/A,NA,NA,NA,NA,NA,NA,NA,alimmediother,NA,NA,NA,NA,NA,,NA,#N/A
,ulmus villosa,,,Cherry Bark Elm,species,Ulmaceae,Ulmus,villosa,NA,Accepted,https://powo.science.kew.org/taxon/urn:lsid:ipni.org:names:2450492,,Deciduous Tree,Deciduous Tree,Deciduous,Tree,Perennial,Woody,No,25,NULL,NA,character(0),Wild,Wind,25,TODO,TODO,TODO,TODO,,"light (sandy), medium (loamy) and heavy (clay) soils",semi-shade; Noshade,Moist,04 -> 08,No,,#N/A,#N/A,#N/A,#N/A,#N/A,#N/A,,NO_FAO_GROUP,#N/A,,,,,1.0,0.0,2,alimmedi,None known,,VU - vulnerable,Found at altitudes up to 3500 metres in the Himalayas[146].,E. Asia - Himalayas.,,Wind,#N/A
,Ulmus wallichiana,NA,,#N/A,species,Ulmaceae,Ulmus,wallichiana,NA,Accepted,http://www.tropicos.org/Name/50325030,Tree,NA,Deciduous Tree,Deciduous,Tree,Perennial,Woody,No,35,NA,NA,NULL,Wild,Wind,35, NA, NA, NA, NA,,light (sandy) -medium -  heavy (clay),Semi-shade/full sun,Moist,05 -> 09,No,,#N/A,#N/A,#N/A,#N/A,#N/A,#N/A,,NO_FAO_GROUP,#N/A,NA,NA,NA,NA,1,1,3,other,None known,pfaf.org,VU - vulnerable,"Broad-leaved forests and moist ravines, 1800 - 3000 metres[51].",E. Asia - Himalayas from Afghanistan to W. Nepal.,,wind,#N/A
,Urochloa brizantha,NA,,#N/A,species,Poaceae,Brachiaria,brizantha,NA,Synonym,http://www.tropicos.org/Name/25509347,NA,Evergreen Perennial,"Perennial, Not climbing, Herb",evergreen,herb,Perennial,herbaceous,No,NULL,0.70  ,NA,NULL,Cultivated,Wind,0.7,,,,,,NA,NA,NA,NA,NA,,#N/A,#N/A,#N/A,#N/A,#N/A,#N/A,,NO_FAO_GROUP,#N/A,NA,NA,NA,NA,0,0,2,,NA,NA,NA,NA,NA,,Wind,#N/A
,Urochloa eminii,NA,,#N/A,species,Poaceae,Brachiaria,decumbens,NA,Synonym,http://www.tropicos.org/Name/25510766,vivacious grass,NA,NA,NA,herb,Annual/Perennial,herbaceous,No,NULL,NA,NA,NULL,NA,Wind,1,,,,,,NA,NA,NA,NA,NA,,#N/A,#N/A,#N/A,#N/A,#N/A,#N/A,,NO_FAO_GROUP,#N/A,NA,NA,NA,NA,NA,NA,NA,alimmediother,NA,NA,NA,NA,NA,,wind,#N/A
,Vaccinium bracteatum,Sea Bilberry,,Sea Bilberry,species,Ericaceae,Vaccinium,bracteatum,NA,Accepted,http://www.tropicos.org/Name/12304497,Shrub,NA,Evergreen Shrub,Evergreen,Shrub,Perennial,Woody,No,1,NA,NA,NULL,Wild,insects,1, NA, NA, NA, NA,,light (sandy) -medium,Semi-shade/full sun,Moist,06 -> 09,No,Sea Bilberry,#N/A,#N/A,#N/A,#N/A,#N/A,,,"Fruits, nuts",#N/A,,,Alim,Woody Fruits,1,1,0,,None known,pfaf.org,LC - least concern,"Low elevations in mountains, C. and S. Japan[58]. Forests and thickets at elevations of 400 - 1400 metres[266],","E. Asia - China, Japan, Korea.",,insects,#N/A
,vachellia karroo hayne,,,"sweet thorn, common acacia, Karoo thorn, Cape gum or cockspur thorn",species,Fabaceae,Vachellia,karroo,hayne,NA,http://www.worldfloraonline.org/taxon/wfo-0000510579,,Evergreen tree,NA,evergreen,Shrub/tree,Perennial,Woody,Vachellia,NULL,NA,NA,NA,NA,insects,12,TODO,TODO,TODO,TODO,,medium (loamy) and heavy (clay) soils ,no shade,NA,NA,10 -> 12,,#N/A,#N/A,#N/A,#N/A,#N/A,#N/A,,NO_FAO_GROUP,#N/A,,,,,2,1,4,other,None known,,NA,"Woodland, wooded grassland, coastal scrub, often by rivers and in valleys, from near sea-level to 1,520 metres[308 ]. Found in riverine communities and even in arid environments, where it can do well provided there is an assured supply of groundwater","Southern Africa, from the Cape as far north as Angola and Kenya.",,insects,#N/A
,Vachellia nilotica,NA,,#N/A,species,Fabaceae,Acacia,nilotica,NA,Accepted,http://www.tropicos.org/Name/13024271,NA,Evergreen Tree,Evergreen Tree,Evergreen,Tree,Perennial,Woody,Acacia,NULL,10.00  ,NA,NULL,"Cultivated, Ornamental, Wild","Bees, insects",10, NA, NA, NA, NA,,NA,NA,NA,10 ->  12,Yes,,#N/A,#N/A,#N/A,Timber,#N/A,#N/A,,Timber,#N/A,Other,,,Other?,2,2,4,other,None known,NA,LC - least concern,"Woodlands of various sorts, wooded grasslands, scrub and thickets[269 ]. Often found along river banks which are subject to periodic inundation[303 ]. Found at elevations from sea level to 1,300 metres[303 ].","Drier areas of Africa, Arabian Peninsula, western Asia to northern India.",,"Bees, Insects",#N/A
,Vatairea lundellii,NA,,#N/A,species,Fabaceae,Vatairea,lundellii,NA,Accepted,http://www.tropicos.org/Name/13007150,NA,Deciduous Tree,Deciduous Tree,Deciduous,Tree,Perennial,Woody,Vatairea,NULL,25.00  ,NA,NULL,Wild,NA,25, NA, NA, NA, NA,,NA,NA,NA,NA,NA,,#N/A,#N/A,#N/A,#N/A,#N/A,#N/A,,NO_FAO_GROUP,#N/A,NA,NA,NA,NA,0,0,3,other,NA,NA,VU - vulnerable,NA,NA,,NA,#N/A
,Vateria indica,White Dammar,,White Dammar,species,Dipterocarpaceae,Vateria,indica,NA,Accepted,http://www.tropicos.org/Name/50061732,Tree,Evergreen Tree,Evergreen Tree,Evergreen,tree,Perennial,Woody,No,40,40.00  ,NA,Slow,"Ornamental, Wild",bees,40, NA, NA, NA, NA,,light (sandy) -medium,Full sun- Semi shade - No shade,Moist,10 ->  12,No,White Dammar,#N/A,#N/A,#N/A,#N/A,#N/A,#N/A,,NO_FAO_GROUP,#N/A,Other,,,Other?,3,2,4,alimother,None known,pfaf.org,VU - vulnerable,"Found primarily as a canopy or emergent tree in the west coastal evergreen forests of India, it is also occasionally found in secondary evergreen dipterocarp forest in the south[338 ]. Found at elevations up to 1,200 metres[439 ].",E. Asia - India.,,"bees (Ashton, Peter S. (1988-11-01)",#N/A
,vegetables,NA,,#N/A,NA,NA,NA,NA,vegetables,NA,NA,NA,NA,NA,herbaceous,herb,Annual,herbaceous,No,NULL,NA,NA,NULL,Cultivated,NA,NULL,,,,,,NA,NA,NA,NA,NA,"Vegetables, Fresh n.e.s.",Vegetables,Other vegetables n.e.c.,#N/A,#N/A,#N/A,,,Vegetables,#N/A,,,Alim,vegetables,NA,NA,NA,alimmediother,NA,NA,NA,NA,NA,,NA,#N/A
,Verbesina alata,NA,,#N/A,species,Asteraceae,Actinomeris,alata,NA,Synonym,https://wcvp.science.kew.org/taxon/174912-1,grass,NA,NA,NA,herb,Annual/Perennial,herbaceous,No,"0,6",NA,NA,NULL,NA,NA,0.6,,,,,,NA,NA,NA,NA,NA,,#N/A,#N/A,#N/A,#N/A,#N/A,#N/A,,NO_FAO_GROUP,#N/A,NA,medicinal,NA,NA,NA,NA,NA,alimmediother,NA,NA,NA,NA,NA,,NA,#N/A
,Vicia faba,Horsebean,Broad_bean,"Horsebean, Broad bean",species,Fabaceae,Vicia,faba,NA,Accepted,http://www.tropicos.org/Name/13007201,Annual,Annual,"Annual, not climbing",herbaceous,herb,Annual,herbaceous,Vicia,1,1.00  ,NA,Fast,Cultivated,"Bees, insects",1,,,,,,light (sandy) -medium -  heavy (clay),Semi-shade/full sun,Moist,04->08,No,Horsebean,#N/A,"Pulses, Other",#N/A,#N/A,#N/A,,,"Pulses, Other",#N/A,,,Alim,"Pulses, Other",3.66666666666667,1.33333333333333,2.33333333333333,alimmediother,"Although often used as an edible seed, there is a report that eating the seed of this plant can cause the disease 'Favism' in susceptible people[76]. Favism only occurs in cases of excessive consumption of the seed (no more details are given[K]) and when the person is genetically inclined towards the disease[213].",pfaf.org,NA,Not known in a truly wild situation.,"Long cultivated for its seed, the original habitat is obscure.",,"Bees, Insects",#N/A
,Vicia lens,NA,,#N/A,species,Fabaceae,Lens,esculenta,NA,Synonym,http://www.tropicos.org/Name/13021782,NA,Annual,Annual,herbaceous,herb,Annual,herbaceous,Lens,NULL,0.45  ,NA,NULL,Cultivated,insects,0.45,,,,,,NA,NA,NA,NA,NA,,#N/A,#N/A,#N/A,#N/A,#N/A,#N/A,,NO_FAO_GROUP,#N/A,NA,NA,Alim,seeds,5,2,2,alim,NA,NA,NA,NA,NA,,"Cleistogamous, Insects",#N/A
Only control species,vicia lutea,,,,,Fabaceae,Vicia,lutea,,,,,,NA,herb,Herb,Annual/climber,herbaceous,Vicia,,,,,cultivated,Insects,0.3,,,,,,,,,,,,#N/A,#N/A,#N/A,#N/A,#N/A,#N/A,,,#N/A,,,,,,,,,,,LC - least concern,,,,,
,Vigna mungo,"Black Gram, Urd Bean, Black Matpe, Black Mung Bean",Black_gram,"Black Gram, Urd Bean, Black Matpe, Black Mung Bean",species,Fabaceae,Vigna,mungo,NA,Accepted,http://www.tropicos.org/Name/13040503,Annual,Annual,Annual,herbaceous,herb,Annual,herbaceous,Vigna,1,0.90  ,NA,Fast,Cultivated,insects,0.9,,,,,,light (sandy) -medium -  heavy (clay),No shade,Moist -Wet,10 ->  12,No,"Peas, dry",Pulses,Leguminous crops,#N/A,#N/A,#N/A,,,Leguminous crops,#N/A,,,Alim,Leguminous crops,4,2,2,alim,None known,pfaf.org,NA,Not known in a truly wild situation.,E. Asia - the exact original wild range is unknown.,,"Self, Insects",#N/A
,Vigna radiata,"Mung Bean, Thai Mung Bean",Mung_bean,"Mung Bean, Thai Mung Bean",species,Fabaceae,Vigna,radiata,NA,Accepted,http://www.tropicos.org/Name/13040499,Annual,Annual,Annual,herbaceous,herb,Annual,herbaceous,Vigna,"0,8",0.75  ,NA,Fast,Cultivated,insects,0.75,,,,,,light (sandy) -medium -  heavy (clay),Semi-shade/full sun,Dry- Moist,10 ->  12,No,"Peas, dry",Pulses,Beans,#N/A,#N/A,#N/A,,,Pulses,#N/A,NA,NA,Alim,"leaves, seeds",4,2,2,alim,None known,pfaf.org,LC - least concern,"Not known in a truly wild situation[300 ]. Naturalized in open wastelands, roadsides, thicket margins, at elevations up to 500 metres in southern China[266 ].","E. Asia - China, India, Sri Lanka, Myanmar, Thailand, Indonesia, New Guinea.",,"Self, Insects",#N/A
,Vigna unguiculata,Black-Eyed Pea,Cowpea,Black-Eyed Pea,species,Fabaceae,Vigna,unguiculata,NA,Accepted,http://www.tropicos.org/Name/13035198,Annual Climber,NA,Annual Climber,herbaceous,herb climber,Annual,herbaceous,Vigna,4,NA,NA,Fast,Cultivated,insects,4,,,,,,light (sandy) -medium -  heavy (clay),Semi-shade/full sun,Dry- Moist,10 ->  12,No,"Peas, dry",Pulses,Leguminous crops,#N/A,#N/A,#N/A,,,Leguminous crops,#N/A,,,Alim,Leguminous crops,2,1,0,,None known,pfaf.org,NA,Not known,"A cultivated form, notknown in the wild.",,Insects,#N/A
Only control species,vismia guianensis,,,,,Hypericaceae,Vismia,guianensis,,,,,,Tree,,Tree,Perennial,Woody,No,,,,,Wild,,6,,,,,,,,,,,,#N/A,#N/A,#N/A,#N/A,#N/A,#N/A,,,#N/A,,,,,0,2,1,,,,LC - least concern,,,,,
Only control species,vismia spp.,,,,,Hypericaceae,Vismia,,spp.,,,,,NA,,Trees/shrubs,Perennial,Woody,No,,,,,,,,,,,,,,,,,,,#N/A,#N/A,#N/A,#N/A,#N/A,#N/A,,,#N/A,,,,,,,,,,,NA,,,,,
,Vitellaria paradoxa,Shea Butter Tree,Shea_butter,Shea Butter Tree,species,Sapotaceae,Vitellaria,paradoxa,NA,Accepted,http://www.tropicos.org/Name/50053507,Tree,Deciduous Tree,Deciduous Tree,Deciduous,Tree,Perennial,Woody,No,15,15.00  ,NA,Slow,"Cultivated, Semi-cultivated, Wild",bees,15,600,1400,25,29,,light (sandy) -medium -  heavy (clay),Semi-shade/full sun,Dry- Moist,11 ->  12,No,Karite Nuts (Sheanuts),Oil crops,Karite nuts,#N/A,#N/A,#N/A,,,"Fruits, oil crop",Oil,Other,medicinal,Alim,Woody Fruits,4,5,4,alimmediother,None known,pfaf.org,VU - vulnerable,"Open sites and parkland savannah[303 ]. A characteristic of the West African savannah, though it is also present in the southern Sahel[299 ].","Tropical Africa - Senegal to Sudan, and to western Ethiopia and Uganda.",,Bees,#N/A
,Vitis riparia,Riverbank Grape,,Riverbank Grape,species,Vitaceae,Vitis,riparia,NA,Accepted,http://www.tropicos.org/Name/34000212,Climber,NA,Climber,Deciduous,herb climber,Perennial,liane,No,15,NA,NA,Fast,Wild,insects,15,,,,,,light (sandy) -medium -  heavy (clay),Semi-shade/full sun,Dry- Moist,02->06,Yes,Grapes,Fruits,#N/A,#N/A,#N/A,#N/A,,,Fruits,#N/A,,,Alim,Woody Fruits,3,0,2,alim,None known,pfaf.org,NA,"Riverbanks, bottomlands, rich thickets and woodland margins[43, 62].",Eastern and Central N. America. Locally naturalized in Europe[50].,,Insects,#N/A
,Vitis vinifera,"Grape, Wine grape, Purpleleaf Grape, Common Grape",Grape,"Grape, Wine grape, Purpleleaf Grape, Common Grape",NA,NA,NA,NA,NA,NA,NA,Climber,Deciduous Climber,Deciduous Climber,Deciduous,"liane, climber",Perennial,Woody,No,15,15.00  ,NA,Fast,Cultivated,insects,15,,,,,,light (sandy) -medium -  heavy (clay),Semi-shade/full sun,Dry- Moist,06 -> 10,NA,Grapes,Fruits,Grapes,#N/A,#N/A,#N/A,,,"Fruits, nuts",Beverage,,,Alim,Woody Fruits,5,2.66666666666667,2,alimmedi,None known,pfaf.org,LC - least concern,Riversides and damp woods[200]. Grows on the banks of the Thames at Kew in Britain[17].,Central and southern Europe,,Insects,#N/A
,Voacanga africana,NA,,#N/A,species,Apocynaceae,Voacanga,africana,NA,Accepted,http://www.tropicos.org/Name/1805139,NA,Evergreen Tree,Evergreen Tree,Evergreen,Tree,Perennial,Woody,No,"1,5 to 9 ",9.00  ,NA,NULL,"Ornamental, Wild",NA,9, NA, NA, NA, NA,,NA,NA,NA,NA,NA,,#N/A,#N/A,#N/A,#N/A,#N/A,#N/A,,NO_FAO_GROUP,#N/A,NA,NA,NA,NA,2,3,2,medi,NA,NA,LC - least concern,NA,NA,,NA,#N/A
,Withania somnifera,"Ashwagandha - Indian Ginseng, Withania",,"Ashwagandha - Indian Ginseng, Withania",species,Solanaceae,Withania,somnifera,NA,Accepted,http://www.tropicos.org/Name/29600341,Shrub,Evergreen Shrub,Evergreen Shrub,Evergreen,Shrub,Perennial,Woody,No,1,1.00  ,NA,NULL,"Cultivated, Wild",bees,1, NA, NA, NA, NA,,light (sandy) -medium -  heavy (clay),No shade,Moist,10 ->  12,No,Ginseng,#N/A,#N/A,#N/A,#N/A,#N/A,#N/A,ecocrop,medicinal,#N/A,,medicinal,,seeds,1,4,2,medi,The plant is toxic if eaten[238]. Can induce dependence [301]. May decrease the effectiveness of allopathic immunosuppressant drugs. Avoid with sleeping tablets (barbiturates) [301].,pfaf.org,NA,"Open places, disturbed areas etc[192]. An undershrub in stony places[238].","Mediterranean Europe, most of Africa, through W. Asia to Pakistan, India and Sri Lanka.",,"Self, Bees",#N/A
,x Triticosecale,NA,,#N/A,genus,Poaceae,Triticosecale,NA,x,Accepted,https://wcvp.science.kew.org/taxon/924881-1,NA,NA,NA,herbaceous,herb,Annual,herbaceous,No,NULL,NA,NA,NULL,Cultivated,Wind,1.55,,,,,,NA,NA,NA,NA,NA,,#N/A,Triticale,#N/A,#N/A,#N/A,#N/A,,cereals,#N/A,,,Alim,cereals,NA,NA,NA,alimmediother,NA,NA,NA,NA,NA,,wind,#N/A
,Xanthosoma sagittifolium,NA,,#N/A,species,Araceae,Xanthosoma,sagittifolium,NA,Accepted,http://www.tropicos.org/Name/2106169,Herb,Perennial,Perennial,NA,herb,Perennial,herbaceous,No,NULL,2.00  ,NA,NULL,Cultivated,NA,2,,,,,,NA,NA,NA,NA,NA,,#N/A,Yautia cocoyam,#N/A,#N/A,#N/A,,,"Root,tuber",Root and tuber,,,Alim,Root/tuber,3,0,0,alim,NA,NA,NA,NA,NA,,NA,#N/A
,Zanthoxylum bungeanum,NA,Shichuan_pepper,Shichuan_pepper,species,Rutaceae,Zanthoxylum,bungeanum,NA,Accepted,http://www.tropicos.org/Name/50054098,Shrub,NA,Deciduous Shrub,Deciduous,Shrub,Perennial,Woody,No,6,NA,NA,NULL,Wild,insects,6, NA, NA, NA, NA,,light (sandy) -medium -  heavy (clay),Semi-shade/full sun,Moist,Coming soon,No,,#N/A,#N/A,#N/A,#N/A,#N/A,#N/A,,NO_FAO_GROUP,#N/A,NA,NA,NA,NA,2,3,0,medi,The plant is toxic[147]. No more details.,pfaf.org,LC - least concern,Waysides and thickets to 2000 metres in W. China[109].,E. Asia - China.,,"insects, no self",#N/A
,Zanthoxylum rhoifolium,NA,,#N/A,species,Rutaceae,Zanthoxylum,rhoifolium,NA,Accepted,http://www.tropicos.org/Name/28100302,NA,Semi-deciduous Tree,Semi-deciduous Tree,Semi-deciduous,Tree,Perennial,Woody,No,NULL,10.00  ,NA,NULL,"Ornamental, Wild","Bees, insects",10, NA, NA, NA, NA,,NA,NA,NA,NA,NA,,#N/A,#N/A,#N/A,#N/A,#N/A,#N/A,,NO_FAO_GROUP,#N/A,NA,NA,NA,NA,0,2,2,,NA,NA,LC - least concern,NA,NA,,"Bees, Insects",#N/A
,Zea mays,"Sweet Corn, Corn",Maize,"Sweet Corn, Corn, Maize",species,Poaceae,Zea,mays,NA,Accepted,http://www.tropicos.org/Name/25510055,Annual,Annual,Annual,herbaceous,herb,Annual,herbaceous,No,2,2.00  ,NA,Fast,Cultivated,Wind,2,,,,,,light (sandy) -medium -  heavy (clay),No shade,Moist,02 -> 11,No,Green Corn (Maize),Vegetables,Cereals,#N/A,#N/A,#N/A,,,Cereals,Cereal,,,Alim,cereals,5,3,3,alimmediother,None known,pfaf.org,LC - least concern,Not known in the wild.,"Original habitat is obscure, probably S. America or Mexico.",,Wind,#N/A
,Zingiber officinale,"Ginger: Common,Cooking Stem, Canton",Ginger,"Ginger: Common,Cooking Stem, Canton",species,Zingiberaceae,Zingiber,officinale,NA,Accepted,http://www.tropicos.org/Name/34500018,Perennial,Perennial,Perennial,NA,herb,Perennial,herbaceous,No,"1,5",1.50  ,NA,Fast,Cultivated,bees,1.5,,,,,,light (sandy) -medium -  heavy (clay),Semi-shade/full sun,Moist,08 ->  12,No,Ginger,Spices,Ginger,#N/A,#N/A,"Spice, Essential oil, A, O, E",,,spices,Herbs and spices,NA,medicinal,Alim,rhizomes,4,5,2,alimmedi,None known,pfaf.org,DD - data deficient,Not known in a truly wild situation.,"Widely cultivated in Tropical areas, it probably originated in Tropical Asia.",,"bees (Theilade, 1996; Fan, Kress & Li, 2015)",#N/A
,Ziziphus jujuba,Jujube,Jujube,Jujube,species,Rhamnaceae,Ziziphus,jujuba,NA,Accepted,http://www.tropicos.org/Name/27500858,Tree,Evergreen Tree,Evergreen Tree,Evergreen,tree,Perennial,Woody,No,10,10.00  ,NA,Fast,"Cultivated, Semi-cultivated, Wild","Bees, Wasps",10, NA, NA, NA, NA,,light (sandy) -medium -  heavy (clay),No shade,Dry- Moist,05 -> 10,No,Jujube,#N/A,"Fruits, Other",#N/A,#N/A,#N/A,#N/A,,"Fruits, others",Fruits,,,Alim,Woody Fruits,4,2.33333333333333,3,alimmediother,Caution in diabetics on allopathic medication [301].,pfaf.org,LC - least concern,Dry gravelly or stony slopes of hills and mountains[74].,"E. Asia - China, India, Sri Lanka, Nepal, Bhutan, Myanmar, Thailand, Malaysia, Indonesia to Australia.",,"Bees, Wasps",#N/A
Only control species,ziziphus mauritania,,,,,Rhamnaceae,Ziziphus,mauritiana,,,,,,Deciduous Tree,Deciduous,Tree,Perennial,Woody,No,,,,Fast,,wasp (Eumenes tinctor) in Timbuctu (Hagerup 1932),10,,,,,,"light (sandy), medium (loamy) and heavy (clay) soils,",No shade,Dry-Moist soil,05 -> 10,,,#N/A,#N/A,#N/A,#N/A,#N/A,#N/A,,,#N/A,,,Alim,woody fruits,4,3,2,alimmedi,Caution in diabetics on allopathic medication,,NA,Dry gravelly or stony slopes of hills and mountains,"E. Asia - China, India, Sri Lanka, Nepal, Bhutan, Myanmar, Thailand, Malaysia, Indonesia to Australia.",,,
,Ziziphus mauritiana,NA,,#N/A,species,Rhamnaceae,Ziziphus,mauritiana,NA,Accepted,http://www.tropicos.org/Name/27500741,NA,Evergreen Tree,Evergreen Tree,Evergreen,Tree,Perennial,Woody,No,15,10.00  ,NA,NULL,"Cultivated, Semi-cultivated, Wild","Bees, Wasps",10,120,2200,7-13,37-48,,NA,NA,NA,05 -> 10,No,,#N/A,#N/A,#N/A,#N/A,#N/A,#N/A,,NO_FAO_GROUP,#N/A,,,Alim,Woody Fruits,4,2.33333333333333,3,alimmediother,Caution in diabetics on allopathic medication [301].,NA,LC - least concern,Dry gravelly or stony slopes of hills and mountains[74].,"E. Asia - China, India, Sri Lanka, Nepal, Bhutan, Myanmar, Thailand, Malaysia, Indonesia to Australia.",,"Bees, Wasps",#N/A